Record_ID,DOI,Title,Authors,Journal,Year,Material,Doping,Gas,Adsorption_Energy_eV,Charge_Transfer_e,Adsorption_Distance_A,DFT_Software,Functional,Data_Source,Extraction_Notes,Source_URL
1,10.1088/0957-4484/20/18/185504,Improving gas sensing properties of graphene by introducing dopants and defects: a first-principles study,"Zhang YH, Chen YB, Zhou KG, Liu CH, Zeng J, Zhang HL, Peng Y",Nanotechnology,2009,Graphene,NA,CO,-0.12,-0.01,3.02,CASTEP,LDA (CA-PZ),table,Mulliken charge on molecule; Table 1,https://doi.org/10.1088/0957-4484/20/18/185504
2,10.1088/0957-4484/20/18/185504,Improving gas sensing properties of graphene by introducing dopants and defects: a first-principles study,"Zhang YH, Chen YB, Zhou KG, Liu CH, Zeng J, Zhang HL, Peng Y",Nanotechnology,2009,Graphene,NA,NO,-0.3,0.04,2.43,CASTEP,LDA (CA-PZ),table,Mulliken charge on molecule; Table 1,https://doi.org/10.1088/0957-4484/20/18/185504
3,10.1088/0957-4484/20/18/185504,Improving gas sensing properties of graphene by introducing dopants and defects: a first-principles study,"Zhang YH, Chen YB, Zhou KG, Liu CH, Zeng J, Zhang HL, Peng Y",Nanotechnology,2009,Graphene,NA,NO2,-0.48,-0.19,2.73,CASTEP,LDA (CA-PZ),table,Mulliken charge on molecule; Table 1,https://doi.org/10.1088/0957-4484/20/18/185504
4,10.1088/0957-4484/20/18/185504,Improving gas sensing properties of graphene by introducing dopants and defects: a first-principles study,"Zhang YH, Chen YB, Zhou KG, Liu CH, Zeng J, Zhang HL, Peng Y",Nanotechnology,2009,Graphene,NA,NH3,-0.11,0.02,2.85,CASTEP,LDA (CA-PZ),table,Mulliken charge on molecule; Table 1,https://doi.org/10.1088/0957-4484/20/18/185504
5,10.1088/0957-4484/20/18/185504,Improving gas sensing properties of graphene by introducing dopants and defects: a first-principles study,"Zhang YH, Chen YB, Zhou KG, Liu CH, Zeng J, Zhang HL, Peng Y",Nanotechnology,2009,B-doped Graphene,B,CO,-0.14,-0.02,2.97,CASTEP,LDA (CA-PZ),table,Mulliken charge on molecule; Table 1,https://doi.org/10.1088/0957-4484/20/18/185504
6,10.1088/0957-4484/20/18/185504,Improving gas sensing properties of graphene by introducing dopants and defects: a first-principles study,"Zhang YH, Chen YB, Zhou KG, Liu CH, Zeng J, Zhang HL, Peng Y",Nanotechnology,2009,B-doped Graphene,B,NO,-1.07,0.15,1.99,CASTEP,LDA (CA-PZ),table,Mulliken charge on molecule; Table 1,https://doi.org/10.1088/0957-4484/20/18/185504
7,10.1088/0957-4484/20/18/185504,Improving gas sensing properties of graphene by introducing dopants and defects: a first-principles study,"Zhang YH, Chen YB, Zhou KG, Liu CH, Zeng J, Zhang HL, Peng Y",Nanotechnology,2009,B-doped Graphene,B,NO2,-1.37,-0.34,1.67,CASTEP,LDA (CA-PZ),table,Mulliken charge on molecule; Table 1,https://doi.org/10.1088/0957-4484/20/18/185504
8,10.1088/0957-4484/20/18/185504,Improving gas sensing properties of graphene by introducing dopants and defects: a first-principles study,"Zhang YH, Chen YB, Zhou KG, Liu CH, Zeng J, Zhang HL, Peng Y",Nanotechnology,2009,B-doped Graphene,B,NH3,-0.5,0.4,1.66,CASTEP,LDA (CA-PZ),table,Mulliken charge on molecule; Table 1,https://doi.org/10.1088/0957-4484/20/18/185504
9,10.1088/0957-4484/20/18/185504,Improving gas sensing properties of graphene by introducing dopants and defects: a first-principles study,"Zhang YH, Chen YB, Zhou KG, Liu CH, Zeng J, Zhang HL, Peng Y",Nanotechnology,2009,N-doped Graphene,N,CO,-0.14,0.0,3.15,CASTEP,LDA (CA-PZ),table,Mulliken charge on molecule; Table 1,https://doi.org/10.1088/0957-4484/20/18/185504
10,10.1088/0957-4484/20/18/185504,Improving gas sensing properties of graphene by introducing dopants and defects: a first-principles study,"Zhang YH, Chen YB, Zhou KG, Liu CH, Zeng J, Zhang HL, Peng Y",Nanotechnology,2009,N-doped Graphene,N,NO,-0.4,0.01,2.32,CASTEP,LDA (CA-PZ),table,Mulliken charge on molecule; Table 1,https://doi.org/10.1088/0957-4484/20/18/185504
11,10.1088/0957-4484/20/18/185504,Improving gas sensing properties of graphene by introducing dopants and defects: a first-principles study,"Zhang YH, Chen YB, Zhou KG, Liu CH, Zeng J, Zhang HL, Peng Y",Nanotechnology,2009,N-doped Graphene,N,NO2,-0.98,-0.55,2.87,CASTEP,LDA (CA-PZ),table,Mulliken charge on molecule; Table 1,https://doi.org/10.1088/0957-4484/20/18/185504
12,10.1088/0957-4484/20/18/185504,Improving gas sensing properties of graphene by introducing dopants and defects: a first-principles study,"Zhang YH, Chen YB, Zhou KG, Liu CH, Zeng J, Zhang HL, Peng Y",Nanotechnology,2009,N-doped Graphene,N,NH3,-0.12,0.04,2.86,CASTEP,LDA (CA-PZ),table,Mulliken charge on molecule; Table 1,https://doi.org/10.1088/0957-4484/20/18/185504
13,10.1088/0957-4484/20/18/185504,Improving gas sensing properties of graphene by introducing dopants and defects: a first-principles study,"Zhang YH, Chen YB, Zhou KG, Liu CH, Zeng J, Zhang HL, Peng Y",Nanotechnology,2009,Defective Graphene,vacancy,CO,-2.33,0.26,1.33,CASTEP,LDA (CA-PZ),table,Mulliken charge on molecule; Table 1,https://doi.org/10.1088/0957-4484/20/18/185504
14,10.1088/0957-4484/20/18/185504,Improving gas sensing properties of graphene by introducing dopants and defects: a first-principles study,"Zhang YH, Chen YB, Zhou KG, Liu CH, Zeng J, Zhang HL, Peng Y",Nanotechnology,2009,Defective Graphene,vacancy,NO,-3.04,-0.29,1.34,CASTEP,LDA (CA-PZ),table,Mulliken charge on molecule; Table 1,https://doi.org/10.1088/0957-4484/20/18/185504
15,10.1088/0957-4484/20/18/185504,Improving gas sensing properties of graphene by introducing dopants and defects: a first-principles study,"Zhang YH, Chen YB, Zhou KG, Liu CH, Zeng J, Zhang HL, Peng Y",Nanotechnology,2009,Defective Graphene,vacancy,NO2,-3.04,-0.38,1.42,CASTEP,LDA (CA-PZ),table,Mulliken charge on molecule; Table 1,https://doi.org/10.1088/0957-4484/20/18/185504
16,10.1088/0957-4484/20/18/185504,Improving gas sensing properties of graphene by introducing dopants and defects: a first-principles study,"Zhang YH, Chen YB, Zhou KG, Liu CH, Zeng J, Zhang HL, Peng Y",Nanotechnology,2009,Defective Graphene,vacancy,NH3,-0.24,0.02,2.61,CASTEP,LDA (CA-PZ),table,Mulliken charge on molecule; Table 1,https://doi.org/10.1088/0957-4484/20/18/185504
17,10.1103/PhysRevB.77.125416,"Adsorption of H2O, NH3, CO, NO2, and NO on graphene: A first-principles study","Leenaerts O, Partoens B, Peeters FM",Physical Review B,2008,Graphene,NA,H2O,0.0184,0.021,3.7,Abinit,PBE,table,"Table; site=B, orient=u; Hirshfeld ΔQ",https://doi.org/10.1103/PhysRevB.77.125416
18,10.1103/PhysRevB.77.125416,"Adsorption of H2O, NH3, CO, NO2, and NO on graphene: A first-principles study","Leenaerts O, Partoens B, Peeters FM",Physical Review B,2008,Graphene,NA,H2O,0.0187,0.021,3.7,Abinit,PBE,table,"Table; site=T, orient=u; Hirshfeld ΔQ",https://doi.org/10.1103/PhysRevB.77.125416
19,10.1103/PhysRevB.77.125416,"Adsorption of H2O, NH3, CO, NO2, and NO on graphene: A first-principles study","Leenaerts O, Partoens B, Peeters FM",Physical Review B,2008,Graphene,NA,H2O,0.0203,0.021,3.69,Abinit,PBE,table,"Table; site=C, orient=u; Hirshfeld ΔQ",https://doi.org/10.1103/PhysRevB.77.125416
20,10.1103/PhysRevB.77.125416,"Adsorption of H2O, NH3, CO, NO2, and NO on graphene: A first-principles study","Leenaerts O, Partoens B, Peeters FM",Physical Review B,2008,Graphene,NA,H2O,0.0238,0.013,3.55,Abinit,PBE,table,"Table; site=B, orient=n; Hirshfeld ΔQ",https://doi.org/10.1103/PhysRevB.77.125416
21,10.1103/PhysRevB.77.125416,"Adsorption of H2O, NH3, CO, NO2, and NO on graphene: A first-principles study","Leenaerts O, Partoens B, Peeters FM",Physical Review B,2008,Graphene,NA,H2O,0.0237,0.015,3.56,Abinit,PBE,table,"Table; site=T, orient=n; Hirshfeld ΔQ",https://doi.org/10.1103/PhysRevB.77.125416
22,10.1103/PhysRevB.77.125416,"Adsorption of H2O, NH3, CO, NO2, and NO on graphene: A first-principles study","Leenaerts O, Partoens B, Peeters FM",Physical Review B,2008,Graphene,NA,H2O,0.0265,0.014,3.55,Abinit,PBE,table,"Table; site=C, orient=n; Hirshfeld ΔQ",https://doi.org/10.1103/PhysRevB.77.125416
23,10.1103/PhysRevB.77.125416,"Adsorption of H2O, NH3, CO, NO2, and NO on graphene: A first-principles study","Leenaerts O, Partoens B, Peeters FM",Physical Review B,2008,Graphene,NA,H2O,0.0178,-0.009,4.05,Abinit,PBE,table,"Table; site=B, orient=d; Hirshfeld ΔQ",https://doi.org/10.1103/PhysRevB.77.125416
24,10.1103/PhysRevB.77.125416,"Adsorption of H2O, NH3, CO, NO2, and NO on graphene: A first-principles study","Leenaerts O, Partoens B, Peeters FM",Physical Review B,2008,Graphene,NA,H2O,0.0185,-0.009,4.05,Abinit,PBE,table,"Table; site=T, orient=d; Hirshfeld ΔQ",https://doi.org/10.1103/PhysRevB.77.125416
25,10.1103/PhysRevB.77.125416,"Adsorption of H2O, NH3, CO, NO2, and NO on graphene: A first-principles study","Leenaerts O, Partoens B, Peeters FM",Physical Review B,2008,Graphene,NA,H2O,0.0194,-0.01,4.02,Abinit,PBE,table,"Table; site=C, orient=d; Hirshfeld ΔQ",https://doi.org/10.1103/PhysRevB.77.125416
26,10.1103/PhysRevB.77.125416,"Adsorption of H2O, NH3, CO, NO2, and NO on graphene: A first-principles study","Leenaerts O, Partoens B, Peeters FM",Physical Review B,2008,Graphene,NA,H2O,0.047,-0.025,3.5,Abinit,PBE,table,"Table; site=C, orient=v; Hirshfeld ΔQ",https://doi.org/10.1103/PhysRevB.77.125416
27,10.1103/PhysRevB.77.125416,"Adsorption of H2O, NH3, CO, NO2, and NO on graphene: A first-principles study","Leenaerts O, Partoens B, Peeters FM",Physical Review B,2008,Graphene,NA,NH3,0.0211,0.026,3.86,Abinit,PBE,table,"Table; site=B, orient=u; Hirshfeld ΔQ",https://doi.org/10.1103/PhysRevB.77.125416
28,10.1103/PhysRevB.77.125416,"Adsorption of H2O, NH3, CO, NO2, and NO on graphene: A first-principles study","Leenaerts O, Partoens B, Peeters FM",Physical Review B,2008,Graphene,NA,NH3,0.0201,0.026,3.86,Abinit,PBE,table,"Table; site=T, orient=u; Hirshfeld ΔQ",https://doi.org/10.1103/PhysRevB.77.125416
29,10.1103/PhysRevB.77.125416,"Adsorption of H2O, NH3, CO, NO2, and NO on graphene: A first-principles study","Leenaerts O, Partoens B, Peeters FM",Physical Review B,2008,Graphene,NA,NH3,0.0308,0.027,3.81,Abinit,PBE,table,"Table; site=C, orient=u; Hirshfeld ΔQ",https://doi.org/10.1103/PhysRevB.77.125416
30,10.1103/PhysRevB.77.125416,"Adsorption of H2O, NH3, CO, NO2, and NO on graphene: A first-principles study","Leenaerts O, Partoens B, Peeters FM",Physical Review B,2008,Graphene,NA,NH3,0.0147,0.001,4.08,Abinit,PBE,table,"Table; site=B, orient=d; Hirshfeld ΔQ",https://doi.org/10.1103/PhysRevB.77.125416
31,10.1103/PhysRevB.77.125416,"Adsorption of H2O, NH3, CO, NO2, and NO on graphene: A first-principles study","Leenaerts O, Partoens B, Peeters FM",Physical Review B,2008,Graphene,NA,NH3,0.0156,0.0,3.97,Abinit,PBE,table,"Table; site=T, orient=d; Hirshfeld ΔQ",https://doi.org/10.1103/PhysRevB.77.125416
32,10.1103/PhysRevB.77.125416,"Adsorption of H2O, NH3, CO, NO2, and NO on graphene: A first-principles study","Leenaerts O, Partoens B, Peeters FM",Physical Review B,2008,Graphene,NA,NH3,0.0247,-0.001,3.92,Abinit,PBE,table,"Table; site=C, orient=d; Hirshfeld ΔQ",https://doi.org/10.1103/PhysRevB.77.125416
33,10.1103/PhysRevB.77.125416,"Adsorption of H2O, NH3, CO, NO2, and NO on graphene: A first-principles study","Leenaerts O, Partoens B, Peeters FM",Physical Review B,2008,Graphene,NA,CO,0.01,0.019,3.75,Abinit,PBE,table,"Table; site=B, orient=u; Hirshfeld ΔQ",https://doi.org/10.1103/PhysRevB.77.125416
34,10.1103/PhysRevB.77.125416,"Adsorption of H2O, NH3, CO, NO2, and NO on graphene: A first-principles study","Leenaerts O, Partoens B, Peeters FM",Physical Review B,2008,Graphene,NA,CO,0.0096,0.019,3.75,Abinit,PBE,table,"Table; site=T, orient=u; Hirshfeld ΔQ",https://doi.org/10.1103/PhysRevB.77.125416
35,10.1103/PhysRevB.77.125416,"Adsorption of H2O, NH3, CO, NO2, and NO on graphene: A first-principles study","Leenaerts O, Partoens B, Peeters FM",Physical Review B,2008,Graphene,NA,CO,0.0131,0.019,3.73,Abinit,PBE,table,"Table; site=C, orient=u; Hirshfeld ΔQ",https://doi.org/10.1103/PhysRevB.77.125416
36,10.1103/PhysRevB.77.125416,"Adsorption of H2O, NH3, CO, NO2, and NO on graphene: A first-principles study","Leenaerts O, Partoens B, Peeters FM",Physical Review B,2008,Graphene,NA,CO,0.0084,0.009,3.72,Abinit,PBE,table,"Table; site=T, orient=d; Hirshfeld ΔQ",https://doi.org/10.1103/PhysRevB.77.125416
37,10.1103/PhysRevB.77.125416,"Adsorption of H2O, NH3, CO, NO2, and NO on graphene: A first-principles study","Leenaerts O, Partoens B, Peeters FM",Physical Review B,2008,Graphene,NA,CO,0.0096,0.01,3.7,Abinit,PBE,table,"Table; site=C, orient=d; Hirshfeld ΔQ",https://doi.org/10.1103/PhysRevB.77.125416
38,10.1103/PhysRevB.77.125416,"Adsorption of H2O, NH3, CO, NO2, and NO on graphene: A first-principles study","Leenaerts O, Partoens B, Peeters FM",Physical Review B,2008,Graphene,NA,CO,0.014,0.013,3.74,Abinit,PBE,table,"Table; site=B, orient=n; Hirshfeld ΔQ",https://doi.org/10.1103/PhysRevB.77.125416
39,10.1103/PhysRevB.77.125416,"Adsorption of H2O, NH3, CO, NO2, and NO on graphene: A first-principles study","Leenaerts O, Partoens B, Peeters FM",Physical Review B,2008,Graphene,NA,CO,0.0141,0.012,3.74,Abinit,PBE,table,"Table; site=C, orient=n; Hirshfeld ΔQ",https://doi.org/10.1103/PhysRevB.77.125416
40,10.1103/PhysRevB.77.125416,"Adsorption of H2O, NH3, CO, NO2, and NO on graphene: A first-principles study","Leenaerts O, Partoens B, Peeters FM",Physical Review B,2008,Graphene,NA,NO2,0.0674,-0.099,3.61,Abinit,PBE,table,"Table; site=B, orient=d; Hirshfeld ΔQ",https://doi.org/10.1103/PhysRevB.77.125416
41,10.1103/PhysRevB.77.125416,"Adsorption of H2O, NH3, CO, NO2, and NO on graphene: A first-principles study","Leenaerts O, Partoens B, Peeters FM",Physical Review B,2008,Graphene,NA,NO2,0.0653,-0.099,3.61,Abinit,PBE,table,"Table; site=T, orient=d; Hirshfeld ΔQ",https://doi.org/10.1103/PhysRevB.77.125416
42,10.1103/PhysRevB.77.125416,"Adsorption of H2O, NH3, CO, NO2, and NO on graphene: A first-principles study","Leenaerts O, Partoens B, Peeters FM",Physical Review B,2008,Graphene,NA,NO2,0.0626,-0.098,3.64,Abinit,PBE,table,"Table; site=C, orient=d; Hirshfeld ΔQ",https://doi.org/10.1103/PhysRevB.77.125416
43,10.1103/PhysRevB.77.125416,"Adsorption of H2O, NH3, CO, NO2, and NO on graphene: A first-principles study","Leenaerts O, Partoens B, Peeters FM",Physical Review B,2008,Graphene,NA,NO2,0.0547,-0.089,3.83,Abinit,PBE,table,"Table; site=B, orient=u; Hirshfeld ΔQ",https://doi.org/10.1103/PhysRevB.77.125416
44,10.1103/PhysRevB.77.125416,"Adsorption of H2O, NH3, CO, NO2, and NO on graphene: A first-principles study","Leenaerts O, Partoens B, Peeters FM",Physical Review B,2008,Graphene,NA,NO2,0.0545,-0.09,3.93,Abinit,PBE,table,"Table; site=T, orient=u; Hirshfeld ΔQ",https://doi.org/10.1103/PhysRevB.77.125416
45,10.1103/PhysRevB.77.125416,"Adsorption of H2O, NH3, CO, NO2, and NO on graphene: A first-principles study","Leenaerts O, Partoens B, Peeters FM",Physical Review B,2008,Graphene,NA,NO2,0.0667,-0.102,3.83,Abinit,PBE,table,"Table; site=C, orient=n; Hirshfeld ΔQ",https://doi.org/10.1103/PhysRevB.77.125416
46,10.1103/PhysRevB.77.125416,"Adsorption of H2O, NH3, CO, NO2, and NO on graphene: A first-principles study","Leenaerts O, Partoens B, Peeters FM",Physical Review B,2008,Graphene,NA,NO,0.0157,0.006,4.35,Abinit,PBE,table,"Table; site=C, orient=u; Hirshfeld ΔQ",https://doi.org/10.1103/PhysRevB.77.125416
47,10.1103/PhysRevB.77.125416,"Adsorption of H2O, NH3, CO, NO2, and NO on graphene: A first-principles study","Leenaerts O, Partoens B, Peeters FM",Physical Review B,2008,Graphene,NA,NO,0.014,0.006,4.35,Abinit,PBE,table,"Table; site=T, orient=u; Hirshfeld ΔQ",https://doi.org/10.1103/PhysRevB.77.125416
48,10.1103/PhysRevB.77.125416,"Adsorption of H2O, NH3, CO, NO2, and NO on graphene: A first-principles study","Leenaerts O, Partoens B, Peeters FM",Physical Review B,2008,Graphene,NA,NO,0.0126,0.007,4.11,Abinit,PBE,table,"Table; site=C, orient=d; Hirshfeld ΔQ",https://doi.org/10.1103/PhysRevB.77.125416
49,10.1103/PhysRevB.77.125416,"Adsorption of H2O, NH3, CO, NO2, and NO on graphene: A first-principles study","Leenaerts O, Partoens B, Peeters FM",Physical Review B,2008,Graphene,NA,NO,0.0106,0.005,4.27,Abinit,PBE,table,"Table; site=T, orient=d; Hirshfeld ΔQ",https://doi.org/10.1103/PhysRevB.77.125416
50,10.1103/PhysRevB.77.125416,"Adsorption of H2O, NH3, CO, NO2, and NO on graphene: A first-principles study","Leenaerts O, Partoens B, Peeters FM",Physical Review B,2008,Graphene,NA,NO,0.0279,0.018,3.71,Abinit,PBE,table,"Table; site=C, orient=n; Hirshfeld ΔQ",https://doi.org/10.1103/PhysRevB.77.125416
51,10.1103/PhysRevB.77.125416,"Adsorption of H2O, NH3, CO, NO2, and NO on graphene: A first-principles study","Leenaerts O, Partoens B, Peeters FM",Physical Review B,2008,Graphene,NA,NO,0.0285,0.017,3.76,Abinit,PBE,table,"Table; site=B, orient=n; Hirshfeld ΔQ",https://doi.org/10.1103/PhysRevB.77.125416
52,10.1016/j.cplett.2014.01.043,Gas adsorption on MoS2 monolayer from first-principles calculations,"Zhang C, Johnson A, Hsu CW, Li LJ, Mazzoni MSC",Chemical Physics Letters,2014,MoS2,NA,CO,-0.003,NA,3.5,VASP,PBE,table,Table I; Bader charge for NO2 only,https://doi.org/10.1016/j.cplett.2014.01.043
53,10.1016/j.cplett.2014.01.043,Gas adsorption on MoS2 monolayer from first-principles calculations,"Zhang C, Johnson A, Hsu CW, Li LJ, Mazzoni MSC",Chemical Physics Letters,2014,MoS2,NA,CO,-0.073,NA,3.5,VASP,DFT-D2,table,Table I; Bader charge for NO2 only,https://doi.org/10.1016/j.cplett.2014.01.043
54,10.1016/j.cplett.2014.01.043,Gas adsorption on MoS2 monolayer from first-principles calculations,"Zhang C, Johnson A, Hsu CW, Li LJ, Mazzoni MSC",Chemical Physics Letters,2014,MoS2,NA,CO,-0.163,NA,3.5,VASP,optPBE-vdw,table,Table I; Bader charge for NO2 only,https://doi.org/10.1016/j.cplett.2014.01.043
55,10.1016/j.cplett.2014.01.043,Gas adsorption on MoS2 monolayer from first-principles calculations,"Zhang C, Johnson A, Hsu CW, Li LJ, Mazzoni MSC",Chemical Physics Letters,2014,MoS2,NA,CO,-0.143,NA,3.5,VASP,revPBE-vdw,table,Table I; Bader charge for NO2 only,https://doi.org/10.1016/j.cplett.2014.01.043
56,10.1016/j.cplett.2014.01.043,Gas adsorption on MoS2 monolayer from first-principles calculations,"Zhang C, Johnson A, Hsu CW, Li LJ, Mazzoni MSC",Chemical Physics Letters,2014,MoS2,NA,CO2,-0.004,NA,3.18,VASP,PBE,table,Table I; Bader charge for NO2 only,https://doi.org/10.1016/j.cplett.2014.01.043
57,10.1016/j.cplett.2014.01.043,Gas adsorption on MoS2 monolayer from first-principles calculations,"Zhang C, Johnson A, Hsu CW, Li LJ, Mazzoni MSC",Chemical Physics Letters,2014,MoS2,NA,CO2,-0.139,NA,3.18,VASP,DFT-D2,table,Table I; Bader charge for NO2 only,https://doi.org/10.1016/j.cplett.2014.01.043
58,10.1016/j.cplett.2014.01.043,Gas adsorption on MoS2 monolayer from first-principles calculations,"Zhang C, Johnson A, Hsu CW, Li LJ, Mazzoni MSC",Chemical Physics Letters,2014,MoS2,NA,CO2,-0.253,NA,3.18,VASP,optPBE-vdw,table,Table I; Bader charge for NO2 only,https://doi.org/10.1016/j.cplett.2014.01.043
59,10.1016/j.cplett.2014.01.043,Gas adsorption on MoS2 monolayer from first-principles calculations,"Zhang C, Johnson A, Hsu CW, Li LJ, Mazzoni MSC",Chemical Physics Letters,2014,MoS2,NA,CO2,-0.21,NA,3.18,VASP,revPBE-vdw,table,Table I; Bader charge for NO2 only,https://doi.org/10.1016/j.cplett.2014.01.043
60,10.1016/j.cplett.2014.01.043,Gas adsorption on MoS2 monolayer from first-principles calculations,"Zhang C, Johnson A, Hsu CW, Li LJ, Mazzoni MSC",Chemical Physics Letters,2014,MoS2,NA,NH3,-0.009,NA,NA,VASP,PBE,table,Table I; Bader charge for NO2 only,https://doi.org/10.1016/j.cplett.2014.01.043
61,10.1016/j.cplett.2014.01.043,Gas adsorption on MoS2 monolayer from first-principles calculations,"Zhang C, Johnson A, Hsu CW, Li LJ, Mazzoni MSC",Chemical Physics Letters,2014,MoS2,NA,NH3,-0.127,NA,NA,VASP,DFT-D2,table,Table I; Bader charge for NO2 only,https://doi.org/10.1016/j.cplett.2014.01.043
62,10.1016/j.cplett.2014.01.043,Gas adsorption on MoS2 monolayer from first-principles calculations,"Zhang C, Johnson A, Hsu CW, Li LJ, Mazzoni MSC",Chemical Physics Letters,2014,MoS2,NA,NH3,-0.176,NA,NA,VASP,optPBE-vdw,table,Table I; Bader charge for NO2 only,https://doi.org/10.1016/j.cplett.2014.01.043
63,10.1016/j.cplett.2014.01.043,Gas adsorption on MoS2 monolayer from first-principles calculations,"Zhang C, Johnson A, Hsu CW, Li LJ, Mazzoni MSC",Chemical Physics Letters,2014,MoS2,NA,NH3,-0.13,NA,NA,VASP,revPBE-vdw,table,Table I; Bader charge for NO2 only,https://doi.org/10.1016/j.cplett.2014.01.043
64,10.1016/j.cplett.2014.01.043,Gas adsorption on MoS2 monolayer from first-principles calculations,"Zhang C, Johnson A, Hsu CW, Li LJ, Mazzoni MSC",Chemical Physics Letters,2014,MoS2,NA,NO,-0.066,NA,NA,VASP,PBE,table,Table I; Bader charge for NO2 only,https://doi.org/10.1016/j.cplett.2014.01.043
65,10.1016/j.cplett.2014.01.043,Gas adsorption on MoS2 monolayer from first-principles calculations,"Zhang C, Johnson A, Hsu CW, Li LJ, Mazzoni MSC",Chemical Physics Letters,2014,MoS2,NA,NO,-0.153,NA,NA,VASP,DFT-D2,table,Table I; Bader charge for NO2 only,https://doi.org/10.1016/j.cplett.2014.01.043
66,10.1016/j.cplett.2014.01.043,Gas adsorption on MoS2 monolayer from first-principles calculations,"Zhang C, Johnson A, Hsu CW, Li LJ, Mazzoni MSC",Chemical Physics Letters,2014,MoS2,NA,NO,-0.254,NA,NA,VASP,optPBE-vdw,table,Table I; Bader charge for NO2 only,https://doi.org/10.1016/j.cplett.2014.01.043
67,10.1016/j.cplett.2014.01.043,Gas adsorption on MoS2 monolayer from first-principles calculations,"Zhang C, Johnson A, Hsu CW, Li LJ, Mazzoni MSC",Chemical Physics Letters,2014,MoS2,NA,NO,-0.239,NA,NA,VASP,revPBE-vdw,table,Table I; Bader charge for NO2 only,https://doi.org/10.1016/j.cplett.2014.01.043
68,10.1016/j.cplett.2014.01.043,Gas adsorption on MoS2 monolayer from first-principles calculations,"Zhang C, Johnson A, Hsu CW, Li LJ, Mazzoni MSC",Chemical Physics Letters,2014,MoS2,NA,NO2,-0.036,-0.034,NA,VASP,PBE,table,Table I; Bader charge for NO2 only,https://doi.org/10.1016/j.cplett.2014.01.043
69,10.1016/j.cplett.2014.01.043,Gas adsorption on MoS2 monolayer from first-principles calculations,"Zhang C, Johnson A, Hsu CW, Li LJ, Mazzoni MSC",Chemical Physics Letters,2014,MoS2,NA,NO2,-0.138,-0.034,NA,VASP,DFT-D2,table,Table I; Bader charge for NO2 only,https://doi.org/10.1016/j.cplett.2014.01.043
70,10.1016/j.cplett.2014.01.043,Gas adsorption on MoS2 monolayer from first-principles calculations,"Zhang C, Johnson A, Hsu CW, Li LJ, Mazzoni MSC",Chemical Physics Letters,2014,MoS2,NA,NO2,-0.287,-0.034,NA,VASP,optPBE-vdw,table,Table I; Bader charge for NO2 only,https://doi.org/10.1016/j.cplett.2014.01.043
71,10.1016/j.cplett.2014.01.043,Gas adsorption on MoS2 monolayer from first-principles calculations,"Zhang C, Johnson A, Hsu CW, Li LJ, Mazzoni MSC",Chemical Physics Letters,2014,MoS2,NA,NO2,-0.241,-0.034,NA,VASP,revPBE-vdw,table,Table I; Bader charge for NO2 only,https://doi.org/10.1016/j.cplett.2014.01.043
72,10.1186/1556-276X-8-425,Adsorption of gas molecules on monolayer MoS2 and effect of applied electric field,"Ding Y, Wang Y, Ni J, Shi L, Shi S, Tang W",Nanoscale Research Letters,2013,MoS2,NA,H2,-0.082,0.004,NA,VASP,LSDA,table,Table 1 LDA; negative Q = transfer from gas to MoS2,https://doi.org/10.1186/1556-276X-8-425
73,10.1186/1556-276X-8-425,Adsorption of gas molecules on monolayer MoS2 and effect of applied electric field,"Ding Y, Wang Y, Ni J, Shi L, Shi S, Tang W",Nanoscale Research Letters,2013,MoS2,NA,O2,-0.116,0.04,NA,VASP,LSDA,table,Table 1 LDA; negative Q = transfer from gas to MoS2,https://doi.org/10.1186/1556-276X-8-425
74,10.1186/1556-276X-8-425,Adsorption of gas molecules on monolayer MoS2 and effect of applied electric field,"Ding Y, Wang Y, Ni J, Shi L, Shi S, Tang W",Nanoscale Research Letters,2013,MoS2,NA,H2O,-0.234,0.01,NA,VASP,LSDA,table,Table 1 LDA; negative Q = transfer from gas to MoS2,https://doi.org/10.1186/1556-276X-8-425
75,10.1186/1556-276X-8-425,Adsorption of gas molecules on monolayer MoS2 and effect of applied electric field,"Ding Y, Wang Y, Ni J, Shi L, Shi S, Tang W",Nanoscale Research Letters,2013,MoS2,NA,NH3,-0.25,-0.069,2.46,VASP,LSDA,table,Table 1 LDA; negative Q = transfer from gas to MoS2,https://doi.org/10.1186/1556-276X-8-425
76,10.1186/1556-276X-8-425,Adsorption of gas molecules on monolayer MoS2 and effect of applied electric field,"Ding Y, Wang Y, Ni J, Shi L, Shi S, Tang W",Nanoscale Research Letters,2013,MoS2,NA,NO,-0.211,0.022,NA,VASP,LSDA,table,Table 1 LDA; negative Q = transfer from gas to MoS2,https://doi.org/10.1186/1556-276X-8-425
77,10.1186/1556-276X-8-425,Adsorption of gas molecules on monolayer MoS2 and effect of applied electric field,"Ding Y, Wang Y, Ni J, Shi L, Shi S, Tang W",Nanoscale Research Letters,2013,MoS2,NA,NO2,-0.276,0.1,NA,VASP,LSDA,table,Table 1 LDA; negative Q = transfer from gas to MoS2,https://doi.org/10.1186/1556-276X-8-425
78,10.1186/1556-276X-8-425,Adsorption of gas molecules on monolayer MoS2 and effect of applied electric field,"Ding Y, Wang Y, Ni J, Shi L, Shi S, Tang W",Nanoscale Research Letters,2013,MoS2,NA,CO,-0.128,0.004,2.95,VASP,LSDA,table,Table 1 LDA; negative Q = transfer from gas to MoS2,https://doi.org/10.1186/1556-276X-8-425
79,10.3762/bjnano.9.156,"Free-radical gases on two-dimensional transition-metal disulfides (XS2, X = Mo/W)","Li Y, Zhou J, Guo W",Beilstein Journal of Nanotechnology,2018,MoS2,NA,NO,-0.18,NA,2.839,NA,NA,table,Table 1; values originally reported in meV,https://doi.org/10.3762/bjnano.9.156
80,10.3762/bjnano.9.156,"Free-radical gases on two-dimensional transition-metal disulfides (XS2, X = Mo/W)","Li Y, Zhou J, Guo W",Beilstein Journal of Nanotechnology,2018,MoS2,NA,NO2,-0.233,NA,2.829,NA,NA,table,Table 1; values originally reported in meV,https://doi.org/10.3762/bjnano.9.156
81,10.3762/bjnano.9.156,"Free-radical gases on two-dimensional transition-metal disulfides (XS2, X = Mo/W)","Li Y, Zhou J, Guo W",Beilstein Journal of Nanotechnology,2018,WS2,NA,NO,-0.165,NA,2.735,NA,NA,table,Table 1; values originally reported in meV,https://doi.org/10.3762/bjnano.9.156
82,10.3762/bjnano.9.156,"Free-radical gases on two-dimensional transition-metal disulfides (XS2, X = Mo/W)","Li Y, Zhou J, Guo W",Beilstein Journal of Nanotechnology,2018,WS2,NA,NO2,-0.201,NA,2.931,NA,NA,table,Table 1; values originally reported in meV,https://doi.org/10.3762/bjnano.9.156
83,10.1039/C7CP08622A,Enhancement of the selectivity of MXenes via oxygen-functionalization,"Junkaew A, Arroyave R",Physical Chemistry Chemical Physics,2018,Ti2CO2,NA,H2,-0.07,NA,NA,VASP,PBE,table,Fig. 4 / main text PBE values; Bader for selected pairs,https://doi.org/10.1039/C7CP08622A
84,10.1039/C7CP08622A,Enhancement of the selectivity of MXenes via oxygen-functionalization,"Junkaew A, Arroyave R",Physical Chemistry Chemical Physics,2018,Ti2CO2,NA,NH3,-0.37,-0.15,NA,VASP,PBE,table,Fig. 4 / main text PBE values; Bader for selected pairs,https://doi.org/10.1039/C7CP08622A
85,10.1039/C7CP08622A,Enhancement of the selectivity of MXenes via oxygen-functionalization,"Junkaew A, Arroyave R",Physical Chemistry Chemical Physics,2018,Ti2CO2,NA,H2O,-0.21,NA,NA,VASP,PBE,table,Fig. 4 / main text PBE values; Bader for selected pairs,https://doi.org/10.1039/C7CP08622A
86,10.1039/C7CP08622A,Enhancement of the selectivity of MXenes via oxygen-functionalization,"Junkaew A, Arroyave R",Physical Chemistry Chemical Physics,2018,Ti2CO2,NA,CO,-0.13,NA,NA,VASP,PBE,table,Fig. 4 / main text PBE values; Bader for selected pairs,https://doi.org/10.1039/C7CP08622A
87,10.1039/C7CP08622A,Enhancement of the selectivity of MXenes via oxygen-functionalization,"Junkaew A, Arroyave R",Physical Chemistry Chemical Physics,2018,Ti2CO2,NA,CO2,-0.2,NA,NA,VASP,PBE,table,Fig. 4 / main text PBE values; Bader for selected pairs,https://doi.org/10.1039/C7CP08622A
88,10.1039/C7CP08622A,Enhancement of the selectivity of MXenes via oxygen-functionalization,"Junkaew A, Arroyave R",Physical Chemistry Chemical Physics,2018,Ti2CO2,NA,N2,-0.13,NA,NA,VASP,PBE,table,Fig. 4 / main text PBE values; Bader for selected pairs,https://doi.org/10.1039/C7CP08622A
89,10.1039/C7CP08622A,Enhancement of the selectivity of MXenes via oxygen-functionalization,"Junkaew A, Arroyave R",Physical Chemistry Chemical Physics,2018,Ti2CO2,NA,NO,-0.25,NA,NA,VASP,PBE,table,Fig. 4 / main text PBE values; Bader for selected pairs,https://doi.org/10.1039/C7CP08622A
90,10.1039/C7CP08622A,Enhancement of the selectivity of MXenes via oxygen-functionalization,"Junkaew A, Arroyave R",Physical Chemistry Chemical Physics,2018,Ti2CO2,NA,NO2,-0.17,NA,NA,VASP,PBE,table,Fig. 4 / main text PBE values; Bader for selected pairs,https://doi.org/10.1039/C7CP08622A
91,10.1039/C7CP08622A,Enhancement of the selectivity of MXenes via oxygen-functionalization,"Junkaew A, Arroyave R",Physical Chemistry Chemical Physics,2018,Ti2CO2,NA,H2S,-0.24,NA,NA,VASP,PBE,table,Fig. 4 / main text PBE values; Bader for selected pairs,https://doi.org/10.1039/C7CP08622A
92,10.1039/C7CP08622A,Enhancement of the selectivity of MXenes via oxygen-functionalization,"Junkaew A, Arroyave R",Physical Chemistry Chemical Physics,2018,Ti2CO2,NA,SO2,-0.26,NA,NA,VASP,PBE,table,Fig. 4 / main text PBE values; Bader for selected pairs,https://doi.org/10.1039/C7CP08622A
93,10.1039/C7CP08622A,Enhancement of the selectivity of MXenes via oxygen-functionalization,"Junkaew A, Arroyave R",Physical Chemistry Chemical Physics,2018,V2CO2,NA,H2,-0.09,NA,NA,VASP,PBE,table,Fig. 4 / main text PBE values; Bader for selected pairs,https://doi.org/10.1039/C7CP08622A
94,10.1039/C7CP08622A,Enhancement of the selectivity of MXenes via oxygen-functionalization,"Junkaew A, Arroyave R",Physical Chemistry Chemical Physics,2018,V2CO2,NA,NH3,-0.48,NA,NA,VASP,PBE,table,Fig. 4 / main text PBE values; Bader for selected pairs,https://doi.org/10.1039/C7CP08622A
95,10.1039/C7CP08622A,Enhancement of the selectivity of MXenes via oxygen-functionalization,"Junkaew A, Arroyave R",Physical Chemistry Chemical Physics,2018,V2CO2,NA,H2O,-0.45,NA,NA,VASP,PBE,table,Fig. 4 / main text PBE values; Bader for selected pairs,https://doi.org/10.1039/C7CP08622A
96,10.1039/C7CP08622A,Enhancement of the selectivity of MXenes via oxygen-functionalization,"Junkaew A, Arroyave R",Physical Chemistry Chemical Physics,2018,V2CO2,NA,CO,-0.14,NA,NA,VASP,PBE,table,Fig. 4 / main text PBE values; Bader for selected pairs,https://doi.org/10.1039/C7CP08622A
97,10.1039/C7CP08622A,Enhancement of the selectivity of MXenes via oxygen-functionalization,"Junkaew A, Arroyave R",Physical Chemistry Chemical Physics,2018,V2CO2,NA,CO2,-0.36,NA,NA,VASP,PBE,table,Fig. 4 / main text PBE values; Bader for selected pairs,https://doi.org/10.1039/C7CP08622A
98,10.1039/C7CP08622A,Enhancement of the selectivity of MXenes via oxygen-functionalization,"Junkaew A, Arroyave R",Physical Chemistry Chemical Physics,2018,V2CO2,NA,N2,-0.36,NA,NA,VASP,PBE,table,Fig. 4 / main text PBE values; Bader for selected pairs,https://doi.org/10.1039/C7CP08622A
99,10.1039/C7CP08622A,Enhancement of the selectivity of MXenes via oxygen-functionalization,"Junkaew A, Arroyave R",Physical Chemistry Chemical Physics,2018,V2CO2,NA,NO,-0.73,-0.2,NA,VASP,PBE,table,Fig. 4 / main text PBE values; Bader for selected pairs,https://doi.org/10.1039/C7CP08622A
100,10.1039/C7CP08622A,Enhancement of the selectivity of MXenes via oxygen-functionalization,"Junkaew A, Arroyave R",Physical Chemistry Chemical Physics,2018,V2CO2,NA,NO2,-0.18,NA,NA,VASP,PBE,table,Fig. 4 / main text PBE values; Bader for selected pairs,https://doi.org/10.1039/C7CP08622A
101,10.1039/C7CP08622A,Enhancement of the selectivity of MXenes via oxygen-functionalization,"Junkaew A, Arroyave R",Physical Chemistry Chemical Physics,2018,V2CO2,NA,H2S,-0.51,NA,NA,VASP,PBE,table,Fig. 4 / main text PBE values; Bader for selected pairs,https://doi.org/10.1039/C7CP08622A
102,10.1039/C7CP08622A,Enhancement of the selectivity of MXenes via oxygen-functionalization,"Junkaew A, Arroyave R",Physical Chemistry Chemical Physics,2018,V2CO2,NA,SO2,-0.27,NA,NA,VASP,PBE,table,Fig. 4 / main text PBE values; Bader for selected pairs,https://doi.org/10.1039/C7CP08622A
103,10.1039/C7CP08622A,Enhancement of the selectivity of MXenes via oxygen-functionalization,"Junkaew A, Arroyave R",Physical Chemistry Chemical Physics,2018,Nb2CO2,NA,H2,-0.06,NA,NA,VASP,PBE,table,Fig. 4 / main text PBE values; Bader for selected pairs,https://doi.org/10.1039/C7CP08622A
104,10.1039/C7CP08622A,Enhancement of the selectivity of MXenes via oxygen-functionalization,"Junkaew A, Arroyave R",Physical Chemistry Chemical Physics,2018,Nb2CO2,NA,NH3,-0.5,-0.17,NA,VASP,PBE,table,Fig. 4 / main text PBE values; Bader for selected pairs,https://doi.org/10.1039/C7CP08622A
105,10.1039/C7CP08622A,Enhancement of the selectivity of MXenes via oxygen-functionalization,"Junkaew A, Arroyave R",Physical Chemistry Chemical Physics,2018,Nb2CO2,NA,H2O,-0.2,NA,NA,VASP,PBE,table,Fig. 4 / main text PBE values; Bader for selected pairs,https://doi.org/10.1039/C7CP08622A
106,10.1039/C7CP08622A,Enhancement of the selectivity of MXenes via oxygen-functionalization,"Junkaew A, Arroyave R",Physical Chemistry Chemical Physics,2018,Nb2CO2,NA,CO,-0.12,NA,NA,VASP,PBE,table,Fig. 4 / main text PBE values; Bader for selected pairs,https://doi.org/10.1039/C7CP08622A
107,10.1039/C7CP08622A,Enhancement of the selectivity of MXenes via oxygen-functionalization,"Junkaew A, Arroyave R",Physical Chemistry Chemical Physics,2018,Nb2CO2,NA,CO2,-0.2,NA,NA,VASP,PBE,table,Fig. 4 / main text PBE values; Bader for selected pairs,https://doi.org/10.1039/C7CP08622A
108,10.1039/C7CP08622A,Enhancement of the selectivity of MXenes via oxygen-functionalization,"Junkaew A, Arroyave R",Physical Chemistry Chemical Physics,2018,Nb2CO2,NA,N2,-0.12,NA,NA,VASP,PBE,table,Fig. 4 / main text PBE values; Bader for selected pairs,https://doi.org/10.1039/C7CP08622A
109,10.1039/C7CP08622A,Enhancement of the selectivity of MXenes via oxygen-functionalization,"Junkaew A, Arroyave R",Physical Chemistry Chemical Physics,2018,Nb2CO2,NA,NO,-0.21,NA,NA,VASP,PBE,table,Fig. 4 / main text PBE values; Bader for selected pairs,https://doi.org/10.1039/C7CP08622A
110,10.1039/C7CP08622A,Enhancement of the selectivity of MXenes via oxygen-functionalization,"Junkaew A, Arroyave R",Physical Chemistry Chemical Physics,2018,Nb2CO2,NA,NO2,-0.18,NA,NA,VASP,PBE,table,Fig. 4 / main text PBE values; Bader for selected pairs,https://doi.org/10.1039/C7CP08622A
111,10.1039/C7CP08622A,Enhancement of the selectivity of MXenes via oxygen-functionalization,"Junkaew A, Arroyave R",Physical Chemistry Chemical Physics,2018,Nb2CO2,NA,H2S,-0.24,NA,NA,VASP,PBE,table,Fig. 4 / main text PBE values; Bader for selected pairs,https://doi.org/10.1039/C7CP08622A
112,10.1039/C7CP08622A,Enhancement of the selectivity of MXenes via oxygen-functionalization,"Junkaew A, Arroyave R",Physical Chemistry Chemical Physics,2018,Nb2CO2,NA,SO2,-0.29,NA,NA,VASP,PBE,table,Fig. 4 / main text PBE values; Bader for selected pairs,https://doi.org/10.1039/C7CP08622A
113,10.1039/C7CP08622A,Enhancement of the selectivity of MXenes via oxygen-functionalization,"Junkaew A, Arroyave R",Physical Chemistry Chemical Physics,2018,Mo2CO2,NA,NH3,-0.4,NA,NA,VASP,PBE,table,Fig. 4 / main text PBE values; Bader for selected pairs,https://doi.org/10.1039/C7CP08622A
114,10.1039/C7CP08622A,Enhancement of the selectivity of MXenes via oxygen-functionalization,"Junkaew A, Arroyave R",Physical Chemistry Chemical Physics,2018,Mo2CO2,NA,NO,-0.8,-0.22,NA,VASP,PBE,table,Fig. 4 / main text PBE values; Bader for selected pairs,https://doi.org/10.1039/C7CP08622A
115,10.1039/C7CP08622A,Enhancement of the selectivity of MXenes via oxygen-functionalization,"Junkaew A, Arroyave R",Physical Chemistry Chemical Physics,2018,Mo2CO2,NA,H2S,-0.39,NA,NA,VASP,PBE,table,Fig. 4 / main text PBE values; Bader for selected pairs,https://doi.org/10.1039/C7CP08622A
116,10.1039/C7CP08622A,Enhancement of the selectivity of MXenes via oxygen-functionalization,"Junkaew A, Arroyave R",Physical Chemistry Chemical Physics,2018,Mo2CO2,NA,SO2,-0.28,NA,NA,VASP,PBE,table,Fig. 4 / main text PBE values; Bader for selected pairs,https://doi.org/10.1039/C7CP08622A
117,10.1039/C7CP08622A,Enhancement of the selectivity of MXenes via oxygen-functionalization,"Junkaew A, Arroyave R",Physical Chemistry Chemical Physics,2018,Mo2CO2,NA,NO2,-0.26,NA,NA,VASP,PBE,table,Fig. 4 / main text PBE values; Bader for selected pairs,https://doi.org/10.1039/C7CP08622A
118,10.1039/C7CP08622A,Enhancement of the selectivity of MXenes via oxygen-functionalization,"Junkaew A, Arroyave R",Physical Chemistry Chemical Physics,2018,Mo2CO2,NA,H2O,-0.21,NA,NA,VASP,PBE,table,Fig. 4 / main text PBE values; Bader for selected pairs,https://doi.org/10.1039/C7CP08622A
119,10.1039/C7CP08622A,Enhancement of the selectivity of MXenes via oxygen-functionalization,"Junkaew A, Arroyave R",Physical Chemistry Chemical Physics,2018,Mo2CO2,NA,CO2,-0.21,NA,NA,VASP,PBE,table,Fig. 4 / main text PBE values; Bader for selected pairs,https://doi.org/10.1039/C7CP08622A
120,10.1039/C7CP08622A,Enhancement of the selectivity of MXenes via oxygen-functionalization,"Junkaew A, Arroyave R",Physical Chemistry Chemical Physics,2018,Mo2CO2,NA,CO,-0.12,NA,NA,VASP,PBE,table,Fig. 4 / main text PBE values; Bader for selected pairs,https://doi.org/10.1039/C7CP08622A
121,10.1039/C7CP08622A,Enhancement of the selectivity of MXenes via oxygen-functionalization,"Junkaew A, Arroyave R",Physical Chemistry Chemical Physics,2018,Mo2CO2,NA,N2,-0.12,NA,NA,VASP,PBE,table,Fig. 4 / main text PBE values; Bader for selected pairs,https://doi.org/10.1039/C7CP08622A
122,10.1039/D4CP04127E,Enhanced NH3 and NO sensing performance of Ti3C2O2 MXene by biaxial strain,NA,Physical Chemistry Chemical Physics,2025,Ti3C2O2,NA,CO,-0.096,NA,NA,NA,NA,table,0% biaxial strain=0%; work-function sensitivity %,https://doi.org/10.1039/D4CP04127E
123,10.1039/D4CP04127E,Enhanced NH3 and NO sensing performance of Ti3C2O2 MXene by biaxial strain,NA,Physical Chemistry Chemical Physics,2025,Ti3C2O2,NA,NH3,-0.344,NA,NA,NA,NA,table,0% biaxial strain=0%; work-function sensitivity %,https://doi.org/10.1039/D4CP04127E
124,10.1039/D4CP04127E,Enhanced NH3 and NO sensing performance of Ti3C2O2 MXene by biaxial strain,NA,Physical Chemistry Chemical Physics,2025,Ti3C2O2,NA,NO,-0.349,NA,NA,NA,NA,table,0% biaxial strain=0%; work-function sensitivity %,https://doi.org/10.1039/D4CP04127E
125,10.1039/D4CP04127E,Enhanced NH3 and NO sensing performance of Ti3C2O2 MXene by biaxial strain,NA,Physical Chemistry Chemical Physics,2025,Ti3C2O2,NA,NH3,-0.551,NA,NA,NA,NA,table,0% biaxial strain=4%; work-function sensitivity %,https://doi.org/10.1039/D4CP04127E
126,10.1039/D4CP04127E,Enhanced NH3 and NO sensing performance of Ti3C2O2 MXene by biaxial strain,NA,Physical Chemistry Chemical Physics,2025,Ti3C2O2,NA,NO,-0.403,NA,NA,NA,NA,table,0% biaxial strain=-2%; work-function sensitivity %,https://doi.org/10.1039/D4CP04127E
127,10.25073/2588-1124.v38n1.DJ.4653,Gas adsorption on O-vacancy-containing Sc2CO2 monolayer,Khang PD et al.,VNU Journal of Science: Mathematics-Physics,2022,Sc2CO2 (O-vacancy),NA,N2,0.4,0.067,3.807,Quantum ESPRESSO,PBE-GGA,table,Table 1 or Table 2; Q = transfer from monolayer to gas,https://doi.org/10.25073/2588-1124.v38n1.DJ.4653
128,10.25073/2588-1124.v38n1.DJ.4653,Gas adsorption on O-vacancy-containing Sc2CO2 monolayer,Khang PD et al.,VNU Journal of Science: Mathematics-Physics,2022,Sc2CO2 (O-vacancy),NA,N2,0.4,0.067,3.807,Quantum ESPRESSO,PBE-GGA,table,Table 1 or Table 2; Q = transfer from monolayer to gas,https://doi.org/10.25073/2588-1124.v38n1.DJ.4653
129,10.25073/2588-1124.v38n1.DJ.4653,Gas adsorption on O-vacancy-containing Sc2CO2 monolayer,Khang PD et al.,VNU Journal of Science: Mathematics-Physics,2022,Sc2CO2 (O-vacancy),NA,N2,0.4,0.067,2.936,Quantum ESPRESSO,PBE-GGA,table,Table 1 or Table 2; Q = transfer from monolayer to gas,https://doi.org/10.25073/2588-1124.v38n1.DJ.4653
130,10.25073/2588-1124.v38n1.DJ.4653,Gas adsorption on O-vacancy-containing Sc2CO2 monolayer,Khang PD et al.,VNU Journal of Science: Mathematics-Physics,2022,Sc2CO2 (O-vacancy),NA,H2,0.4,0.067,3.807,Quantum ESPRESSO,PBE-GGA,table,Table 1 or Table 2; Q = transfer from monolayer to gas,https://doi.org/10.25073/2588-1124.v38n1.DJ.4653
131,10.25073/2588-1124.v38n1.DJ.4653,Gas adsorption on O-vacancy-containing Sc2CO2 monolayer,Khang PD et al.,VNU Journal of Science: Mathematics-Physics,2022,Sc2CO2 (O-vacancy),NA,H2,0.4,0.067,3.807,Quantum ESPRESSO,PBE-GGA,table,Table 1 or Table 2; Q = transfer from monolayer to gas,https://doi.org/10.25073/2588-1124.v38n1.DJ.4653
132,10.25073/2588-1124.v38n1.DJ.4653,Gas adsorption on O-vacancy-containing Sc2CO2 monolayer,Khang PD et al.,VNU Journal of Science: Mathematics-Physics,2022,Sc2CO2 (O-vacancy),NA,H2,0.4,0.067,2.936,Quantum ESPRESSO,PBE-GGA,table,Table 1 or Table 2; Q = transfer from monolayer to gas,https://doi.org/10.25073/2588-1124.v38n1.DJ.4653
133,10.25073/2588-1124.v38n1.DJ.4653,Gas adsorption on O-vacancy-containing Sc2CO2 monolayer,Khang PD et al.,VNU Journal of Science: Mathematics-Physics,2022,Sc2CO2 (O-vacancy),NA,CO2,0.4,0.067,3.807,Quantum ESPRESSO,PBE-GGA,table,Table 1 or Table 2; Q = transfer from monolayer to gas,https://doi.org/10.25073/2588-1124.v38n1.DJ.4653
134,10.25073/2588-1124.v38n1.DJ.4653,Gas adsorption on O-vacancy-containing Sc2CO2 monolayer,Khang PD et al.,VNU Journal of Science: Mathematics-Physics,2022,Sc2CO2 (O-vacancy),NA,CO2,0.4,0.067,3.807,Quantum ESPRESSO,PBE-GGA,table,Table 1 or Table 2; Q = transfer from monolayer to gas,https://doi.org/10.25073/2588-1124.v38n1.DJ.4653
135,10.25073/2588-1124.v38n1.DJ.4653,Gas adsorption on O-vacancy-containing Sc2CO2 monolayer,Khang PD et al.,VNU Journal of Science: Mathematics-Physics,2022,Sc2CO2 (O-vacancy),NA,CO2,0.4,0.067,2.936,Quantum ESPRESSO,PBE-GGA,table,Table 1 or Table 2; Q = transfer from monolayer to gas,https://doi.org/10.25073/2588-1124.v38n1.DJ.4653
136,10.25073/2588-1124.v38n1.DJ.4653,Gas adsorption on O-vacancy-containing Sc2CO2 monolayer,Khang PD et al.,VNU Journal of Science: Mathematics-Physics,2022,Sc2CO2 (O-vacancy),NA,NH3,0.55,0.022,2.594,Quantum ESPRESSO,PBE-GGA,table,Table 1 or Table 2; Q = transfer from monolayer to gas,https://doi.org/10.25073/2588-1124.v38n1.DJ.4653
137,10.25073/2588-1124.v38n1.DJ.4653,Gas adsorption on O-vacancy-containing Sc2CO2 monolayer,Khang PD et al.,VNU Journal of Science: Mathematics-Physics,2022,Sc2CO2 (O-vacancy),NA,H2S,0.8,0.006,2.842,Quantum ESPRESSO,PBE-GGA,table,Table 1 or Table 2; Q = transfer from monolayer to gas,https://doi.org/10.25073/2588-1124.v38n1.DJ.4653
138,10.25073/2588-1124.v38n1.DJ.4653,Gas adsorption on O-vacancy-containing Sc2CO2 monolayer,Khang PD et al.,VNU Journal of Science: Mathematics-Physics,2022,Sc2CO2 (O-vacancy),NA,H2O,0.63,0.004,2.401,Quantum ESPRESSO,PBE-GGA,table,Table 1 or Table 2; Q = transfer from monolayer to gas,https://doi.org/10.25073/2588-1124.v38n1.DJ.4653
139,10.25073/2588-1124.v38n1.DJ.4653,Gas adsorption on O-vacancy-containing Sc2CO2 monolayer,Khang PD et al.,VNU Journal of Science: Mathematics-Physics,2022,Sc2CO2 (O-vacancy),NA,CO2,1.38,1.273,2.089,Quantum ESPRESSO,PBE-GGA,table,Table 1 or Table 2; Q = transfer from monolayer to gas,https://doi.org/10.25073/2588-1124.v38n1.DJ.4653
140,10.25073/2588-1124.v38n1.DJ.4653,Gas adsorption on O-vacancy-containing Sc2CO2 monolayer,Khang PD et al.,VNU Journal of Science: Mathematics-Physics,2022,Sc2CO2 (O-vacancy),NA,CO2,0.26,0.021,2.666,Quantum ESPRESSO,PBE-GGA,table,Table 1 or Table 2; Q = transfer from monolayer to gas,https://doi.org/10.25073/2588-1124.v38n1.DJ.4653
141,10.25073/2588-1124.v38n1.DJ.4653,Gas adsorption on O-vacancy-containing Sc2CO2 monolayer,Khang PD et al.,VNU Journal of Science: Mathematics-Physics,2022,Sc2CO2 (O-vacancy),NA,CO2,0.28,0.039,2.979,Quantum ESPRESSO,PBE-GGA,table,Table 1 or Table 2; Q = transfer from monolayer to gas,https://doi.org/10.25073/2588-1124.v38n1.DJ.4653
142,10.25073/2588-1124.v38n1.DJ.4653,Gas adsorption on O-vacancy-containing Sc2CO2 monolayer,Khang PD et al.,VNU Journal of Science: Mathematics-Physics,2022,Sc2CO2 (O-vacancy),NA,CO,1.07,0.989,1.478,Quantum ESPRESSO,PBE-GGA,table,Table 1 or Table 2; Q = transfer from monolayer to gas,https://doi.org/10.25073/2588-1124.v38n1.DJ.4653
143,10.25073/2588-1124.v38n1.DJ.4653,Gas adsorption on O-vacancy-containing Sc2CO2 monolayer,Khang PD et al.,VNU Journal of Science: Mathematics-Physics,2022,Sc2CO2 (O-vacancy),NA,CO,0.78,0.972,1.707,Quantum ESPRESSO,PBE-GGA,table,Table 1 or Table 2; Q = transfer from monolayer to gas,https://doi.org/10.25073/2588-1124.v38n1.DJ.4653
144,10.25073/2588-1124.v38n1.DJ.4653,Gas adsorption on O-vacancy-containing Sc2CO2 monolayer,Khang PD et al.,VNU Journal of Science: Mathematics-Physics,2022,Sc2CO2 (O-vacancy),NA,CO,0.73,0.499,2.26,Quantum ESPRESSO,PBE-GGA,table,Table 1 or Table 2; Q = transfer from monolayer to gas,https://doi.org/10.25073/2588-1124.v38n1.DJ.4653
145,10.25073/2588-1124.v38n1.DJ.4653,Gas adsorption on O-vacancy-containing Sc2CO2 monolayer,Khang PD et al.,VNU Journal of Science: Mathematics-Physics,2022,Sc2CO2 (O-vacancy),NA,NO,3.19,2.051,1.439,Quantum ESPRESSO,PBE-GGA,table,Table 1 or Table 2; Q = transfer from monolayer to gas,https://doi.org/10.25073/2588-1124.v38n1.DJ.4653
146,10.25073/2588-1124.v38n1.DJ.4653,Gas adsorption on O-vacancy-containing Sc2CO2 monolayer,Khang PD et al.,VNU Journal of Science: Mathematics-Physics,2022,Sc2CO2 (O-vacancy),NA,NO,3.19,2.051,1.439,Quantum ESPRESSO,PBE-GGA,table,Table 1 or Table 2; Q = transfer from monolayer to gas,https://doi.org/10.25073/2588-1124.v38n1.DJ.4653
147,10.25073/2588-1124.v38n1.DJ.4653,Gas adsorption on O-vacancy-containing Sc2CO2 monolayer,Khang PD et al.,VNU Journal of Science: Mathematics-Physics,2022,Sc2CO2 (O-vacancy),NA,NO,3.19,2.051,1.439,Quantum ESPRESSO,PBE-GGA,table,Table 1 or Table 2; Q = transfer from monolayer to gas,https://doi.org/10.25073/2588-1124.v38n1.DJ.4653
148,10.25073/2588-1124.v38n1.DJ.4653,Gas adsorption on O-vacancy-containing Sc2CO2 monolayer,Khang PD et al.,VNU Journal of Science: Mathematics-Physics,2022,Sc2CO2 (O-vacancy),NA,NO2,2.72,1.058,2.193,Quantum ESPRESSO,PBE-GGA,table,Table 1 or Table 2; Q = transfer from monolayer to gas,https://doi.org/10.25073/2588-1124.v38n1.DJ.4653
149,10.25073/2588-1124.v38n1.DJ.4653,Gas adsorption on O-vacancy-containing Sc2CO2 monolayer,Khang PD et al.,VNU Journal of Science: Mathematics-Physics,2022,Sc2CO2 (O-vacancy),NA,NO2,2.47,0.871,2.394,Quantum ESPRESSO,PBE-GGA,table,Table 1 or Table 2; Q = transfer from monolayer to gas,https://doi.org/10.25073/2588-1124.v38n1.DJ.4653
150,10.25073/2588-1124.v38n1.DJ.4653,Gas adsorption on O-vacancy-containing Sc2CO2 monolayer,Khang PD et al.,VNU Journal of Science: Mathematics-Physics,2022,Sc2CO2 (O-vacancy),NA,NO2,2.32,0.835,2.317,Quantum ESPRESSO,PBE-GGA,table,Table 1 or Table 2; Q = transfer from monolayer to gas,https://doi.org/10.25073/2588-1124.v38n1.DJ.4653
151,10.25073/2588-1124.v38n1.DJ.4653,Gas adsorption on O-vacancy-containing Sc2CO2 monolayer,Khang PD et al.,VNU Journal of Science: Mathematics-Physics,2022,Sc2CO2 (O-vacancy),NA,O2,3.64,1.342,2.111,Quantum ESPRESSO,PBE-GGA,table,Table 1 or Table 2; Q = transfer from monolayer to gas,https://doi.org/10.25073/2588-1124.v38n1.DJ.4653
152,10.25073/2588-1124.v38n1.DJ.4653,Gas adsorption on O-vacancy-containing Sc2CO2 monolayer,Khang PD et al.,VNU Journal of Science: Mathematics-Physics,2022,Sc2CO2 (O-vacancy),NA,O2,3.64,1.339,2.111,Quantum ESPRESSO,PBE-GGA,table,Table 1 or Table 2; Q = transfer from monolayer to gas,https://doi.org/10.25073/2588-1124.v38n1.DJ.4653
153,10.25073/2588-1124.v38n1.DJ.4653,Gas adsorption on O-vacancy-containing Sc2CO2 monolayer,Khang PD et al.,VNU Journal of Science: Mathematics-Physics,2022,Sc2CO2 (O-vacancy),NA,O2,2.61,1.261,2.086,Quantum ESPRESSO,PBE-GGA,table,Table 1 or Table 2; Q = transfer from monolayer to gas,https://doi.org/10.25073/2588-1124.v38n1.DJ.4653
154,10.25073/2588-1124.v38n1.DJ.4653,Gas adsorption on O-vacancy-containing Sc2CO2 monolayer,Khang PD et al.,VNU Journal of Science: Mathematics-Physics,2022,Sc2CO2 (O-vacancy),NA,SO2,1.93,0.827,1.874,Quantum ESPRESSO,PBE-GGA,table,Table 1 or Table 2; Q = transfer from monolayer to gas,https://doi.org/10.25073/2588-1124.v38n1.DJ.4653
155,10.25073/2588-1124.v38n1.DJ.4653,Gas adsorption on O-vacancy-containing Sc2CO2 monolayer,Khang PD et al.,VNU Journal of Science: Mathematics-Physics,2022,Sc2CO2 (O-vacancy),NA,SO2,0.89,0.469,2.227,Quantum ESPRESSO,PBE-GGA,table,Table 1 or Table 2; Q = transfer from monolayer to gas,https://doi.org/10.25073/2588-1124.v38n1.DJ.4653
156,10.25073/2588-1124.v38n1.DJ.4653,Gas adsorption on O-vacancy-containing Sc2CO2 monolayer,Khang PD et al.,VNU Journal of Science: Mathematics-Physics,2022,Sc2CO2 (O-vacancy),NA,SO2,1.48,0.692,2.187,Quantum ESPRESSO,PBE-GGA,table,Table 1 or Table 2; Q = transfer from monolayer to gas,https://doi.org/10.25073/2588-1124.v38n1.DJ.4653
157,10.5162/IMCS2010/P1.3.21,DFT study of NH3 adsorption on SnO2(110) surface,NA,Proceedings IMCS,2010,SnO2,NA,NH3,-1.14,NA,NA,VASP,r-PBE,table,Sn5c site; AMA proceedings,https://doi.org/10.5162/IMCS2010/P1.3.21
158,10.5162/IMCS2010/P1.3.21,DFT study of NH3 adsorption on SnO2(110) surface,NA,Proceedings IMCS,2010,SnO2,NA,NH3,-0.73,NA,NA,VASP,r-PBE,table,Sn5c site; AMA proceedings,https://doi.org/10.5162/IMCS2010/P1.3.21
159,10.5162/IMCS2010/P1.3.21,DFT study of NH3 adsorption on SnO2(110) surface,NA,Proceedings IMCS,2010,SnO2,NA,NH3,-1.58,NA,NA,VASP,r-PBE,table,Sn5c site; AMA proceedings,https://doi.org/10.5162/IMCS2010/P1.3.21
160,10.1039/D2CP01234H,Atomistic Descriptions of Gas-Surface Interactions on Tin Dioxide,Blackman JA,Doctoral thesis / literature compilation (UCL),2022,SnO2,NA,NH3,-1.29,NA,NA,NA,DFT-GGA,table,Values cited in thesis Figure 5 from primary DFT studies,https://doi.org/10.1039/D2CP01234H
161,10.1039/D2CP01234H,Atomistic Descriptions of Gas-Surface Interactions on Tin Dioxide,Blackman JA,Doctoral thesis / literature compilation (UCL),2022,SnO2,NA,NH3,-1.85,NA,NA,NA,DFT-GGA,table,Values cited in thesis Figure 5 from primary DFT studies,https://doi.org/10.1039/D2CP01234H
162,10.1039/D2CP01234H,Atomistic Descriptions of Gas-Surface Interactions on Tin Dioxide,Blackman JA,Doctoral thesis / literature compilation (UCL),2022,SnO2,NA,NH3,-0.81,NA,NA,NA,DFT-GGA,table,Values cited in thesis Figure 5 from primary DFT studies,https://doi.org/10.1039/D2CP01234H
163,10.1039/D2CP01234H,Atomistic Descriptions of Gas-Surface Interactions on Tin Dioxide,Blackman JA,Doctoral thesis / literature compilation (UCL),2022,SnO2,NA,NH3,-1.32,NA,NA,NA,DFT-GGA,table,Values cited in thesis Figure 5 from primary DFT studies,https://doi.org/10.1039/D2CP01234H
164,10.1039/D2CP01234H,Atomistic Descriptions of Gas-Surface Interactions on Tin Dioxide,Blackman JA,Doctoral thesis / literature compilation (UCL),2022,SnO2,NA,NH3,-1.92,NA,NA,NA,DFT-GGA,table,Values cited in thesis Figure 5 from primary DFT studies,https://doi.org/10.1039/D2CP01234H
165,10.1039/D2CP01234H,Atomistic Descriptions of Gas-Surface Interactions on Tin Dioxide,Blackman JA,Doctoral thesis / literature compilation (UCL),2022,SnO2,NA,NH3,-2.48,NA,NA,NA,DFT-GGA,table,Values cited in thesis Figure 5 from primary DFT studies,https://doi.org/10.1039/D2CP01234H
166,10.1016/j.snb.2006.08.054,Ab initio study of NOx compounds adsorption on SnO2 surface,NA,Sensors and Actuators B: Chemical,2006,SnO2,NA,NO,-1.2,NA,NA,SIESTA,GGA,table,~1.2 eV from computational literature review,https://doi.org/10.1016/j.snb.2006.08.054
167,10.1088/1742-6596/3042/1/012026,Work function changes and adsorption energy of NO2 on SnO2(110),NA,Journal of Physics: Conference Series,2024,SnO2,NA,NO2,-0.004,NA,3.71,NA,NA,table,physisorption range -0.004 to -0.24 eV,https://doi.org/10.1088/1742-6596/3042/1/012026
168,10.1088/1742-6596/3042/1/012026,Work function changes and adsorption energy of NO2 on SnO2(110),NA,Journal of Physics: Conference Series,2024,SnO2,NA,NO2,-0.24,NA,2.99,NA,NA,table,WF reduction up to -1.26 eV reported separately,https://doi.org/10.1088/1742-6596/3042/1/012026
169,10.1039/C3NR06670C,Strain engineering of selective chemical adsorption on monolayer MoS2,"Kou L, Du A, Chen C, Frauenheim T",Nanoscale,2014,MoS2,NA,NO,-0.54,0.085,2.1,NA,NA,table,Table 1; electron transfer column (etrans),https://doi.org/10.1039/C3NR06670C
170,10.1039/C3NR06670C,Strain engineering of selective chemical adsorption on monolayer MoS2,"Kou L, Du A, Chen C, Frauenheim T",Nanoscale,2014,MoS2,NA,NO2,-0.94,0.04,2.15,NA,NA,table,Table 1; electron transfer column (etrans),https://doi.org/10.1039/C3NR06670C
171,10.1039/C3NR06670C,Strain engineering of selective chemical adsorption on monolayer MoS2,"Kou L, Du A, Chen C, Frauenheim T",Nanoscale,2014,MoS2,NA,CO,-0.42,0.01,2.45,NA,NA,table,Table 1; electron transfer column (etrans),https://doi.org/10.1039/C3NR06670C
172,10.1039/C3NR06670C,Strain engineering of selective chemical adsorption on monolayer MoS2,"Kou L, Du A, Chen C, Frauenheim T",Nanoscale,2014,MoS2,NA,CO2,-0.45,0.013,2.74,NA,NA,table,Table 1; electron transfer column (etrans),https://doi.org/10.1039/C3NR06670C
173,10.1039/C3NR06670C,Strain engineering of selective chemical adsorption on monolayer MoS2,"Kou L, Du A, Chen C, Frauenheim T",Nanoscale,2014,MoS2,NA,NH3,-0.49,0.085,2.79,NA,NA,table,Table 1; electron transfer column (etrans),https://doi.org/10.1039/C3NR06670C
174,10.1039/C3NR06670C,Strain engineering of selective chemical adsorption on monolayer MoS2,"Kou L, Du A, Chen C, Frauenheim T",Nanoscale,2014,MoS2,NA,NO,-0.72,0.24,1.62,NA,NA,table,Table 1; electron transfer column (etrans),https://doi.org/10.1039/C3NR06670C
175,10.1039/C3NR06670C,Strain engineering of selective chemical adsorption on monolayer MoS2,"Kou L, Du A, Chen C, Frauenheim T",Nanoscale,2014,MoS2,NA,NO2,-0.91,0.06,2.15,NA,NA,table,Table 1; electron transfer column (etrans),https://doi.org/10.1039/C3NR06670C
176,10.1039/C3NR06670C,Strain engineering of selective chemical adsorption on monolayer MoS2,"Kou L, Du A, Chen C, Frauenheim T",Nanoscale,2014,MoS2,NA,CO,-0.43,0.01,2.39,NA,NA,table,Table 1; electron transfer column (etrans),https://doi.org/10.1039/C3NR06670C
177,10.1039/C3NR06670C,Strain engineering of selective chemical adsorption on monolayer MoS2,"Kou L, Du A, Chen C, Frauenheim T",Nanoscale,2014,MoS2,NA,CO2,-0.47,0.016,2.56,NA,NA,table,Table 1; electron transfer column (etrans),https://doi.org/10.1039/C3NR06670C
178,10.1039/C3NR06670C,Strain engineering of selective chemical adsorption on monolayer MoS2,"Kou L, Du A, Chen C, Frauenheim T",Nanoscale,2014,MoS2,NA,NH3,-0.55,0.09,2.39,NA,NA,table,Table 1; electron transfer column (etrans),https://doi.org/10.1039/C3NR06670C
179,10.1038/srep08052,Charge-transfer-based Gas Sensing Using Atomic-layer MoS2,"Lee S, Cho SY, Kim S, Kim Y, Park J, Lee Y",Scientific Reports,2014,MoS2,NA,NO2,-0.14,NA,NA,NA,HSE06,table,H-site; HSE06+D2,https://doi.org/10.1038/srep08052
180,10.1038/srep08052,Charge-transfer-based Gas Sensing Using Atomic-layer MoS2,"Lee S, Cho SY, Kim S, Kim Y, Park J, Lee Y",Scientific Reports,2014,MoS2,NA,NH3,-0.16,NA,NA,NA,HSE06,table,H-site; HSE06+D2,https://doi.org/10.1038/srep08052
181,10.1088/2053-1591/ac021d,Understanding the adsorption behavior of small molecule in MoS2 device,"Jiang W, Chen K, Wang J, Geng D, Lu N, Li L",Materials Research Express,2021,MoS2,NA,H2,-0.05927,-0.05,NA,CASTEP,GGA-PBE,table,Table 1,https://doi.org/10.1088/2053-1591/ac021d
182,10.1088/2053-1591/ac021d,Understanding the adsorption behavior of small molecule in MoS2 device,"Jiang W, Chen K, Wang J, Geng D, Lu N, Li L",Materials Research Express,2021,MoS2,NA,N2,-0.10482,0.01,NA,CASTEP,GGA-PBE,table,Table 1,https://doi.org/10.1088/2053-1591/ac021d
183,10.1088/2053-1591/ac021d,Understanding the adsorption behavior of small molecule in MoS2 device,"Jiang W, Chen K, Wang J, Geng D, Lu N, Li L",Materials Research Express,2021,MoS2,NA,CO,-0.12183,0.01,NA,CASTEP,GGA-PBE,table,Table 1,https://doi.org/10.1088/2053-1591/ac021d
184,10.1088/2053-1591/ac021d,Understanding the adsorption behavior of small molecule in MoS2 device,"Jiang W, Chen K, Wang J, Geng D, Lu N, Li L",Materials Research Express,2021,MoS2,NA,CO2,-0.16891,-0.03,NA,CASTEP,GGA-PBE,table,Table 1,https://doi.org/10.1088/2053-1591/ac021d
185,10.1088/2053-1591/ac021d,Understanding the adsorption behavior of small molecule in MoS2 device,"Jiang W, Chen K, Wang J, Geng D, Lu N, Li L",Materials Research Express,2021,MoS2,NA,CH4,-0.1711,-0.05,NA,CASTEP,GGA-PBE,table,Table 1,https://doi.org/10.1088/2053-1591/ac021d
186,10.1088/2053-1591/ac021d,Understanding the adsorption behavior of small molecule in MoS2 device,"Jiang W, Chen K, Wang J, Geng D, Lu N, Li L",Materials Research Express,2021,MoS2,NA,H2O,-0.16602,-0.03,NA,CASTEP,GGA-PBE,table,Table 1,https://doi.org/10.1088/2053-1591/ac021d
187,10.1088/2053-1591/ac021d,Understanding the adsorption behavior of small molecule in MoS2 device,"Jiang W, Chen K, Wang J, Geng D, Lu N, Li L",Materials Research Express,2021,MoS2,NA,NH3,-0.1776,-0.01,NA,CASTEP,GGA-PBE,table,Table 1,https://doi.org/10.1088/2053-1591/ac021d
188,10.1088/2053-1591/ac021d,Understanding the adsorption behavior of small molecule in MoS2 device,"Jiang W, Chen K, Wang J, Geng D, Lu N, Li L",Materials Research Express,2021,MoS2,NA,NO,-0.21875,0.0,NA,CASTEP,GGA-PBE,table,Table 1,https://doi.org/10.1088/2053-1591/ac021d
189,10.1088/2053-1591/ac021d,Understanding the adsorption behavior of small molecule in MoS2 device,"Jiang W, Chen K, Wang J, Geng D, Lu N, Li L",Materials Research Express,2021,MoS2,NA,NO2,-0.28799,-0.12,NA,CASTEP,GGA-PBE,table,Table 1,https://doi.org/10.1088/2053-1591/ac021d
190,10.1088/2053-1591/ac021d,Understanding the adsorption behavior of small molecule in MoS2 device,"Jiang W, Chen K, Wang J, Geng D, Lu N, Li L",Materials Research Express,2021,MoS2,vacancy,NH3,-0.17119,NA,NA,CASTEP,GGA-PBE,table,Table 2 defective MoS2,https://doi.org/10.1088/2053-1591/ac021d
191,10.1088/2053-1591/ac021d,Understanding the adsorption behavior of small molecule in MoS2 device,"Jiang W, Chen K, Wang J, Geng D, Lu N, Li L",Materials Research Express,2021,MoS2,vacancy,NH3,-0.16164,NA,NA,CASTEP,GGA-PBE,table,Table 2 defective MoS2,https://doi.org/10.1088/2053-1591/ac021d
192,10.1088/2053-1591/ac021d,Understanding the adsorption behavior of small molecule in MoS2 device,"Jiang W, Chen K, Wang J, Geng D, Lu N, Li L",Materials Research Express,2021,MoS2,vacancy,NO2,-1.02272,NA,NA,CASTEP,GGA-PBE,table,Table 2 defective MoS2,https://doi.org/10.1088/2053-1591/ac021d
193,10.1088/2053-1591/ac021d,Understanding the adsorption behavior of small molecule in MoS2 device,"Jiang W, Chen K, Wang J, Geng D, Lu N, Li L",Materials Research Express,2021,MoS2,vacancy,NO2,-0.28291,NA,NA,CASTEP,GGA-PBE,table,Table 2 defective MoS2,https://doi.org/10.1088/2053-1591/ac021d
194,10.1088/2053-1591/ac021d,Understanding the adsorption behavior of small molecule in MoS2 device,"Jiang W, Chen K, Wang J, Geng D, Lu N, Li L",Materials Research Express,2021,MoS2,vacancy,NO,-1.26054,NA,NA,CASTEP,GGA-PBE,table,Table 2 defective MoS2,https://doi.org/10.1088/2053-1591/ac021d
195,10.1088/2053-1591/ac021d,Understanding the adsorption behavior of small molecule in MoS2 device,"Jiang W, Chen K, Wang J, Geng D, Lu N, Li L",Materials Research Express,2021,MoS2,vacancy,NO,-3.0592,NA,NA,CASTEP,GGA-PBE,table,Table 2 defective MoS2,https://doi.org/10.1088/2053-1591/ac021d
196,10.1088/2053-1591/ac021d,Understanding the adsorption behavior of small molecule in MoS2 device,"Jiang W, Chen K, Wang J, Geng D, Lu N, Li L",Materials Research Express,2021,MoS2,NA,NH3,-0.20828,NA,NA,CASTEP,GGA-PBE,table,Table 3; N2 background,https://doi.org/10.1088/2053-1591/ac021d
197,10.1088/2053-1591/ac021d,Understanding the adsorption behavior of small molecule in MoS2 device,"Jiang W, Chen K, Wang J, Geng D, Lu N, Li L",Materials Research Express,2021,MoS2,NA,NH3,-0.241,NA,NA,CASTEP,GGA-PBE,table,Table 3; CO2 background,https://doi.org/10.1088/2053-1591/ac021d
198,10.1088/2053-1591/ac021d,Understanding the adsorption behavior of small molecule in MoS2 device,"Jiang W, Chen K, Wang J, Geng D, Lu N, Li L",Materials Research Express,2021,MoS2,NA,NH3,-0.25679,NA,NA,CASTEP,GGA-PBE,table,Table 3; H2O background,https://doi.org/10.1088/2053-1591/ac021d
199,10.1088/2053-1591/ac021d,Understanding the adsorption behavior of small molecule in MoS2 device,"Jiang W, Chen K, Wang J, Geng D, Lu N, Li L",Materials Research Express,2021,MoS2,NA,NO2,-0.31376,NA,NA,CASTEP,GGA-PBE,table,Table 3; N2 background,https://doi.org/10.1088/2053-1591/ac021d
200,10.1088/2053-1591/ac021d,Understanding the adsorption behavior of small molecule in MoS2 device,"Jiang W, Chen K, Wang J, Geng D, Lu N, Li L",Materials Research Express,2021,MoS2,NA,NO2,-0.32481,NA,NA,CASTEP,GGA-PBE,table,Table 3; CO2 background,https://doi.org/10.1088/2053-1591/ac021d
201,10.1088/2053-1591/ac021d,Understanding the adsorption behavior of small molecule in MoS2 device,"Jiang W, Chen K, Wang J, Geng D, Lu N, Li L",Materials Research Express,2021,MoS2,NA,NO2,-0.34074,NA,NA,CASTEP,GGA-PBE,table,Table 3; H2O background,https://doi.org/10.1088/2053-1591/ac021d
202,10.1088/2053-1591/ac021d,Understanding the adsorption behavior of small molecule in MoS2 device,"Jiang W, Chen K, Wang J, Geng D, Lu N, Li L",Materials Research Express,2021,MoS2,NA,NO,-0.22992,NA,NA,CASTEP,GGA-PBE,table,Table 3; N2 background,https://doi.org/10.1088/2053-1591/ac021d
203,10.1088/2053-1591/ac021d,Understanding the adsorption behavior of small molecule in MoS2 device,"Jiang W, Chen K, Wang J, Geng D, Lu N, Li L",Materials Research Express,2021,MoS2,NA,NO,-0.25684,NA,NA,CASTEP,GGA-PBE,table,Table 3; CO2 background,https://doi.org/10.1088/2053-1591/ac021d
204,10.1088/2053-1591/ac021d,Understanding the adsorption behavior of small molecule in MoS2 device,"Jiang W, Chen K, Wang J, Geng D, Lu N, Li L",Materials Research Express,2021,MoS2,NA,NO,-0.27902,NA,NA,CASTEP,GGA-PBE,table,Table 3; H2O background,https://doi.org/10.1088/2053-1591/ac021d
205,10.1016/j.cplett.2018.10.057,"Adsorption for SO2 gas molecules on B, N, P and Al doped MoS2: The DFT study",NA,Chemical Physics Letters,2018,Al-doped MoS2,Al,SO2,-2.33,-0.343,1.763,NA,DFT,table,Abstract maximum Ea at Top-Mo of Al-MoS2,https://doi.org/10.1016/j.cplett.2018.10.057
206,10.1063/1.4922049,Mechanism of charge transfer and Fermi-level pinning for gas molecules on WS2,"Zhou C, Yang W, Zhu H",Journal of Chemical Physics,2015,WS2,NA,H2,-0.068,NA,2.86,VASP,LDA,table,Table I; meV converted to eV,https://doi.org/10.1063/1.4922049
207,10.1063/1.4922049,Mechanism of charge transfer and Fermi-level pinning for gas molecules on WS2,"Zhou C, Yang W, Zhu H",Journal of Chemical Physics,2015,WS2,NA,H2,-0.075,NA,2.86,VASP,LDA,table,Table I; meV converted to eV,https://doi.org/10.1063/1.4922049
208,10.1063/1.4922049,Mechanism of charge transfer and Fermi-level pinning for gas molecules on WS2,"Zhou C, Yang W, Zhu H",Journal of Chemical Physics,2015,WS2,NA,H2,-0.037,NA,2.87,VASP,LDA,table,Table I; meV converted to eV,https://doi.org/10.1063/1.4922049
209,10.1063/1.4922049,Mechanism of charge transfer and Fermi-level pinning for gas molecules on WS2,"Zhou C, Yang W, Zhu H",Journal of Chemical Physics,2015,WS2,NA,O2,-0.184,NA,2.62,VASP,LDA,table,Table I; meV converted to eV,https://doi.org/10.1063/1.4922049
210,10.1063/1.4922049,Mechanism of charge transfer and Fermi-level pinning for gas molecules on WS2,"Zhou C, Yang W, Zhu H",Journal of Chemical Physics,2015,WS2,NA,O2,-0.213,NA,2.49,VASP,LDA,table,Table I; meV converted to eV,https://doi.org/10.1063/1.4922049
211,10.1063/1.4922049,Mechanism of charge transfer and Fermi-level pinning for gas molecules on WS2,"Zhou C, Yang W, Zhu H",Journal of Chemical Physics,2015,WS2,NA,O2,-0.119,NA,3.09,VASP,LDA,table,Table I; meV converted to eV,https://doi.org/10.1063/1.4922049
212,10.1063/1.4922049,Mechanism of charge transfer and Fermi-level pinning for gas molecules on WS2,"Zhou C, Yang W, Zhu H",Journal of Chemical Physics,2015,WS2,NA,H2O,-0.229,NA,2.63,VASP,LDA,table,Table I; meV converted to eV,https://doi.org/10.1063/1.4922049
213,10.1063/1.4922049,Mechanism of charge transfer and Fermi-level pinning for gas molecules on WS2,"Zhou C, Yang W, Zhu H",Journal of Chemical Physics,2015,WS2,NA,H2O,-0.218,NA,2.68,VASP,LDA,table,Table I; meV converted to eV,https://doi.org/10.1063/1.4922049
214,10.1063/1.4922049,Mechanism of charge transfer and Fermi-level pinning for gas molecules on WS2,"Zhou C, Yang W, Zhu H",Journal of Chemical Physics,2015,WS2,NA,H2O,-0.108,NA,3.14,VASP,LDA,table,Table I; meV converted to eV,https://doi.org/10.1063/1.4922049
215,10.1063/1.4922049,Mechanism of charge transfer and Fermi-level pinning for gas molecules on WS2,"Zhou C, Yang W, Zhu H",Journal of Chemical Physics,2015,WS2,NA,NH3,-0.216,NA,2.49,VASP,LDA,table,Table I; meV converted to eV,https://doi.org/10.1063/1.4922049
216,10.1063/1.4922049,Mechanism of charge transfer and Fermi-level pinning for gas molecules on WS2,"Zhou C, Yang W, Zhu H",Journal of Chemical Physics,2015,WS2,NA,NH3,-0.201,NA,2.76,VASP,LDA,table,Table I; meV converted to eV,https://doi.org/10.1063/1.4922049
217,10.1063/1.4922049,Mechanism of charge transfer and Fermi-level pinning for gas molecules on WS2,"Zhou C, Yang W, Zhu H",Journal of Chemical Physics,2015,WS2,NA,NH3,-0.062,NA,3.25,VASP,LDA,table,Table I; meV converted to eV,https://doi.org/10.1063/1.4922049
218,10.1063/1.4922049,Mechanism of charge transfer and Fermi-level pinning for gas molecules on WS2,"Zhou C, Yang W, Zhu H",Journal of Chemical Physics,2015,WS2,NA,NO,-0.129,NA,2.77,VASP,LDA,table,Table I; meV converted to eV,https://doi.org/10.1063/1.4922049
219,10.1063/1.4922049,Mechanism of charge transfer and Fermi-level pinning for gas molecules on WS2,"Zhou C, Yang W, Zhu H",Journal of Chemical Physics,2015,WS2,NA,NO,-0.206,NA,2.77,VASP,LDA,table,Table I; meV converted to eV,https://doi.org/10.1063/1.4922049
220,10.1063/1.4922049,Mechanism of charge transfer and Fermi-level pinning for gas molecules on WS2,"Zhou C, Yang W, Zhu H",Journal of Chemical Physics,2015,WS2,NA,NO,-0.099,NA,3.47,VASP,LDA,table,Table I; meV converted to eV,https://doi.org/10.1063/1.4922049
221,10.1063/1.4922049,Mechanism of charge transfer and Fermi-level pinning for gas molecules on WS2,"Zhou C, Yang W, Zhu H",Journal of Chemical Physics,2015,WS2,NA,NO,-0.215,NA,2.76,VASP,LDA,table,Table I; meV converted to eV,https://doi.org/10.1063/1.4922049
222,10.1063/1.4922049,Mechanism of charge transfer and Fermi-level pinning for gas molecules on WS2,"Zhou C, Yang W, Zhu H",Journal of Chemical Physics,2015,WS2,NA,NO2,-0.412,NA,2.68,VASP,LDA,table,Table I; meV converted to eV,https://doi.org/10.1063/1.4922049
223,10.1063/1.4922049,Mechanism of charge transfer and Fermi-level pinning for gas molecules on WS2,"Zhou C, Yang W, Zhu H",Journal of Chemical Physics,2015,WS2,NA,NO2,-0.354,NA,2.68,VASP,LDA,table,Table I; meV converted to eV,https://doi.org/10.1063/1.4922049
224,10.1063/1.4922049,Mechanism of charge transfer and Fermi-level pinning for gas molecules on WS2,"Zhou C, Yang W, Zhu H",Journal of Chemical Physics,2015,WS2,NA,NO2,-0.333,NA,2.74,VASP,LDA,table,Table I; meV converted to eV,https://doi.org/10.1063/1.4922049
225,10.1063/1.4922049,Mechanism of charge transfer and Fermi-level pinning for gas molecules on WS2,"Zhou C, Yang W, Zhu H",Journal of Chemical Physics,2015,WS2,NA,CO,-0.127,NA,2.9,VASP,LDA,table,Table I; meV converted to eV,https://doi.org/10.1063/1.4922049
226,10.1063/1.4922049,Mechanism of charge transfer and Fermi-level pinning for gas molecules on WS2,"Zhou C, Yang W, Zhu H",Journal of Chemical Physics,2015,WS2,NA,CO,-0.111,NA,2.9,VASP,LDA,table,Table I; meV converted to eV,https://doi.org/10.1063/1.4922049
227,10.1063/1.4922049,Mechanism of charge transfer and Fermi-level pinning for gas molecules on WS2,"Zhou C, Yang W, Zhu H",Journal of Chemical Physics,2015,WS2,NA,CO,-0.031,NA,2.95,VASP,LDA,table,Table I; meV converted to eV,https://doi.org/10.1063/1.4922049
228,10.1063/1.4922049,Mechanism of charge transfer and Fermi-level pinning for gas molecules on WS2,"Zhou C, Yang W, Zhu H",Journal of Chemical Physics,2015,WS2,NA,CO,-0.075,NA,2.9,VASP,LDA,table,Table I; meV converted to eV,https://doi.org/10.1063/1.4922049
229,10.3390/computation11120235,"Adsorption of SO2 Molecule on Pristine, N, Ga-Doped and -Ga-N- co-Doped Graphene: A DFT Study",Multiple authors,Computation,2023,Graphene,NA,SO2,-0.32,-0.095,NA,DMol3,GGA-PBE,table,Table 2,https://doi.org/10.3390/computation11120235
230,10.3390/computation11120235,"Adsorption of SO2 Molecule on Pristine, N, Ga-Doped and -Ga-N- co-Doped Graphene: A DFT Study",Multiple authors,Computation,2023,N-doped Graphene,N,SO2,-0.48,-0.236,NA,DMol3,GGA-PBE,table,Table 3,https://doi.org/10.3390/computation11120235
231,10.3390/computation11120235,"Adsorption of SO2 Molecule on Pristine, N, Ga-Doped and -Ga-N- co-Doped Graphene: A DFT Study",Multiple authors,Computation,2023,Ga-doped Graphene,Ga,SO2,-2.61,-0.148,NA,DMol3,GGA-PBE,table,Table 4,https://doi.org/10.3390/computation11120235
232,10.3390/computation11120235,"Adsorption of SO2 Molecule on Pristine, N, Ga-Doped and -Ga-N- co-Doped Graphene: A DFT Study",Multiple authors,Computation,2023,N-Ga co-doped Graphene,N-Ga,SO2,-2.75,-0.258,NA,DMol3,GGA-PBE,table,Table 5,https://doi.org/10.3390/computation11120235
233,10.3390/computation11120235,"Adsorption of SO2 Molecule on Pristine, N, Ga-Doped and -Ga-N- co-Doped Graphene: A DFT Study",Multiple authors,Computation,2023,N-Ga co-doped Graphene,N-Ga,SO2,-2.55,-0.214,NA,DMol3,GGA-PBE,table,Table 5,https://doi.org/10.3390/computation11120235
234,10.3390/computation11120235,"Adsorption of SO2 Molecule on Pristine, N, Ga-Doped and -Ga-N- co-Doped Graphene: A DFT Study",Multiple authors,Computation,2023,N-Ga co-doped Graphene,N-Ga,SO2,-2.53,-0.218,NA,DMol3,GGA-PBE,table,Table 5,https://doi.org/10.3390/computation11120235
235,10.3390/molecules29215086,"Adsorption Properties of Metal Atom (Co, V, W, Zr)-Modified MoTe2 for CO, CH3CHO, and C6H6 Gases: A DFT Study","Xiao W, Wang Z, Gui Y",Molecules,2024,Co-MoTe2,Co,CO,-0.167,-0.032,3.522,CASTEP,GGA-PBE,table,Table 1,https://doi.org/10.3390/molecules29215086
236,10.3390/molecules29215086,"Adsorption Properties of Metal Atom (Co, V, W, Zr)-Modified MoTe2 for CO, CH3CHO, and C6H6 Gases: A DFT Study","Xiao W, Wang Z, Gui Y",Molecules,2024,Co-MoTe2,Co,CH3CHO,-0.392,-0.084,3.288,CASTEP,GGA-PBE,table,Table 1,https://doi.org/10.3390/molecules29215086
237,10.3390/molecules29215086,"Adsorption Properties of Metal Atom (Co, V, W, Zr)-Modified MoTe2 for CO, CH3CHO, and C6H6 Gases: A DFT Study","Xiao W, Wang Z, Gui Y",Molecules,2024,Co-MoTe2,Co,C6H6,-0.667,-0.083,3.558,CASTEP,GGA-PBE,table,Table 1,https://doi.org/10.3390/molecules29215086
238,10.3390/molecules29215086,"Adsorption Properties of Metal Atom (Co, V, W, Zr)-Modified MoTe2 for CO, CH3CHO, and C6H6 Gases: A DFT Study","Xiao W, Wang Z, Gui Y",Molecules,2024,V-MoTe2,V,CO,-1.221,-0.832,1.925,CASTEP,GGA-PBE,table,Table 1,https://doi.org/10.3390/molecules29215086
239,10.3390/molecules29215086,"Adsorption Properties of Metal Atom (Co, V, W, Zr)-Modified MoTe2 for CO, CH3CHO, and C6H6 Gases: A DFT Study","Xiao W, Wang Z, Gui Y",Molecules,2024,V-MoTe2,V,CH3CHO,-0.405,-0.082,3.151,CASTEP,GGA-PBE,table,Table 1,https://doi.org/10.3390/molecules29215086
240,10.3390/molecules29215086,"Adsorption Properties of Metal Atom (Co, V, W, Zr)-Modified MoTe2 for CO, CH3CHO, and C6H6 Gases: A DFT Study","Xiao W, Wang Z, Gui Y",Molecules,2024,V-MoTe2,V,C6H6,-0.711,0.22,3.447,CASTEP,GGA-PBE,table,Table 1,https://doi.org/10.3390/molecules29215086
241,10.3390/molecules29215086,"Adsorption Properties of Metal Atom (Co, V, W, Zr)-Modified MoTe2 for CO, CH3CHO, and C6H6 Gases: A DFT Study","Xiao W, Wang Z, Gui Y",Molecules,2024,W-MoTe2,W,CO,-0.515,-0.119,2.027,CASTEP,GGA-PBE,table,Table 1,https://doi.org/10.3390/molecules29215086
242,10.3390/molecules29215086,"Adsorption Properties of Metal Atom (Co, V, W, Zr)-Modified MoTe2 for CO, CH3CHO, and C6H6 Gases: A DFT Study","Xiao W, Wang Z, Gui Y",Molecules,2024,W-MoTe2,W,CH3CHO,-0.386,-0.079,3.383,CASTEP,GGA-PBE,table,Table 1,https://doi.org/10.3390/molecules29215086
243,10.3390/molecules29215086,"Adsorption Properties of Metal Atom (Co, V, W, Zr)-Modified MoTe2 for CO, CH3CHO, and C6H6 Gases: A DFT Study","Xiao W, Wang Z, Gui Y",Molecules,2024,W-MoTe2,W,C6H6,-0.618,-0.063,3.708,CASTEP,GGA-PBE,table,Table 1,https://doi.org/10.3390/molecules29215086
244,10.3390/molecules29215086,"Adsorption Properties of Metal Atom (Co, V, W, Zr)-Modified MoTe2 for CO, CH3CHO, and C6H6 Gases: A DFT Study","Xiao W, Wang Z, Gui Y",Molecules,2024,Zr-MoTe2,Zr,CO,-0.592,-0.046,2.348,CASTEP,GGA-PBE,table,Table 1,https://doi.org/10.3390/molecules29215086
245,10.3390/molecules29215086,"Adsorption Properties of Metal Atom (Co, V, W, Zr)-Modified MoTe2 for CO, CH3CHO, and C6H6 Gases: A DFT Study","Xiao W, Wang Z, Gui Y",Molecules,2024,Zr-MoTe2,Zr,CH3CHO,-0.439,-0.063,3.512,CASTEP,GGA-PBE,table,Table 1,https://doi.org/10.3390/molecules29215086
246,10.3390/molecules29215086,"Adsorption Properties of Metal Atom (Co, V, W, Zr)-Modified MoTe2 for CO, CH3CHO, and C6H6 Gases: A DFT Study","Xiao W, Wang Z, Gui Y",Molecules,2024,Zr-MoTe2,Zr,C6H6,-0.8,-0.085,3.685,CASTEP,GGA-PBE,table,Table 1,https://doi.org/10.3390/molecules29215086
247,10.3390/molecules27103176,"Gas-Sensing Property of TM-MoTe2 Monolayer towards SO2, SOF2, and HF Gases",Multiple authors,Molecules,2022,Au-MoTe2,Au,SO2,-0.98,-0.259,NA,CASTEP,GGA-PBE,table,Table 2,https://doi.org/10.3390/molecules27103176
248,10.3390/molecules27103176,"Gas-Sensing Property of TM-MoTe2 Monolayer towards SO2, SOF2, and HF Gases",Multiple authors,Molecules,2022,Ag-MoTe2,Ag,SO2,-0.81,-0.341,NA,CASTEP,GGA-PBE,table,Table 2,https://doi.org/10.3390/molecules27103176
249,10.3390/molecules27103176,"Gas-Sensing Property of TM-MoTe2 Monolayer towards SO2, SOF2, and HF Gases",Multiple authors,Molecules,2022,Cu-MoTe2,Cu,SO2,-1.18,-0.316,NA,CASTEP,GGA-PBE,table,Table 2,https://doi.org/10.3390/molecules27103176
250,10.3390/molecules27103176,"Gas-Sensing Property of TM-MoTe2 Monolayer towards SO2, SOF2, and HF Gases",Multiple authors,Molecules,2022,Au-MoTe2,Au,SOF2,-0.49,-0.147,NA,CASTEP,GGA-PBE,table,Table 2,https://doi.org/10.3390/molecules27103176
251,10.3390/molecules27103176,"Gas-Sensing Property of TM-MoTe2 Monolayer towards SO2, SOF2, and HF Gases",Multiple authors,Molecules,2022,Ag-MoTe2,Ag,SOF2,-0.4,-0.158,NA,CASTEP,GGA-PBE,table,Table 2,https://doi.org/10.3390/molecules27103176
252,10.3390/molecules27103176,"Gas-Sensing Property of TM-MoTe2 Monolayer towards SO2, SOF2, and HF Gases",Multiple authors,Molecules,2022,Cu-MoTe2,Cu,SOF2,-0.6,0.077,NA,CASTEP,GGA-PBE,table,Table 2,https://doi.org/10.3390/molecules27103176
253,10.3390/molecules27103176,"Gas-Sensing Property of TM-MoTe2 Monolayer towards SO2, SOF2, and HF Gases",Multiple authors,Molecules,2022,Au-MoTe2,Au,HF,-0.23,-0.033,NA,CASTEP,GGA-PBE,table,Table 2,https://doi.org/10.3390/molecules27103176
254,10.3390/molecules27103176,"Gas-Sensing Property of TM-MoTe2 Monolayer towards SO2, SOF2, and HF Gases",Multiple authors,Molecules,2022,Ag-MoTe2,Ag,HF,-0.32,-0.007,NA,CASTEP,GGA-PBE,table,Table 2,https://doi.org/10.3390/molecules27103176
255,10.3390/molecules27103176,"Gas-Sensing Property of TM-MoTe2 Monolayer towards SO2, SOF2, and HF Gases",Multiple authors,Molecules,2022,Cu-MoTe2,Cu,HF,-0.33,0.031,NA,CASTEP,GGA-PBE,table,Table 2,https://doi.org/10.3390/molecules27103176
256,10.1186/s11671-020-03361-6,Rh-doped MoTe2 Monolayer as a Promising Candidate for Sensing and Scavenging SF6 Decomposed Species: a DFT Study,Multiple authors,Nanoscale Research Letters,2020,Rh-MoTe2,Rh,SO2,-1.65,-0.333,NA,DMol3,GGA-PBE,table,Table 1; Hirshfeld QT,https://doi.org/10.1186/s11671-020-03361-6
257,10.1186/s11671-020-03361-6,Rh-doped MoTe2 Monolayer as a Promising Candidate for Sensing and Scavenging SF6 Decomposed Species: a DFT Study,Multiple authors,Nanoscale Research Letters,2020,Rh-MoTe2,Rh,SOF2,-0.46,0.04,NA,DMol3,GGA-PBE,table,Table 1; Hirshfeld QT,https://doi.org/10.1186/s11671-020-03361-6
258,10.1186/s11671-020-03361-6,Rh-doped MoTe2 Monolayer as a Promising Candidate for Sensing and Scavenging SF6 Decomposed Species: a DFT Study,Multiple authors,Nanoscale Research Letters,2020,Rh-MoTe2,Rh,SO2F2,-2.12,-0.753,NA,DMol3,GGA-PBE,table,Table 1; Hirshfeld QT,https://doi.org/10.1186/s11671-020-03361-6
259,10.1016/j.apsusc.2020.146180,Adsorption of SO2 molecule on Ni-doped and Pd-doped graphene based on first-principle study,"Gao X, Zhou Q, Wang J, Xu L, Zeng W",Applied Surface Science,2020,Ni-doped Graphene,Ni,SO2,-4.213,-0.387,NA,CASTEP,GGA-PBE,table,Most stable configuration; conclusion text,https://doi.org/10.1016/j.apsusc.2020.146180
260,10.1016/j.apsusc.2020.146180,Adsorption of SO2 molecule on Ni-doped and Pd-doped graphene based on first-principle study,"Gao X, Zhou Q, Wang J, Xu L, Zeng W",Applied Surface Science,2020,Pd-doped Graphene,Pd,SO2,-5.779,-0.363,NA,CASTEP,GGA-PBE,table,Most stable configuration; conclusion text,https://doi.org/10.1016/j.apsusc.2020.146180
261,10.1039/C4DT01401D,Detecting gas molecules via atomic magnetization,Choi et al.,Dalton Transactions,2014,Co@Graphene,Co,O2,-3.63,NA,NA,VASP,GGA-PBE,table,Table II; TM hollow-site adatom,https://doi.org/10.1039/C4DT01401D
262,10.1039/C4DT01401D,Detecting gas molecules via atomic magnetization,Choi et al.,Dalton Transactions,2014,Co@Graphene,Co,H2O,-0.8,NA,NA,VASP,GGA-PBE,table,Table II; TM hollow-site adatom,https://doi.org/10.1039/C4DT01401D
263,10.1039/C4DT01401D,Detecting gas molecules via atomic magnetization,Choi et al.,Dalton Transactions,2014,Co@Graphene,Co,NO,-4.41,NA,NA,VASP,GGA-PBE,table,Table II; TM hollow-site adatom,https://doi.org/10.1039/C4DT01401D
264,10.1039/C4DT01401D,Detecting gas molecules via atomic magnetization,Choi et al.,Dalton Transactions,2014,Co@Graphene,Co,NO2,-3.15,NA,NA,VASP,GGA-PBE,table,Table II; TM hollow-site adatom,https://doi.org/10.1039/C4DT01401D
265,10.1039/C4DT01401D,Detecting gas molecules via atomic magnetization,Choi et al.,Dalton Transactions,2014,Co@Graphene,Co,CO,-2.46,NA,NA,VASP,GGA-PBE,table,Table II; TM hollow-site adatom,https://doi.org/10.1039/C4DT01401D
266,10.1039/C4DT01401D,Detecting gas molecules via atomic magnetization,Choi et al.,Dalton Transactions,2014,Co@Graphene,Co,NH3,-0.98,NA,NA,VASP,GGA-PBE,table,Table II; TM hollow-site adatom,https://doi.org/10.1039/C4DT01401D
267,10.1039/C4DT01401D,Detecting gas molecules via atomic magnetization,Choi et al.,Dalton Transactions,2014,Fe@Graphene,Fe,O2,-3.75,NA,NA,VASP,GGA-PBE,table,Table II; TM hollow-site adatom,https://doi.org/10.1039/C4DT01401D
268,10.1039/C4DT01401D,Detecting gas molecules via atomic magnetization,Choi et al.,Dalton Transactions,2014,Fe@Graphene,Fe,H2O,-0.77,NA,NA,VASP,GGA-PBE,table,Table II; TM hollow-site adatom,https://doi.org/10.1039/C4DT01401D
269,10.1039/C4DT01401D,Detecting gas molecules via atomic magnetization,Choi et al.,Dalton Transactions,2014,Fe@Graphene,Fe,NO,-3.93,NA,NA,VASP,GGA-PBE,table,Table II; TM hollow-site adatom,https://doi.org/10.1039/C4DT01401D
270,10.1039/C4DT01401D,Detecting gas molecules via atomic magnetization,Choi et al.,Dalton Transactions,2014,Fe@Graphene,Fe,NO2,-3.23,NA,NA,VASP,GGA-PBE,table,Table II; TM hollow-site adatom,https://doi.org/10.1039/C4DT01401D
271,10.1039/C4DT01401D,Detecting gas molecules via atomic magnetization,Choi et al.,Dalton Transactions,2014,Fe@Graphene,Fe,CO,-2.16,NA,NA,VASP,GGA-PBE,table,Table II; TM hollow-site adatom,https://doi.org/10.1039/C4DT01401D
272,10.1039/C4DT01401D,Detecting gas molecules via atomic magnetization,Choi et al.,Dalton Transactions,2014,Fe@Graphene,Fe,NH3,-1.55,NA,NA,VASP,GGA-PBE,table,Table II; TM hollow-site adatom,https://doi.org/10.1039/C4DT01401D
273,10.1140/epjb/e2012-30853-y,Sulfur dioxide adsorbed on graphene and heteroatom-doped graphene: a first-principles study,"Li C, Zhang J, Xu K, et al.",European Physical Journal B,2013,Graphene,NA,SO2,-0.012,-0.077,3.279,CASTEP,GGA-PBE,table,Table 2; Bader charge Q; Eads sign per exothermic convention,https://doi.org/10.1140/epjb/e2012-30853-y
274,10.1140/epjb/e2012-30853-y,Sulfur dioxide adsorbed on graphene and heteroatom-doped graphene: a first-principles study,"Li C, Zhang J, Xu K, et al.",European Physical Journal B,2013,B-doped Graphene,B,SO2,-0.205,-0.11,3.162,CASTEP,GGA-PBE,table,Table 2; Bader charge Q; Eads sign per exothermic convention,https://doi.org/10.1140/epjb/e2012-30853-y
275,10.1140/epjb/e2012-30853-y,Sulfur dioxide adsorbed on graphene and heteroatom-doped graphene: a first-principles study,"Li C, Zhang J, Xu K, et al.",European Physical Journal B,2013,N-doped Graphene,N,SO2,-0.172,-0.263,3.478,CASTEP,GGA-PBE,table,Table 2; Bader charge Q; Eads sign per exothermic convention,https://doi.org/10.1140/epjb/e2012-30853-y
276,10.1140/epjb/e2012-30853-y,Sulfur dioxide adsorbed on graphene and heteroatom-doped graphene: a first-principles study,"Li C, Zhang J, Xu K, et al.",European Physical Journal B,2013,Al-doped Graphene,Al,SO2,-1.262,-0.744,1.825,CASTEP,GGA-PBE,table,Table 2; Bader charge Q; Eads sign per exothermic convention,https://doi.org/10.1140/epjb/e2012-30853-y
277,10.1140/epjb/e2012-30853-y,Sulfur dioxide adsorbed on graphene and heteroatom-doped graphene: a first-principles study,"Li C, Zhang J, Xu K, et al.",European Physical Journal B,2013,Si-doped Graphene,Si,SO2,-0.902,-0.959,1.737,CASTEP,GGA-PBE,table,Table 2; Bader charge Q; Eads sign per exothermic convention,https://doi.org/10.1140/epjb/e2012-30853-y
278,10.1140/epjb/e2012-30853-y,Sulfur dioxide adsorbed on graphene and heteroatom-doped graphene: a first-principles study,"Li C, Zhang J, Xu K, et al.",European Physical Journal B,2013,Pt-doped Graphene,Pt,SO2,-1.018,-0.55,2.229,CASTEP,GGA-PBE,table,Table 2; Bader charge Q; Eads sign per exothermic convention,https://doi.org/10.1140/epjb/e2012-30853-y
279,10.1140/epjb/e2012-30853-y,Sulfur dioxide adsorbed on graphene and heteroatom-doped graphene: a first-principles study,"Li C, Zhang J, Xu K, et al.",European Physical Journal B,2013,Mn-doped Graphene,Mn,SO2,-1.729,-0.599,1.905,CASTEP,GGA-PBE,table,Table 2; Bader charge Q; Eads sign per exothermic convention,https://doi.org/10.1140/epjb/e2012-30853-y
280,10.1140/epjb/e2012-30853-y,Sulfur dioxide adsorbed on graphene and heteroatom-doped graphene: a first-principles study,"Li C, Zhang J, Xu K, et al.",European Physical Journal B,2013,Cr-doped Graphene,Cr,SO2,-1.675,-0.672,1.927,CASTEP,GGA-PBE,table,Table 2; Bader charge Q; Eads sign per exothermic convention,https://doi.org/10.1140/epjb/e2012-30853-y
281,10.1140/epjb/e2012-30853-y,Sulfur dioxide adsorbed on graphene and heteroatom-doped graphene: a first-principles study,"Li C, Zhang J, Xu K, et al.",European Physical Journal B,2013,Ag-doped Graphene,Ag,SO2,-0.968,-0.454,2.173,CASTEP,GGA-PBE,table,Table 2; Bader charge Q; Eads sign per exothermic convention,https://doi.org/10.1140/epjb/e2012-30853-y
282,10.1140/epjb/e2012-30853-y,Sulfur dioxide adsorbed on graphene and heteroatom-doped graphene: a first-principles study,"Li C, Zhang J, Xu K, et al.",European Physical Journal B,2013,Au-doped Graphene,Au,SO2,-1.284,-0.479,2.167,CASTEP,GGA-PBE,table,Table 2; Bader charge Q; Eads sign per exothermic convention,https://doi.org/10.1140/epjb/e2012-30853-y
283,10.1016/j.apsusc.2015.03.068,A first-principles study on gas sensing properties of graphene and Pd-doped graphene,"Ma L, Zhang JM, Xu KW, Ji V",Applied Surface Science,2015,Graphene,NA,CO,-0.08,0.015,3.22,VASP,GGA-PBE,table,Table in Ma et al.; CO PG also quoted in Micromachines 2025 citing [21],https://doi.org/10.1016/j.apsusc.2015.03.068
284,10.1016/j.apsusc.2015.03.068,A first-principles study on gas sensing properties of graphene and Pd-doped graphene,"Ma L, Zhang JM, Xu KW, Ji V",Applied Surface Science,2015,Pd-doped Graphene,Pd,CO,-1.05,0.155,NA,VASP,GGA-PBE,table,Table in Ma et al.; CO PG also quoted in Micromachines 2025 citing [21],https://doi.org/10.1016/j.apsusc.2015.03.068
285,10.1016/j.apsusc.2015.03.068,A first-principles study on gas sensing properties of graphene and Pd-doped graphene,"Ma L, Zhang JM, Xu KW, Ji V",Applied Surface Science,2015,Graphene,NA,NO2,-0.24,0.204,NA,VASP,GGA-PBE,table,Table in Ma et al.; CO PG also quoted in Micromachines 2025 citing [21],https://doi.org/10.1016/j.apsusc.2015.03.068
286,10.1016/j.apsusc.2015.03.068,A first-principles study on gas sensing properties of graphene and Pd-doped graphene,"Ma L, Zhang JM, Xu KW, Ji V",Applied Surface Science,2015,Pd-doped Graphene,Pd,NO2,-2.17,0.663,NA,VASP,GGA-PBE,table,Table in Ma et al.; CO PG also quoted in Micromachines 2025 citing [21],https://doi.org/10.1016/j.apsusc.2015.03.068
287,10.1039/C8TA08407F,A Janus MoSSe monolayer: a superior and strain-sensitive gas sensing material,"Jin C, Tang X, Tan X, Smith SC, Dai Y, Kou L",Journal of Materials Chemistry A,2019,Janus MoSSe,NA,O2,-0.104,0.035,3.13,VASP,GGA-PBE,table,Table S2,https://doi.org/10.1039/C8TA08407F
288,10.1039/C8TA08407F,A Janus MoSSe monolayer: a superior and strain-sensitive gas sensing material,"Jin C, Tang X, Tan X, Smith SC, Dai Y, Kou L",Journal of Materials Chemistry A,2019,Janus MoSSe,NA,O2,-0.101,0.018,3.09,VASP,GGA-PBE,table,Table S2,https://doi.org/10.1039/C8TA08407F
289,10.1039/C8TA08407F,A Janus MoSSe monolayer: a superior and strain-sensitive gas sensing material,"Jin C, Tang X, Tan X, Smith SC, Dai Y, Kou L",Journal of Materials Chemistry A,2019,Janus MoSSe,NA,NO2,-0.245,0.107,2.84,VASP,GGA-PBE,table,Table S3 monolayer,https://doi.org/10.1039/C8TA08407F
290,10.1039/C8TA08407F,A Janus MoSSe monolayer: a superior and strain-sensitive gas sensing material,"Jin C, Tang X, Tan X, Smith SC, Dai Y, Kou L",Journal of Materials Chemistry A,2019,Janus MoSSe,NA,NO2,-0.216,0.069,2.78,VASP,GGA-PBE,table,Table S3 monolayer,https://doi.org/10.1039/C8TA08407F
291,10.1039/D0RA06760A,Adsorption and sensing of CO and NH3 on chemically modified graphene surfaces,"Rani P, Shaju AC, Thomas KG",RSC Advances,2020,B-doped Graphene (1B),B,CO,-0.105,NA,3.42,VASP,GGA-PBE,table,Table 2; patterned B-doping configurations a1/c1/d1/f1,https://doi.org/10.1039/D0RA06760A
292,10.1039/D0RA06760A,Adsorption and sensing of CO and NH3 on chemically modified graphene surfaces,"Rani P, Shaju AC, Thomas KG",RSC Advances,2020,B-doped Graphene (1B),B,NH3,-0.259,NA,3.22,VASP,GGA-PBE,table,Table 2; patterned B-doping configurations a1/c1/d1/f1,https://doi.org/10.1039/D0RA06760A
293,10.1039/D0RA06760A,Adsorption and sensing of CO and NH3 on chemically modified graphene surfaces,"Rani P, Shaju AC, Thomas KG",RSC Advances,2020,B-pattern Graphene (a1),B,CO,-0.025,NA,3.59,VASP,GGA-PBE,table,Table 2; patterned B-doping configurations a1/c1/d1/f1,https://doi.org/10.1039/D0RA06760A
294,10.1039/D0RA06760A,Adsorption and sensing of CO and NH3 on chemically modified graphene surfaces,"Rani P, Shaju AC, Thomas KG",RSC Advances,2020,B-pattern Graphene (a1),B,NH3,-0.561,NA,1.67,VASP,GGA-PBE,table,Table 2; patterned B-doping configurations a1/c1/d1/f1,https://doi.org/10.1039/D0RA06760A
295,10.1039/D0RA06760A,Adsorption and sensing of CO and NH3 on chemically modified graphene surfaces,"Rani P, Shaju AC, Thomas KG",RSC Advances,2020,B-pattern Graphene (c1),B,CO,-0.028,NA,4.03,VASP,GGA-PBE,table,Table 2; patterned B-doping configurations a1/c1/d1/f1,https://doi.org/10.1039/D0RA06760A
296,10.1039/D0RA06760A,Adsorption and sensing of CO and NH3 on chemically modified graphene surfaces,"Rani P, Shaju AC, Thomas KG",RSC Advances,2020,B-pattern Graphene (c1),B,NH3,-1.021,NA,1.646,VASP,GGA-PBE,table,Table 2; patterned B-doping configurations a1/c1/d1/f1,https://doi.org/10.1039/D0RA06760A
297,10.1039/D0RA06760A,Adsorption and sensing of CO and NH3 on chemically modified graphene surfaces,"Rani P, Shaju AC, Thomas KG",RSC Advances,2020,B-pattern Graphene (d1),B,CO,-0.309,NA,3.06,VASP,GGA-PBE,table,Table 2; patterned B-doping configurations a1/c1/d1/f1,https://doi.org/10.1039/D0RA06760A
298,10.1039/D0RA06760A,Adsorption and sensing of CO and NH3 on chemically modified graphene surfaces,"Rani P, Shaju AC, Thomas KG",RSC Advances,2020,B-pattern Graphene (d1),B,NH3,-0.33,NA,3.58,VASP,GGA-PBE,table,Table 2; patterned B-doping configurations a1/c1/d1/f1,https://doi.org/10.1039/D0RA06760A
299,10.1039/D0RA06760A,Adsorption and sensing of CO and NH3 on chemically modified graphene surfaces,"Rani P, Shaju AC, Thomas KG",RSC Advances,2020,B-pattern Graphene (f1),B,CO,-0.291,NA,3.14,VASP,GGA-PBE,table,Table 2; patterned B-doping configurations a1/c1/d1/f1,https://doi.org/10.1039/D0RA06760A
300,10.1039/D0RA06760A,Adsorption and sensing of CO and NH3 on chemically modified graphene surfaces,"Rani P, Shaju AC, Thomas KG",RSC Advances,2020,B-pattern Graphene (f1),B,NH3,-1.047,NA,1.64,VASP,GGA-PBE,table,Table 2; patterned B-doping configurations a1/c1/d1/f1,https://doi.org/10.1039/D0RA06760A
301,10.3390/ijms241210284,Substitutional Coinage Metals as Promising Defects for Adsorption and Detection of Gases on MoS2 Monolayers,"Gutierrez-Rodriguez J, Castro M, Nieto-Jalil JM, et al.",International Journal of Molecular Sciences,2023,Cu-substituted MoS2,Cu,H2,-0.45,0.02,NA,VASP,GGA-PBE,table,Table 1; single coinage substitutional defect,https://doi.org/10.3390/ijms241210284
302,10.3390/ijms241210284,Substitutional Coinage Metals as Promising Defects for Adsorption and Detection of Gases on MoS2 Monolayers,"Gutierrez-Rodriguez J, Castro M, Nieto-Jalil JM, et al.",International Journal of Molecular Sciences,2023,Cu-substituted MoS2,Cu,O2,-1.07,-0.5,NA,VASP,GGA-PBE,table,Table 1; single coinage substitutional defect,https://doi.org/10.3390/ijms241210284
303,10.3390/ijms241210284,Substitutional Coinage Metals as Promising Defects for Adsorption and Detection of Gases on MoS2 Monolayers,"Gutierrez-Rodriguez J, Castro M, Nieto-Jalil JM, et al.",International Journal of Molecular Sciences,2023,Cu-substituted MoS2,Cu,N2,-0.66,-0.09,NA,VASP,GGA-PBE,table,Table 1; single coinage substitutional defect,https://doi.org/10.3390/ijms241210284
304,10.3390/ijms241210284,Substitutional Coinage Metals as Promising Defects for Adsorption and Detection of Gases on MoS2 Monolayers,"Gutierrez-Rodriguez J, Castro M, Nieto-Jalil JM, et al.",International Journal of Molecular Sciences,2023,Cu-substituted MoS2,Cu,CO,-1.24,-0.1,NA,VASP,GGA-PBE,table,Table 1; single coinage substitutional defect,https://doi.org/10.3390/ijms241210284
305,10.3390/ijms241210284,Substitutional Coinage Metals as Promising Defects for Adsorption and Detection of Gases on MoS2 Monolayers,"Gutierrez-Rodriguez J, Castro M, Nieto-Jalil JM, et al.",International Journal of Molecular Sciences,2023,Cu-substituted MoS2,Cu,NO,-1.44,-0.28,NA,VASP,GGA-PBE,table,Table 1; single coinage substitutional defect,https://doi.org/10.3390/ijms241210284
306,10.3390/ijms241210284,Substitutional Coinage Metals as Promising Defects for Adsorption and Detection of Gases on MoS2 Monolayers,"Gutierrez-Rodriguez J, Castro M, Nieto-Jalil JM, et al.",International Journal of Molecular Sciences,2023,Ag-substituted MoS2,Ag,H2,-0.27,0.05,NA,VASP,GGA-PBE,table,Table 1; single coinage substitutional defect,https://doi.org/10.3390/ijms241210284
307,10.3390/ijms241210284,Substitutional Coinage Metals as Promising Defects for Adsorption and Detection of Gases on MoS2 Monolayers,"Gutierrez-Rodriguez J, Castro M, Nieto-Jalil JM, et al.",International Journal of Molecular Sciences,2023,Ag-substituted MoS2,Ag,O2,-0.57,-0.42,NA,VASP,GGA-PBE,table,Table 1; single coinage substitutional defect,https://doi.org/10.3390/ijms241210284
308,10.3390/ijms241210284,Substitutional Coinage Metals as Promising Defects for Adsorption and Detection of Gases on MoS2 Monolayers,"Gutierrez-Rodriguez J, Castro M, Nieto-Jalil JM, et al.",International Journal of Molecular Sciences,2023,Ag-substituted MoS2,Ag,N2,-0.33,-0.02,NA,VASP,GGA-PBE,table,Table 1; single coinage substitutional defect,https://doi.org/10.3390/ijms241210284
309,10.3390/ijms241210284,Substitutional Coinage Metals as Promising Defects for Adsorption and Detection of Gases on MoS2 Monolayers,"Gutierrez-Rodriguez J, Castro M, Nieto-Jalil JM, et al.",International Journal of Molecular Sciences,2023,Ag-substituted MoS2,Ag,CO,-0.77,-0.01,NA,VASP,GGA-PBE,table,Table 1; single coinage substitutional defect,https://doi.org/10.3390/ijms241210284
310,10.3390/ijms241210284,Substitutional Coinage Metals as Promising Defects for Adsorption and Detection of Gases on MoS2 Monolayers,"Gutierrez-Rodriguez J, Castro M, Nieto-Jalil JM, et al.",International Journal of Molecular Sciences,2023,Ag-substituted MoS2,Ag,NO,-0.35,-0.19,NA,VASP,GGA-PBE,table,Table 1; single coinage substitutional defect,https://doi.org/10.3390/ijms241210284
311,10.3390/ijms241210284,Substitutional Coinage Metals as Promising Defects for Adsorption and Detection of Gases on MoS2 Monolayers,"Gutierrez-Rodriguez J, Castro M, Nieto-Jalil JM, et al.",International Journal of Molecular Sciences,2023,Au-substituted MoS2,Au,H2,-0.23,0.06,NA,VASP,GGA-PBE,table,Table 1; single coinage substitutional defect,https://doi.org/10.3390/ijms241210284
312,10.3390/ijms241210284,Substitutional Coinage Metals as Promising Defects for Adsorption and Detection of Gases on MoS2 Monolayers,"Gutierrez-Rodriguez J, Castro M, Nieto-Jalil JM, et al.",International Journal of Molecular Sciences,2023,Au-substituted MoS2,Au,O2,-0.51,-0.4,NA,VASP,GGA-PBE,table,Table 1; single coinage substitutional defect,https://doi.org/10.3390/ijms241210284
313,10.3390/ijms241210284,Substitutional Coinage Metals as Promising Defects for Adsorption and Detection of Gases on MoS2 Monolayers,"Gutierrez-Rodriguez J, Castro M, Nieto-Jalil JM, et al.",International Journal of Molecular Sciences,2023,Au-substituted MoS2,Au,N2,-0.29,-0.02,NA,VASP,GGA-PBE,table,Table 1; single coinage substitutional defect,https://doi.org/10.3390/ijms241210284
314,10.3390/ijms241210284,Substitutional Coinage Metals as Promising Defects for Adsorption and Detection of Gases on MoS2 Monolayers,"Gutierrez-Rodriguez J, Castro M, Nieto-Jalil JM, et al.",International Journal of Molecular Sciences,2023,Au-substituted MoS2,Au,CO,-0.13,0.0,NA,VASP,GGA-PBE,table,Table 1; single coinage substitutional defect,https://doi.org/10.3390/ijms241210284
315,10.3390/ijms241210284,Substitutional Coinage Metals as Promising Defects for Adsorption and Detection of Gases on MoS2 Monolayers,"Gutierrez-Rodriguez J, Castro M, Nieto-Jalil JM, et al.",International Journal of Molecular Sciences,2023,Au-substituted MoS2,Au,NO,-0.11,-0.25,NA,VASP,GGA-PBE,table,Table 1; single coinage substitutional defect,https://doi.org/10.3390/ijms241210284
316,10.3390/ijms241210284,Substitutional Coinage Metals as Promising Defects for Adsorption and Detection of Gases on MoS2 Monolayers,"Gutierrez-Rodriguez J, Castro M, Nieto-Jalil JM, et al.",International Journal of Molecular Sciences,2023,Cu2-substituted MoS2,Cu,H2,-0.395,0.03,NA,VASP,GGA-PBE,table,Table 2; dual coinage substitutional defects,https://doi.org/10.3390/ijms241210284
317,10.3390/ijms241210284,Substitutional Coinage Metals as Promising Defects for Adsorption and Detection of Gases on MoS2 Monolayers,"Gutierrez-Rodriguez J, Castro M, Nieto-Jalil JM, et al.",International Journal of Molecular Sciences,2023,Cu2-substituted MoS2,Cu,O2,-1.65,-0.85,NA,VASP,GGA-PBE,table,Table 2; dual coinage substitutional defects,https://doi.org/10.3390/ijms241210284
318,10.3390/ijms241210284,Substitutional Coinage Metals as Promising Defects for Adsorption and Detection of Gases on MoS2 Monolayers,"Gutierrez-Rodriguez J, Castro M, Nieto-Jalil JM, et al.",International Journal of Molecular Sciences,2023,Cu2-substituted MoS2,Cu,N2,-0.66,-0.12,NA,VASP,GGA-PBE,table,Table 2; dual coinage substitutional defects,https://doi.org/10.3390/ijms241210284
319,10.3390/ijms241210284,Substitutional Coinage Metals as Promising Defects for Adsorption and Detection of Gases on MoS2 Monolayers,"Gutierrez-Rodriguez J, Castro M, Nieto-Jalil JM, et al.",International Journal of Molecular Sciences,2023,Cu2-substituted MoS2,Cu,CO,-1.31,-0.12,NA,VASP,GGA-PBE,table,Table 2; dual coinage substitutional defects,https://doi.org/10.3390/ijms241210284
320,10.3390/ijms241210284,Substitutional Coinage Metals as Promising Defects for Adsorption and Detection of Gases on MoS2 Monolayers,"Gutierrez-Rodriguez J, Castro M, Nieto-Jalil JM, et al.",International Journal of Molecular Sciences,2023,Cu2-substituted MoS2,Cu,NO,-1.69,-0.51,NA,VASP,GGA-PBE,table,Table 2; dual coinage substitutional defects,https://doi.org/10.3390/ijms241210284
321,10.3390/ijms241210284,Substitutional Coinage Metals as Promising Defects for Adsorption and Detection of Gases on MoS2 Monolayers,"Gutierrez-Rodriguez J, Castro M, Nieto-Jalil JM, et al.",International Journal of Molecular Sciences,2023,Ag2-substituted MoS2,Ag,H2,-0.23,0.04,NA,VASP,GGA-PBE,table,Table 2; dual coinage substitutional defects,https://doi.org/10.3390/ijms241210284
322,10.3390/ijms241210284,Substitutional Coinage Metals as Promising Defects for Adsorption and Detection of Gases on MoS2 Monolayers,"Gutierrez-Rodriguez J, Castro M, Nieto-Jalil JM, et al.",International Journal of Molecular Sciences,2023,Ag2-substituted MoS2,Ag,O2,-0.97,-0.6,NA,VASP,GGA-PBE,table,Table 2; dual coinage substitutional defects,https://doi.org/10.3390/ijms241210284
323,10.3390/ijms241210284,Substitutional Coinage Metals as Promising Defects for Adsorption and Detection of Gases on MoS2 Monolayers,"Gutierrez-Rodriguez J, Castro M, Nieto-Jalil JM, et al.",International Journal of Molecular Sciences,2023,Ag2-substituted MoS2,Ag,N2,-0.32,-0.02,NA,VASP,GGA-PBE,table,Table 2; dual coinage substitutional defects,https://doi.org/10.3390/ijms241210284
324,10.3390/ijms241210284,Substitutional Coinage Metals as Promising Defects for Adsorption and Detection of Gases on MoS2 Monolayers,"Gutierrez-Rodriguez J, Castro M, Nieto-Jalil JM, et al.",International Journal of Molecular Sciences,2023,Ag2-substituted MoS2,Ag,CO,-0.8,-0.03,NA,VASP,GGA-PBE,table,Table 2; dual coinage substitutional defects,https://doi.org/10.3390/ijms241210284
325,10.3390/ijms241210284,Substitutional Coinage Metals as Promising Defects for Adsorption and Detection of Gases on MoS2 Monolayers,"Gutierrez-Rodriguez J, Castro M, Nieto-Jalil JM, et al.",International Journal of Molecular Sciences,2023,Ag2-substituted MoS2,Ag,NO,-0.93,-0.25,NA,VASP,GGA-PBE,table,Table 2; dual coinage substitutional defects,https://doi.org/10.3390/ijms241210284
326,10.3390/ijms241210284,Substitutional Coinage Metals as Promising Defects for Adsorption and Detection of Gases on MoS2 Monolayers,"Gutierrez-Rodriguez J, Castro M, Nieto-Jalil JM, et al.",International Journal of Molecular Sciences,2023,Au2-substituted MoS2,Au,H2,-0.22,0.06,NA,VASP,GGA-PBE,table,Table 2; dual coinage substitutional defects,https://doi.org/10.3390/ijms241210284
327,10.3390/ijms241210284,Substitutional Coinage Metals as Promising Defects for Adsorption and Detection of Gases on MoS2 Monolayers,"Gutierrez-Rodriguez J, Castro M, Nieto-Jalil JM, et al.",International Journal of Molecular Sciences,2023,Au2-substituted MoS2,Au,O2,-0.96,-0.71,NA,VASP,GGA-PBE,table,Table 2; dual coinage substitutional defects,https://doi.org/10.3390/ijms241210284
328,10.3390/ijms241210284,Substitutional Coinage Metals as Promising Defects for Adsorption and Detection of Gases on MoS2 Monolayers,"Gutierrez-Rodriguez J, Castro M, Nieto-Jalil JM, et al.",International Journal of Molecular Sciences,2023,Au2-substituted MoS2,Au,N2,-0.26,-0.02,NA,VASP,GGA-PBE,table,Table 2; dual coinage substitutional defects,https://doi.org/10.3390/ijms241210284
329,10.3390/ijms241210284,Substitutional Coinage Metals as Promising Defects for Adsorption and Detection of Gases on MoS2 Monolayers,"Gutierrez-Rodriguez J, Castro M, Nieto-Jalil JM, et al.",International Journal of Molecular Sciences,2023,Au2-substituted MoS2,Au,CO,-1.08,-0.05,NA,VASP,GGA-PBE,table,Table 2; dual coinage substitutional defects,https://doi.org/10.3390/ijms241210284
330,10.3390/ijms241210284,Substitutional Coinage Metals as Promising Defects for Adsorption and Detection of Gases on MoS2 Monolayers,"Gutierrez-Rodriguez J, Castro M, Nieto-Jalil JM, et al.",International Journal of Molecular Sciences,2023,Au2-substituted MoS2,Au,NO,-1.11,-0.37,NA,VASP,GGA-PBE,table,Table 2; dual coinage substitutional defects,https://doi.org/10.3390/ijms241210284
331,10.3390/molecules201019540,"Unique Reactivity of Transition Metal Atoms Embedded in Graphene to CO, NO, O2 and O Adsorption","Medford AJ, Shi X, Sun Q, et al.",Molecules,2015,Fe-embedded Graphene,Fe,O2,-2.05,NA,1.85,VASP,GGA-PBE,table,Table 2 O2 column,https://doi.org/10.3390/molecules201019540
332,10.3390/molecules201019540,"Unique Reactivity of Transition Metal Atoms Embedded in Graphene to CO, NO, O2 and O Adsorption","Medford AJ, Shi X, Sun Q, et al.",Molecules,2015,Co-embedded Graphene,Co,O2,-1.74,NA,1.9,VASP,GGA-PBE,table,Table 2 O2 column,https://doi.org/10.3390/molecules201019540
333,10.3390/molecules201019540,"Unique Reactivity of Transition Metal Atoms Embedded in Graphene to CO, NO, O2 and O Adsorption","Medford AJ, Shi X, Sun Q, et al.",Molecules,2015,Ni-embedded Graphene,Ni,O2,-1.52,NA,1.94,VASP,GGA-PBE,table,Table 2 O2 column,https://doi.org/10.3390/molecules201019540
334,10.3390/molecules201019540,"Unique Reactivity of Transition Metal Atoms Embedded in Graphene to CO, NO, O2 and O Adsorption","Medford AJ, Shi X, Sun Q, et al.",Molecules,2015,Cu-embedded Graphene,Cu,O2,-1.3,NA,1.92,VASP,GGA-PBE,table,Table 2 O2 column,https://doi.org/10.3390/molecules201019540
335,10.3390/molecules201019540,"Unique Reactivity of Transition Metal Atoms Embedded in Graphene to CO, NO, O2 and O Adsorption","Medford AJ, Shi X, Sun Q, et al.",Molecules,2015,Zn-embedded Graphene,Zn,O2,-0.71,NA,2.02,VASP,GGA-PBE,table,Table 2 O2 column,https://doi.org/10.3390/molecules201019540
336,10.3390/molecules201019540,"Unique Reactivity of Transition Metal Atoms Embedded in Graphene to CO, NO, O2 and O Adsorption","Medford AJ, Shi X, Sun Q, et al.",Molecules,2015,Fe-embedded Graphene,Fe,CO,-1.23,NA,1.91,VASP,GGA-PBE,table,Table 3 CO column,https://doi.org/10.3390/molecules201019540
337,10.3390/molecules201019540,"Unique Reactivity of Transition Metal Atoms Embedded in Graphene to CO, NO, O2 and O Adsorption","Medford AJ, Shi X, Sun Q, et al.",Molecules,2015,Co-embedded Graphene,Co,CO,-1.1,NA,1.89,VASP,GGA-PBE,table,Table 3 CO column,https://doi.org/10.3390/molecules201019540
338,10.3390/molecules201019540,"Unique Reactivity of Transition Metal Atoms Embedded in Graphene to CO, NO, O2 and O Adsorption","Medford AJ, Shi X, Sun Q, et al.",Molecules,2015,Ni-embedded Graphene,Ni,CO,-1.12,NA,1.87,VASP,GGA-PBE,table,Table 3 CO column,https://doi.org/10.3390/molecules201019540
339,10.3390/molecules201019540,"Unique Reactivity of Transition Metal Atoms Embedded in Graphene to CO, NO, O2 and O Adsorption","Medford AJ, Shi X, Sun Q, et al.",Molecules,2015,Cu-embedded Graphene,Cu,CO,-1.13,NA,1.87,VASP,GGA-PBE,table,Table 3 CO column,https://doi.org/10.3390/molecules201019540
340,10.3390/molecules201019540,"Unique Reactivity of Transition Metal Atoms Embedded in Graphene to CO, NO, O2 and O Adsorption","Medford AJ, Shi X, Sun Q, et al.",Molecules,2015,Zn-embedded Graphene,Zn,CO,-0.94,NA,1.94,VASP,GGA-PBE,table,Table 3 CO column,https://doi.org/10.3390/molecules201019540
341,10.3390/molecules201019540,"Unique Reactivity of Transition Metal Atoms Embedded in Graphene to CO, NO, O2 and O Adsorption","Medford AJ, Shi X, Sun Q, et al.",Molecules,2015,Fe-embedded Graphene,Fe,NO,-1.3,NA,1.77,VASP,GGA-PBE,table,Table 3 NO column,https://doi.org/10.3390/molecules201019540
342,10.3390/molecules201019540,"Unique Reactivity of Transition Metal Atoms Embedded in Graphene to CO, NO, O2 and O Adsorption","Medford AJ, Shi X, Sun Q, et al.",Molecules,2015,Co-embedded Graphene,Co,NO,-1.18,NA,1.77,VASP,GGA-PBE,table,Table 3 NO column,https://doi.org/10.3390/molecules201019540
343,10.3390/molecules201019540,"Unique Reactivity of Transition Metal Atoms Embedded in Graphene to CO, NO, O2 and O Adsorption","Medford AJ, Shi X, Sun Q, et al.",Molecules,2015,Ni-embedded Graphene,Ni,NO,-1.13,NA,1.74,VASP,GGA-PBE,table,Table 3 NO column,https://doi.org/10.3390/molecules201019540
344,10.3390/molecules201019540,"Unique Reactivity of Transition Metal Atoms Embedded in Graphene to CO, NO, O2 and O Adsorption","Medford AJ, Shi X, Sun Q, et al.",Molecules,2015,Cu-embedded Graphene,Cu,NO,-1.0,NA,1.79,VASP,GGA-PBE,table,Table 3 NO column,https://doi.org/10.3390/molecules201019540
345,10.3390/molecules201019540,"Unique Reactivity of Transition Metal Atoms Embedded in Graphene to CO, NO, O2 and O Adsorption","Medford AJ, Shi X, Sun Q, et al.",Molecules,2015,Zn-embedded Graphene,Zn,NO,-0.69,NA,1.99,VASP,GGA-PBE,table,Table 3 NO column,https://doi.org/10.3390/molecules201019540
346,10.21203/rs.3.rs-1780644/v1,Ab-Initio Characterization of Iron Embedded Nitrogen Doped Graphene as a Toxic Gas Sensor,"Nosheen U, Abdul J, Ilyas SZ, et al.",Research Square (preprint),2022,Fe-N co-doped Graphene,Fe-N,CO,-1.641,NA,NA,CASTEP,GGA-PBE,table,Reported adsorption energies in manuscript abstract/results,https://doi.org/10.21203/rs.3.rs-1780644/v1
347,10.21203/rs.3.rs-1780644/v1,Ab-Initio Characterization of Iron Embedded Nitrogen Doped Graphene as a Toxic Gas Sensor,"Nosheen U, Abdul J, Ilyas SZ, et al.",Research Square (preprint),2022,Fe-N co-doped Graphene,Fe-N,NO,-2.081,NA,NA,CASTEP,GGA-PBE,table,Reported adsorption energies in manuscript abstract/results,https://doi.org/10.21203/rs.3.rs-1780644/v1
348,10.21203/rs.3.rs-1780644/v1,Ab-Initio Characterization of Iron Embedded Nitrogen Doped Graphene as a Toxic Gas Sensor,"Nosheen U, Abdul J, Ilyas SZ, et al.",Research Square (preprint),2022,Fe-N co-doped Graphene,Fe-N,NO2,-1.345,NA,NA,CASTEP,GGA-PBE,table,Reported adsorption energies in manuscript abstract/results,https://doi.org/10.21203/rs.3.rs-1780644/v1
349,10.21203/rs.3.rs-1780644/v1,Ab-Initio Characterization of Iron Embedded Nitrogen Doped Graphene as a Toxic Gas Sensor,"Nosheen U, Abdul J, Ilyas SZ, et al.",Research Square (preprint),2022,Fe-N co-doped Graphene,Fe-N,CO2,-0.154,NA,NA,CASTEP,GGA-PBE,table,Reported adsorption energies in manuscript abstract/results,https://doi.org/10.21203/rs.3.rs-1780644/v1
350,10.21203/rs.3.rs-1780644/v1,Ab-Initio Characterization of Iron Embedded Nitrogen Doped Graphene as a Toxic Gas Sensor,"Nosheen U, Abdul J, Ilyas SZ, et al.",Research Square (preprint),2022,Fe-N co-doped Graphene,Fe-N,H2S,-0.371,NA,NA,CASTEP,GGA-PBE,table,Reported adsorption energies in manuscript abstract/results,https://doi.org/10.21203/rs.3.rs-1780644/v1
351,10.21203/rs.3.rs-1780644/v1,Ab-Initio Characterization of Iron Embedded Nitrogen Doped Graphene as a Toxic Gas Sensor,"Nosheen U, Abdul J, Ilyas SZ, et al.",Research Square (preprint),2022,Fe-N co-doped Graphene,Fe-N,NH3,-0.46,NA,NA,CASTEP,GGA-PBE,table,Reported adsorption energies in manuscript abstract/results,https://doi.org/10.21203/rs.3.rs-1780644/v1
352,10.21203/rs.3.rs-1780644/v1,Ab-Initio Characterization of Iron Embedded Nitrogen Doped Graphene as a Toxic Gas Sensor,"Nosheen U, Abdul J, Ilyas SZ, et al.",Research Square (preprint),2022,Fe-N co-doped Graphene,Fe-N,SO2,-0.62,NA,NA,CASTEP,GGA-PBE,table,Reported adsorption energies in manuscript abstract/results,https://doi.org/10.21203/rs.3.rs-1780644/v1
353,10.53730/ijhs.v6nS7.13392,Adsorption of SO2 air pollutant gas molecule on the pure and Al-doped graphene nano sheet: A DFT study,"Karimi N, Sardroodi JJ, Ebrahimzadeh AR",International Journal of Health Sciences,2022,Graphene,NA,SO2,-0.26,0.002,NA,Gaussian,B3LYP/6-31G(d),table,Table 2; Mulliken charge transfer,https://doi.org/10.53730/ijhs.v6nS7.13392
354,10.53730/ijhs.v6nS7.13392,Adsorption of SO2 air pollutant gas molecule on the pure and Al-doped graphene nano sheet: A DFT study,"Karimi N, Sardroodi JJ, Ebrahimzadeh AR",International Journal of Health Sciences,2022,Al-doped Graphene,Al,SO2,-0.55,0.025,NA,Gaussian,B3LYP/6-31G(d),table,Table 2; Mulliken charge transfer,https://doi.org/10.53730/ijhs.v6nS7.13392
355,10.1016/j.apsusc.2019.06.049,Defect engineered MoSSe Janus monolayer as a promising two dimensional material for NO2 and NO gas sensing,"Chaurasiya R, Dixit A",Applied Surface Science,2019,Janus MoSSe,NA,H2S,-0.156,0.011,2.292,VASP,GGA-PBE,table,Table 1; Bader charge (e); P/P1 = pristine orientations,https://doi.org/10.1016/j.apsusc.2019.06.049
356,10.1016/j.apsusc.2019.06.049,Defect engineered MoSSe Janus monolayer as a promising two dimensional material for NO2 and NO gas sensing,"Chaurasiya R, Dixit A",Applied Surface Science,2019,Janus MoSSe,NA,H2S,-0.147,-0.001,3.019,VASP,GGA-PBE,table,Table 1; Bader charge (e); P/P1 = pristine orientations,https://doi.org/10.1016/j.apsusc.2019.06.049
357,10.1016/j.apsusc.2019.06.049,Defect engineered MoSSe Janus monolayer as a promising two dimensional material for NO2 and NO gas sensing,"Chaurasiya R, Dixit A",Applied Surface Science,2019,Janus MoSSe (MoV),NA,H2S,-0.232,0.01,2.074,VASP,GGA-PBE,table,Table 1; Bader charge (e); P/P1 = pristine orientations,https://doi.org/10.1016/j.apsusc.2019.06.049
358,10.1016/j.apsusc.2019.06.049,Defect engineered MoSSe Janus monolayer as a promising two dimensional material for NO2 and NO gas sensing,"Chaurasiya R, Dixit A",Applied Surface Science,2019,Janus MoSSe (MoV),NA,H2S,-0.146,0.002,3.103,VASP,GGA-PBE,table,Table 1; Bader charge (e); P/P1 = pristine orientations,https://doi.org/10.1016/j.apsusc.2019.06.049
359,10.1016/j.apsusc.2019.06.049,Defect engineered MoSSe Janus monolayer as a promising two dimensional material for NO2 and NO gas sensing,"Chaurasiya R, Dixit A",Applied Surface Science,2019,Janus MoSSe (SeV),NA,H2S,-0.232,0.017,1.572,VASP,GGA-PBE,table,Table 1; Bader charge (e); P/P1 = pristine orientations,https://doi.org/10.1016/j.apsusc.2019.06.049
360,10.1016/j.apsusc.2019.06.049,Defect engineered MoSSe Janus monolayer as a promising two dimensional material for NO2 and NO gas sensing,"Chaurasiya R, Dixit A",Applied Surface Science,2019,Janus MoSSe (SeV),NA,H2S,-0.222,-0.003,2.044,VASP,GGA-PBE,table,Table 1; Bader charge (e); P/P1 = pristine orientations,https://doi.org/10.1016/j.apsusc.2019.06.049
361,10.1016/j.apsusc.2019.06.049,Defect engineered MoSSe Janus monolayer as a promising two dimensional material for NO2 and NO gas sensing,"Chaurasiya R, Dixit A",Applied Surface Science,2019,Janus MoSSe (S/SeV),NA,H2S,-0.238,0.018,1.609,VASP,GGA-PBE,table,Table 1; Bader charge (e); P/P1 = pristine orientations,https://doi.org/10.1016/j.apsusc.2019.06.049
362,10.1016/j.apsusc.2019.06.049,Defect engineered MoSSe Janus monolayer as a promising two dimensional material for NO2 and NO gas sensing,"Chaurasiya R, Dixit A",Applied Surface Science,2019,Janus MoSSe (S/SeV),NA,H2S,-0.222,-0.002,2.128,VASP,GGA-PBE,table,Table 1; Bader charge (e); P/P1 = pristine orientations,https://doi.org/10.1016/j.apsusc.2019.06.049
363,10.1016/j.apsusc.2019.06.049,Defect engineered MoSSe Janus monolayer as a promising two dimensional material for NO2 and NO gas sensing,"Chaurasiya R, Dixit A",Applied Surface Science,2019,Janus MoSSe,NA,NH3,-0.14,-0.005,2.379,VASP,GGA-PBE,table,Table 1; Bader charge (e); P/P1 = pristine orientations,https://doi.org/10.1016/j.apsusc.2019.06.049
364,10.1016/j.apsusc.2019.06.049,Defect engineered MoSSe Janus monolayer as a promising two dimensional material for NO2 and NO gas sensing,"Chaurasiya R, Dixit A",Applied Surface Science,2019,Janus MoSSe,NA,NH3,-0.203,-0.028,2.559,VASP,GGA-PBE,table,Table 1; Bader charge (e); P/P1 = pristine orientations,https://doi.org/10.1016/j.apsusc.2019.06.049
365,10.1016/j.apsusc.2019.06.049,Defect engineered MoSSe Janus monolayer as a promising two dimensional material for NO2 and NO gas sensing,"Chaurasiya R, Dixit A",Applied Surface Science,2019,Janus MoSSe (MoV),NA,NH3,-0.146,-0.01,2.499,VASP,GGA-PBE,table,Table 1; Bader charge (e); P/P1 = pristine orientations,https://doi.org/10.1016/j.apsusc.2019.06.049
366,10.1016/j.apsusc.2019.06.049,Defect engineered MoSSe Janus monolayer as a promising two dimensional material for NO2 and NO gas sensing,"Chaurasiya R, Dixit A",Applied Surface Science,2019,Janus MoSSe (MoV),NA,NH3,-0.16,-0.004,2.484,VASP,GGA-PBE,table,Table 1; Bader charge (e); P/P1 = pristine orientations,https://doi.org/10.1016/j.apsusc.2019.06.049
367,10.1016/j.apsusc.2019.06.049,Defect engineered MoSSe Janus monolayer as a promising two dimensional material for NO2 and NO gas sensing,"Chaurasiya R, Dixit A",Applied Surface Science,2019,Janus MoSSe (SeV),NA,NH3,-0.281,0.019,0.876,VASP,GGA-PBE,table,Table 1; Bader charge (e); P/P1 = pristine orientations,https://doi.org/10.1016/j.apsusc.2019.06.049
368,10.1016/j.apsusc.2019.06.049,Defect engineered MoSSe Janus monolayer as a promising two dimensional material for NO2 and NO gas sensing,"Chaurasiya R, Dixit A",Applied Surface Science,2019,Janus MoSSe (SeV),NA,NH3,-0.216,0.001,1.963,VASP,GGA-PBE,table,Table 1; Bader charge (e); P/P1 = pristine orientations,https://doi.org/10.1016/j.apsusc.2019.06.049
369,10.1016/j.apsusc.2019.06.049,Defect engineered MoSSe Janus monolayer as a promising two dimensional material for NO2 and NO gas sensing,"Chaurasiya R, Dixit A",Applied Surface Science,2019,Janus MoSSe (S/SeV),NA,NH3,-0.274,0.022,0.913,VASP,GGA-PBE,table,Table 1; Bader charge (e); P/P1 = pristine orientations,https://doi.org/10.1016/j.apsusc.2019.06.049
370,10.1016/j.apsusc.2019.06.049,Defect engineered MoSSe Janus monolayer as a promising two dimensional material for NO2 and NO gas sensing,"Chaurasiya R, Dixit A",Applied Surface Science,2019,Janus MoSSe (S/SeV),NA,NH3,-0.177,-0.004,2.569,VASP,GGA-PBE,table,Table 1; Bader charge (e); P/P1 = pristine orientations,https://doi.org/10.1016/j.apsusc.2019.06.049
371,10.1016/j.apsusc.2019.06.049,Defect engineered MoSSe Janus monolayer as a promising two dimensional material for NO2 and NO gas sensing,"Chaurasiya R, Dixit A",Applied Surface Science,2019,Janus MoSSe,NA,NO2,-0.252,0.137,2.502,VASP,GGA-PBE,table,Table 1; Bader charge (e); P/P1 = pristine orientations,https://doi.org/10.1016/j.apsusc.2019.06.049
372,10.1016/j.apsusc.2019.06.049,Defect engineered MoSSe Janus monolayer as a promising two dimensional material for NO2 and NO gas sensing,"Chaurasiya R, Dixit A",Applied Surface Science,2019,Janus MoSSe,NA,NO2,-0.204,0.094,2.479,VASP,GGA-PBE,table,Table 1; Bader charge (e); P/P1 = pristine orientations,https://doi.org/10.1016/j.apsusc.2019.06.049
373,10.1016/j.apsusc.2019.06.049,Defect engineered MoSSe Janus monolayer as a promising two dimensional material for NO2 and NO gas sensing,"Chaurasiya R, Dixit A",Applied Surface Science,2019,Janus MoSSe (MoV),NA,NO2,-0.314,0.196,2.351,VASP,GGA-PBE,table,Table 1; Bader charge (e); P/P1 = pristine orientations,https://doi.org/10.1016/j.apsusc.2019.06.049
374,10.1016/j.apsusc.2019.06.049,Defect engineered MoSSe Janus monolayer as a promising two dimensional material for NO2 and NO gas sensing,"Chaurasiya R, Dixit A",Applied Surface Science,2019,Janus MoSSe (MoV),NA,NO2,-0.266,0.185,2.195,VASP,GGA-PBE,table,Table 1; Bader charge (e); P/P1 = pristine orientations,https://doi.org/10.1016/j.apsusc.2019.06.049
375,10.1016/j.apsusc.2019.06.049,Defect engineered MoSSe Janus monolayer as a promising two dimensional material for NO2 and NO gas sensing,"Chaurasiya R, Dixit A",Applied Surface Science,2019,Janus MoSSe (SeV),NA,NO2,-3.36,1.027,1.776,VASP,GGA-PBE,table,Table 1; Bader charge (e); P/P1 = pristine orientations,https://doi.org/10.1016/j.apsusc.2019.06.049
376,10.1016/j.apsusc.2019.06.049,Defect engineered MoSSe Janus monolayer as a promising two dimensional material for NO2 and NO gas sensing,"Chaurasiya R, Dixit A",Applied Surface Science,2019,Janus MoSSe (SeV),NA,NO2,-0.288,0.243,1.518,VASP,GGA-PBE,table,Table 1; Bader charge (e); P/P1 = pristine orientations,https://doi.org/10.1016/j.apsusc.2019.06.049
377,10.1016/j.apsusc.2019.06.049,Defect engineered MoSSe Janus monolayer as a promising two dimensional material for NO2 and NO gas sensing,"Chaurasiya R, Dixit A",Applied Surface Science,2019,Janus MoSSe (S/SeV),NA,NO2,-3.404,1.077,1.364,VASP,GGA-PBE,table,Table 1; Bader charge (e); P/P1 = pristine orientations,https://doi.org/10.1016/j.apsusc.2019.06.049
378,10.1016/j.apsusc.2019.06.049,Defect engineered MoSSe Janus monolayer as a promising two dimensional material for NO2 and NO gas sensing,"Chaurasiya R, Dixit A",Applied Surface Science,2019,Janus MoSSe (S/SeV),NA,NO2,-0.273,0.257,1.534,VASP,GGA-PBE,table,Table 1; Bader charge (e); P/P1 = pristine orientations,https://doi.org/10.1016/j.apsusc.2019.06.049
379,10.1016/j.apsusc.2019.06.049,Defect engineered MoSSe Janus monolayer as a promising two dimensional material for NO2 and NO gas sensing,"Chaurasiya R, Dixit A",Applied Surface Science,2019,Janus MoSSe,NA,NO,-0.089,0.01,2.748,VASP,GGA-PBE,table,Table 1; Bader charge (e); P/P1 = pristine orientations,https://doi.org/10.1016/j.apsusc.2019.06.049
380,10.1016/j.apsusc.2019.06.049,Defect engineered MoSSe Janus monolayer as a promising two dimensional material for NO2 and NO gas sensing,"Chaurasiya R, Dixit A",Applied Surface Science,2019,Janus MoSSe,NA,NO,-0.117,0.006,2.624,VASP,GGA-PBE,table,Table 1; Bader charge (e); P/P1 = pristine orientations,https://doi.org/10.1016/j.apsusc.2019.06.049
381,10.1016/j.apsusc.2019.06.049,Defect engineered MoSSe Janus monolayer as a promising two dimensional material for NO2 and NO gas sensing,"Chaurasiya R, Dixit A",Applied Surface Science,2019,Janus MoSSe (MoV),NA,NO,-0.164,-0.056,2.285,VASP,GGA-PBE,table,Table 1; Bader charge (e); P/P1 = pristine orientations,https://doi.org/10.1016/j.apsusc.2019.06.049
382,10.1016/j.apsusc.2019.06.049,Defect engineered MoSSe Janus monolayer as a promising two dimensional material for NO2 and NO gas sensing,"Chaurasiya R, Dixit A",Applied Surface Science,2019,Janus MoSSe (MoV),NA,NO,-0.435,0.038,1.526,VASP,GGA-PBE,table,Table 1; Bader charge (e); P/P1 = pristine orientations,https://doi.org/10.1016/j.apsusc.2019.06.049
383,10.1016/j.apsusc.2019.06.049,Defect engineered MoSSe Janus monolayer as a promising two dimensional material for NO2 and NO gas sensing,"Chaurasiya R, Dixit A",Applied Surface Science,2019,Janus MoSSe (SeV),NA,NO,-0.219,0.059,1.462,VASP,GGA-PBE,table,Table 1; Bader charge (e); P/P1 = pristine orientations,https://doi.org/10.1016/j.apsusc.2019.06.049
384,10.1016/j.apsusc.2019.06.049,Defect engineered MoSSe Janus monolayer as a promising two dimensional material for NO2 and NO gas sensing,"Chaurasiya R, Dixit A",Applied Surface Science,2019,Janus MoSSe (SeV),NA,NO,-2.788,0.915,0.0,VASP,GGA-PBE,table,Table 1; Bader charge (e); P/P1 = pristine orientations,https://doi.org/10.1016/j.apsusc.2019.06.049
385,10.1016/j.apsusc.2019.06.049,Defect engineered MoSSe Janus monolayer as a promising two dimensional material for NO2 and NO gas sensing,"Chaurasiya R, Dixit A",Applied Surface Science,2019,Janus MoSSe (S/SeV),NA,NO,-0.083,0.027,1.666,VASP,GGA-PBE,table,Table 1; Bader charge (e); P/P1 = pristine orientations,https://doi.org/10.1016/j.apsusc.2019.06.049
386,10.1016/j.apsusc.2019.06.049,Defect engineered MoSSe Janus monolayer as a promising two dimensional material for NO2 and NO gas sensing,"Chaurasiya R, Dixit A",Applied Surface Science,2019,Janus MoSSe (S/SeV),NA,NO,-2.894,1.058,0.0,VASP,GGA-PBE,table,Table 1; Bader charge (e); P/P1 = pristine orientations,https://doi.org/10.1016/j.apsusc.2019.06.049
387,10.3390/chemosensors9080227,Nitrogen Dioxide Gas Sensor Based on Ag-Doped Graphene: A First-Principle Study,"Li Q, Liu Y, Chen D, et al.",Chemosensors,2021,Ag-doped Graphene,Ag,NO2,-2.209,-0.45,0.2224,CASTEP,GGA-PBE,table,Table 2; Mulliken charge; distance in nm converted from paper,https://doi.org/10.3390/chemosensors9080227
388,10.3390/chemosensors9080227,Nitrogen Dioxide Gas Sensor Based on Ag-Doped Graphene: A First-Principle Study,"Li Q, Liu Y, Chen D, et al.",Chemosensors,2021,Ag-doped Graphene,Ag,NH3,-1.115,0.136,0.2295,CASTEP,GGA-PBE,table,Table 2; Mulliken charge; distance in nm converted from paper,https://doi.org/10.3390/chemosensors9080227
389,10.3390/chemosensors9080227,Nitrogen Dioxide Gas Sensor Based on Ag-Doped Graphene: A First-Principle Study,"Li Q, Liu Y, Chen D, et al.",Chemosensors,2021,Ag-doped Graphene,Ag,H2O,-0.93,0.122,0.2297,CASTEP,GGA-PBE,table,Table 2; Mulliken charge; distance in nm converted from paper,https://doi.org/10.3390/chemosensors9080227
390,10.3390/chemosensors9080227,Nitrogen Dioxide Gas Sensor Based on Ag-Doped Graphene: A First-Principle Study,"Li Q, Liu Y, Chen D, et al.",Chemosensors,2021,Ag-doped Graphene,Ag,CO2,-0.36,0.018,0.2626,CASTEP,GGA-PBE,table,Table 2; Mulliken charge; distance in nm converted from paper,https://doi.org/10.3390/chemosensors9080227
391,10.3390/chemosensors9080227,Nitrogen Dioxide Gas Sensor Based on Ag-Doped Graphene: A First-Principle Study,"Li Q, Liu Y, Chen D, et al.",Chemosensors,2021,Ag-doped Graphene,Ag,CH4,-0.335,0.031,0.2218,CASTEP,GGA-PBE,table,Table 2; Mulliken charge; distance in nm converted from paper,https://doi.org/10.3390/chemosensors9080227
392,10.3390/chemosensors9080227,Nitrogen Dioxide Gas Sensor Based on Ag-Doped Graphene: A First-Principle Study,"Li Q, Liu Y, Chen D, et al.",Chemosensors,2021,Ag-doped Graphene,Ag,C2H6,-0.514,0.05,0.2395,CASTEP,GGA-PBE,table,Table 2; Mulliken charge; distance in nm converted from paper,https://doi.org/10.3390/chemosensors9080227
393,10.1016/j.apsusc.2015.03.056,"Adsorption behavior of Co anchored on graphene sheets toward NO, SO2, NH3, CO and HCN molecules","Tang Y, Chen W, Li C, Pan L, Dai X, Ma D",Applied Surface Science,2015,Co-anchored Graphene,Co,CO,-0.62,NA,NA,VASP,GGA-PBE,table,Reported PBE adsorption energies in Tang et al. 2015,https://doi.org/10.1016/j.apsusc.2015.03.056
394,10.1016/j.apsusc.2015.03.056,"Adsorption behavior of Co anchored on graphene sheets toward NO, SO2, NH3, CO and HCN molecules","Tang Y, Chen W, Li C, Pan L, Dai X, Ma D",Applied Surface Science,2015,Co-anchored Graphene,Co,NO,-1.51,NA,NA,VASP,GGA-PBE,table,Reported PBE adsorption energies in Tang et al. 2015,https://doi.org/10.1016/j.apsusc.2015.03.056
395,10.1016/j.apsusc.2015.03.056,"Adsorption behavior of Co anchored on graphene sheets toward NO, SO2, NH3, CO and HCN molecules","Tang Y, Chen W, Li C, Pan L, Dai X, Ma D",Applied Surface Science,2015,Co-anchored Graphene,Co,SO2,-1.07,NA,NA,VASP,GGA-PBE,table,Reported PBE adsorption energies in Tang et al. 2015,https://doi.org/10.1016/j.apsusc.2015.03.056
396,10.1016/j.apsusc.2015.03.056,"Adsorption behavior of Co anchored on graphene sheets toward NO, SO2, NH3, CO and HCN molecules","Tang Y, Chen W, Li C, Pan L, Dai X, Ma D",Applied Surface Science,2015,Co-anchored Graphene,Co,NH3,-1.46,NA,NA,VASP,GGA-PBE,table,Reported PBE adsorption energies in Tang et al. 2015,https://doi.org/10.1016/j.apsusc.2015.03.056
397,10.1016/j.apsusc.2017.08.216,"Fe-doped graphene nanosheet as an adsorption platform of harmful gas molecules (CO, CO2, SO2 and H2S)","Cortes-Arriagada D, Villegas-Escobar N, Ortega DE",Applied Surface Science,2018,Fe-doped Graphene,Fe,CO,-1.6,NA,NA,Gaussian,PBE/Def2-SVP,table,Table 1; PBE finite-system values from Cortes-Arriagada et al.,https://doi.org/10.1016/j.apsusc.2017.08.216
398,10.1016/j.apsusc.2017.08.216,"Fe-doped graphene nanosheet as an adsorption platform of harmful gas molecules (CO, CO2, SO2 and H2S)","Cortes-Arriagada D, Villegas-Escobar N, Ortega DE",Applied Surface Science,2018,Fe-doped Graphene,Fe,SO2,-1.8,NA,NA,Gaussian,PBE/Def2-SVP,table,Table 1; PBE finite-system values from Cortes-Arriagada et al.,https://doi.org/10.1016/j.apsusc.2017.08.216
399,10.3390/s20143932,"Enhancing the Sensing Performance of Zigzag Graphene Nanoribbon to Detect NO, NO2, and NH3 Gases","Salih E, Ayesh AI",Sensors,2020,Zigzag Graphene Nanoribbon,NA,NO,-0.273,-0.104,2.88,ATK-VNL,DFT (ATK),table,Table 1; most stable adsorption configuration,https://doi.org/10.3390/s20143932
400,10.3390/s20143932,"Enhancing the Sensing Performance of Zigzag Graphene Nanoribbon to Detect NO, NO2, and NH3 Gases","Salih E, Ayesh AI",Sensors,2020,Zigzag Graphene Nanoribbon,NA,NO2,-0.225,0.04,3.11,ATK-VNL,DFT (ATK),table,Table 1; most stable adsorption configuration,https://doi.org/10.3390/s20143932
401,10.3390/s20143932,"Enhancing the Sensing Performance of Zigzag Graphene Nanoribbon to Detect NO, NO2, and NH3 Gases","Salih E, Ayesh AI",Sensors,2020,Zigzag Graphene Nanoribbon,NA,NH3,-0.092,-0.018,3.03,ATK-VNL,DFT (ATK),table,Table 1; most stable adsorption configuration,https://doi.org/10.3390/s20143932
402,10.3390/s20143932,"Enhancing the Sensing Performance of Zigzag Graphene Nanoribbon to Detect NO, NO2, and NH3 Gases","Salih E, Ayesh AI",Sensors,2020,ZGNR-O (epoxy),O,NO,-0.318,0.132,2.66,ATK-VNL,DFT (ATK),table,Table 2; most stable adsorption configuration,https://doi.org/10.3390/s20143932
403,10.3390/s20143932,"Enhancing the Sensing Performance of Zigzag Graphene Nanoribbon to Detect NO, NO2, and NH3 Gases","Salih E, Ayesh AI",Sensors,2020,ZGNR-O (epoxy),O,NO2,-0.212,0.031,3.15,ATK-VNL,DFT (ATK),table,Table 2; most stable adsorption configuration,https://doi.org/10.3390/s20143932
404,10.3390/s20143932,"Enhancing the Sensing Performance of Zigzag Graphene Nanoribbon to Detect NO, NO2, and NH3 Gases","Salih E, Ayesh AI",Sensors,2020,ZGNR-O (epoxy),O,NH3,-0.124,-0.128,3.15,ATK-VNL,DFT (ATK),table,Table 2; most stable adsorption configuration,https://doi.org/10.3390/s20143932
405,10.3390/s20143932,"Enhancing the Sensing Performance of Zigzag Graphene Nanoribbon to Detect NO, NO2, and NH3 Gases","Salih E, Ayesh AI",Sensors,2020,ZGNR-OH (hydroxyl),OH,NO,-0.641,-0.146,2.24,ATK-VNL,DFT (ATK),table,Table 3; most stable adsorption configuration,https://doi.org/10.3390/s20143932
406,10.3390/s20143932,"Enhancing the Sensing Performance of Zigzag Graphene Nanoribbon to Detect NO, NO2, and NH3 Gases","Salih E, Ayesh AI",Sensors,2020,ZGNR-OH (hydroxyl),OH,NO2,-0.618,0.074,1.74,ATK-VNL,DFT (ATK),table,Table 3; most stable adsorption configuration,https://doi.org/10.3390/s20143932
407,10.3390/s20143932,"Enhancing the Sensing Performance of Zigzag Graphene Nanoribbon to Detect NO, NO2, and NH3 Gases","Salih E, Ayesh AI",Sensors,2020,ZGNR-OH (hydroxyl),OH,NH3,-0.244,-0.137,2.18,ATK-VNL,DFT (ATK),table,Table 3; most stable adsorption configuration,https://doi.org/10.3390/s20143932
408,10.3390/s20143932,"Enhancing the Sensing Performance of Zigzag Graphene Nanoribbon to Detect NO, NO2, and NH3 Gases","Salih E, Ayesh AI",Sensors,2020,ZGNR-O-OH (epoxy+hydroxyl),O+OH,NO,-0.625,-0.118,1.98,ATK-VNL,DFT (ATK),table,Table 4; most stable adsorption configuration,https://doi.org/10.3390/s20143932
409,10.3390/s20143932,"Enhancing the Sensing Performance of Zigzag Graphene Nanoribbon to Detect NO, NO2, and NH3 Gases","Salih E, Ayesh AI",Sensors,2020,ZGNR-O-OH (epoxy+hydroxyl),O+OH,NO2,-0.953,0.092,1.68,ATK-VNL,DFT (ATK),table,Table 4; most stable adsorption configuration,https://doi.org/10.3390/s20143932
410,10.3390/s20143932,"Enhancing the Sensing Performance of Zigzag Graphene Nanoribbon to Detect NO, NO2, and NH3 Gases","Salih E, Ayesh AI",Sensors,2020,ZGNR-O-OH (epoxy+hydroxyl),O+OH,NH3,-0.219,-0.141,2.45,ATK-VNL,DFT (ATK),table,Table 4; most stable adsorption configuration,https://doi.org/10.3390/s20143932
411,10.3390/s19092123,Few-Layer MoS2 Nanosheets for NO2 Gas Sensing at Room Temperature,"Li W, Zhang Y, Long X, Cao J, Xin X, Guan X",Sensors,2019,Few-Layer MoS2,NA,NO2,-0.05,NA,3.128,VASP,GGA-PBE,table,Table 2; DFT adsorption configurations for NO2 on MoS2,https://doi.org/10.3390/s19092123
412,10.3390/s19092123,Few-Layer MoS2 Nanosheets for NO2 Gas Sensing at Room Temperature,"Li W, Zhang Y, Long X, Cao J, Xin X, Guan X",Sensors,2019,Few-Layer MoS2,NA,NO2,-0.021,NA,3.12,VASP,GGA-PBE,table,Table 2; DFT adsorption configurations for NO2 on MoS2,https://doi.org/10.3390/s19092123
413,10.3390/s19092123,Few-Layer MoS2 Nanosheets for NO2 Gas Sensing at Room Temperature,"Li W, Zhang Y, Long X, Cao J, Xin X, Guan X",Sensors,2019,Few-Layer MoS2,NA,NO2,-0.027,NA,3.124,VASP,GGA-PBE,table,Table 2; DFT adsorption configurations for NO2 on MoS2,https://doi.org/10.3390/s19092123
414,10.3390/nano11010100,The Adsorption and Sensing Performances of Ir-modified MoS2 Monolayer toward SF6 Decomposition Products: A DFT Study,"Liu H, Wang F, Hu K, Li T, Yan Y, Li J",Nanomaterials,2021,Ir-modified MoS2,Ir,H2S,-2.323,0.286,1.583,CASTEP,GGA-PBE,table,Table 2; most stable adsorption (Position 3) for each gas,https://doi.org/10.3390/nano11010100
415,10.3390/nano11010100,The Adsorption and Sensing Performances of Ir-modified MoS2 Monolayer toward SF6 Decomposition Products: A DFT Study,"Liu H, Wang F, Hu K, Li T, Yan Y, Li J",Nanomaterials,2021,Ir-modified MoS2,Ir,SO2,-1.757,0.114,2.175,CASTEP,GGA-PBE,table,Table 2; most stable adsorption (Position 3) for each gas,https://doi.org/10.3390/nano11010100
416,10.3390/nano11010100,The Adsorption and Sensing Performances of Ir-modified MoS2 Monolayer toward SF6 Decomposition Products: A DFT Study,"Liu H, Wang F, Hu K, Li T, Yan Y, Li J",Nanomaterials,2021,Ir-modified MoS2,Ir,SOF2,-1.492,0.154,2.171,CASTEP,GGA-PBE,table,Table 2; most stable adsorption (Position 3) for each gas,https://doi.org/10.3390/nano11010100
417,10.3390/nano10061215,"Molecular Adsorption of NH3 and NO2 on Zr and Hf Dichalcogenides (S, Se, Te) Monolayers: A Density Functional Theory Study","Raya SS, Ansari AS, Shong B",Nanomaterials,2020,1H-HfS2,NA,NH3,-0.647,0.015,2.43,VASP,GGA-PBE+D3,table,Table 3; preferred site Eads (meV→eV),https://doi.org/10.3390/nano10061215
418,10.3390/nano10061215,"Molecular Adsorption of NH3 and NO2 on Zr and Hf Dichalcogenides (S, Se, Te) Monolayers: A Density Functional Theory Study","Raya SS, Ansari AS, Shong B",Nanomaterials,2020,1H-HfS2,NA,NO2,-0.456,-0.179,2.02,VASP,GGA-PBE+D3,table,Table 3; preferred site Eads (meV→eV),https://doi.org/10.3390/nano10061215
419,10.3390/nano10061215,"Molecular Adsorption of NH3 and NO2 on Zr and Hf Dichalcogenides (S, Se, Te) Monolayers: A Density Functional Theory Study","Raya SS, Ansari AS, Shong B",Nanomaterials,2020,1H-ZrS2,NA,NH3,-0.332,0.152,3.6,VASP,GGA-PBE+D3,table,Table 3; preferred site Eads (meV→eV),https://doi.org/10.3390/nano10061215
420,10.3390/nano10061215,"Molecular Adsorption of NH3 and NO2 on Zr and Hf Dichalcogenides (S, Se, Te) Monolayers: A Density Functional Theory Study","Raya SS, Ansari AS, Shong B",Nanomaterials,2020,1H-ZrS2,NA,NO2,-0.666,-0.199,3.24,VASP,GGA-PBE+D3,table,Table 3; preferred site Eads (meV→eV),https://doi.org/10.3390/nano10061215
421,10.3390/nano10061215,"Molecular Adsorption of NH3 and NO2 on Zr and Hf Dichalcogenides (S, Se, Te) Monolayers: A Density Functional Theory Study","Raya SS, Ansari AS, Shong B",Nanomaterials,2020,1H-HfSe2,NA,NH3,-0.199,0.045,3.38,VASP,GGA-PBE+D3,table,Table 3; preferred site Eads (meV→eV),https://doi.org/10.3390/nano10061215
422,10.3390/nano10061215,"Molecular Adsorption of NH3 and NO2 on Zr and Hf Dichalcogenides (S, Se, Te) Monolayers: A Density Functional Theory Study","Raya SS, Ansari AS, Shong B",Nanomaterials,2020,1H-HfSe2,NA,NO2,-0.399,-0.22,2.2,VASP,GGA-PBE+D3,table,Table 3; preferred site Eads (meV→eV),https://doi.org/10.3390/nano10061215
423,10.3390/nano10061215,"Molecular Adsorption of NH3 and NO2 on Zr and Hf Dichalcogenides (S, Se, Te) Monolayers: A Density Functional Theory Study","Raya SS, Ansari AS, Shong B",Nanomaterials,2020,1H-ZrSe2,NA,NH3,-0.518,0.081,2.49,VASP,GGA-PBE+D3,table,Table 3; preferred site Eads (meV→eV),https://doi.org/10.3390/nano10061215
424,10.3390/nano10061215,"Molecular Adsorption of NH3 and NO2 on Zr and Hf Dichalcogenides (S, Se, Te) Monolayers: A Density Functional Theory Study","Raya SS, Ansari AS, Shong B",Nanomaterials,2020,1H-ZrSe2,NA,NO2,-0.609,-0.309,2.17,VASP,GGA-PBE+D3,table,Table 3; preferred site Eads (meV→eV),https://doi.org/10.3390/nano10061215
425,10.3390/nano10061215,"Molecular Adsorption of NH3 and NO2 on Zr and Hf Dichalcogenides (S, Se, Te) Monolayers: A Density Functional Theory Study","Raya SS, Ansari AS, Shong B",Nanomaterials,2020,1H-HfTe2,NA,NH3,-0.208,0.033,3.56,VASP,GGA-PBE+D3,table,Table 3; preferred site Eads (meV→eV),https://doi.org/10.3390/nano10061215
426,10.3390/nano10061215,"Molecular Adsorption of NH3 and NO2 on Zr and Hf Dichalcogenides (S, Se, Te) Monolayers: A Density Functional Theory Study","Raya SS, Ansari AS, Shong B",Nanomaterials,2020,1H-HfTe2,NA,NO2,-0.965,-0.252,2.28,VASP,GGA-PBE+D3,table,Table 3; preferred site Eads (meV→eV),https://doi.org/10.3390/nano10061215
427,10.3390/nano10061215,"Molecular Adsorption of NH3 and NO2 on Zr and Hf Dichalcogenides (S, Se, Te) Monolayers: A Density Functional Theory Study","Raya SS, Ansari AS, Shong B",Nanomaterials,2020,1H-ZrTe2,NA,NH3,-0.208,0.009,3.55,VASP,GGA-PBE+D3,table,Table 3; preferred site Eads (meV→eV),https://doi.org/10.3390/nano10061215
428,10.3390/nano10061215,"Molecular Adsorption of NH3 and NO2 on Zr and Hf Dichalcogenides (S, Se, Te) Monolayers: A Density Functional Theory Study","Raya SS, Ansari AS, Shong B",Nanomaterials,2020,1H-ZrTe2,NA,NO2,-0.942,-0.622,2.28,VASP,GGA-PBE+D3,table,Table 3; preferred site Eads (meV→eV),https://doi.org/10.3390/nano10061215
429,10.3390/nano10061215,"Molecular Adsorption of NH3 and NO2 on Zr and Hf Dichalcogenides (S, Se, Te) Monolayers: A Density Functional Theory Study","Raya SS, Ansari AS, Shong B",Nanomaterials,2020,1T-HfS2,NA,NH3,-0.447,0.195,2.42,VASP,GGA-PBE+D3,table,Table 4; preferred site Eads (meV→eV),https://doi.org/10.3390/nano10061215
430,10.3390/nano10061215,"Molecular Adsorption of NH3 and NO2 on Zr and Hf Dichalcogenides (S, Se, Te) Monolayers: A Density Functional Theory Study","Raya SS, Ansari AS, Shong B",Nanomaterials,2020,1T-HfS2,NA,NO2,-0.204,-0.05,3.3,VASP,GGA-PBE+D3,table,Table 4; preferred site Eads (meV→eV),https://doi.org/10.3390/nano10061215
431,10.3390/nano10061215,"Molecular Adsorption of NH3 and NO2 on Zr and Hf Dichalcogenides (S, Se, Te) Monolayers: A Density Functional Theory Study","Raya SS, Ansari AS, Shong B",Nanomaterials,2020,1T-ZrS2,NA,NH3,-0.587,0.117,2.44,VASP,GGA-PBE+D3,table,Table 4; preferred site Eads (meV→eV),https://doi.org/10.3390/nano10061215
432,10.3390/nano10061215,"Molecular Adsorption of NH3 and NO2 on Zr and Hf Dichalcogenides (S, Se, Te) Monolayers: A Density Functional Theory Study","Raya SS, Ansari AS, Shong B",Nanomaterials,2020,1T-ZrS2,NA,NO2,-0.214,-0.132,2.66,VASP,GGA-PBE+D3,table,Table 4; preferred site Eads (meV→eV),https://doi.org/10.3390/nano10061215
433,10.3390/nano10061215,"Molecular Adsorption of NH3 and NO2 on Zr and Hf Dichalcogenides (S, Se, Te) Monolayers: A Density Functional Theory Study","Raya SS, Ansari AS, Shong B",Nanomaterials,2020,1T-HfSe2,NA,NH3,-0.191,0.128,2.45,VASP,GGA-PBE+D3,table,Table 4; preferred site Eads (meV→eV),https://doi.org/10.3390/nano10061215
434,10.3390/nano10061215,"Molecular Adsorption of NH3 and NO2 on Zr and Hf Dichalcogenides (S, Se, Te) Monolayers: A Density Functional Theory Study","Raya SS, Ansari AS, Shong B",Nanomaterials,2020,1T-HfSe2,NA,NO2,-0.279,-0.257,4.82,VASP,GGA-PBE+D3,table,Table 4; preferred site Eads (meV→eV),https://doi.org/10.3390/nano10061215
435,10.3390/nano10061215,"Molecular Adsorption of NH3 and NO2 on Zr and Hf Dichalcogenides (S, Se, Te) Monolayers: A Density Functional Theory Study","Raya SS, Ansari AS, Shong B",Nanomaterials,2020,1T-ZrSe2,NA,NH3,-0.345,0.033,2.48,VASP,GGA-PBE+D3,table,Table 4; preferred site Eads (meV→eV),https://doi.org/10.3390/nano10061215
436,10.3390/nano10061215,"Molecular Adsorption of NH3 and NO2 on Zr and Hf Dichalcogenides (S, Se, Te) Monolayers: A Density Functional Theory Study","Raya SS, Ansari AS, Shong B",Nanomaterials,2020,1T-ZrSe2,NA,NO2,-0.269,-0.14,4.35,VASP,GGA-PBE+D3,table,Table 4; preferred site Eads (meV→eV),https://doi.org/10.3390/nano10061215
437,10.3390/nano10061215,"Molecular Adsorption of NH3 and NO2 on Zr and Hf Dichalcogenides (S, Se, Te) Monolayers: A Density Functional Theory Study","Raya SS, Ansari AS, Shong B",Nanomaterials,2020,1T-HfTe2,NA,NH3,-0.198,0.053,3.58,VASP,GGA-PBE+D3,table,Table 4; preferred site Eads (meV→eV),https://doi.org/10.3390/nano10061215
438,10.3390/nano10061215,"Molecular Adsorption of NH3 and NO2 on Zr and Hf Dichalcogenides (S, Se, Te) Monolayers: A Density Functional Theory Study","Raya SS, Ansari AS, Shong B",Nanomaterials,2020,1T-HfTe2,NA,NO2,-0.667,-0.185,5.12,VASP,GGA-PBE+D3,table,Table 4; preferred site Eads (meV→eV),https://doi.org/10.3390/nano10061215
439,10.3390/nano10061215,"Molecular Adsorption of NH3 and NO2 on Zr and Hf Dichalcogenides (S, Se, Te) Monolayers: A Density Functional Theory Study","Raya SS, Ansari AS, Shong B",Nanomaterials,2020,1T-ZrTe2,NA,NH3,-0.166,0.018,3.87,VASP,GGA-PBE+D3,table,Table 4; preferred site Eads (meV→eV),https://doi.org/10.3390/nano10061215
440,10.3390/nano10061215,"Molecular Adsorption of NH3 and NO2 on Zr and Hf Dichalcogenides (S, Se, Te) Monolayers: A Density Functional Theory Study","Raya SS, Ansari AS, Shong B",Nanomaterials,2020,1T-ZrTe2,NA,NO2,-0.672,-0.619,3.21,VASP,GGA-PBE+D3,table,Table 4; preferred site Eads (meV→eV),https://doi.org/10.3390/nano10061215
441,10.3390/chemengineering10030042,Catalytic Activity of Multi-Boron-Doped Graphene from First Principles,"Maji R, De J",ChemEngineering,2026,Multi-B Graphene (1B),B,NO,-0.163,NA,NA,VASP,GGA-PBE,table,Table 1; energetically favorable adsorption site per gas,https://doi.org/10.3390/chemengineering10030042
442,10.3390/chemengineering10030042,Catalytic Activity of Multi-Boron-Doped Graphene from First Principles,"Maji R, De J",ChemEngineering,2026,Multi-B Graphene (1B),B,NO2,-0.61,NA,NA,VASP,GGA-PBE,table,Table 1; energetically favorable adsorption site per gas,https://doi.org/10.3390/chemengineering10030042
443,10.3390/chemengineering10030042,Catalytic Activity of Multi-Boron-Doped Graphene from First Principles,"Maji R, De J",ChemEngineering,2026,Multi-B Graphene (1B),B,NH3,-0.15,NA,NA,VASP,GGA-PBE,table,Table 1; energetically favorable adsorption site per gas,https://doi.org/10.3390/chemengineering10030042
444,10.3390/chemengineering10030042,Catalytic Activity of Multi-Boron-Doped Graphene from First Principles,"Maji R, De J",ChemEngineering,2026,Multi-B Graphene (1B),B,CO,-0.11,NA,NA,VASP,GGA-PBE,table,Table 1; energetically favorable adsorption site per gas,https://doi.org/10.3390/chemengineering10030042
445,10.3390/chemengineering10030042,Catalytic Activity of Multi-Boron-Doped Graphene from First Principles,"Maji R, De J",ChemEngineering,2026,Multi-B Graphene (1B),B,CO2,-0.16,NA,NA,VASP,GGA-PBE,table,Table 1; energetically favorable adsorption site per gas,https://doi.org/10.3390/chemengineering10030042
446,10.3390/chemengineering10030042,Catalytic Activity of Multi-Boron-Doped Graphene from First Principles,"Maji R, De J",ChemEngineering,2026,Multi-B Graphene (1B),B,H2O,-0.18,NA,NA,VASP,GGA-PBE,table,Table 1; energetically favorable adsorption site per gas,https://doi.org/10.3390/chemengineering10030042
447,10.3390/chemengineering10030042,Catalytic Activity of Multi-Boron-Doped Graphene from First Principles,"Maji R, De J",ChemEngineering,2026,Multi-B Graphene (1B),B,SO2,-0.36,NA,NA,VASP,GGA-PBE,table,Table 1; energetically favorable adsorption site per gas,https://doi.org/10.3390/chemengineering10030042
448,10.3390/chemengineering10030042,Catalytic Activity of Multi-Boron-Doped Graphene from First Principles,"Maji R, De J",ChemEngineering,2026,Multi-B Graphene (1B),B,H2,-0.06,NA,NA,VASP,GGA-PBE,table,Table 1; energetically favorable adsorption site per gas,https://doi.org/10.3390/chemengineering10030042
449,10.3390/chemengineering10030042,Catalytic Activity of Multi-Boron-Doped Graphene from First Principles,"Maji R, De J",ChemEngineering,2026,Multi-B Graphene (2B-II),B,NO,-0.89,NA,NA,VASP,GGA-PBE,table,Table 1; energetically favorable adsorption site per gas,https://doi.org/10.3390/chemengineering10030042
450,10.3390/chemengineering10030042,Catalytic Activity of Multi-Boron-Doped Graphene from First Principles,"Maji R, De J",ChemEngineering,2026,Multi-B Graphene (2B-II),B,NO2,-0.72,NA,NA,VASP,GGA-PBE,table,Table 1; energetically favorable adsorption site per gas,https://doi.org/10.3390/chemengineering10030042
451,10.3390/chemengineering10030042,Catalytic Activity of Multi-Boron-Doped Graphene from First Principles,"Maji R, De J",ChemEngineering,2026,Multi-B Graphene (2B-II),B,NH3,-0.04,NA,NA,VASP,GGA-PBE,table,Table 1; energetically favorable adsorption site per gas,https://doi.org/10.3390/chemengineering10030042
452,10.3390/chemengineering10030042,Catalytic Activity of Multi-Boron-Doped Graphene from First Principles,"Maji R, De J",ChemEngineering,2026,Multi-B Graphene (2B-II),B,CO,-0.11,NA,NA,VASP,GGA-PBE,table,Table 1; energetically favorable adsorption site per gas,https://doi.org/10.3390/chemengineering10030042
453,10.3390/chemengineering10030042,Catalytic Activity of Multi-Boron-Doped Graphene from First Principles,"Maji R, De J",ChemEngineering,2026,Multi-B Graphene (2B-II),B,CO2,-0.15,NA,NA,VASP,GGA-PBE,table,Table 1; energetically favorable adsorption site per gas,https://doi.org/10.3390/chemengineering10030042
454,10.3390/chemengineering10030042,Catalytic Activity of Multi-Boron-Doped Graphene from First Principles,"Maji R, De J",ChemEngineering,2026,Multi-B Graphene (2B-II),B,H2O,-0.21,NA,NA,VASP,GGA-PBE,table,Table 1; energetically favorable adsorption site per gas,https://doi.org/10.3390/chemengineering10030042
455,10.3390/chemengineering10030042,Catalytic Activity of Multi-Boron-Doped Graphene from First Principles,"Maji R, De J",ChemEngineering,2026,Multi-B Graphene (2B-II),B,SO2,-0.278,NA,NA,VASP,GGA-PBE,table,Table 1; energetically favorable adsorption site per gas,https://doi.org/10.3390/chemengineering10030042
456,10.3390/chemengineering10030042,Catalytic Activity of Multi-Boron-Doped Graphene from First Principles,"Maji R, De J",ChemEngineering,2026,Multi-B Graphene (2B-II),B,H2,-0.06,NA,NA,VASP,GGA-PBE,table,Table 1; energetically favorable adsorption site per gas,https://doi.org/10.3390/chemengineering10030042
457,10.3390/chemengineering10030042,Catalytic Activity of Multi-Boron-Doped Graphene from First Principles,"Maji R, De J",ChemEngineering,2026,Multi-B Graphene (2B-III),B,NO,-0.54,NA,NA,VASP,GGA-PBE,table,Table 1; energetically favorable adsorption site per gas,https://doi.org/10.3390/chemengineering10030042
458,10.3390/chemengineering10030042,Catalytic Activity of Multi-Boron-Doped Graphene from First Principles,"Maji R, De J",ChemEngineering,2026,Multi-B Graphene (2B-III),B,NO2,-0.77,NA,NA,VASP,GGA-PBE,table,Table 1; energetically favorable adsorption site per gas,https://doi.org/10.3390/chemengineering10030042
459,10.3390/chemengineering10030042,Catalytic Activity of Multi-Boron-Doped Graphene from First Principles,"Maji R, De J",ChemEngineering,2026,Multi-B Graphene (2B-III),B,NH3,-0.06,NA,NA,VASP,GGA-PBE,table,Table 1; energetically favorable adsorption site per gas,https://doi.org/10.3390/chemengineering10030042
460,10.3390/chemengineering10030042,Catalytic Activity of Multi-Boron-Doped Graphene from First Principles,"Maji R, De J",ChemEngineering,2026,Multi-B Graphene (2B-III),B,CO,-0.14,NA,NA,VASP,GGA-PBE,table,Table 1; energetically favorable adsorption site per gas,https://doi.org/10.3390/chemengineering10030042
461,10.3390/chemengineering10030042,Catalytic Activity of Multi-Boron-Doped Graphene from First Principles,"Maji R, De J",ChemEngineering,2026,Multi-B Graphene (2B-III),B,CO2,-0.09,NA,NA,VASP,GGA-PBE,table,Table 1; energetically favorable adsorption site per gas,https://doi.org/10.3390/chemengineering10030042
462,10.3390/chemengineering10030042,Catalytic Activity of Multi-Boron-Doped Graphene from First Principles,"Maji R, De J",ChemEngineering,2026,Multi-B Graphene (2B-III),B,H2O,-0.2,NA,NA,VASP,GGA-PBE,table,Table 1; energetically favorable adsorption site per gas,https://doi.org/10.3390/chemengineering10030042
463,10.3390/chemengineering10030042,Catalytic Activity of Multi-Boron-Doped Graphene from First Principles,"Maji R, De J",ChemEngineering,2026,Multi-B Graphene (2B-III),B,SO2,-0.34,NA,NA,VASP,GGA-PBE,table,Table 1; energetically favorable adsorption site per gas,https://doi.org/10.3390/chemengineering10030042
464,10.3390/chemengineering10030042,Catalytic Activity of Multi-Boron-Doped Graphene from First Principles,"Maji R, De J",ChemEngineering,2026,Multi-B Graphene (2B-III),B,H2,-0.08,NA,NA,VASP,GGA-PBE,table,Table 1; energetically favorable adsorption site per gas,https://doi.org/10.3390/chemengineering10030042
465,10.3390/chemengineering10030042,Catalytic Activity of Multi-Boron-Doped Graphene from First Principles,"Maji R, De J",ChemEngineering,2026,Multi-B Graphene (3B-II),B,NO,-0.69,NA,NA,VASP,GGA-PBE,table,Table 1; energetically favorable adsorption site per gas,https://doi.org/10.3390/chemengineering10030042
466,10.3390/chemengineering10030042,Catalytic Activity of Multi-Boron-Doped Graphene from First Principles,"Maji R, De J",ChemEngineering,2026,Multi-B Graphene (3B-II),B,NO2,-0.9,NA,NA,VASP,GGA-PBE,table,Table 1; energetically favorable adsorption site per gas,https://doi.org/10.3390/chemengineering10030042
467,10.3390/chemengineering10030042,Catalytic Activity of Multi-Boron-Doped Graphene from First Principles,"Maji R, De J",ChemEngineering,2026,Multi-B Graphene (3B-II),B,NH3,-0.08,NA,NA,VASP,GGA-PBE,table,Table 1; energetically favorable adsorption site per gas,https://doi.org/10.3390/chemengineering10030042
468,10.3390/chemengineering10030042,Catalytic Activity of Multi-Boron-Doped Graphene from First Principles,"Maji R, De J",ChemEngineering,2026,Multi-B Graphene (3B-II),B,CO,-0.1,NA,NA,VASP,GGA-PBE,table,Table 1; energetically favorable adsorption site per gas,https://doi.org/10.3390/chemengineering10030042
469,10.3390/chemengineering10030042,Catalytic Activity of Multi-Boron-Doped Graphene from First Principles,"Maji R, De J",ChemEngineering,2026,Multi-B Graphene (3B-II),B,CO2,-0.17,NA,NA,VASP,GGA-PBE,table,Table 1; energetically favorable adsorption site per gas,https://doi.org/10.3390/chemengineering10030042
470,10.3390/chemengineering10030042,Catalytic Activity of Multi-Boron-Doped Graphene from First Principles,"Maji R, De J",ChemEngineering,2026,Multi-B Graphene (3B-II),B,H2O,-0.23,NA,NA,VASP,GGA-PBE,table,Table 1; energetically favorable adsorption site per gas,https://doi.org/10.3390/chemengineering10030042
471,10.3390/chemengineering10030042,Catalytic Activity of Multi-Boron-Doped Graphene from First Principles,"Maji R, De J",ChemEngineering,2026,Multi-B Graphene (3B-II),B,SO2,-0.27,NA,NA,VASP,GGA-PBE,table,Table 1; energetically favorable adsorption site per gas,https://doi.org/10.3390/chemengineering10030042
472,10.3390/chemengineering10030042,Catalytic Activity of Multi-Boron-Doped Graphene from First Principles,"Maji R, De J",ChemEngineering,2026,Multi-B Graphene (3B-II),B,H2,-0.06,NA,NA,VASP,GGA-PBE,table,Table 1; energetically favorable adsorption site per gas,https://doi.org/10.3390/chemengineering10030042
473,10.3390/chemengineering10030042,Catalytic Activity of Multi-Boron-Doped Graphene from First Principles,"Maji R, De J",ChemEngineering,2026,Multi-B Graphene (3B-III),B,NO,-1.23,NA,NA,VASP,GGA-PBE,table,Table 1; energetically favorable adsorption site per gas,https://doi.org/10.3390/chemengineering10030042
474,10.3390/chemengineering10030042,Catalytic Activity of Multi-Boron-Doped Graphene from First Principles,"Maji R, De J",ChemEngineering,2026,Multi-B Graphene (3B-III),B,NO2,-1.6,NA,NA,VASP,GGA-PBE,table,Table 1; energetically favorable adsorption site per gas,https://doi.org/10.3390/chemengineering10030042
475,10.3390/chemengineering10030042,Catalytic Activity of Multi-Boron-Doped Graphene from First Principles,"Maji R, De J",ChemEngineering,2026,Multi-B Graphene (3B-III),B,NH3,-0.49,NA,NA,VASP,GGA-PBE,table,Table 1; energetically favorable adsorption site per gas,https://doi.org/10.3390/chemengineering10030042
476,10.3390/chemengineering10030042,Catalytic Activity of Multi-Boron-Doped Graphene from First Principles,"Maji R, De J",ChemEngineering,2026,Multi-B Graphene (3B-III),B,CO,-0.03,NA,NA,VASP,GGA-PBE,table,Table 1; energetically favorable adsorption site per gas,https://doi.org/10.3390/chemengineering10030042
477,10.3390/chemengineering10030042,Catalytic Activity of Multi-Boron-Doped Graphene from First Principles,"Maji R, De J",ChemEngineering,2026,Multi-B Graphene (3B-III),B,CO2,-0.19,NA,NA,VASP,GGA-PBE,table,Table 1; energetically favorable adsorption site per gas,https://doi.org/10.3390/chemengineering10030042
478,10.3390/chemengineering10030042,Catalytic Activity of Multi-Boron-Doped Graphene from First Principles,"Maji R, De J",ChemEngineering,2026,Multi-B Graphene (3B-III),B,H2O,-0.32,NA,NA,VASP,GGA-PBE,table,Table 1; energetically favorable adsorption site per gas,https://doi.org/10.3390/chemengineering10030042
479,10.3390/chemengineering10030042,Catalytic Activity of Multi-Boron-Doped Graphene from First Principles,"Maji R, De J",ChemEngineering,2026,Multi-B Graphene (3B-III),B,SO2,-0.48,NA,NA,VASP,GGA-PBE,table,Table 1; energetically favorable adsorption site per gas,https://doi.org/10.3390/chemengineering10030042
480,10.3390/chemengineering10030042,Catalytic Activity of Multi-Boron-Doped Graphene from First Principles,"Maji R, De J",ChemEngineering,2026,Multi-B Graphene (3B-III),B,H2,-0.08,NA,NA,VASP,GGA-PBE,table,Table 1; energetically favorable adsorption site per gas,https://doi.org/10.3390/chemengineering10030042
