openalex_id,doi,title,authors,journal,year,cited_by_count,search_query,target_journal_match,extraction_status
https://openalex.org/W2024227324,10.1039/c4nr01600a,"Science and technology roadmap for graphene, related two-dimensional crystals, and hybrid systems","Andrea C. Ferrari, Francesco Bonaccorso, Vladimir I. Fal’ko, et al.",Nanoscale,2014,3014,DFT adsorption energy gas sensing graphene,True,pending
https://openalex.org/W2019764142,10.1186/1556-276x-8-425,Adsorption of gas molecules on monolayer MoS2 and effect of applied electric field,"Yue Qu, Zhengzheng Shao, Shengli Chang, et al.",Nanoscale Research Letters,2013,721,DFT adsorption energy gas sensing MoS2,True,pending
https://openalex.org/W1995019017,10.1039/c4nr00024b,Solution synthesis of metal oxides for electrochemical energy storage applications,"Xinhui Xia, Yongqi Zhang, Dongliang Chao, et al.",Nanoscale,2014,406,first principles NH3 NO2 gas sensor metal oxide,True,pending
https://openalex.org/W3119824787,10.1016/j.snb.2020.129425,Triethylamine gas sensor based on Pt-functionalized hierarchical ZnO microspheres,"Jingjing Liu, Liuyang Zhang, Jiajie Fan, et al.",Sensors and Actuators B Chemical,2021,346,DFT adsorption energy gas sensing ZnO,True,pending
https://openalex.org/W2137084270,10.1039/c5nr06038a,Resistive graphene humidity sensors with rapid and direct electrical readout,"Anderson D. Smith, Karim Elgammal, Frank Niklaus, et al.",Nanoscale,2015,331,DFT adsorption energy gas sensing graphene,True,pending
https://openalex.org/W2902828440,10.1039/c8ta08407f,A Janus MoSSe monolayer: a superior and strain-sensitive gas sensing material,"Cui Jin, Xiao Tang, Xin Tan, et al.",Journal of Materials Chemistry A,2018,296,DFT adsorption energy gas sensing MoS2,True,pending
https://openalex.org/W2005809625,10.1016/j.apsusc.2015.03.068,A first-principles study on gas sensing properties of graphene and Pd-doped graphene,"Ling Ma, Jian‐Min Zhang, Kewei Xu, et al.",Applied Surface Science,2015,284,DFT adsorption energy gas sensing graphene,True,pending
https://openalex.org/W2801189401,10.1021/acssensors.8b00146,Photoactivated Mixed In-Plane and Edge-Enriched p-Type MoS<sub>2</sub> Flake-Based NO<sub>2</sub> Sensor Working at Room Temperature,"Abhay V. Agrawal, Rahul Kumar, Swaminathan Venkatesan, et al.",ACS Sensors,2018,210,DFT adsorption energy gas sensing MoS2,True,pending
https://openalex.org/W3123586019,10.1016/j.apsusc.2021.149104,DFT exploration of sensor performances of two-dimensional WO3 to ten small gases in terms of work function and band gap changes and I-V responses,"Jiahui Li, Jie Wu, Yang‐Xin Yu",Applied Surface Science,2021,202,DFT adsorption energy gas sensing graphene,True,pending
https://openalex.org/W1974624568,10.1039/c4cp01279h,Crystal plane-dependent gas-sensing properties of zinc oxide nanostructures: experimental and theoretical studies,"Yusuf Valentino Kaneti, Zhengjie Zhang, Jeffrey Yue, et al.",Physical Chemistry Chemical Physics,2014,199,DFT adsorption energy gas sensing ZnO,True,pending
https://openalex.org/W2316973832,10.1039/c6ta01355d,"Synthesis, characterization and DFT studies of zinc-doped copper oxide nanocrystals for gas sensing applications","Vasilii Creţu, Vasile Postica, Abhishek Kumar Mishra, et al.",Journal of Materials Chemistry A,2016,197,DFT adsorption energy gas sensing ZnO,True,pending
https://openalex.org/W2600305143,10.1016/j.apsusc.2017.03.178,Adsorption of gas molecules on Ga-doped graphene and effect of applied electric field: A DFT study,"Xiongyi Liang, Ning Ding, Siu‐Pang Ng, et al.",Applied Surface Science,2017,184,DFT adsorption energy gas sensing graphene,True,pending
https://openalex.org/W2579928441,10.1016/j.apsusc.2017.01.264,Adsorption of gas molecules on graphene-like InN monolayer: A first-principle study,"Xiang Sun, Qun Yang, Ruishen Meng, et al.",Applied Surface Science,2017,183,DFT adsorption energy gas sensing graphene,True,pending
https://openalex.org/W2345090270,10.1016/j.apsusc.2016.04.158,Adsorption of gas molecules on Cu impurities embedded monolayer MoS2: A first- principles study,"Bin Zhao, C.Y. Li, L.L. Liu, et al.",Applied Surface Science,2016,148,DFT adsorption energy gas sensing MoS2,True,pending
https://openalex.org/W2127722169,10.1039/c3ta01673k,Indium-doped SnO2 nanoparticle–graphene nanohybrids: simple one-pot synthesis and their selective detection of NO2,"Shumao Cui, Zhenhai Wen, Eric C. Mattson, et al.",Journal of Materials Chemistry A,2013,146,DFT adsorption energy gas sensing SnO2,True,pending
https://openalex.org/W2951982654,10.1016/j.snb.2019.126710,Enhanced methane sensing property of flower-like SnO2 doped by Pt nanoparticles: A combined experimental and first-principle study,"Dongping Xue, Pengtao Wang, Zhanying Zhang, et al.",Sensors and Actuators B Chemical,2019,142,DFT adsorption energy gas sensing SnO2,True,pending
https://openalex.org/W2918274762,10.1016/j.apsusc.2019.02.244,"A DFT study of CO adsorption on the pristine, defective, In-doped and Sb-doped graphene and the effect of applied electric field","Shulin Yang, Gui Lei, Huoxi Xu, et al.",Applied Surface Science,2019,140,DFT adsorption energy gas sensing graphene,True,pending
https://openalex.org/W2460838568,10.1021/acs.jpcc.5b07359,B–N@Graphene: Highly Sensitive and Selective Gas Sensor,"Indrani Choudhuri, Nandini Patra, Arup Mahata, et al.",The Journal of Physical Chemistry C,2015,131,DFT adsorption energy gas sensing graphene,True,pending
https://openalex.org/W2036452748,10.1016/j.apsusc.2014.05.223,Improving SO2 gas sensing properties of graphene by introducing dopant and defect: A first-principles study,"Xuying Liu, Jian‐Min Zhang, Kewei Xu, et al.",Applied Surface Science,2014,131,DFT adsorption energy gas sensing graphene,True,pending
https://openalex.org/W2943925338,10.3390/s19092123,Gas Sensors Based on Mechanically Exfoliated MoS2 Nanosheets for Room-Temperature NO2 Detection,"Wenli Li, Yong Zhang, Xia Long, et al.",Sensors,2019,128,DFT adsorption energy gas sensing MoS2,True,pending
https://openalex.org/W2736512930,10.3390/chemosensors5030021,Thin 2D: The New Dimensionality in Gas Sensing,G. Neri,Chemosensors,2017,124,first principles NH3 NO2 gas sensor metal oxide,True,pending
https://openalex.org/W2792602592,10.1016/j.apsusc.2018.02.183,Exploration of sensing of nitrogen dioxide and ozone molecules using novel TiO2/Stanene heterostructures employing DFT calculations,"Amirali Abbasi, Jaber Jahanbin Sardroodi",Applied Surface Science,2018,119,DFT adsorption energy gas sensing TiO2,True,pending
https://openalex.org/W2991012505,10.1016/j.snb.2019.127489,Al doped narcissus-like ZnO for enhanced NO2 sensing performance: An experimental and DFT investigation,"Yonghui Zhang, Yuliang Li, Feilong Gong, et al.",Sensors and Actuators B Chemical,2019,116,DFT adsorption energy gas sensing ZnO,True,pending
https://openalex.org/W2314072086,10.1021/jp3073359,Adsorption and Catalytic Activation of O<sub>2</sub> Molecule on the Surface of Au-Doped Graphene under an External Electric Field,"Teng Zhang, Qingzhong Xue, Meixia Shan, et al.",The Journal of Physical Chemistry C,2012,110,DFT adsorption energy gas sensing graphene,True,pending
https://openalex.org/W4286492237,10.3390/chemosensors10070289,Metal Oxide Semiconductor Nanostructure Gas Sensors with Different Morphologies,"Ali Mirzaei, Hamid Reza Ansari, Mehrdad Shahbaz, et al.",Chemosensors,2022,108,first principles NH3 NO2 gas sensor metal oxide,True,pending
https://openalex.org/W2531031093,10.1016/j.snb.2016.10.019,Polypyrrole/TiO2 composites for the application of photocatalysis,"Habib Ullah, Asif Ali Tahir, Tapas K. Mallick",Sensors and Actuators B Chemical,2016,106,DFT adsorption energy gas sensing TiO2,True,pending
https://openalex.org/W3204769052,10.1016/j.apsusc.2021.151212,TiO2–Doped GeSe Monolayer: A highly selective gas sensor for SF6 decomposed species detection based on DFT method,"Hao Sun, Lu‐Qi Tao, Tao Li, et al.",Applied Surface Science,2021,105,DFT adsorption energy gas sensing TiO2,True,pending
https://openalex.org/W4229454433,10.1016/j.apsusc.2022.153603,Doubly doped graphene as gas sensing materials for oxygen-containing gas molecules: A first-principles investigation,"Siraj Ud Daula Shamim, Debashis Roy, Shamiul Alam, et al.",Applied Surface Science,2022,89,DFT adsorption energy gas sensing graphene,True,pending
https://openalex.org/W1436634944,10.1016/j.snb.2015.08.040,DFT study on interaction of NO2 with the vacancy-defected WO3 nanowires for gas-sensing,"Yuxiang Qin, Zhenhua Ye",Sensors and Actuators B Chemical,2015,88,DFT adsorption energy gas sensing WO3,True,pending
https://openalex.org/W4323778711,10.1039/d2ta10014b,Advances in sensing mechanisms and micro/nanostructured sensing layers for surface acoustic wave-based gas sensors,"Xue Li, Wenfeng Sun, Wei Fu, et al.",Journal of Materials Chemistry A,2023,86,first principles NH3 NO2 gas sensor metal oxide,True,pending
https://openalex.org/W2612757152,10.1016/j.snb.2017.05.027,Experimental and theoretical studies of V2O5@TiO2 core-shell hybrid composites with high gas sensing performance towards ammonia,"Haitao Fu, Xiaohong Yang, Xizhong An, et al.",Sensors and Actuators B Chemical,2017,82,DFT adsorption energy gas sensing TiO2,True,pending
https://openalex.org/W2886501337,10.1021/acs.jpcc.8b06803,Drastic Improvement in Gas-Sensing Characteristics of Phosphorene Nanosheets under Vacancy Defects and Elemental Functionalization,"Thanayut Kaewmaraya, Lappawat Ngamwongwan, Pairot Moontragoon, et al.",The Journal of Physical Chemistry C,2018,81,DFT adsorption energy gas sensing MoS2,True,pending
https://openalex.org/W2808218580,10.1016/j.apsusc.2018.06.112,Adsorption sensitivity of Fe decorated different graphene supports toward toxic gas molecules (CO and NO),"Zhengyang Gao, Yao Sun, Minghui Li, et al.",Applied Surface Science,2018,80,DFT adsorption energy gas sensing graphene,True,pending
https://openalex.org/W3115920013,10.1016/j.snb.2020.129366,ZIF-8 derived ZnO polyhedrons decorated with biomass derived nitrogen-doped porous carbon for enhanced acetone sensing,"Xiao Chang, Kun Li, Xurong Qiao, et al.",Sensors and Actuators B Chemical,2020,79,DFT adsorption energy gas sensing ZnO,True,pending
https://openalex.org/W2943663236,10.1016/j.snb.2019.04.110,Highly sensitive BTEX sensors based on hexagonal WO3 nanosheets,"Dan Zhang, Fan Yu, Gaojie Li, et al.",Sensors and Actuators B Chemical,2019,78,DFT adsorption energy gas sensing WO3,True,pending
https://openalex.org/W2278391432,10.3390/s16030273,"Investigation of the Performance of HEMT-Based NO, NO2 and NH3 Exhaust Gas Sensors for Automotive Antipollution Systems","Yacine Halfaya, Chris Bishop, A. Soltani, et al.",Sensors,2016,75,first principles NH3 NO2 gas sensor metal oxide,True,pending
https://openalex.org/W2063919881,10.1021/jp105733p,Adsorption of NO<sub>2</sub> on Oxygen Deficient ZnO(2110) for Gas Sensing Applications: A DFT Study,"Michael Breedon, Michelle J. S. Spencer, Irene Yarovsky",The Journal of Physical Chemistry C,2010,74,DFT adsorption energy gas sensing ZnO,True,pending
https://openalex.org/W3048439901,10.1016/j.apsusc.2020.147509,Dissolved gas analysis in transformer oil using Sb-doped graphene: A DFT study,"Xianxian Gui, Qu Zhou, Shudi Peng, et al.",Applied Surface Science,2020,74,DFT adsorption energy gas sensing graphene,True,pending
https://openalex.org/W2965274322,10.1016/j.apsusc.2019.07.238,Structural and electronic properties of CO and NO gas molecules on Pd-doped vacancy graphene: A first principles study,"M.S.M. Shukri, Muhammad Noor Syazwan Saimin, Muhamad Kamil Yaakob, et al.",Applied Surface Science,2019,72,DMol3 adsorption energy gas sensor,True,pending
https://openalex.org/W3217471999,10.1016/j.apsusc.2021.152020,First-principles analysis of Ti3C2Tx MXene as a promising candidate for SF6 decomposition characteristic components sensor,"Fuping Zeng, Xiaoxuan Feng, Xiaoyue Chen, et al.",Applied Surface Science,2021,68,DFT adsorption energy gas sensing MXene,True,pending
https://openalex.org/W2204072696,10.1016/j.snb.2015.12.051,Room temperature gas sensing properties of ultrathin carbon nanotube films by surfactant-free dip coating,"Carlo Piloto, Francesca Mirri, E. Amram Bengio, et al.",Sensors and Actuators B Chemical,2015,68,first principles NH3 NO2 gas sensor metal oxide,True,pending
https://openalex.org/W2997058987,10.1016/j.apsusc.2019.145202,"Adsorption of CO, NO, and NH3 on ZnO monolayer decorated with noble metal (Ag, Au)","Yongfeng Qu, Jijun Ding, Haiwei Fu, et al.",Applied Surface Science,2019,67,DFT adsorption energy gas sensing ZnO,True,pending
https://openalex.org/W2996928396,10.1016/j.snb.2019.127629,Synthesis of au-decorated SnO2 crystallites with exposed (221) facets and their enhanced acetylene sensing properties,"Nan Zhang, Yizhuo Fan, Yang Lü, et al.",Sensors and Actuators B Chemical,2019,66,DFT adsorption energy gas sensing SnO2,True,pending
https://openalex.org/W2944283415,10.1016/j.cplett.2019.05.014,Electron transport in CO2 adsorbed ZnO nanowire: DFT study,"Monika Srivastava, Anurag Srivastava",Chemical Physics Letters,2019,66,DFT adsorption energy gas sensing ZnO,True,pending
https://openalex.org/W4200306346,10.1016/j.cplett.2021.139300,"Adsorption of gas molecule on Rh, Ru doped monolayer MoS2 for gas sensing applications: A DFT study","Ruijuan Du, Wei Wu",Chemical Physics Letters,2021,65,DFT adsorption energy gas sensing MoS2,True,pending
https://openalex.org/W2799681616,10.1016/j.snb.2018.04.175,"High selectivity of N-doped ZnO nano-ribbons in detecting H2, O2 and CO2 molecules: Effect of negative-differential resistance on gas-sensing","Nacir Tit, Wael Othman, Alaa Shaheen, et al.",Sensors and Actuators B Chemical,2018,64,DFT adsorption energy gas sensing ZnO,True,pending
https://openalex.org/W2895966503,10.3390/s18103425,Acetone Sensing Properties and Mechanism of SnO2 Thick-Films,"Yanping Chen, Hongwei Qin, Yue Cao, et al.",Sensors,2018,63,DFT adsorption energy gas sensing SnO2,True,pending
https://openalex.org/W2929796339,10.1016/j.snb.2019.02.107,"Microfluidically synthesized Au, Pd and AuPd nanoparticles supported on SnO2 for gas sensing applications","Ghazal Tofighi, David Degler, Benjamin Junker, et al.",Sensors and Actuators B Chemical,2019,63,DFT adsorption energy gas sensing SnO2,True,pending
https://openalex.org/W3043080450,10.3390/s20143932,"Enhancing the Sensing Performance of Zigzag Graphene Nanoribbon to Detect NO, NO2, and NH3 Gases","Ehab Salih, Ahmad I. Ayesh",Sensors,2020,62,first principles NH3 NO2 gas sensor metal oxide,True,pending
https://openalex.org/W1981189162,10.3390/s130708393,Hydrogen Sensing with Ni-Doped TiO2 Nanotubes,"Zhaohui Li, Dongyan Ding, Qiang Liu, et al.",Sensors,2013,62,CASTEP adsorption energy gas sensing,True,pending
https://openalex.org/W2617334875,10.1039/c7ta01293d,Room-temperature methane gas sensing properties based on in situ reduced graphene oxide incorporated with tin dioxide,"King Cheong Lam, Bolong Huang, San‐Qiang Shi",Journal of Materials Chemistry A,2017,60,DFT adsorption energy gas sensing SnO2,True,pending
https://openalex.org/W1676292264,10.3390/s150613522,A Ni-Doped Carbon Nanotube Sensor for Detecting Oil-Dissolved Gases in Transformers,"Jia Lü, Xiaoxing Zhang, Xiaoqing Wu, et al.",Sensors,2015,60,DFT adsorption energy gas sensing SnO2,True,pending
https://openalex.org/W1936473049,10.1186/s11671-015-1060-7,Study on adsorption and desorption of ammonia on graphene,"Zhengwei Zhang, Xinfang Zhang, Wei Luo, et al.",Nanoscale Research Letters,2015,59,CASTEP adsorption energy gas sensing,True,pending
https://openalex.org/W2886837474,10.1016/j.apsusc.2018.08.014,Promoting sensitivity and selectivity of HCHO sensor based on strained InP3 monolayer: A DFT study,"Huiru Yang, Zeping Wang, Huaiyu Ye, et al.",Applied Surface Science,2018,59,CASTEP adsorption energy gas sensing,True,pending
https://openalex.org/W2064839595,10.1039/c3cp52490f,Characterization of Pt-doped SnO2 catalyst for a high-performance micro gas sensor,"Naoyoshi Murata, Takuya Suzuki, Makoto Kobayashi, et al.",Physical Chemistry Chemical Physics,2013,58,DFT adsorption energy gas sensing SnO2,True,pending
https://openalex.org/W2198818689,10.1016/j.snb.2015.12.075,Augmenting the sensing aptitude of hydrogenated graphene by crafting with defects and dopants,"Md. Saiful Islam, Tanveer Hussain, Gummadi Srinivasa Rao, et al.",Sensors and Actuators B Chemical,2015,56,DFT adsorption energy gas sensing graphene,True,pending
https://openalex.org/W2948477536,10.3390/s19112617,Near Room Temperature Light-Activated WS2-Decorated rGO as NO2 Gas Sensor,"Valentina Paolucci, Seyed Mahmoud Emamjomeh, L. Ottaviano, et al.",Sensors,2019,56,first principles NH3 NO2 gas sensor metal oxide,True,pending
https://openalex.org/W2980941811,10.3390/s19204563,Gas Sensing Properties of Perovskite Decorated Graphene at Room Temperature,"Juan Casanova‐Cháfer, Rocio García‐Aboal, Pedro Atienzar, et al.",Sensors,2019,54,first principles NH3 NO2 gas sensor metal oxide,True,pending
https://openalex.org/W4396594385,10.1039/d3ta07691a,"Donor–acceptor hetero[6]radialene-based three-dimensional covalent organic frameworks for organic pollutant adsorption, photocatalytic degradation, and hydrogen production activity","Jing Han Wang, Ahmed E. Hassan, Ahmed M. Elewa, et al.",Journal of Materials Chemistry A,2024,54,DMol3 adsorption energy gas sensor,True,pending
https://openalex.org/W4221064086,10.1016/j.snb.2022.131735,Enhanced NO2 sensitivity of SnO2 SAW gas sensors by facet engineering,"Licheng Zhou, Zhixiang Hu, Peng Wang, et al.",Sensors and Actuators B Chemical,2022,52,DFT adsorption energy gas sensing SnO2,True,pending
https://openalex.org/W2069233762,10.1016/j.apsusc.2015.03.149,DFT study of CO adsorption on Pd-SnO2(1 1 0) surfaces,"P. Bechthold, M.E. Pronsato, Carolina Pistonesi",Applied Surface Science,2015,52,DFT adsorption energy gas sensing SnO2,True,pending
https://openalex.org/W3198220500,10.1016/j.apsusc.2021.151110,The role of oxygen vacancies on SnO2 in improving formaldehyde competitive adsorption: A DFT study with an experimental verification,"Yanhui Sun, Shupeng Sun, Yangong Zheng, et al.",Applied Surface Science,2021,51,DFT adsorption energy gas sensing SnO2,True,pending
https://openalex.org/W4285594104,10.1021/acssensors.2c00658,N–p-Conductor Transition of Gas Sensing Behaviors in Mo<sub>2</sub>CT<sub><i>x</i></sub> MXene,"Junghoon Choi, Benjamin Chacon, Hyunsoo Park, et al.",ACS Sensors,2022,50,DFT adsorption energy gas sensing MXene,True,pending
https://openalex.org/W2621856880,10.1016/j.apsusc.2017.06.039,A first principle simulation of competitive adsorption of SF6 decomposition components on nitrogen-doped anatase TiO2 (101) surface,"Xingchen Dong, Xiaoxing Zhang, Hao Cui, et al.",Applied Surface Science,2017,50,DFT adsorption energy gas sensing TiO2,True,pending
https://openalex.org/W4213281740,10.1016/j.sna.2022.113460,The sensing mechanism of HCHO gas sensor based on transition metal doped graphene: Insights from DFT study,"Yuanchao Li, Yanling Xu, Xin Li",Sensors and Actuators A Physical,2022,49,DFT adsorption energy gas sensing graphene,True,pending
https://openalex.org/W3132368984,10.1016/j.snb.2021.129657,Ultrasensitive NO2 gas sensor with insignificant NH3-interference based on a few-layered mesoporous graphene,"Daniel Matatagui, Jesús López‐Sánchez, Álvaro Peña, et al.",Sensors and Actuators B Chemical,2021,49,first principles NH3 NO2 gas sensor metal oxide,True,pending
https://openalex.org/W3168840864,10.1016/j.snb.2021.130303,Hierarchical flower-like TiO2 microspheres for high-selective NH3 detection: A density functional theory study,"Chen Yang, Lingmin Yu, Hongbo Du, et al.",Sensors and Actuators B Chemical,2021,47,DFT adsorption energy gas sensing TiO2,True,pending
https://openalex.org/W2079059701,10.1016/j.commatsci.2013.07.046,Mechanism of CO adsorption on hexagonal WO3 (001) surface for gas sensing: A DFT study,"Linghuan Zhao, Feng Tian, Xiaobin Wang, et al.",Computational Materials Science,2013,47,DFT adsorption energy gas sensing WO3,True,pending
https://openalex.org/W3166989117,10.3390/chemosensors9060133,Fluoro-Substituted Metal Phthalocyanines for Active Layers of Chemical Sensors,"Darya Klyamer, Dmitry Bonegardt, Tamara V. Basova",Chemosensors,2021,47,first principles NH3 NO2 gas sensor metal oxide,True,pending
https://openalex.org/W2803181560,10.1016/j.snb.2018.05.067,The crystal facet-dependent electrochemical performance of TiO2 nanocrystals for heavy metal detection: Theoretical prediction and experimental proof,"Jianjun Liao, Fan Yang, Cai‐Zhuang Wang, et al.",Sensors and Actuators B Chemical,2018,42,DFT adsorption energy gas sensing TiO2,True,pending
https://openalex.org/W4323669991,10.1016/j.snb.2023.133632,Au-doped ZnO@ZIF-7 core-shell nanorod arrays for highly sensitive and selective NO2 detection,"Mingqi Sun, Mingyuan Wang, Chuanxin Ge, et al.",Sensors and Actuators B Chemical,2023,41,DFT adsorption energy gas sensing ZnO,True,pending
https://openalex.org/W3157040838,10.1016/j.sna.2021.112804,Heterostructure-based devices with enhanced humidity stability for H2 gas sensing applications in breath tests and portable batteries,"Oleg Lupan, Nicolai Ababii, Abhishek Kumar Mishra, et al.",Sensors and Actuators A Physical,2021,41,DFT adsorption energy gas sensing WO3,True,pending
https://openalex.org/W4379470083,10.3390/chemosensors11060334,N-Doped Graphene and Its Derivatives as Resistive Gas Sensors: An Overview,"Ali Mirzaei, Somalapura Prakasha Bharath, Jin‐Young Kim, et al.",Chemosensors,2023,38,first principles NH3 NO2 gas sensor metal oxide,True,pending
https://openalex.org/W2900347315,10.1016/j.snb.2018.10.159,Exploiting sensor geometry for enhanced gas sensing properties of fluorinated carbon nanotubes under humid environment,"Claudia Struzzi, Mattia Scardamaglia, Juan Casanova‐Cháfer, et al.",Sensors and Actuators B Chemical,2018,37,first principles NH3 NO2 gas sensor metal oxide,True,pending
https://openalex.org/W4393320964,10.1016/j.snb.2024.135727,SnO2-inserted 2D Layered Ti3C2Tx MXene: From heterostructure construction to ultra-high sensitivity for Ppb-level H2S detection,"Dongnan Zhang, Jiayao Jiang, Ying Yang, et al.",Sensors and Actuators B Chemical,2024,35,DFT adsorption energy gas sensing MXene,True,pending
https://openalex.org/W2790947894,10.1016/j.snb.2018.02.069,Using sensor arrays to decode NO /NH3/C3H8 gas mixtures for automotive exhaust monitoring,"Unab Javed, Kannan Ramaiyan, Cortney R. Kreller, et al.",Sensors and Actuators B Chemical,2018,35,first principles NH3 NO2 gas sensor metal oxide,True,pending
https://openalex.org/W2965196630,10.3390/s19153379,NO2 and NH3 Sensing Characteristics of Inkjet Printing Graphene Gas Sensors,"Caterina Travan, Alexander Bergmann",Sensors,2019,34,first principles NH3 NO2 gas sensor metal oxide,True,pending
https://openalex.org/W4385975694,10.1109/jsen.2023.3305335,Gas Sensitive Analysis of Composite MoS<sub>2</sub>(001) Surface to Air Discharge Products: A DFT Study,"Mingxiang Wang, Dachang Chen, Pengfei Jia",IEEE Sensors Journal,2023,33,DFT adsorption energy gas sensing MoS2,True,pending
https://openalex.org/W4382774473,10.3390/s23104623,Hydrogen Sensing Mechanism of WS2 Gas Sensors Analyzed with DFT and NAP-XPS,"Tomoya Minezaki, Péter Krüger, Fatima Ezahra Annanouch, et al.",Sensors,2023,33,DFT adsorption energy gas sensing WO3,True,pending
https://openalex.org/W2916472205,10.1109/jsen.2019.2901361,Sensitivity Optimization of a Microstructured Optical Fiber Ammonia Gas Sensor by Means of Tuning the Thickness of a Metal Oxide Nano-Coating,"Diego López‐Torres, Aitor Lopez-Aldaba, César Elosúa, et al.",IEEE Sensors Journal,2019,33,first principles NH3 NO2 gas sensor metal oxide,True,pending
https://openalex.org/W4382983176,10.3390/chemosensors11070370,The Influence of Carboxyl-Functionalized Carbon Dots on Ethanol Selectivity in Gas Sensing,"Futong Tian, Guoxing Ma, Xing Zhao, et al.",Chemosensors,2023,32,DFT adsorption energy gas sensing SnO2,True,pending
https://openalex.org/W2560576997,10.1016/j.snb.2016.12.035,H2 sensing mechanism under different oxygen concentration on the hexagonal WO3 (001) surface: A density functional theory study,"Feng Tian, Cong Gong, Yanhua Peng, et al.",Sensors and Actuators B Chemical,2016,30,DFT adsorption energy gas sensing WO3,True,pending
https://openalex.org/W2993529407,10.1016/j.snb.2019.127538,Insight into highly selective dimethyl trisulfide detection based on WO3 nanorod bundles with exposed (002) facets,"Xiafen Hu, Xiaoxia Wang, Tingting Zhou, et al.",Sensors and Actuators B Chemical,2019,30,DFT adsorption energy gas sensing WO3,True,pending
https://openalex.org/W4387642816,10.1016/j.cplett.2023.140884,Mechanism of CO and acetone adsorption on ZnO and Pt-doped ZnO surfaces for gas sensing applications: A DFT investigation,"M. Shajahani, H. Rezagholipour Dizaji",Chemical Physics Letters,2023,29,DFT adsorption energy gas sensing ZnO,True,pending
https://openalex.org/W2749427745,10.3390/s17081907,A DFT Calculation of Fluoride-Doped TiO2 Nanotubes for Detecting SF6 Decomposition Components,"Xiaoxing Zhang, Jun Zhang, Xingchen Dong, et al.",Sensors,2017,28,DFT adsorption energy gas sensing TiO2,True,pending
https://openalex.org/W4390945901,10.3390/s24020584,"Disclosing Fast Detection Opportunities with Nanostructured Chemiresistor Gas Sensors Based on Metal Oxides, Carbon, and Transition Metal Dichalcogenides","Michele Galvani, Sonia Freddi, L. Sangaletti",Sensors,2024,28,first principles NH3 NO2 gas sensor metal oxide,True,pending
https://openalex.org/W4292162627,10.1016/j.apsusc.2022.154570,Transition metal decorated ZnO monolayer for CO and NO sensing: A DFT + U study with vdW correction,"Lalmuanchhana, Lalmuanchhana, Bernard Lalroliana, et al.",Applied Surface Science,2022,27,DFT adsorption energy gas sensing ZnO,True,pending
https://openalex.org/W3027611604,10.3390/s20102879,Gas Adsorption Investigation on SiGe Monolayer: A First-Principle Calculation,"Xiang Sun, Yuzheng Guo, Yan Zhao, et al.",Sensors,2020,27,first principles NH3 NO2 gas sensor metal oxide,True,pending
https://openalex.org/W2154894317,10.1186/s11671-015-1119-5,Hydrothermal Synthesis of Silver Vanadium Oxide (Ag0.35V2O5) Nanobelts for Sensing Amines,"Haitao Fu, Hui Xie, Xiaohong Yang, et al.",Nanoscale Research Letters,2015,27,CASTEP adsorption energy gas sensing,True,pending
https://openalex.org/W4404533041,10.1039/d4na00739e,First-principles investigations of As-doped tetragonal boron nitride nanosheets for toxic gas sensing applications,"Kamal Hossain, Mohammad Tanvir Ahmed, Rabeya Akter Rabu, et al.",Nanoscale Advances,2024,26,CASTEP adsorption energy gas sensing,True,pending
https://openalex.org/W4324280976,10.1039/d2nh00591c,An ultra-sensitive NH<sub>3</sub> gas sensor enabled by an ion-in-conjugated polycroconaine/Ti<sub>3</sub>C<sub>2</sub>T<sub><i>x</i></sub> core–shell composite,"Jin Zhou, Seyed Hossein Hosseini Shokouh, Linfan Cui, et al.",Nanoscale Horizons,2023,26,DMol3 adsorption energy gas sensor,True,pending
https://openalex.org/W4386525744,10.1016/j.cplett.2023.140821,A DFT study of dissolved gases generated of PD in converter transformer oil adsorbed on Ptn (n = 1 – 3) cluster doped MoS2 monolayer,"Qiang Liu, Chen Mao, Yu Shang, et al.",Chemical Physics Letters,2023,24,DFT adsorption energy gas sensing MoS2,True,pending
https://openalex.org/W4307372260,10.3390/chemosensors10100436,Facet-Dependent Gas Adsorption Selectivity on ZnO: A DFT Study,"Weile Jiang, Yong Xia, Aifei Pan, et al.",Chemosensors,2022,24,DFT adsorption energy gas sensing ZnO,True,pending
https://openalex.org/W4283584066,10.3390/s22134797,As-Doped h-BN Monolayer: A High Sensitivity and Short Recovery Time SF6 Decomposition Gas Sensor,"Yunfeng Long, Sheng-Yuan Xia, Liang-Yan Guo, et al.",Sensors,2022,24,CASTEP adsorption energy gas sensing,True,pending
https://openalex.org/W2745972455,10.3390/s17081898,Insight into the Mechanism of CO Oxidation on WO3(001) Surfaces for Gas Sensing: A DFT Study,"Hua Jin, Hegen Zhou, Yongfan Zhang",Sensors,2017,23,DFT adsorption energy gas sensing WO3,True,pending
https://openalex.org/W4291170511,10.1016/j.apsusc.2022.154511,Synergistic effects of zeolite and oxygen vacancies in SnO2 for formaldehyde sensing: Molecular simulation insights &amp; experimental verification,"Yanhui Sun, Tengyue Hou, Shupeng Sun, et al.",Applied Surface Science,2022,22,DFT adsorption energy gas sensing SnO2,True,pending
https://openalex.org/W3008510767,10.1039/c9cp06547d,Gas adsorption and light interaction mechanism in phosphorene-based field-effect transistors,"Manthila Rajapakse, George W. Anderson, Congyan Zhang, et al.",Physical Chemistry Chemical Physics,2020,22,DFT adsorption energy gas sensing WO3,True,pending
https://openalex.org/W3212597596,10.1016/j.snb.2021.131103,Active edge effect of pothole-rich WO3 nanosheets for enhancing dimethyl trisulfide gas sensing performance,"Xiafen Hu, Xiang Li, Huimin Yang, et al.",Sensors and Actuators B Chemical,2021,19,DFT adsorption energy gas sensing WO3,True,pending
https://openalex.org/W4280559834,10.3390/s22103860,Monitoring Gases Content in Modern Agriculture: A Density Functional Theory Study of the Adsorption Behavior and Sensing Properties of CO2 on MoS2 Doped GeSe Monolayer,"Xin Gao, Yunwu Li",Sensors,2022,18,DFT adsorption energy gas sensing MoS2,True,pending
https://openalex.org/W4323073181,10.1016/j.cplett.2023.140410,Ir-decorated MoS2 monolayer as a promising candidate to detect dissolved gas in transformer oil: A DFT study,"Hongcheng Liu, Zhixin Tan, Yuxing Niu, et al.",Chemical Physics Letters,2023,18,DFT adsorption energy gas sensing MoS2,True,pending
https://openalex.org/W4408723213,10.1016/j.cplett.2025.142043,"DFT study of small gas molecules (C2H2, CH4, CO and H2) adsorbed on Au, Ag-doped ZnO monolayer","Qing An, Juan Li, Jian Peng, et al.",Chemical Physics Letters,2025,18,DFT adsorption energy gas sensing ZnO,True,pending
https://openalex.org/W3135539911,10.3390/s21051690,Effect of (100) and (001) Hexagonal WO3 Faceting on Isoprene and Acetone Gas Selectivity,"Owen O. Abe, Zanlin Qiu, Joerg R. Jinschek, et al.",Sensors,2021,17,DFT adsorption energy gas sensing WO3,True,pending
https://openalex.org/W4319982875,10.3390/chemosensors11020127,The Influence of Surfactants on the Deposition and Performance of Single-Walled Carbon Nanotube-Based Gas Sensors for NO2 and NH3 Detection,"Antonio Orlando, Asma Mushtaq, Andrea Gaiardo, et al.",Chemosensors,2023,17,first principles NH3 NO2 gas sensor metal oxide,True,pending
https://openalex.org/W4414753943,10.1039/d5cp03083h,A boron-doped ZrS <sub>2</sub> monolayer as a promising gas sensing material for the detection of volatile organic compounds: a DFT study,"Xiaoqian Lin, Zhen-Hong Han, Xin Zhang, et al.",Physical Chemistry Chemical Physics,2025,17,DMol3 adsorption energy gas sensor,True,pending
https://openalex.org/W3087783052,10.1186/s11671-020-03412-y,Adsorption of SF6 Decomposed Products on ZnO-Modified C3N: A Theoretical Study,"Peng Wu, Xiaoxing Zhang, Dachang Chen, et al.",Nanoscale Research Letters,2020,16,DFT adsorption energy gas sensing ZnO,True,pending
https://openalex.org/W2967398164,10.1016/j.jpcs.2019.109144,Rhombic ZnO nanosheets modified with Pd nanoparticles for enhanced ethanol sensing performances: An experimental and DFT investigation,"Yonghui Zhang, Yuliang Li, Xinran Shen, et al.",Journal of Physics and Chemistry of Solids,2019,15,DFT adsorption energy gas sensing ZnO,True,pending
https://openalex.org/W4391546088,10.1039/d3na00927k,"A first principles study of RbSnCl<sub>3</sub> perovskite toward NH<sub>3</sub>, SO<sub>2</sub>, and NO gas sensing","Mohammad Tanvir Ahmed, Debashis Roy, Abdullah Al Roman, et al.",Nanoscale Advances,2024,15,CASTEP adsorption energy gas sensing,True,pending
https://openalex.org/W4395004428,10.1039/d4na00050a,First-principles study of a SiC nanosheet as an effective material for nitrosourea and carmustine anti-cancer drug delivery,"Abdullah Jubair Bin Iqbal, Rifat Shahriar, Ahmed Zubair",Nanoscale Advances,2024,15,DMol3 adsorption energy gas sensor,True,pending
https://openalex.org/W3138149182,10.1016/j.apsusc.2021.149603,Room temperature gas sensing mechanism of SnO2 towards chloroform: Comparing first principles calculations with sensing experiments,"Ahmed A. Abokifa, Kelsey Haddad, Baranidharan Raman, et al.",Applied Surface Science,2021,14,DFT adsorption energy gas sensing SnO2,True,pending
https://openalex.org/W3006495233,10.3390/s20040977,Highly Selective Adsorption on SiSe Monolayer and Effect of Strain Engineering: A DFT Study,"Quan Zhou, Lian Liu, Qipeng Liu, et al.",Sensors,2020,14,CASTEP adsorption energy gas sensing,True,pending
https://openalex.org/W2170581380,10.1186/s11671-014-0713-2,Catalytic activities of noble metal atoms on WO3 (001): nitric oxide adsorption,"Xiaoyan Ren, Shuai Zhang, Chong Li, et al.",Nanoscale Research Letters,2015,13,DFT adsorption energy gas sensing WO3,True,pending
https://openalex.org/W4281967146,10.3390/s22114103,Zr-Doped h-BN Monolayer: A High-Sensitivity Atmospheric Pollutant-Monitoring Sensor,"Liang-Yan Guo, Sheng-Yuan Xia, Yaxiong Tan, et al.",Sensors,2022,13,DMol3 adsorption energy gas sensor,True,pending
https://openalex.org/W4401162373,10.3390/s24154970,Experimental and Density Functional Theory Simulation Research on PdO–SnO2 Nanosheet Ethanol Gas Sensors,"Hao Wu, Jianwei Zhang, Huichao Zhu, et al.",Sensors,2024,11,DFT adsorption energy gas sensing SnO2,True,pending
https://openalex.org/W4402637042,10.3390/chemosensors12090192,"A Study Based on the First-Principle Study of the Adsorption and Sensing Properties of Mo-Doped WSe2 for N2O, CO2, and CH4","Mingqi Dong, Yingyu Wu, Shiqi Zhou, et al.",Chemosensors,2024,11,DMol3 adsorption energy gas sensor,True,pending
https://openalex.org/W4283700684,10.3390/chemosensors10070246,Novel Gas-Sensitive Material for Monitoring the Status of SF6 Gas-Insulated Switches: Gese Monolayer,"Guochao Qian, Xiqian Hu, Weigen Chen, et al.",Chemosensors,2022,10,DMol3 adsorption energy gas sensor,True,pending
https://openalex.org/W4308875894,10.3390/s22228672,Gas-Sensitive Characteristics of Graphene Composite Tungsten Disulfide to Ammonia,"Fei Zhao, Zhongxue Li, Yongzhong Fu, et al.",Sensors,2022,7,CASTEP adsorption energy gas sensing,True,pending
https://openalex.org/W4410302390,10.3390/chemosensors13050179,Analysis of the Application of Cryptophane-A\-E in a Mass-Sensing Methane Gas Sensor: Insights from a Numerical Simulation,"Xinlei Liu, Dan Xiao, Qinglan Zhang, et al.",Chemosensors,2025,1,DMol3 adsorption energy gas sensor,True,pending
https://openalex.org/W2971763914,10.1021/acsnano.9b04224,Present and Future of Surface-Enhanced Raman Scattering,"Judith Langer, Dorleta Jiménez de Aberasturi, Javier Aizpurua, et al.",ACS Nano,2019,3732,DFT adsorption energy gas sensing MoS2,False,pending
https://openalex.org/W2785184816,10.1021/acsnano.7b07460,Metallic Ti<sub>3</sub>C<sub>2</sub>T<sub><i>x</i></sub> MXene Gas Sensors with Ultrahigh Signal-to-Noise Ratio,"Seon Joon Kim, Hyeong‐Jun Koh, Chang E. Ren, et al.",ACS Nano,2018,1642,DFT adsorption energy gas sensing ZnO,False,pending
https://openalex.org/W2954959763,10.1038/s41929-019-0306-7,Designing materials for electrochemical carbon dioxide recycling,"Michael B. Ross, Phil De Luna, Yifan Li, et al.",Nature Catalysis,2019,1281,DFT adsorption energy gas sensing MoS2,False,pending
https://openalex.org/W2161346221,10.1039/c1ee01970h,Recent developments of molybdenum and tungsten sulfides as hydrogen evolution catalysts,"Daniel Merki, Xile Hu",Energy & Environmental Science,2011,1167,DFT adsorption energy gas sensing MoS2,False,pending
https://openalex.org/W2944906172,10.1007/s42452-019-0592-3,Metal oxide nanoparticles and their applications in nanotechnology,"Murthy Chavali, Maria P. Nikolova",SN Applied Sciences,2019,1081,DFT adsorption energy gas sensing ZnO,False,pending
https://openalex.org/W2997761752,10.3390/w12010102,Advanced Oxidation Processes for the Removal of Antibiotics from Water. An Overview,"Eduardo M. Cuerda‐Correa, María Alexandre-Franco, Carmen Fernández-González",Water,2019,776,DFT adsorption energy gas sensing TiO2,False,pending
https://openalex.org/W2180579652,10.1038/ncomms9632,Ultrahigh sensitivity and layer-dependent sensing performance of phosphorene-based gas sensors,"Shumao Cui, Hongting Pu, Spencer A. Wells, et al.",Nature Communications,2015,759,DFT adsorption energy gas sensing MoS2,False,pending
https://openalex.org/W2523161280,10.1016/j.pecs.2016.09.001,"Electrocatalysts for the generation of hydrogen, oxygen and synthesis gas","F.M. Sapountzi, José Gracia, C. J. Weststrate, et al.",Progress in Energy and Combustion Science,2016,751,DFT adsorption energy gas sensing MoS2,False,pending
https://openalex.org/W2008033919,10.1016/j.surfrep.2014.12.001,The surface chemistry of cerium oxide,David R. Mullins,Surface Science Reports,2015,669,DFT adsorption energy gas sensing TiO2,False,pending
https://openalex.org/W1987769154,10.1038/nchem.2114,Supramolecular binding and separation of hydrocarbons within a functionalized porous metal–organic framework,"Sihai Yang⧫, Anibal J. Ramirez‐Cuesta, Ruth Newby, et al.",Nature Chemistry,2014,661,CASTEP adsorption energy gas sensing,False,pending
https://openalex.org/W2025110867,10.1038/srep00586,Nitrogen-doped graphene: beyond single substitution and enhanced molecular sensing,"Ruitao Lv, Qing Li, Andrés R. Botello‐Méndez, et al.",Scientific Reports,2012,643,DFT adsorption energy gas sensing graphene,False,pending
https://openalex.org/W1965542092,10.1038/srep08052,Charge-transfer-based Gas Sensing Using Atomic-layer MoS2,"Byungjin Cho, Myung Gwan Hahm, Minseok Choi, et al.",Scientific Reports,2015,635,DFT adsorption energy gas sensing MoS2,False,pending
https://openalex.org/W2078119797,10.3390/catal3010036,"Brookite, the Least Known TiO2 Photocatalyst","Agatino Di Paola, Marianna Bellardita, Leonardo Palmisano",Catalysts,2013,605,DFT adsorption energy gas sensing TiO2,False,pending
https://openalex.org/W1967276707,10.1038/srep02248,The edge- and basal-plane-specific electrochemistry of a single-layer graphene sheet,"Wenjing Yuan, Yu Zhou, Yingru Li, et al.",Scientific Reports,2013,521,DFT adsorption energy gas sensing graphene,False,pending
https://openalex.org/W1204378431,10.1038/ncomms9098,Atomically controlled substitutional boron-doping of graphene nanoribbons,"Shigeki Kawai, Shohei Saito, Shinichiro Osumi, et al.",Nature Communications,2015,474,DFT adsorption energy gas sensing graphene,False,pending
https://openalex.org/W1898372800,10.3390/electronics4030651,Two-Dimensional Materials for Sensing: Graphene and Beyond,"Seba Sara Varghese, Saino Hanna Varghese, Sundaram Swaminathan, et al.",Electronics,2015,449,DFT adsorption energy gas sensing MoS2,False,pending
https://openalex.org/W2899238307,10.1007/s12274-018-2225-3,Review of MXenes as new nanomaterials for energy storage/delivery and selected environmental applications,"Byung‐Moon Jun, Sewoon Kim, Jiyong Heo, et al.",Nano Research,2018,449,DFT adsorption energy gas sensing ZnO,False,pending
https://openalex.org/W2039699055,10.1038/srep05209,Photoresponsive and Gas Sensing Field-Effect Transistors based on Multilayer WS2 Nanoflakes,"Nengjie Huo, Shengxue Yang, Zhongming Wei, et al.",Scientific Reports,2014,431,DFT adsorption energy gas sensing graphene,False,pending
https://openalex.org/W2925261887,10.1038/s41467-019-09157-2,Fluorinated MOF platform for selective removal and sensing of SO2 from flue gas and air,"Mohamed Rachid Tchalala, Prashant M. Bhatt, Karumbaiah N. Chappanda, et al.",Nature Communications,2019,429,DFT adsorption energy gas sensing graphene,False,pending
https://openalex.org/W3013809328,10.1038/s41467-020-15330-9,Ultrasensitive detection of nucleic acids using deformed graphene channel field effect biosensors,"Michael Taeyoung Hwang, Mohammad Heiranian, Yerim Kim, et al.",Nature Communications,2020,417,DFT adsorption energy gas sensing graphene,False,pending
https://openalex.org/W3198502890,10.1038/s41699-021-00259-4,Recent advances of MXenes as electrocatalysts for hydrogen evolution reaction,"Saishuai Bai, Meiqing Yang, Jizhou Jiang, et al.",npj 2D Materials and Applications,2021,355,DFT adsorption energy gas sensing MXene,False,pending
https://openalex.org/W3208823211,10.1039/d1ma00625h,Surface functionalization of MXenes,"Mohammad Mozafari, Masoud Soroush",Materials Advances,2021,350,DFT adsorption energy gas sensing MXene,False,pending
https://openalex.org/W2787436741,10.3390/batteries4010004,"Pre-Lithiation Strategies for Rechargeable Energy Storage Technologies: Concepts, Promises and Challenges","Florian Holtstiege, Peer Bärmann, Roman Nölle, et al.",Batteries,2018,348,DFT adsorption energy gas sensing SnO2,False,pending
https://openalex.org/W2095429697,10.1088/0957-4484/22/38/385502,Adsorption of gas molecules on transition metal embedded graphene: a search for high-performance graphene-based catalysts and gas sensors,"Miao Zhou, Yunhao Lu, Yongqing Cai, et al.",Nanotechnology,2011,338,DFT adsorption energy gas sensing graphene,False,pending
https://openalex.org/W2139257971,10.1002/advs.201500101,Experimental Sensing and Density Functional Theory Study of H<sub>2</sub>S and SOF<sub>2</sub> Adsorption on Au‐Modified Graphene,"Xiaoxing Zhang, Yu Lei, Xiaoqing Wu, et al.",Advanced Science,2015,324,DFT adsorption energy gas sensing graphene,False,pending
https://openalex.org/W3123047418,10.1038/s41427-020-00278-5,Carbon-based SERS biosensor: from substrate design to sensing and bioapplication,"Xiu Liang, Ning Li, Runhao Zhang, et al.",NPG Asia Materials,2021,298,DFT adsorption energy gas sensing TiO2,False,pending
https://openalex.org/W3010291933,10.3390/nano10030471,AACVD Synthesis and Characterization of Iron and Copper Oxides Modified ZnO Structured Films,"Martha Claros, Milena Šetka, Yecid P. Jiménez, et al.",Nanomaterials,2020,286,DFT adsorption energy gas sensing ZnO,False,pending
https://openalex.org/W4311953715,10.1002/eng2.12604,Metal oxide semiconductors for gas sensing,"Neeraj Goel, Kishor Kunal, Aditya Kushwaha, et al.",Engineering Reports,2022,271,DFT adsorption energy gas sensing MoS2,False,pending
https://openalex.org/W2973393431,10.1021/acs.est.9b04274,Capacitive Deionization of Saline Water by Using MoS<sub>2</sub>–Graphene Hybrid Electrodes with High Volumetric Adsorption Capacity,"Jinlong Han, Tingting Yan, Junjie Shen, et al.",Environmental Science & Technology,2019,238,DFT adsorption energy gas sensing MoS2,False,pending
https://openalex.org/W3119786833,10.1007/s40820-020-00565-4,Charge-Transfer Resonance and Electromagnetic Enhancement Synergistically Enabling MXenes with Excellent SERS Sensitivity for SARS-CoV-2 S Protein Detection,"Yusi Peng, Chenglong Lin, Long Li, et al.",Nano-Micro Letters,2021,238,DFT adsorption energy gas sensing MXene,False,pending
https://openalex.org/W2562779550,10.1038/ncomms14085,Unravelling exceptional acetylene and carbon dioxide adsorption within a tetra-amide functionalized metal-organic framework,"Florian Moreau, Iván da Silva, Nada H. Al Smail, et al.",Nature Communications,2017,234,CASTEP adsorption energy gas sensing,False,pending
https://openalex.org/W4307171311,10.3390/sym14112232,"Surface Terminations of MXene: Synthesis, Characterization, and Properties","Mengrao Tang, Jiaming Li, Yu Wang, et al.",Symmetry,2022,229,DFT adsorption energy gas sensing MXene,False,pending
https://openalex.org/W2921583012,10.1038/s41467-019-09008-0,Gas identification with graphene plasmons,"Hai Hu, Xiaoxia Yang, Xiangdong Guo, et al.",Nature Communications,2019,216,first principles NH3 NO2 gas sensor metal oxide,False,pending
https://openalex.org/W4384339195,10.3390/catal13071102,Recent Progress on Semiconductor Heterogeneous Photocatalysts in Clean Energy Production and Environmental Remediation,"Nahal Goodarzi, Zahra Ashrafi-Peyman, Elahe Khani, et al.",Catalysts,2023,211,DFT adsorption energy gas sensing WO3,False,pending
https://openalex.org/W2075932020,10.1021/am4018835,TiO<sub>2</sub>-Based Gas Sensor: A Possible Application to SO<sub>2</sub>,"Jawad Nisar, Zareh Topalian, Abir De Sarkar, et al.",ACS Applied Materials & Interfaces,2013,204,DFT adsorption energy gas sensing TiO2,False,pending
https://openalex.org/W4224217074,10.1016/j.cej.2022.136449,Room temperature gas sensors based on Ce doped TiO2 nanocrystals for highly sensitive NH3 detection,"Kaidi Wu, Marc Debliquy, Chao Zhang",Chemical Engineering Journal,2022,198,DFT adsorption energy gas sensing SnO2,False,pending
https://openalex.org/W2584522913,10.1038/srep41716,Enhanced Gas Sensing Properties of Spin-coated Na-doped ZnO Nanostructured Films,"Mohamed A. Basyooni, Mohamed Shaban, Adel M. El Sayed",Scientific Reports,2017,196,DFT adsorption energy gas sensing SnO2,False,pending
https://openalex.org/W656428501,10.1063/1.4922049,Mechanism of charge transfer and its impacts on Fermi-level pinning for gas molecules adsorbed on monolayer WS2,"Changjie Zhou, Weihuang Yang, Huili Zhu",The Journal of Chemical Physics,2015,192,first principles NH3 NO2 gas sensor metal oxide,False,pending
https://openalex.org/W2560655910,10.1021/acsnano.6b07502,Trends in Adhesion Energies of Metal Nanoparticles on Oxide Surfaces: Understanding Support Effects in Catalysis and Nanotechnology,"Stephanie L. Hemmingson, Charles T. Campbell",ACS Nano,2016,188,DFT adsorption energy gas sensing TiO2,False,pending
https://openalex.org/W2557837678,10.3390/catal6120188,The Applications of Morphology Controlled ZnO in Catalysis,"Yuhai Sun, Limin Chen, Yunfeng Bao, et al.",Catalysts,2016,183,DFT adsorption energy gas sensing ZnO,False,pending
https://openalex.org/W2911413424,10.1016/j.apcatb.2019.01.058,Effect of Cu doping on the anatase-to-rutile phase transition in TiO2 photocatalysts: Theory and experiments,"Ciara Byrne, Lorraine Moran, Daphne Hermosilla, et al.",Applied Catalysis B: Environmental,2019,178,DFT adsorption energy gas sensing TiO2,False,pending
https://openalex.org/W2887735297,10.3390/cryst8080316,"Progress in Contact, Doping and Mobility Engineering of MoS2: An Atomically Thin 2D Semiconductor","Amritesh Rai, Hema C. P. Movva, Anupam Roy, et al.",Crystals,2018,171,DFT adsorption energy gas sensing MoS2,False,pending
https://openalex.org/W4281616754,10.1021/acs.chemmater.2c00224,How Water Attacks MXene,"Tao Wu, Paul R. C. Kent, Yury Gogotsi, et al.",Chemistry of Materials,2022,171,DFT adsorption energy gas sensing MXene,False,pending
https://openalex.org/W4226407621,10.1515/ntrev-2022-0035,Advances in ZnO: Manipulation of defects for enhancing their technological potentials,"Irfan Ayoub, Vijay Kumar, Reza Abolhassani, et al.",Nanotechnology Reviews,2022,166,DFT adsorption energy gas sensing ZnO,False,pending
https://openalex.org/W3212842788,10.1038/s41467-021-26997-z,Photoelectrocatalytic C–H halogenation over an oxygen vacancy-rich TiO2 photoanode,"Zhenhua Li, Lan Luo, Min Li, et al.",Nature Communications,2021,166,DFT adsorption energy gas sensing TiO2,False,pending
https://openalex.org/W4205889124,10.1007/s40145-021-0546-2,Electrospun Cu-doped In2O3 hollow nanofibers with enhanced H2S gas sensing performance,"Yu Zhang, Shuai Han, Mingyuan Wang, et al.",Journal of Advanced Ceramics,2022,165,DFT adsorption energy gas sensing ZnO,False,pending
https://openalex.org/W4317436698,10.3390/catal13020232,"Investigation of Advanced Oxidation Process in the Presence of TiO2 Semiconductor as Photocatalyst: Property, Principle, Kinetic Analysis, and Photocatalytic Activity","Amir Hossein Navidpour, Sedigheh Abbasi, Donghao Li, et al.",Catalysts,2023,165,DFT adsorption energy gas sensing TiO2,False,pending
https://openalex.org/W4311739266,10.1038/s41467-022-35467-z,Selective and rapid extraction of trace amount of gold from complex liquids with silver(I)-organic frameworks,"Jie Luo, Xiao Luo, Mo Xie, et al.",Nature Communications,2022,165,CASTEP adsorption energy gas sensing,False,pending
https://openalex.org/W3015065504,10.1515/nanoph-2019-0556,MXenes: focus on optical and electronic properties and corresponding applications,"Yifan Wang, Yanheng Xu, Menglei Hu, et al.",Nanophotonics,2020,162,DFT adsorption energy gas sensing MXene,False,pending
https://openalex.org/W2793973612,10.3390/batteries4010007,Current Advances in TiO2-Based Nanostructure Electrodes for High Performance Lithium Ion Batteries,"Mahmoud Madian, Alexander Eychmüller, Lars Giebeler",Batteries,2018,162,DFT adsorption energy gas sensing TiO2,False,pending
https://openalex.org/W2989881235,10.1007/s40820-019-0324-7,Revealing the Intrinsic Peroxidase-Like Catalytic Mechanism of Heterogeneous Single-Atom Co–MoS2,"Ying Wang, Kun Qi, Shansheng Yu, et al.",Nano-Micro Letters,2019,160,DFT adsorption energy gas sensing MoS2,False,pending
https://openalex.org/W4283378313,10.1002/adfm.202112913,Emergence of MXene–Polymer Hybrid Nanocomposites as High‐Performance Next‐Generation Chemiresistors for Efficient Air Quality Monitoring,"Vishal Chaudhary, Naveed Ashraf, Mohammad Khalid, et al.",Advanced Functional Materials,2022,158,DFT adsorption energy gas sensing MXene,False,pending
https://openalex.org/W3011222997,10.1038/s41467-020-15262-4,Two-dimensional gersiloxenes with tunable bandgap for photocatalytic H2 evolution and CO2 photoreduction to CO,"Fulai Zhao, Yiyu Feng, Yu Wang, et al.",Nature Communications,2020,154,DMol3 adsorption energy gas sensor,False,pending
https://openalex.org/W2289289769,10.1021/acsami.5b09695,Improved Selectivity and Sensitivity of Gas Sensing Using a 3D Reduced Graphene Oxide Hydrogel with an Integrated Microheater,"Jin Wu, Kai Tao, Jianmin Miao, et al.",ACS Applied Materials & Interfaces,2015,153,first principles NH3 NO2 gas sensor metal oxide,False,pending
https://openalex.org/W3007032084,10.3390/catal10020227,Synthesis and Surface Modification of TiO2-Based Photocatalysts for the Conversion of CO2,"Samar Al Jitan, Giovanni Palmisano, Corrado Garlisi",Catalysts,2020,150,DFT adsorption energy gas sensing TiO2,False,pending
https://openalex.org/W3129475308,10.1021/acsanm.0c03239,MoS<sub>2</sub>/WO<sub>3</sub>Nanosheets for Detection of Ammonia,"Sukhwinder Singh, Jyotirmoy Deb, Utpal Sarkar, et al.",ACS Applied Nano Materials,2021,149,DFT adsorption energy gas sensing MoS2,False,pending
https://openalex.org/W3008666156,10.1007/s40820-020-0394-6,MoS2 Nanosheets Sensitized with Quantum Dots for Room-Temperature Gas Sensors,"Jing‐yao Liu, Zhixiang Hu, Yuzhu Zhang, et al.",Nano-Micro Letters,2020,148,DFT adsorption energy gas sensing MoS2,False,pending
https://openalex.org/W2899999457,10.1021/jacs.8b08800,"Machine-Learning Prediction of CO Adsorption in Thiolated, Ag-Alloyed Au Nanoclusters","Gihan Panapitiya, Guillermo Avendaño-Franco, Pengju Ren, et al.",Journal of the American Chemical Society,2018,148,DFT adsorption energy gas sensing TiO2,False,pending
https://openalex.org/W4306651518,10.3390/catal12101263,Preparation and Photocatalytic Activities of TiO2-Based Composite Catalysts,"Huaitao Yang, Beibei Yang, Wei Chen, et al.",Catalysts,2022,147,DFT adsorption energy gas sensing TiO2,False,pending
https://openalex.org/W2309969137,10.1016/j.carbon.2016.03.040,"Long lifetime photoluminescence in N, S co-doped carbon quantum dots from an ionic liquid and their applications in ultrasensitive detection of pesticides","Haitao Li, Chenghua Sun, R. Vijayaraghavan, et al.",Carbon,2016,147,DMol3 adsorption energy gas sensor,False,pending
https://openalex.org/W2761149042,10.1038/s41467-017-00692-4,Laterally extended atomically precise graphene nanoribbons with improved electrical conductivity for efficient gas sensing,"Mohammad Mehdi Pour, Andrey Lashkov, Adrian Radocea, et al.",Nature Communications,2017,146,DFT adsorption energy gas sensing graphene,False,pending
https://openalex.org/W4318301866,10.1002/sstr.202200354,Applications of MXene‐Based Single‐Atom Catalysts,"Xue Bai, Jingqi Guan",Small Structures,2023,146,DFT adsorption energy gas sensing MXene,False,pending
https://openalex.org/W3134104401,10.1007/s12209-021-00282-y,"Advances in MXene Films: Synthesis, Assembly, and Applications","Xiaohua Li, Feitian Ran, Fan Yang, et al.",Transactions of Tianjin University,2021,146,DFT adsorption energy gas sensing MXene,False,pending
https://openalex.org/W2748260048,10.1002/adfm.201702646,Colorimetric Nanofibers as Optical Sensors,"Ella Schoolaert, Richard Hoogenboom, Karen De Clerck",Advanced Functional Materials,2017,146,first principles NH3 NO2 gas sensor metal oxide,False,pending
https://openalex.org/W2785818933,10.1007/s00339-018-1629-y,"Noble metal (Pt or Au)-doped monolayer MoS2 as a promising adsorbent and gas-sensing material to SO2, SOF2 and SO2F2: a DFT study","Dachang Chen, Xiaoxing Zhang, Ju Tang, et al.",Applied Physics A,2018,142,DFT adsorption energy gas sensing MoS2,False,pending
https://openalex.org/W3014515965,10.3390/nano10040681,The Adsorption of Methylene Blue on Eco-Friendly Reduced Graphene Oxide,"Fabian Arias Arias, Marco Guevara, Talía Tene, et al.",Nanomaterials,2020,142,DFT adsorption energy gas sensing graphene,False,pending
https://openalex.org/W4394572716,10.1038/s41467-024-47078-x,Essential role of lattice oxygen in hydrogen sensing reaction,"Jiayu Li, Wenzhe Si, Lei Shi, et al.",Nature Communications,2024,141,DFT adsorption energy gas sensing SnO2,False,pending
https://openalex.org/W2620475208,10.3390/ma10060604,Solid-State Method Synthesis of SnO2-Decorated g-C3N4 Nanocomposites with Enhanced Gas-Sensing Property to Ethanol,"Jianliang Cao, Cong Qin, Yan Wang, et al.",Materials,2017,136,DFT adsorption energy gas sensing SnO2,False,pending
https://openalex.org/W2938534290,10.1016/j.apcatb.2019.04.033,Theoretical and experimental investigation of visible light responsive AgBiS2-TiO2 heterojunctions for enhanced photocatalytic applications,"Priyanka Ganguly, Snehamol Mathew, Laura Clarizia, et al.",Applied Catalysis B: Environmental,2019,136,DFT adsorption energy gas sensing TiO2,False,pending
https://openalex.org/W2909405664,10.1038/s41467-018-07774-x,Structure and electrochromism of two-dimensional octahedral molecular sieve h’-WO3,"Julie Besnardiere, Binghua Ma, Almudena Torres‐Pardo, et al.",Nature Communications,2019,132,DFT adsorption energy gas sensing WO3,False,pending
https://openalex.org/W2415441282,10.1038/ncomms11830,Integration of metal-organic frameworks into an electrochemical dielectric thin film for electronic applications,"Weijin Li, Juan Liu, Zhihua Sun, et al.",Nature Communications,2016,129,CASTEP adsorption energy gas sensing,False,pending
https://openalex.org/W4391345117,10.1016/j.cis.2024.103096,"Environmental remediation of the norfloxacin in water by adsorption: Advances, current status and prospects","Jordana Georgin, Dison S.P. Franco, Lucas Meili, et al.",Advances in Colloid and Interface Science,2024,127,DFT adsorption energy gas sensing SnO2,False,pending
https://openalex.org/W2528395482,10.1038/srep35066,NO gas sensing kinetics at room temperature under UV light irradiation of In2O3 nanostructures,"Nguyễn Đức Chính, Nguyen Duc Quang, Hyundong Lee, et al.",Scientific Reports,2016,127,first principles NH3 NO2 gas sensor metal oxide,False,pending
https://openalex.org/W2883801973,10.1021/jacs.8b05913,Complexity of Intercalation in MXenes: Destabilization of Urea by Two-Dimensional Titanium Carbide,"Steven H. Overbury, А. И. Колесников, Gilbert M. Brown, et al.",Journal of the American Chemical Society,2018,124,DFT adsorption energy gas sensing MXene,False,pending
https://openalex.org/W2901191235,10.3390/ma11112254,Rapid Solar-Light Driven Superior Photocatalytic Degradation of Methylene Blue Using MoS2-ZnO Heterostructure Nanorods Photocatalyst,"Ritika, Manjot Kaur, Ahmad Umar, et al.",Materials,2018,123,DFT adsorption energy gas sensing MoS2,False,pending
https://openalex.org/W3198168688,10.1007/s12274-021-3751-y,Versatile Ti3C2Tx MXene for free-radical scavenging,"Jiang Liu, Wei Lü, Xifeng Lu, et al.",Nano Research,2021,122,DFT adsorption energy gas sensing MXene,False,pending
https://openalex.org/W3196237408,10.1021/acsnano.1c06027,Titanium Carbide MXene Shows an Electrochemical Anomaly in Water-in-Salt Electrolytes,"Xuehang Wang, Tyler S. Mathis, Yangyunli Sun, et al.",ACS Nano,2021,119,DFT adsorption energy gas sensing MXene,False,pending
https://openalex.org/W2027811123,10.1038/srep06450,Reversible Hydrophobic to Hydrophilic Transition in Graphene via Water Splitting Induced by UV Irradiation,"Zhemi Xu, Zhimin Ao, Dewei Chu, et al.",Scientific Reports,2014,118,CASTEP adsorption energy gas sensing,False,pending
https://openalex.org/W4211056256,10.1002/adma.202108682,Redox‐Active Metaphosphate‐Like Terminals Enable High‐Capacity MXene Anodes for Ultrafast Na‐Ion Storage,"Boya Sun, Qiongqiong Lu, Kaixuan Chen, et al.",Advanced Materials,2022,117,DFT adsorption energy gas sensing MXene,False,pending
https://openalex.org/W2979309390,10.1049/hve.2019.0170,Platinum modified MoS <sub>2</sub> monolayer for adsorption and gas sensing of SF <sub>6</sub> decomposition products: a DFT study,"Yingang Gui, Jinzhi Shi, Pingan Yang, et al.",High Voltage,2019,116,DFT adsorption energy gas sensing MoS2,False,pending
https://openalex.org/W1977502381,10.1002/adfm.201101549,Multifunctional ZnO‐Nanowire‐Based Sensor,"Andreas M. Menzel, Kittitat Subannajui, Firat Güder, et al.",Advanced Functional Materials,2011,116,DFT adsorption energy gas sensing ZnO,False,pending
https://openalex.org/W4384155010,10.1038/s41467-023-39791-w,2D MXenes polar catalysts for multi-renewable energy harvesting applications,"Xiaoyang Pan, Xuhui Yang, Maoqing Yu, et al.",Nature Communications,2023,116,DFT adsorption energy gas sensing MXene,False,pending
https://openalex.org/W2980218923,10.1016/j.physe.2019.113768,"Adsorption of small gas molecules on transition metal (Fe, Ni and Co, Cu) doped graphene: A systematic DFT study","Jiaming Ni, Mildred Quintana, Shaoxian Song",Physica E Low-dimensional Systems and Nanostructures,2019,115,DFT adsorption energy gas sensing graphene,False,pending
https://openalex.org/W4392979878,10.1016/j.pmatsci.2024.101287,Emerging 2D materials beyond mxenes and TMDs: Transition metal carbo-chalcogenides,"Kassa Belay Ibrahim, Tofik Ahmed Shifa, Sandro Zorzi, et al.",Progress in Materials Science,2024,115,DFT adsorption energy gas sensing MXene,False,pending
https://openalex.org/W2969059092,10.1016/j.jmat.2019.08.003,β-Ga2O3 nanowires and thin films for metal oxide semiconductor gas sensors: Sensing mechanisms and performance enhancement strategies,Adeel Afzal,Journal of Materiomics,2019,114,DFT adsorption energy gas sensing SnO2,False,pending
https://openalex.org/W4317042841,10.3390/w15030384,Facile Green Synthesis of ZnO NPs and Plasmonic Ag-Supported ZnO Nanocomposite for Photocatalytic Degradation of Methylene Blue,"Elham A. Alzahrani, Arshid Nabi, Majid Rasool Kamli, et al.",Water,2023,114,DFT adsorption energy gas sensing ZnO,False,pending
https://openalex.org/W2805158049,10.1038/s41467-018-04615-9,Visualizing hydrogen-induced reshaping and edge activation in MoS2 and Co-promoted MoS2 catalyst clusters,"Signe S. Grønborg, Norberto Salazar, Albert Bruix, et al.",Nature Communications,2018,113,DFT adsorption energy gas sensing MoS2,False,pending
https://openalex.org/W2772212399,10.1038/s41467-017-02238-0,Telluriding monolayer MoS2 and WS2 via alkali metal scooter,"Seok Joon Yun, Gang Han, Hyun Kim, et al.",Nature Communications,2017,112,DFT adsorption energy gas sensing MoS2,False,pending
https://openalex.org/W2945268736,10.1039/c9ra01472a,Tuning the structural and electronic properties and chemical activities of stanene monolayers by embedding 4d Pd: a DFT study,Amirali Abbasi,RSC Advances,2019,112,DFT adsorption energy gas sensing ZnO,False,pending
https://openalex.org/W3080164955,10.1016/j.physe.2020.114418,Pt-doped armchair graphene nanoribbon as a promising gas sensor for CO and CO2: DFT study,"Ehab Salih, Ahmad I. Ayesh",Physica E Low-dimensional Systems and Nanostructures,2020,111,DFT adsorption energy gas sensing SnO2,False,pending
https://openalex.org/W2806671343,10.1021/acs.chemmater.8b01394,Acid Gas Stability of Zeolitic Imidazolate Frameworks: Generalized Kinetic and Thermodynamic Characteristics,"Souryadeep Bhattacharyya, Rebecca Han, Wun-gwi Kim, et al.",Chemistry of Materials,2018,111,first principles NH3 NO2 gas sensor metal oxide,False,pending
https://openalex.org/W3005380230,10.3390/nano10020299,Performance of Intrinsic and Modified Graphene for the Adsorption of H2S and CH4: A DFT Study,"Xin Gao, Qu Zhou, Jingxuan Wang, et al.",Nanomaterials,2020,109,DFT adsorption energy gas sensing graphene,False,pending
https://openalex.org/W2998161636,10.1016/j.physe.2019.113947,Gas sensing mechanism of dissolved gases in transformer oil on Ag–MoS2 monolayer: A DFT study,"Jingxuan Wang, Qu Zhou, Lingna Xu, et al.",Physica E Low-dimensional Systems and Nanostructures,2020,108,DFT adsorption energy gas sensing MoS2,False,pending
https://openalex.org/W4317889122,10.1021/acsami.2c19883,Highly Selective H<sub>2</sub>S Gas Sensor Based on Ti<sub>3</sub>C<sub>2</sub>T<sub><i>x</i></sub> MXene–Organic Composites,"Seyed Hossein Hosseini Shokouh, Jin Zhou, Ethan Berger, et al.",ACS Applied Materials & Interfaces,2023,106,DFT adsorption energy gas sensing MXene,False,pending
https://openalex.org/W2757340167,10.1002/admi.201700801,MoS<sub>2</sub>–Carbon Nanotube Hybrid Material Growth and Gas Sensing,"Geetanjali Deokar, Péter Vancsó, Raúl Arenal, et al.",Advanced Materials Interfaces,2017,105,DFT adsorption energy gas sensing MoS2,False,pending
https://openalex.org/W3010314065,10.1016/j.carbon.2020.02.078,"Sensing of volatile organic compounds on two-dimensional nitrogenated holey graphene, graphdiyne, and their heterostructure","Tanveer Hussain, Muhammad Sajjad, Deobrat Singh, et al.",Carbon,2020,105,DFT adsorption energy gas sensing TiO2,False,pending
https://openalex.org/W4386847477,10.1007/s10971-023-06223-6,"The role of TiO2 nanoparticles in enhancing the structural, optical, and electrical properties of PVA/PVP/CMC ternary polymer blend: nanocomposites for capacitive energy storage","Mohammed M. Damoom, Abdu Saeed, Eida M. Alshammari, et al.",Journal of Sol-Gel Science and Technology,2023,104,DFT adsorption energy gas sensing TiO2,False,pending
https://openalex.org/W3045603098,10.3390/app10155111,Ammonia Gas Sensors: Comparison of Solid-State and Optical Methods,"Z. Bielecki, T. Stacewicz, Janusz Smulko, et al.",Applied Sciences,2020,103,first principles NH3 NO2 gas sensor metal oxide,False,pending
https://openalex.org/W2278613810,10.1063/1.4942491,Adsorption of CO molecules on doped graphene: A first-principles study,"Weidong Wang, Yuxiang Zhang, Cuili Shen, et al.",AIP Advances,2016,102,DFT adsorption energy gas sensing graphene,False,pending
https://openalex.org/W3204490514,10.1002/adma.202104878,2D Molybdenum Carbide MXenes for Enhanced Selective Detection of Humidity in Air,"Hanna Pazniak, Alexey S. Varezhnikov, Dmitry A. Kolosov, et al.",Advanced Materials,2021,98,DFT adsorption energy gas sensing MXene,False,pending
https://openalex.org/W3007720416,10.3390/catal10020234,Enhanced Photocatalytic Activity of Au/TiO2 Nanoparticles against Ciprofloxacin,"Pedro M. Martins, Sandro Kappert, Hoai Nga Le, et al.",Catalysts,2020,98,DFT adsorption energy gas sensing TiO2,False,pending
https://openalex.org/W3094928526,10.1155/2020/8855321,Design and Synthesis of Nanostructured Materials for Sensor Applications,Naumih M. Noah,Journal of Nanomaterials,2020,97,first principles NH3 NO2 gas sensor metal oxide,False,pending
https://openalex.org/W4385188334,10.1016/j.mtnano.2023.100382,Temperature-dependent photoconductivity in two-dimensional MoS2 transistors,"Antonio Di Bartolomeo, Arun Kumar, O. Durante, et al.",Materials Today Nano,2023,96,DFT adsorption energy gas sensing MoS2,False,pending
https://openalex.org/W4390702307,10.1021/acsomega.3c06533,Recent Advances in Nanostructured Materials for Application as Gas Sensors,"Pravas Kumar Panigrahi, Basavaiah Chandu, Nagaprasad Puvvada",ACS Omega,2024,96,DFT adsorption energy gas sensing WO3,False,pending
https://openalex.org/W2137254762,10.1155/2012/612420,Gas Sensing Properties and Mechanism of Nano‐SnO<sub>2</sub>‐Based Sensor for Hydrogen and Carbon Monoxide,"Weigen Chen, Qu Zhou, Fu Wan, et al.",Journal of Nanomaterials,2012,96,CASTEP adsorption energy gas sensing,False,pending
https://openalex.org/W3006681573,10.3389/fchem.2019.00941,Accelerating Photocatalytic Hydrogen Production and Pollutant Degradation by Functionalizing g-C3N4 With SnO2,"Amir Zada, Muhammad Asim Khan, Muhammad Nasimullah Qureshi, et al.",Frontiers in Chemistry,2020,95,DFT adsorption energy gas sensing SnO2,False,pending
https://openalex.org/W3156950363,10.3390/batteries7020025,Early Detection of Failing Automotive Batteries Using Gas Sensors,"Christiane Essl, Lauritz Seifert, Michael Rabe, et al.",Batteries,2021,93,first principles NH3 NO2 gas sensor metal oxide,False,pending
https://openalex.org/W2995247455,10.1007/s40820-019-0345-2,Experimental and DFT Studies of Au Deposition Over WO3/g-C3N4 Z-Scheme Heterojunction,"Muhammad Humayun, Habib Ullah, Junhao Cao, et al.",Nano-Micro Letters,2019,92,DFT adsorption energy gas sensing WO3,False,pending
https://openalex.org/W3049497747,10.1016/j.mtadv.2020.100099,Metal oxides nanowires chemical/gas sensors: recent advances,Elisabetta Comini,Materials Today Advances,2020,91,first principles NH3 NO2 gas sensor metal oxide,False,pending
https://openalex.org/W4312114809,10.1039/d2ra06307g,"Highly sensitive work function type room temperature gas sensor based on Ti doped hBN monolayer for sensing CO<sub>2</sub>, CO, H<sub>2</sub>S, HF and NO. A DFT study","Basheer Ahmed Kalwar, Wang Fangzong, Amir Mahmood Soomro, et al.",RSC Advances,2022,89,DFT adsorption energy gas sensing MoS2,False,pending
https://openalex.org/W3017281751,10.1016/j.jhazmat.2020.122750,MnO2-decorated N-doped carbon nanotube with boosted activity for low-temperature oxidation of formaldehyde,"Shuai Peng, Xixian Yang, James Strong, et al.",Journal of Hazardous Materials,2020,89,DMol3 adsorption energy gas sensor,False,pending
https://openalex.org/W4382618478,10.1186/s43074-023-00091-7,"MXene sensors based on optical and electrical sensing signals: from biological, chemical, and physical sensing to emerging intelligent and bionic devices","Leiming Wu, Xixi Yuan, Yuxuan Tang, et al.",PhotoniX,2023,88,DFT adsorption energy gas sensing MXene,False,pending
https://openalex.org/W2918715111,10.1021/jacs.9b00654,"Chemiresistive Detection of Gaseous Hydrocarbons and Interrogation of Charge Transport in Cu[Ni(2,3-pyrazinedithiolate)<sub>2</sub>] by Gas Adsorption","Michael L. Aubrey, Matthew T. Kapelewski, Jonathan F. Melville, et al.",Journal of the American Chemical Society,2019,87,DFT adsorption energy gas sensing SnO2,False,pending
https://openalex.org/W4281692901,10.1063/5.0087457,Enhanced electrochemical performance of vanadium carbide MXene composites for supercapacitors,"Syedah Afsheen Zahra, Babak Anasori, Muhammad Z. Iqbal, et al.",APL Materials,2022,87,DFT adsorption energy gas sensing MXene,False,pending
https://openalex.org/W3194971046,10.1021/acscatal.1c02663,Carbon Capture and Usage by MXenes,"Raul Morales-Salvador, José D. Gouveia, Ángel Morales‐García, et al.",ACS Catalysis,2021,86,DFT adsorption energy gas sensing MXene,False,pending
https://openalex.org/W4306770620,10.1007/s40843-022-2186-0,Three-dimensional MXenes heterostructures and their applications,"Jizhou Jiang, Fangyi Li, Jing Zou, et al.",Science China Materials,2022,86,DFT adsorption energy gas sensing MXene,False,pending
https://openalex.org/W3024137443,10.1038/s41598-020-64510-6,Controlled Structure and Growth Mechanism behind Hydrothermal Growth of TiO2 Nanorods,"Aschariya Prathan, Jongrak Sanglao, Tao Wang, et al.",Scientific Reports,2020,86,DFT adsorption energy gas sensing TiO2,False,pending
https://openalex.org/W4366425780,10.3390/en16083520,Nb2CTx-Based MXenes Most Recent Developments: From Principles to New Applications,"Tholkappiyan Ramachandran, Abdel‐Hamid I. Mourad, Mostafa S. A. ElSayed",Energies,2023,85,DFT adsorption energy gas sensing MXene,False,pending
https://openalex.org/W2442587460,10.1038/srep27370,Scandium and Titanium Containing Single-Walled Carbon Nanotubes for Hydrogen Storage: a Thermodynamic and First Principle Calculation,"Michael Mananghaya, Dennis Yu, Gil Nonato C. Santos, et al.",Scientific Reports,2016,85,DMol3 adsorption energy gas sensor,False,pending
https://openalex.org/W3128691258,10.1039/d0ma00880j,Advanced development of metal oxide nanomaterials for H<sub>2</sub>gas sensing applications,"Yushu Shi, Huiyan Xu, Tongyao Liu, et al.",Materials Advances,2021,84,DFT adsorption energy gas sensing SnO2,False,pending
https://openalex.org/W2903735312,10.1021/acscatal.8b02999,Adsorption and Destruction of the G-Series Nerve Agent Simulant Dimethyl Methylphosphonate on Zinc Oxide,"Scott Holdren, Roman Tsyshevsky, Kenan P. Fears, et al.",ACS Catalysis,2018,80,DFT adsorption energy gas sensing ZnO,False,pending
https://openalex.org/W3135280743,10.1016/j.ijhydene.2021.02.004,Effect of transition metal (Cu and Pt) doping/ co-doping on hydrogen gas sensing capability of graphene: A DFT study,"Mehak Singla, Deepa Sharma, Neena Jaggi",International Journal of Hydrogen Energy,2021,80,DFT adsorption energy gas sensing graphene,False,pending
https://openalex.org/W2794145447,10.1016/j.physe.2018.02.022,Evaluation of H2S sensing characteristics of metals–doped graphene and metals-decorated graphene: Insights from DFT study,Zahra Khodadadi,Physica E Low-dimensional Systems and Nanostructures,2018,79,DFT adsorption energy gas sensing graphene,False,pending
https://openalex.org/W4317655803,10.1016/j.nanoen.2023.108216,"Light-driven, ultra-sensitive and multifunctional ammonia wireless sensing system by plasmonic-functionalized Nb2CTx MXenes towards smart agriculture","Tingting Zhou, Peng Zhang, Zhongzheng Yu, et al.",Nano Energy,2023,79,DFT adsorption energy gas sensing MXene,False,pending
https://openalex.org/W4206134927,10.1016/j.jallcom.2022.163765,Morphology and size effect of Pd nanocrystals on formaldehyde and hydrogen sensing performance of SnO2 based gas sensor,"Gaojie Li, Fan Yu, Qingmin Hu, et al.",Journal of Alloys and Compounds,2022,78,DFT adsorption energy gas sensing SnO2,False,pending
https://openalex.org/W4200030025,10.1016/j.jmgm.2021.108109,New insights into NO adsorption on alkali metal and transition metal doped graphene nanoribbon surface: A DFT approach,"R. Deji, Akarsh Verma, B.C. Choudhary, et al.",Journal of Molecular Graphics and Modelling,2021,78,DFT adsorption energy gas sensing graphene,False,pending
https://openalex.org/W4392731365,10.1038/s41427-023-00513-9,Wearable respiratory sensors for health monitoring,"Zhifu Yin, Yang Yang, Cong Hu, et al.",NPG Asia Materials,2024,78,first principles NH3 NO2 gas sensor metal oxide,False,pending
https://openalex.org/W3198000063,10.1038/s41598-021-96200-2,Preparation of hexagonal nanoporous Al2O3/TiO2/TiN as a novel photodetector with high efficiency,"Asmaa M. Elsayed, Mohamed Rabia, Mohamed Shaban, et al.",Scientific Reports,2021,77,DFT adsorption energy gas sensing TiO2,False,pending
https://openalex.org/W3121025920,10.3390/nano11010100,The Adsorption and Sensing Performances of Ir-modified MoS2 Monolayer toward SF6 Decomposition Products: A DFT Study,"Hongcheng Liu, Feipeng Wang, Kelin Hu, et al.",Nanomaterials,2021,76,DFT adsorption energy gas sensing MoS2,False,pending
https://openalex.org/W4390690910,10.1021/acsami.3c15103,"Highly Sensitive Gas Sensor for Detection of Air Decomposition Pollutant (CO, NO<sub><i>x</i></sub>): Popular Metal Oxide (ZnO, TiO<sub>2</sub>)-Doped MoS<sub>2</sub> Surface","Mingxiang Wang, Qingbin Zeng, Jianjun Cao, et al.",ACS Applied Materials & Interfaces,2024,76,DFT adsorption energy gas sensing ZnO,False,pending
https://openalex.org/W4220766017,10.1016/j.mssp.2022.106670,Adsorption chemistry of co-doped graphene nanoribbon and its derivatives towards carbon based gases for gas sensing applications: Quantum DFT investigation,"R. Deji, Akarsh Verma, Navjot Kaur, et al.",Materials Science in Semiconductor Processing,2022,76,DFT adsorption energy gas sensing graphene,False,pending
https://openalex.org/W3164658010,10.1007/s10853-021-06168-7,First-principles calculations of adsorption sensitivity of Au-doped MoS2 gas sensor to main characteristic gases in oil,"Tianyan Jiang, Qiaoqing He, Maoqiang Bi, et al.",Journal of Materials Science,2021,74,DFT adsorption energy gas sensing MoS2,False,pending
https://openalex.org/W4205605172,10.30919/esee8c618,MXene Based Sensing Materials: Current Status and Future Perspectives,"Vishnu Sankar Sivasankarapillai, Tata Sanjay Kanna Sharma, Kuo‐Yuan Hwa, et al.",ES Energy & Environments,2022,74,DFT adsorption energy gas sensing MXene,False,pending
https://openalex.org/W2564154840,10.1155/2016/3087491,Adsorption Mechanism of Cu-Doped SnO<sub>2</sub> (110) Surface toward H<sub>2</sub> Dissolved in Power Transformer,"Feng Wang, Jingmin Fan, Qiuqin Sun, et al.",Journal of Nanomaterials,2016,73,CASTEP adsorption energy gas sensing,False,pending
https://openalex.org/W4214519584,10.1016/j.jallcom.2022.164372,"Recent progress in SnO2/g-C3N4 heterojunction photocatalysts: Synthesis, modification, and application","Wangwei Ren, Jingkai Yang, Jiaxin Zhang, et al.",Journal of Alloys and Compounds,2022,71,DFT adsorption energy gas sensing SnO2,False,pending
https://openalex.org/W4312181329,10.1021/acsanm.2c04581,Edge-Site-Enriched Ti<sub>3</sub>C<sub>2</sub>T<sub><i>x</i></sub> MXene/MoS<sub>2</sub> Nanosheet Heterostructures for Self-Powered Breath and Environmental Monitoring,"Sagar Sardana, Aman Mahajan",ACS Applied Nano Materials,2022,70,DFT adsorption energy gas sensing MoS2,False,pending
https://openalex.org/W2953863858,10.1038/s41598-019-45313-w,Enhanced Carbon monoxide-sensing properties of Chromium-doped ZnO nanostructures,"I. Y. Habib, Aimi Asilah Haji Tajuddin, Hafiz Armi Noor, et al.",Scientific Reports,2019,70,DFT adsorption energy gas sensing ZnO,False,pending
https://openalex.org/W2945186709,10.3390/nano9050738,The Fluorescent Quenching Mechanism of N and S Co-Doped Graphene Quantum Dots with Fe3+ and Hg2+ Ions and Their Application as a Novel Fluorescent Sensor,"Yue Yang, Tong Zou, Zhezhe Wang, et al.",Nanomaterials,2019,67,CASTEP adsorption energy gas sensing,False,pending
https://openalex.org/W3027757849,10.1016/j.physe.2020.114220,"CO, CO2, and SO2 detection based on functionalized graphene nanoribbons: First principles study","Ehab Salih, Ahmad I. Ayesh",Physica E Low-dimensional Systems and Nanostructures,2020,65,DFT adsorption energy gas sensing graphene,False,pending
https://openalex.org/W4391750310,10.1038/s41598-024-54110-z,Phosphorus-doped T-graphene nanocapsule toward O3 and SO2 gas sensing: a DFT and QTAIM analysis,"Mohammad Tanvir Ahmed, Abdullah Al Roman, Debashis Roy, et al.",Scientific Reports,2024,64,DFT adsorption energy gas sensing ZnO,False,pending
https://openalex.org/W4412661652,10.1038/s41699-025-00586-w,"Recent advances in MXene gas sensors: synthesis, composites, and mechanisms","Zhicheng Cai, Hyojung Kim",npj 2D Materials and Applications,2025,64,DFT adsorption energy gas sensing MXene,False,pending
https://openalex.org/W3008847447,10.1088/2515-7639/ab78f1,MXene-based 3D porous macrostructures for electrochemical energy storage,"Gustavo Tontini, M. Greaves, Subrata Ghosh, et al.",Journal of Physics Materials,2020,63,DFT adsorption energy gas sensing MXene,False,pending
https://openalex.org/W2661644891,10.1039/c7ra04905f,"Adsorption of H<sub>2</sub>S on graphane decorated with Fe, Co and Cu: a DFT study","Qingxiao Zhou, Xiangying Su, Weiwei Ju, et al.",RSC Advances,2017,63,DMol3 adsorption energy gas sensor,False,pending
https://openalex.org/W4223626245,10.1016/j.mssp.2022.106700,Preparation and study of ammonia gas sensor based on ZnO/CuO heterojunction with high performance at room temperature,"Cheng Cao, Chu Chen, Hongyan Zhang, et al.",Materials Science in Semiconductor Processing,2022,62,DFT adsorption energy gas sensing ZnO,False,pending
https://openalex.org/W4323852221,10.1016/j.cej.2023.142351,MXenes: from past to future perspectives,"Massoud Malaki, Xiantao Jiang, Hanlin Wang, et al.",Chemical Engineering Journal,2023,61,DFT adsorption energy gas sensing MXene,False,pending
https://openalex.org/W4387246232,10.1088/1402-4896/acff2d,High-efficiency photocatalytic degradation of antibiotics and molecular docking study to treat the omicron variant of COVID-19 infection using biosynthesized ZnO@Fe<sub>3</sub>O<sub>4</sub> nanocomposites,"Souhaila Meneceur, Abderrhmane Bouafia, Salah Eddine Laouini, et al.",Physica Scripta,2023,61,DMol3 adsorption energy gas sensor,False,pending
https://openalex.org/W3190274543,10.1016/j.rser.2021.111095,"Plasmonic Au-based junctions onto TiO2, gC3N4, and TiO2-gC3N4 systems for photocatalytic hydrogen production: Fundamentals and challenges","Pablo Jiménez‐Calvo, Valérie Caps, Valérie Keller",Renewable and Sustainable Energy Reviews,2021,60,DFT adsorption energy gas sensing TiO2,False,pending
https://openalex.org/W4391533496,10.1016/j.cej.2024.149340,Engineering α-MoO3/TiO2 heterostructures derived from MOFs/MXene hybrids for high-performance triethylamine sensor,"Weining Liu, Hairong Li, Dandan Huang, et al.",Chemical Engineering Journal,2024,60,DFT adsorption energy gas sensing TiO2,False,pending
https://openalex.org/W4220777541,10.1016/j.surfin.2022.101886,"Transition metal-decorated germanene for NO, N2 and O2 sensing: A DFT study","Akari Narayama Sosa, José E. Santana, Álvaro Miranda, et al.",Surfaces and Interfaces,2022,59,DFT adsorption energy gas sensing MXene,False,pending
https://openalex.org/W2892195722,10.1038/s41598-018-32130-w,Bandgap reduction of photocatalytic TiO2 nanotube by Cu doping,"S. Khajoei Gharaei, Mohaddeseh Abbasnejad, Ryo Maezono",Scientific Reports,2018,59,DFT adsorption energy gas sensing TiO2,False,pending
https://openalex.org/W3024314398,10.3389/fmats.2020.00105,WO3-Based Materials as Electrocatalysts for Hydrogen Evolution Reaction,"Yixuan Li, Xiaoliang Zhai, Yong Liu, et al.",Frontiers in Materials,2020,59,DFT adsorption energy gas sensing WO3,False,pending
https://openalex.org/W2761284455,10.1038/s41699-017-0036-0,3D integrated monolayer graphene–Si CMOS RF gas sensor platform,"S. M. Mortazavi Zanjani, Milo Holt, Mir Mohammad Sadeghi, et al.",npj 2D Materials and Applications,2017,59,first principles NH3 NO2 gas sensor metal oxide,False,pending
https://openalex.org/W3005410894,10.1016/j.ijhydene.2020.01.119,Enhanced adsorption sites in monolayer MoS2 pyramid structures for highly sensitive and fast hydrogen sensor,"Abhay V. Agrawal, Rahul Kumar, Guang Yang, et al.",International Journal of Hydrogen Energy,2020,58,DFT adsorption energy gas sensing MoS2,False,pending
https://openalex.org/W4387107499,10.26599/jac.2023.9220810,"Revisiting traditional and modern trends in versatile 2D nanomaterials: Synthetic strategies, structural stability, and gas-sensing fundamentals","Mobashar Hassan, Siwei Liu, Zhiping Liang, et al.",Journal of Advanced Ceramics,2023,58,DFT adsorption energy gas sensing WO3,False,pending
https://openalex.org/W4392205901,10.1039/d3ra08013g,Exploring the sensing potential of Fe-decorated h-BN toward harmful gases: a DFT study,"Muhammad Isa Khan, Muhammad Imtiaz Akber, Muhammad Gul, et al.",RSC Advances,2024,57,DFT adsorption energy gas sensing ZnO,False,pending
https://openalex.org/W3196620708,10.3390/nano11092236,"Electronic and Optical Properties of Atomic-Scale Heterostructure Based on MXene and MN (M = Al, Ga): A DFT Investigation","Kai Ren, Ruxin Zheng, Peng Xu, et al.",Nanomaterials,2021,57,DFT adsorption energy gas sensing MXene,False,pending
https://openalex.org/W3015575043,10.1016/j.molliq.2020.113139,DFT study of the effect of platinum on the H2 gas sensing performance of ZnO nanotube: Explaining the experimental observations,"Feng Li, Hamid Asadi",Journal of Molecular Liquids,2020,56,DFT adsorption energy gas sensing ZnO,False,pending
https://openalex.org/W4309821892,10.1007/s12274-022-5272-8,Applications of MXenes in human-like sensors and actuators,"Jinbo Pang, Songang Peng, Chongyang Hou, et al.",Nano Research,2022,56,DFT adsorption energy gas sensing MXene,False,pending
https://openalex.org/W4403885926,10.1021/acsomega.4c05405,"Theoretical Study of Gas Sensing toward Acetone by a Single-Atom Transition Metal (Sc, Ti, V, and Cr)-Doped InP<sub>3</sub> Monolayer","Xin Qin, Hao Cui, Lijuan Guo, et al.",ACS Omega,2024,56,DFT adsorption energy gas sensing WO3,False,pending
https://openalex.org/W3175233320,10.3390/molecules26133780,DFT Study of Methylene Blue Adsorption on ZnTiO3 and TiO2 Surfaces (101),"Ximena Jaramillo-Fierro, Luís Fernando, F. Medina, et al.",Molecules,2021,56,DMol3 adsorption energy gas sensor,False,pending
https://openalex.org/W3199806467,10.1021/acsanm.1c01929,Sulfur Monovacancies in Liquid-Exfoliated MoS<sub>2</sub> Nanosheets for NO<sub>2</sub> Gas Sensing,"Rishi Ranjan Kumar, Mohammad Rezwan Habib, Afzal Khan, et al.",ACS Applied Nano Materials,2021,55,DFT adsorption energy gas sensing MoS2,False,pending
https://openalex.org/W3129019663,10.1016/j.comptc.2021.113168,"Theoretical investigation of X12O12 (X = Be, Mg, and Ca) in sensing CH2N2: A DFT study","Mohsen Doust Mohammadi, Hewa Y. Abdullah, Somnath Bhowmick, et al.",Computational and Theoretical Chemistry,2021,55,DFT adsorption energy gas sensing ZnO,False,pending
https://openalex.org/W2042315322,10.1039/c4ra08124b,A statistical thermodynamics model for monolayer gas adsorption on graphene-based materials: implications for gas sensing applications,"Hongting Pu, S. H. Rhim, M. Gajdardziksa-Josifovska, et al.",RSC Advances,2014,55,DFT adsorption energy gas sensing graphene,False,pending
https://openalex.org/W4406550901,10.1007/s42114-024-01194-w,Room temperature ultrasensitive ppb-level H2S SAW gas sensor based on hybrid CuO@V2C MXene van der Waals heterostructure,"Kedhareswara Sairam Pasupuleti, Thi Minh Thu Pham, B. Moses Abraham, et al.",Advanced Composites and Hybrid Materials,2025,55,DFT adsorption energy gas sensing MXene,False,pending
https://openalex.org/W4321480457,10.1021/acsami.2c22609,Atomic Plasma Grafting: Precise Control of Functional Groups on Ti<sub>3</sub>C<sub>2</sub>T<sub><i>x</i></sub> MXene for Room Temperature Gas Sensors,"Ying Wang, Jimin Fu, Jiangang Xu, et al.",ACS Applied Materials & Interfaces,2023,55,DFT adsorption energy gas sensing MXene,False,pending
https://openalex.org/W4212824528,10.1021/acs.chemmater.1c04216,Engineering Pore Walls of Mesoporous Tungsten Oxides via Ce Doping for the Development of High-Performance Smart Gas Sensors,"Yan Liu, Ruoxuan Guo, Kaiping Yuan, et al.",Chemistry of Materials,2022,54,DFT adsorption energy gas sensing WO3,False,pending
https://openalex.org/W3213491994,10.1039/d1ra07555a,"Surface adsorption of nitrosourea on pristine and doped (Al, Ga and In) boron nitride nanosheets as anticancer drug carriers: the DFT and COSMO insights","Shania Nusrat Ema, Md. Abdul Khaleque, Ananya Ghosh, et al.",RSC Advances,2021,54,DMol3 adsorption energy gas sensor,False,pending
https://openalex.org/W2993957031,10.3390/nano9121746,Pt Cluster Modified h-BN for Gas Sensing and Adsorption of Dissolved Gases in Transformer Oil: A Density Functional Theory Study,"Yingang Gui, Tao Li, Xin He, et al.",Nanomaterials,2019,53,DFT adsorption energy gas sensing MoS2,False,pending
https://openalex.org/W4315866112,10.1038/s41598-023-27563-x,"Detection of H2S, HF and H2 pollutant gases on the surface of penta-PdAs2 monolayer using DFT approach","Dhara Raval, Sanjeev K. Gupta, P. N. Gajjar",Scientific Reports,2023,53,DFT adsorption energy gas sensing MoS2,False,pending
https://openalex.org/W4400614847,10.1016/j.jiec.2024.07.023,"Comprehensive analysis of MAX phase and MXene materials for advanced photocatalysis, electrocatalysis and adsorption in hydrogen evolution and storage","Jarosław Serafin, Bartosz Dziejarski, George O. Achieng, et al.",Journal of Industrial and Engineering Chemistry,2024,53,DFT adsorption energy gas sensing MXene,False,pending
https://openalex.org/W3171860751,10.1016/j.nanoen.2021.106241,Tailoring the selectivity of ultralow-power heterojunction gas sensors by noble metal nanoparticle functionalization,"Oleg Lupan, Nicolai Ababii, David Santos‐Carballal, et al.",Nano Energy,2021,53,DFT adsorption energy gas sensing TiO2,False,pending
https://openalex.org/W2611421840,10.3390/nano7050098,Calcination Method Synthesis of SnO2/g-C3N4 Composites for a High-Performance Ethanol Gas Sensing Application,"Jianliang Cao, Cong Qin, Yan Wang, et al.",Nanomaterials,2017,51,DFT adsorption energy gas sensing SnO2,False,pending
https://openalex.org/W2979351677,10.3390/nano9101490,Using Pd-Doped γ-Graphyne to Detect Dissolved Gases in Transformer Oil: A Density Functional Theory Investigation,"Xiaoxing Zhang, Rongxing Fang, Dachang Chen, et al.",Nanomaterials,2019,51,DMol3 adsorption energy gas sensor,False,pending
https://openalex.org/W4378715585,10.1038/s41598-023-35226-0,Electrochemical and theoretical investigations of favipiravir drug performance as ecologically benign corrosion inhibitor for aluminum alloy in acid solution,"M.A. Deyab, Omnia A. A. El‐Shamy, Hamdy Khamees Thabet, et al.",Scientific Reports,2023,51,DMol3 adsorption energy gas sensor,False,pending
https://openalex.org/W4309293874,10.1016/j.jiec.2022.11.036,"Transition metal disulfide (MoTe2, MoSe2 and MoS2) were modified to improve NO2 gas sensitivity sensing","Long Lin, Zhiyan Feng, Zhongzhou Dong, et al.",Journal of Industrial and Engineering Chemistry,2022,49,DFT adsorption energy gas sensing MoS2,False,pending
https://openalex.org/W2527817467,10.1007/s40097-016-0204-3,Theoretical study of the adsorption of NOx on TiO2/MoS2 nanocomposites: a comparison between undoped and N-doped nanocomposites,"Amirali Abbasi, Jaber Jahanbin Sardroodi",Journal of nanostructure in chemistry,2016,49,DFT adsorption energy gas sensing MoS2,False,pending
https://openalex.org/W2919620166,10.1080/00268976.2019.1580394,Adsorption behaviour of SO<sub>2</sub> and SOF<sub>2</sub> gas on Rh-doped BNNT: a DFT study,"Xiaoxing Zhang, Zhenwei Chen, Dachang Chen, et al.",Molecular Physics,2019,49,DMol3 adsorption energy gas sensor,False,pending
https://openalex.org/W3176124624,10.34133/2021/9847285,Liquid Metal-Based Epidermal Flexible Sensor for Wireless Breath Monitoring and Diagnosis Enabled by Highly Sensitive SnS <sub>2</sub> Nanosheets,"Yifan Huang, Fan Yang, Sanhu Liu, et al.",Research,2021,49,DMol3 adsorption energy gas sensor,False,pending
https://openalex.org/W4205557416,10.1021/acsami.1c20518,Investigating the Influence of Hexanuclear Clusters in Isostructural Metal–Organic Frameworks on Toxic Gas Adsorption,"Kent O. Kirlikovali, Zhijie Chen, Xingjie Wang, et al.",ACS Applied Materials & Interfaces,2022,48,DFT adsorption energy gas sensing TiO2,False,pending
https://openalex.org/W2417131917,10.1038/srep13448,Metallic Sn spheres and SnO2@C core-shells by anaerobic and aerobic catalytic ethanol and CO oxidation reactions over SnO2 nanoparticles,"Won Joo Kim, Sung Woo Lee, Youngku Sohn",Scientific Reports,2015,47,DFT adsorption energy gas sensing SnO2,False,pending
https://openalex.org/W4407408860,10.1002/cey2.678,Ion transport behaviors in MXenes for electrochemical energy storage and conversion,"Ling Fei, Lei Lei, Hui Xu, et al.",Carbon Energy,2025,47,DFT adsorption energy gas sensing MXene,False,pending
https://openalex.org/W2092670686,10.3390/ijms14022946,Adsorption and Self-Assembly of Large Polycyclic Molecules on the Surfaces of TiO2 Single Crystals,"Szymon Godlewski, Marek Szymoński",International Journal of Molecular Sciences,2013,47,DFT adsorption energy gas sensing TiO2,False,pending
https://openalex.org/W4403954891,10.1002/aenm.202403757,"From Synthesis to Energy Storage, The Microchemistry of MXene and MBene","Jie Chen, Wei Zhang, Ruwei Chen, et al.",Advanced Energy Materials,2024,46,DFT adsorption energy gas sensing MXene,False,pending
https://openalex.org/W4391256161,10.1021/jacs.3c11847,<i>In Situ</i> Single-crystal X-ray Diffraction Studies of Physisorption and Chemisorption of SO<sub>2</sub> within a Metal–Organic Framework and Its Competitive Adsorption with Water,"Russell M. Main, Simon M. Vornholt, Romy Ettlinger, et al.",Journal of the American Chemical Society,2024,46,CASTEP adsorption energy gas sensing,False,pending
https://openalex.org/W4206004241,10.31635/ccschem.022.202101628,Strain-Assisted Single Pt Sites on High-Curvature MoS <sub>2</sub> Surface for Ultrasensitive H <sub>2</sub> S Sensing,"Zhenggang Xue, Chun Wang, Yujing Tong, et al.",CCS Chemistry,2022,45,DFT adsorption energy gas sensing MoS2,False,pending
https://openalex.org/W3016667309,10.1016/j.comptc.2020.112829,The adsorption of NO onto an Al-doped ZnO monolayer and the effects of applied electric fields: A DFT study,"Bin Qiao, Pengfei Zhao, Zhao Wang, et al.",Computational and Theoretical Chemistry,2020,45,DFT adsorption energy gas sensing ZnO,False,pending
https://openalex.org/W4313434475,10.3390/catal13010093,Pristine TiO2 and Sr-Doped TiO2 Nanostructures for Enhanced Photocatalytic and Electrocatalytic Water Splitting Applications,"Mohd Fazil, Tokeer Ahmad",Catalysts,2023,45,DFT adsorption energy gas sensing TiO2,False,pending
https://openalex.org/W2918530708,10.3390/nano9030351,Enhanced Methane Sensing Properties of WO3 Nanosheets with Dominant Exposed (200) Facet via Loading of SnO2 Nanoparticles,"Dongping Xue, Junjun Wang, Yan Wang, et al.",Nanomaterials,2019,44,DFT adsorption energy gas sensing SnO2,False,pending
https://openalex.org/W4386574136,10.1016/j.diamond.2023.110375,"Pt atomic catalyst on MXene (Ti3C2O2) sheet: A superior candidate for enhanced adsorption and gas sensing of NH3, H2S and CO2","Zhihui Li, Xiaosen Cui, Lufen Jia, et al.",Diamond and Related Materials,2023,44,DFT adsorption energy gas sensing MXene,False,pending
https://openalex.org/W4396690759,10.1016/j.heliyon.2024.e30817,Synergistic adsorption and photocatalysis study of TiO2 and activated carbon composite,"Yihang Yue, Xiaoju Yue, Xiaofeng Tang, et al.",Heliyon,2024,44,DFT adsorption energy gas sensing TiO2,False,pending
https://openalex.org/W4283658665,10.1039/d2ra02030k,Adsorption of gas molecules on buckled GaAs monolayer: a first-principles study,"Rifat Shahriar, Orchi Hassan, Md. Kawsar Alam",RSC Advances,2022,43,CASTEP adsorption energy gas sensing,False,pending
https://openalex.org/W4296460795,10.1038/s41598-022-19840-y,"Combined experimental and TD-DFT/DMOl3 investigations, optical properties, and photoluminescence behavior of a thiazolopyrimidine derivative","Amina A. Abozeed, Osama Younis, Ahmed F. Al‐Hossainy, et al.",Scientific Reports,2022,43,DMol3 adsorption energy gas sensor,False,pending
https://openalex.org/W4361205067,10.1557/s43577-023-00507-6,Cleaning the environment with MXenes,"Dominika Bury, Michał Jakubczak, Rajiv Kumar, et al.",MRS Bulletin,2023,42,DFT adsorption energy gas sensing MXene,False,pending
https://openalex.org/W4403537597,10.1038/s41598-024-76106-5,Biofunctionalized magnetic nanoparticles incorporated MoS2 nanocomposite for enhanced n-butanol sensing at room temperature,"Ruchika Thayil, Saidi Reddy Parne",Scientific Reports,2024,41,DFT adsorption energy gas sensing MoS2,False,pending
https://openalex.org/W4391277739,10.1016/j.vacuum.2024.112991,Designing advanced 2D/2D heterojunctions of MoS2 nanosheets/Ti3C2Tx MXene in gas-sensing applications,"Rusen Tian, Yongling Ding, Qi Wang, et al.",Vacuum,2024,40,DFT adsorption energy gas sensing MoS2,False,pending
https://openalex.org/W4413345920,10.1038/s41598-025-12499-1,Fabrication and comprehensive experimental evaluation of surfactant-activated PEDOT:PSS/SnO2 thin films deposited via spin coating for advanced sensing applications,"Poundoss Chellamuthu, Kirubaveni Savarimuthu, M. Gulam Nabi Alsath, et al.",Scientific Reports,2025,40,DFT adsorption energy gas sensing SnO2,False,pending
https://openalex.org/W4390640440,10.1016/j.mtchem.2024.101904,"DFT study on adsorption properties of TM(Ni, Co)Nx -doped graphene for high-temperature sensing of SF6 decomposed gases","Xiudong Li, Yinyin Qian, Tongsen Guo, et al.",Materials Today Chemistry,2024,40,DFT adsorption energy gas sensing graphene,False,pending
https://openalex.org/W4317435601,10.1021/acsomega.2c07456,Pd-Decorated WTe<sub>2</sub> Monolayer as a Favorable Sensing Material toward SF<sub>6</sub> Decomposed Species: A DFT Study,"Zhuoli Xu, Hao Cui, Guozhi Zhang",ACS Omega,2023,39,DFT adsorption energy gas sensing SnO2,False,pending
https://openalex.org/W3194940076,10.1016/j.ces.2021.117017,Selective sensing and mechanism of patterned graphene-based sensors: Experiments and DFT calculations,"Xiaohui Ye, Ming Qi, Houyong Yang, et al.",Chemical Engineering Science,2021,39,DFT adsorption energy gas sensing graphene,False,pending
https://openalex.org/W4387702472,10.3390/nano13202781,"DFT Study of Zn-Modified SnP3: A H2S Gas Sensor with Superior Sensitivity, Selectivity, and Fast Recovery Time","Hongyuan Cui, Chenshan Gao, Pengwei Wang, et al.",Nanomaterials,2023,39,CASTEP adsorption energy gas sensing,False,pending
https://openalex.org/W3126489913,10.1016/j.susc.2021.121817,The role of oxygen vacancies on SnO2 surface in reducing cross-sensitivity between ambient humidity and CO: A first principles investigation,"Mohammadali Eslamian, Alireza Salehi, Ebrahim Nadimi",Surface Science,2021,38,DFT adsorption energy gas sensing SnO2,False,pending
https://openalex.org/W3121589965,10.1007/s40820-020-00586-z,Berlin Green Framework-Based Gas Sensor for Room-Temperature and High-Selectivity Detection of Ammonia,"Tingqiang Yang, Lingfeng Gao, Wenxuan Wang, et al.",Nano-Micro Letters,2021,38,DMol3 adsorption energy gas sensor,False,pending
https://openalex.org/W2899838794,10.3390/nano8110917,"Influence of Mono- and Bimetallic PtOx, PdOx, PtPdOx Clusters on CO Sensing by SnO2 Based Gas Sensors","Pavel Kutukov, M. N. Rumyantseva, Valeriy Krivetskiy, et al.",Nanomaterials,2018,37,DFT adsorption energy gas sensing SnO2,False,pending
https://openalex.org/W3034093546,10.3389/fchem.2020.00383,Interface Design of SnO2@PANI Nanotube With Enhanced Sensing Performance for Ammonia Detection at Room Temperature,"Anqiang Jia, Bitao Liu, Haiyan Liu, et al.",Frontiers in Chemistry,2020,37,DFT adsorption energy gas sensing SnO2,False,pending
https://openalex.org/W4401436250,10.1007/s40820-024-01486-2,Real-Time Tunable Gas Sensing Platform Based on SnO2 Nanoparticles Activated by Blue Micro-Light-Emitting Diodes,"Gi Baek Nam, Jung‐El Ryu, Tae Hoon Eom, et al.",Nano-Micro Letters,2024,37,DFT adsorption energy gas sensing SnO2,False,pending
https://openalex.org/W4391887965,10.1016/j.pnsc.2024.01.018,Electronic nose based on metal oxide semiconductor sensors for medical diagnosis,"Zicong Zhang, Zichen Zheng, Xiaoxi He, et al.",Progress in Natural Science Materials International,2024,37,first principles NH3 NO2 gas sensor metal oxide,False,pending
https://openalex.org/W4391823854,10.3390/nano14040359,Recent Advances in Low-Dimensional Metal Oxides via Sol-Gel Method for Gas Detection,"Marwa Ben Arbia, Hicham Helal, Elisabetta Comini",Nanomaterials,2024,37,first principles NH3 NO2 gas sensor metal oxide,False,pending
https://openalex.org/W3199066488,10.1016/j.jhazmat.2021.127193,Mesoporous Ti0.5Cr0.5N for trace H2S detection with excellent long-term stability,"Chaozhu Huang, Dongliang Liu, Dongting Wang, et al.",Journal of Hazardous Materials,2021,37,DMol3 adsorption energy gas sensor,False,pending
https://openalex.org/W3005039532,10.3389/fmats.2020.00022,First-Principles Insight Into Au-Doped MoS2 for Sensing C2H6 and C2H4,"Guochao Qian, Qingjun Peng, Dexu Zou, et al.",Frontiers in Materials,2020,36,DFT adsorption energy gas sensing MoS2,False,pending
https://openalex.org/W2976225462,10.3390/nano9101363,"Two-Step Exfoliation of WS2 for NO2, H2 and Humidity Sensing Applications","Valentina Paolucci, Seyed Mahmoud Emamjomeh, M. Nardone, et al.",Nanomaterials,2019,35,first principles NH3 NO2 gas sensor metal oxide,False,pending
https://openalex.org/W4396707696,10.1016/j.diamond.2024.111163,Adsorption and gas sensitivity properties of graphene and Rh-decorated graphene towards SF6 decomposed gases: A DFT study,"Yushu Yu, Liang Zhao, Gang Jiang, et al.",Diamond and Related Materials,2024,34,DFT adsorption energy gas sensing graphene,False,pending
https://openalex.org/W2615388195,10.1007/s40097-017-0226-5,A novel nitrogen dioxide gas sensor based on TiO2-supported Au nanoparticles: a van der Waals corrected DFT study,"Amirali Abbasi, Jaber Jahanbin Sardroodi",Journal of nanostructure in chemistry,2017,33,DFT adsorption energy gas sensing TiO2,False,pending
https://openalex.org/W3036761942,10.3390/nano10061215,"Molecular Adsorption of NH3 and NO2 on Zr and Hf Dichalcogenides (S, Se, Te) Monolayers: A Density Functional Theory Study","Shimeles Shumi Raya, Abu Saad Ansari, Bonggeun Shong",Nanomaterials,2020,32,first principles NH3 NO2 gas sensor metal oxide,False,pending
https://openalex.org/W3016276190,10.1016/j.jallcom.2020.155209,Unraveling the promoted nitrogen dioxide detection performance of N-doped SnO2 microspheres at low temperature,"Wenjing Du, Wenxu Si, Wenzheng Du, et al.",Journal of Alloys and Compounds,2020,31,DFT adsorption energy gas sensing SnO2,False,pending
https://openalex.org/W2885466712,10.3390/c4030044,Individual Gas Molecules Detection Using Zinc Oxide–Graphene Hybrid Nanosensor: A DFT Study,"Ingrid Torres, Sadegh Mehdi Aghaei, Amin Rabiei Baboukani, et al.",C – Journal of Carbon Research,2018,31,DFT adsorption energy gas sensing ZnO,False,pending
https://openalex.org/W4210559642,10.1016/j.physe.2022.115188,Investigation of NH3 adsorption on noble metal modified MoSe2,Ahmad I. Ayesh,Physica E Low-dimensional Systems and Nanostructures,2022,31,first principles NH3 NO2 gas sensor metal oxide,False,pending
https://openalex.org/W4390611045,10.1002/adfm.202311733,Integrated Electrochemical Carbon Capture and Utilization by Redox‐Active Amine Grafted Gold Nanoparticles,"Tao Yan, Shuo Liu, Zhikun Liu, et al.",Advanced Functional Materials,2024,31,DMol3 adsorption energy gas sensor,False,pending
https://openalex.org/W4404725795,10.1038/s41598-024-77659-1,DFT study of the adsorption properties and sensitivity of a B2N monolayer toward harmful gases,"Rezvan Rahimi, Mohammad Solimannejad, Ashkan Horri",Scientific Reports,2024,30,DFT adsorption energy gas sensing ZnO,False,pending
https://openalex.org/W2947246221,10.1007/s10853-019-03706-2,Adsorption of phosgene on Si-embedded MoS2 sheet and electric field-assisted desorption: insights from DFT calculations,"Archana Sharma, Mohd. Shahid Khan, Mushahid Husain",Journal of Materials Science,2019,29,DFT adsorption energy gas sensing MoS2,False,pending
https://openalex.org/W4307269465,10.3390/nano12213726,Enhanced NO2 Sensing Performance of ZnO-SnO2 Heterojunction Derived from Metal-Organic Frameworks,"Xiaowei Ren, Ze Xu, Zhongtai Zhang, et al.",Nanomaterials,2022,29,DFT adsorption energy gas sensing SnO2,False,pending
https://openalex.org/W3014311448,10.1007/s42452-020-2591-9,A DFT study for adsorption of CO and H2 on Pt-doped ZnO nanocluster,"Mariya Kovalenko, Oleg Bovgyra, Viktor Dzikovskyi, et al.",SN Applied Sciences,2020,29,DFT adsorption energy gas sensing ZnO,False,pending
https://openalex.org/W4385431700,10.1016/j.rinp.2023.106804,Electronic and gas sensing properties of ultrathin TiO2 quantum dots: A first-principles study,"Omar H. Abd‐Elkader, Mahmoud A.S. Sakr, Mohamed A. Saad, et al.",Results in Physics,2023,28,DFT adsorption energy gas sensing TiO2,False,pending
https://openalex.org/W2082723121,10.1063/1.4816762,High sensitive quasi freestanding epitaxial graphene gas sensor on 6H-SiC,"Igor Iezhokin, P. Offermans, Sywert Brongersma, et al.",Applied Physics Letters,2013,27,first principles NH3 NO2 gas sensor metal oxide,False,pending
https://openalex.org/W4210446502,10.1016/j.ssel.2021.12.002,Computational Study of Adsorption behavior of CH4N2O and CH3OH on Fe decorated MoS2 monolayer,"Bibek Chettri, Abinash Thapa, Sanat Kumar Das, et al.",Solid State Electronics Letters,2021,26,DFT adsorption energy gas sensing MoS2,False,pending
https://openalex.org/W4367316173,10.1016/j.susc.2023.122317,A DFT study on the adsorption properties of Ti3C2O2 MXene towards SF6 decomposition gases,"Aijuan Dong, Mingling Liu",Surface Science,2023,26,DFT adsorption energy gas sensing MXene,False,pending
https://openalex.org/W4214583455,10.1155/2022/9671619,Graphene and g-C3N4-Based Gas Sensors,"Ahmed Kotbi, Mohammed Imran, Khaled Kaja, et al.",Journal of Nanotechnology,2022,26,CASTEP adsorption energy gas sensing,False,pending
https://openalex.org/W3153588864,10.3389/fchem.2020.605311,Formaldehyde Molecules Adsorption on Zn Doped Monolayer MoS2: A First-Principles Calculation,"Huili Li, Ling Fu, Chaozheng He, et al.",Frontiers in Chemistry,2021,25,DFT adsorption energy gas sensing MoS2,False,pending
https://openalex.org/W4386415984,10.3390/nano13172493,In Situ Fabrication of SnS2/SnO2 Heterostructures for Boosting Formaldehyde−Sensing Properties at Room Temperature,"Dan Meng, Zongsheng Xie, Mingyue Wang, et al.",Nanomaterials,2023,25,DFT adsorption energy gas sensing SnO2,False,pending
https://openalex.org/W2765929390,10.1007/s40097-017-0244-3,Molecular design of O3 and NO2 sensor devices based on a novel heterostructured N-doped TiO2/ZnO nanocomposite: a van der Waals corrected DFT study,"Amirali Abbasi, Jaber Jahanbin Sardroodi",Journal of nanostructure in chemistry,2017,25,DFT adsorption energy gas sensing TiO2,False,pending
https://openalex.org/W4396898758,10.1002/aelm.202300901,Enhanced Gas Sensing Characteristics of a Polythiophene Gas Sensor Blended with UiO‐66 via Ligand Functionalization,"Ming Hong, Wooseong Jo, Sang‐A Jo, et al.",Advanced Electronic Materials,2024,25,DMol3 adsorption energy gas sensor,False,pending
https://openalex.org/W4283712233,10.1016/j.matlet.2022.132745,Adsorption and gas-sensing properties of SnO2 doped MoS2 monolayer,"Liang-Yan Guo, Sheng-Yuan Xia, Hao Sun, et al.",Materials Letters,2022,24,DFT adsorption energy gas sensing MoS2,False,pending
https://openalex.org/W4365508790,10.1007/s00894-023-05547-y,"DFT study of adsorbing SO2, NO2, and NH3 gases based on pristine and carbon-doped Al24N24 nanocages","R. A. Taha, A.S. Shalabi, M.M. Assem, et al.",Journal of Molecular Modeling,2023,24,first principles NH3 NO2 gas sensor metal oxide,False,pending
https://openalex.org/W4392239002,10.1063/5.0188699,Ag@SnO2/CsPbBr3 nanocomposite gas sensor for well-behaved low-concentration ethanolamine sensing at room temperature,"Xiaoli Xu, Hongtao Jiang, Wangwang Liu, et al.",Journal of Applied Physics,2024,23,DFT adsorption energy gas sensing SnO2,False,pending
https://openalex.org/W2944954147,10.1016/j.matchemphys.2019.05.070,Experimental and theoretical study on the excellent amine-sensing performance of Au decorated WO3 needle-like nanocomposites,"Xiaohong Yang, Yan Wang, Haitao Fu, et al.",Materials Chemistry and Physics,2019,23,DFT adsorption energy gas sensing WO3,False,pending
https://openalex.org/W1966518014,10.1155/2013/293936,"Electronic Properties of Boron and Silicon Doped (10, 0) Zigzag Single‐Walled Carbon Nanotube upon Gas Molecular Adsorption: A DFT Comparative Study","P. A. Gowri Sankar, K. Udhayakumar",Journal of Nanomaterials,2013,23,CASTEP adsorption energy gas sensing,False,pending
https://openalex.org/W4213453916,10.1016/j.susc.2022.122064,General hydrogen gas sensing mechanism on SnO2 (110) surface based on DFT simulations,"Xiaohua Wang, Xuemei Yang",Surface Science,2022,22,DFT adsorption energy gas sensing SnO2,False,pending
https://openalex.org/W3041506145,10.1002/er.5656,Role of defects and dopants in zinc oxide nanotubes for gas sensing and energy storage applications,"Muhammad Ali, Nacir Tit, Zain H. Yamani",International Journal of Energy Research,2020,22,DFT adsorption energy gas sensing ZnO,False,pending
https://openalex.org/W3195870810,10.1016/j.vacuum.2021.110526,Enhanced CO sensing performance of WO3 nanorods with PtAg nanoparticles modification: A combined experimental and first-principle study,"Yan Zhang, Yan Wang, Linghao Zhu, et al.",Vacuum,2021,22,DFT adsorption energy gas sensing WO3,False,pending
https://openalex.org/W2262284771,10.1088/1674-1056/20/10/102101,Density functional theory study of NO <sub>2</sub> -sensing mechanisms of pure and Ti-doped WO <sub>3</sub> (002) surfaces,"Ming Hu, Wei-Dan Wang, Jing Zeng, et al.",Chinese Physics B,2011,22,DFT adsorption energy gas sensing WO3,False,pending
https://openalex.org/W4390985491,10.3390/ijms25021172,Investigation of Laser-Induced Graphene (LIG) on a Flexible Substrate and Its Functionalization by Metal Doping for Gas-Sensing Applications,"Dongwook Kwak, Hyojin Kim, Seunghun Jang, et al.",International Journal of Molecular Sciences,2024,21,first principles NH3 NO2 gas sensor metal oxide,False,pending
https://openalex.org/W4386524727,10.3390/nano13182510,Ag-Doped MoSe2/ZnO Heterojunctions: A Highly Responsive Gas-Sensitive Material for Selective Detection of NO Based on DFT Study,"Tao He, Hongcheng Liu, Jing Zhang, et al.",Nanomaterials,2023,20,DFT adsorption energy gas sensing ZnO,False,pending
https://openalex.org/W4385641008,10.1039/d2ra08121k,A graphene-like BeS monolayer as a promising gas sensor material with strain and electric field induced tunable response: a first-principles study,"Akib Zaman, Rifat Shahriar, S. M. Takvir Hossain, et al.",RSC Advances,2023,20,CASTEP adsorption energy gas sensing,False,pending
https://openalex.org/W4386645476,10.1039/d3ra04072k,"Investigation of the adsorption behavior of the anti-cancer drug hydroxyurea on the graphene, BN, AlN, and GaN nanosheets and their doped structures <i>via</i> DFT and COSMO calculations","Afiya Akter Piya, A. K. M. Akther Hossain",RSC Advances,2023,20,DMol3 adsorption energy gas sensor,False,pending
https://openalex.org/W4395678472,10.1016/j.jhazmat.2024.134442,Trace cisplatin adsorption by thiol-functionalized sponge (TFS) and Sn/SnO2-coated TFS: Adsorption study and mechanism investigation,"Dong Han, Margarita Edelia Villanueva Tagle, Mirella Peña-Icart, et al.",Journal of Hazardous Materials,2024,19,DFT adsorption energy gas sensing SnO2,False,pending
https://openalex.org/W2058773200,10.1063/1.3399565,Theoretical calculations of hydrogen adsorption by SnO2 (110) surface: Effect of doping and calcination,"Talgat M. Inerbaev, Yoshiyuki Kawazoe, Sudipta Seal",Journal of Applied Physics,2010,19,DFT adsorption energy gas sensing SnO2,False,pending
https://openalex.org/W4226146080,10.1016/j.physleta.2022.128163,The effect of doping MoSe2 by clusters of noble metals on its adsorption for NH3,Ahmad I. Ayesh,Physics Letters A,2022,19,first principles NH3 NO2 gas sensor metal oxide,False,pending
https://openalex.org/W4297830529,10.3390/min12091128,Adsorption of Y(III) on the Interface of Kaolinite-H2O: A DFT Study,"Xiangrong Zeng, Bin Zeng, Lijinhong Huang, et al.",Minerals,2022,19,CASTEP adsorption energy gas sensing,False,pending
https://openalex.org/W2889652015,10.1155/2018/2031805,A First-Principles Study on Hydrogen Sensing Properties of Pristine and Mo-Doped Graphene,"Shulin Yang, Zhigao Lan, Huoxi Xu, et al.",Journal of Nanotechnology,2018,19,CASTEP adsorption energy gas sensing,False,pending
https://openalex.org/W4384821766,10.1021/acsomega.3c03131,Synthesis and Computational Study of an Optical Fluorescent Sensor for Selective Detection of Ni<sup>2+</sup> Ions,"Maria Sadia, Jehangir Khan, Rizwan Khan, et al.",ACS Omega,2023,19,DMol3 adsorption energy gas sensor,False,pending
https://openalex.org/W2987935708,10.3390/coatings9110763,First-Principles Study of Gas Molecule Adsorption on C-doped Zigzag Phosphorene Nanoribbons,"Shuai Yang, Zhiyong Wang, Xueqiong Dai, et al.",Coatings,2019,17,first principles NH3 NO2 gas sensor metal oxide,False,pending
https://openalex.org/W4391852505,10.1039/d3ra08741g,Investigation of the electronic and optical properties of bilayer CdS as a gas sensor: first-principles calculations,"Warood Kream Alaarage, Abbas H. Abo Nasria, Tamadhur Alaa Hussein, et al.",RSC Advances,2024,17,CASTEP adsorption energy gas sensing,False,pending
https://openalex.org/W4408021009,10.1016/j.jallcom.2025.179489,Enhanced acetone gas sensing performance of SnO2/Zn2SnO4 heterojunctions incorporated with MXene: Experimental and theoretical insights,"Xiao Liang, Shiyang Fu, Xueying Song, et al.",Journal of Alloys and Compounds,2025,16,DFT adsorption energy gas sensing SnO2,False,pending
https://openalex.org/W4383102040,10.1016/j.ceramint.2023.06.314,Synthesis of WO3 nanopowder using a green surfactant for efficient gas sensing applications,"H. Pakdel, Vardan Galstyan, Annalisa D’Arco, et al.",Ceramics International,2023,16,DFT adsorption energy gas sensing WO3,False,pending
https://openalex.org/W2009260662,10.1088/1674-1056/21/2/023101,Density functional theory study of the interaction of H <sub>2</sub> with pure and Ti-doped WO <sub>3</sub> (002) surfaces,"Ming Hu, Wei-Dan Wang, Peng Zeng, et al.",Chinese Physics B,2012,16,DFT adsorption energy gas sensing WO3,False,pending
https://openalex.org/W4292663687,10.1016/j.matchemphys.2022.126693,The effect of ZrOx modification of graphene nanoribbon on its adsorption for NOx: A DFT investigation,Ahmad I. Ayesh,Materials Chemistry and Physics,2022,16,DFT adsorption energy gas sensing WO3,False,pending
https://openalex.org/W4200176238,10.1155/2021/3760631,"A First-Principles Study of Gas Molecule Adsorption on Carbon-, Nitrogen-, and Oxygen-Doped Two-Dimensional Borophene","Xinmao Qin, Wanjun Yan, Dongxiang Li, et al.",Advances in Condensed Matter Physics,2021,16,CASTEP adsorption energy gas sensing,False,pending
https://openalex.org/W4282829168,10.1016/j.matlet.2022.132649,DFT based comparative study of pristine gCN and gCN-ZnO composite as a sensor for CO and CO2 gases,"Nihal Nihal, Rahul Sharma, Navjot Kaur, et al.",Materials Letters,2022,15,DFT adsorption energy gas sensing ZnO,False,pending
https://openalex.org/W3014693966,10.3390/met10040475,WO3 and Ionic Liquids: A Synergic Pair for Pollutant Gas Sensing and Desulfurization,"Francesca D’Anna, Maria Luisa Grilli, Rita Petrucci, et al.",Metals,2020,15,DFT adsorption energy gas sensing WO3,False,pending
https://openalex.org/W3170934671,10.1016/j.mtcomm.2021.102508,A Theoretical Insight of Cr Dopant in Tungsten Oxide for Gas Sensor Application,"Mohammd Ammar Syaahiran Alim, Chee Ming Lim, Muhammad Raziq Rahimi Kooh, et al.",Materials Today Communications,2021,15,DFT adsorption energy gas sensing WO3,False,pending
https://openalex.org/W3120948291,10.2298/pac2004282m,Crystalline WO3 nanoparticles for No2 sensing,"Branko Matović, Jelena Luković, Dejan Zagorac, et al.",Processing and Application of Ceramics,2020,14,DFT adsorption energy gas sensing WO3,False,pending
https://openalex.org/W4295941160,10.1016/j.surfin.2022.102317,Strain-engineered S-HfSe2 monolayer as a promising gas sensor for detecting NH3: A first-principles study,"Huiru Yang, Junfeng Li, Ziyuan Shao, et al.",Surfaces and Interfaces,2022,14,first principles NH3 NO2 gas sensor metal oxide,False,pending
https://openalex.org/W4280611371,10.3389/fchem.2022.898154,Adsorption and Sensing Performances of Pristine and Au-Decorated Gallium Nitride Monolayer to Noxious Gas Molecules: A DFT Investigation,"Zhihui Li, Lufen Jia, Jianxing Chen, et al.",Frontiers in Chemistry,2022,14,DMol3 adsorption energy gas sensor,False,pending
https://openalex.org/W4388859469,10.3390/app132312559,DFT Calculations of Silver Atom Modified Tungsten Disulfide Monolayer as Promising Sensing Materials for Small Molecular Toxic Gases,"Qi Zhao, Jin He, Songyuan Li, et al.",Applied Sciences,2023,14,DMol3 adsorption energy gas sensor,False,pending
https://openalex.org/W4392797642,10.1063/5.0191015,"Understanding the adsorption performance of T-G, T-BN, T-AlN, and T-GaN nanosheets toward the thioguanine anticancer drug via DFT calculations","Md. Najmus Sakib, Tanvir Ahmed, Md. Adam Shafiulla, et al.",AIP Advances,2024,14,DMol3 adsorption energy gas sensor,False,pending
https://openalex.org/W4401214116,10.3390/molecules29153650,Synthesis of Pd-Doped SnO2 and Flower-like Hierarchical Structures for Efficient and Rapid Detection of Ethanolamine,"Wenjie Bi, Jinmiao Zhu, Bin Zheng, et al.",Molecules,2024,13,DFT adsorption energy gas sensing SnO2,False,pending
https://openalex.org/W4308722678,10.3390/su142113978,Enhanced CO Gas Sensing with DFT Optimized PbS Loading on ZnO and CrZnO Nanocomposites,"Nur Brahim, Roshan Thotagamuge, Muhammad Raziq Rahimi Kooh, et al.",Sustainability,2022,13,DFT adsorption energy gas sensing ZnO,False,pending
https://openalex.org/W4390406739,10.1007/s11082-023-05942-y,Enhanced sensing performance of carboxymethyl cellulose sodium to hydrogen sulphide gas and methylene blue dye by constructing CuO@ZnO core/shell heterostructure: A DFT/TD-DFT study,"Rania Badry, Nadra Nada, M.M. El-Nahass, et al.",Optical and Quantum Electronics,2023,13,DFT adsorption energy gas sensing ZnO,False,pending
https://openalex.org/W4400915111,10.3390/ijms25158009,Gas-Sensing Performance of Metal Oxide Heterojunction Materials for SF6 Decomposition Gases: A DFT Study,"Tingting Zeng, Donglin Ma, Yingang Gui",International Journal of Molecular Sciences,2024,13,DFT adsorption energy gas sensing TiO2,False,pending
https://openalex.org/W3007405729,10.1109/access.2020.2975501,Adsorption Behavior of γ-Al<sub>2</sub>O<sub>3</sub> Toward Heptafluoroisobutyronitrile and its Decompositions: Theoretical and Experimental Insights,"Song Xiao, Dachang Chen, Ju Tang, et al.",IEEE Access,2020,13,DMol3 adsorption energy gas sensor,False,pending
https://openalex.org/W2999844669,10.1016/j.cclet.2020.01.015,Oxygen vacancy O-terminated surface: The most exposed surface of hexagonal WO3 (001) surface,"Feng Tian, Zhenze Liu, Jin Tian, et al.",Chinese Chemical Letters,2020,12,DFT adsorption energy gas sensing WO3,False,pending
https://openalex.org/W4210735241,10.1109/jeds.2022.3144014,DFT Investigation on Targeted Gas Molecules Based on Zigzag GaN Nanoribbons for Nano Sensors,"Mandar Jatkar, Kamal K. Jha, Sarat Kumar Patra",IEEE Journal of the Electron Devices Society,2022,12,DFT adsorption energy gas sensing WO3,False,pending
https://openalex.org/W4396813213,10.1002/adfm.202406005,Gas Adsorption Mechanism on 2D Materials: The Hyperpolarizability Evolution Analyzed by Nonlinear Optics,"Ting‐Yu Yen, Yang‐Hao Hung, Yu‐Zen Lee, et al.",Advanced Functional Materials,2024,12,CASTEP adsorption energy gas sensing,False,pending
https://openalex.org/W4385658484,10.3390/en16155847,A ZnO Gas Sensor with an Abnormal Response to Hydrogen,"Hao Sun, Yachi Yao, Ruixuan Yang, et al.",Energies,2023,12,CASTEP adsorption energy gas sensing,False,pending
https://openalex.org/W4388912381,10.3390/computation11120235,"Adsorption of SO2 Molecule on Pristine, N, Ga-Doped and -Ga-N- co-Doped Graphene: A DFT Study","Dinara Akhmetsadyk, A.M. Ilyin, Nazim Guseinov, et al.",Computation,2023,12,DMol3 adsorption energy gas sensor,False,pending
https://openalex.org/W4391451638,10.1016/j.jallcom.2024.173725,Effect of transformation of 2D WO3·H2O crystal into m-WO3 on crystal surface adsorption and photoelectric properties,"Yixuan Qie, Ziheng Li, Dan Wang, et al.",Journal of Alloys and Compounds,2024,11,DFT adsorption energy gas sensing WO3,False,pending
https://openalex.org/W4399753901,10.1007/s00894-024-06016-w,Temperature and humidity effects on the acetone gas sensing of pristine and Pd-doped WO3 clusters: A transition state theory study,"Mudar Ahmed Abdulsattar, Hayder M. Abduljalil, Hussein Hakim Abed, et al.",Journal of Molecular Modeling,2024,11,DFT adsorption energy gas sensing WO3,False,pending
https://openalex.org/W2997419552,10.3390/mi11010024,A Micromachined Metal Oxide Composite Dual Gas Sensor System for Principal Component Analysis-Based Multi-Monitoring of Noxious Gas Mixtures,"In-Hwan Yang, Joon‐Hyung Jin, Nam Ki Min",Micromachines,2019,11,first principles NH3 NO2 gas sensor metal oxide,False,pending
https://openalex.org/W4221025769,10.1155/2022/7740210,Study on the Adsorption Characteristics of Mo-Doped Graphene on the Decomposition Products of SF6 Substitute Gas Based on First-Principle Calculations,"Can Ding, Xing Hu, Lu Feng",Advances in Condensed Matter Physics,2022,11,DMol3 adsorption energy gas sensor,False,pending
https://openalex.org/W4366981202,10.1016/j.rinp.2023.106481,"The electronic and optical properties, gas sensor and NO removal application investigations of noble metal-adsorbed MoSi2N4","Jing Xu, Yu Sun, Jia-min Zeng, et al.",Results in Physics,2023,10,first principles NH3 NO2 gas sensor metal oxide,False,pending
https://openalex.org/W4395031881,10.1063/5.0208171,A first-principles investigation of BF3 and ClF3 gas sensing on N-defected AlN nanosheets,"Ishrat Jahan Tonny, Mim Khatun, Debashis Roy, et al.",AIP Advances,2024,10,CASTEP adsorption energy gas sensing,False,pending
https://openalex.org/W4404299525,10.1002/slct.202401651,"To Examine the Adsorption Behavior and Dissociation of Hydrogen Selenide (H <sub>2</sub> Se) Gas on Pristine and Transition‐Metal (Fe, Mn)‐Doped Boron Nitride Nanosheets: A DFT Study","Abu Talha, Provati Rahman, Anika Tasnim, et al.",ChemistrySelect,2024,9,CASTEP adsorption energy gas sensing,False,pending
https://openalex.org/W4404326278,10.1002/adfm.202416251,Template Quality Dependent Conversion Synthesis of Boron Nitride Coated Graphene Hybrid Aerogels for Ultrasensitive and Selective Ammonia Sensing,"Guangliang Li, Hu Long, Sally Turner, et al.",Advanced Functional Materials,2024,9,CASTEP adsorption energy gas sensing,False,pending
https://openalex.org/W3212409637,10.3390/pr9112048,Adsorption of Cr(OH)n(3−n)+ (n = 1–3) on Illite (001) and (010) Surfaces: A DFT Study,"Jia Du, Leilei Fan, Qinghe Wang, et al.",Processes,2021,9,CASTEP adsorption energy gas sensing,False,pending
https://openalex.org/W4303627890,10.1016/j.cap.2022.10.003,Pd nanoparticle-mediated acetone sensing performance improvement of SnO2 substrate: A combined DFT and experimental study,"Arunangshu Biswas, Oishika Pradhan, Anand Thati, et al.",Current Applied Physics,2022,8,DFT adsorption energy gas sensing SnO2,False,pending
https://openalex.org/W4366121800,10.3390/ma16083129,Adsorption Characteristics between Ti Atoms of TiO2(100) and Corrosive Species of CO2-H2S-Cl− System in Oil and Gas Fields,"Shidong Zhu, Ke Wang, Haixia Ma, et al.",Materials,2023,8,CASTEP adsorption energy gas sensing,False,pending
https://openalex.org/W4289529356,10.21303/2461-4262.2022.002347,Characterization of WO3 thin films deposited by spray pyrolysis technique and its role in gas sensing,"Sivaraman Sethu Sivathas, S.S. Murugan, A. Victor Babu, et al.",EUREKA Physics and Engineering,2022,7,DFT adsorption energy gas sensing WO3,False,pending
https://openalex.org/W3011488005,10.25073/2588-1124/vnumap.4461,DFT Study on Adsorption of Acetone and Toluene on Silicene,"Pham Trong Lam, Ta Thi Luong, Võ Văn Ớn, et al.",VNU Journal of Science Mathematics - Physics,2020,7,CASTEP adsorption energy gas sensing,False,pending
https://openalex.org/W4412470743,10.1039/d5ra04190b,"NO <sub>2</sub> and SO <sub>2</sub> adsorption and sensing on Janus B <sub>2</sub> SeTe: unveiling its electronic, optical, and magnetic properties through DFT and COMSOL","Manju Bala, Md Tawabur Rahman, Raiyan Al Nahean, et al.",RSC Advances,2025,7,CASTEP adsorption energy gas sensing,False,pending
https://openalex.org/W4405640195,10.1002/adts.202400949,Enhanced Adsorption Properties of Noble Metal Modified MoS<sub>2</sub>/WS<sub>2</sub> Heterojunctions,"Kewei Gao, Haixia Chen, Jijun Ding, et al.",Advanced Theory and Simulations,2024,7,CASTEP adsorption energy gas sensing,False,pending
https://openalex.org/W3196761104,10.1007/s11664-021-09156-4,High-Temperature Formaldehyde-Sensing of WO3 Nanostructure Prepared by the SILAR Method: DFT Investigation of Gas Adsorption Properties,"T. Sonia, Anna E. Thomas, B.G. Jeyaprakash",Journal of Electronic Materials,2021,5,DFT adsorption energy gas sensing WO3,False,pending
https://openalex.org/W2570234402,10.1109/ichve.2016.7800905,Adsorption energy and charge transfer of tin oxide to characteristic gases dissolved in transformer oil,"Qian Wang, Jian Hao, Hao Huang, et al.",,2016,5,CASTEP adsorption energy gas sensing,False,pending
https://openalex.org/W2611530523,10.1360/n972017-00080,"Effect of optical gas sensing properties rutile phase oxide TiO&amp;lt;sub&amp;gt;2&amp;lt;/sub&amp;gt;, SnO&amp;lt;sub&amp;gt;2&amp;lt;/sub&amp;gt; and GeO&amp;lt;sub&amp;gt;2&amp;lt;/sub&amp;gt; surface oxidation with HCl molecules","Yun Tian, Qing Rong Feng, Kang Zhou, et al.",Chinese Science Bulletin (Chinese Version),2017,5,CASTEP adsorption energy gas sensing,False,pending
https://openalex.org/W2801163625,10.31127/tuje.408976,"PERFORMANCE COMPARISON OF ANFIS, ANN, SVR, CART AND MLR TECHNIQUES FOR GEOMETRY OPTIMIZATION OF CARBON NANOTUBES USING CASTEP","Mehmet Acı, Çiğdem İnan Acı, Mutlu Avcı",Turkish Journal of Engineering,2018,5,CASTEP adsorption energy gas sensing,False,pending
https://openalex.org/W4405110708,10.3389/fchem.2024.1507905,Novel gas sensing mechanisms of Pd and Rh-doped h-BN monolayers for detecting dissolved gases (H2、CH4、and C2H4) in transformer oil,"Jiaming Jiang, Dingqian Yang, Wen Zeng, et al.",Frontiers in Chemistry,2024,5,DMol3 adsorption energy gas sensor,False,pending
https://openalex.org/W2898284252,10.3390/app8102010,Mono- and Bi-Molecular Adsorption of SF6 Decomposition Products on Pt Doped Graphene: A First-Principles Investigation,"Yongqian Wu, Shaojian Song, Dachang Chen, et al.",Applied Sciences,2018,5,DMol3 adsorption energy gas sensor,False,pending
https://openalex.org/W2891819854,10.1515/ntrev-2018-0087,"Study of Pb ion adsorption on (n, 0) CNTs (n=4, 5, 6)","Wei Li, Yun Zhao, Teng Wang",Nanotechnology Reviews,2018,5,DMol3 adsorption energy gas sensor,False,pending
https://openalex.org/W4415984922,10.1007/s11224-025-02612-5,"Adsorption and sensing performances of the greenhouse gas molecules (HCOH, CO, H2S, CH4 and SO2) by the pristine and metal(M)-doped germanene (M = Rh, Cr and Mo) monolayers: A DFT investigation","Abdel‐Ghani Boudjahem, Meryem Derdare, Nedjoua Cheghib",Structural Chemistry,2025,5,DMol3 adsorption energy gas sensor,False,pending
https://openalex.org/W4416319957,10.1039/d5ra06850a,Hazardous gas adsorption and sensing by pristine and Pd/Mo-decorated TiS <sub>2</sub> : a first-principles study,"Tasmi Akter, Md. Jahirul Islam, Md. Jahirul Islam, et al.",RSC Advances,2025,4,CASTEP adsorption energy gas sensing,False,pending
https://openalex.org/W4402990853,10.3390/ma17194812,Theoretical Study of the Adsorption and Sensing Properties of Cr-Doped SnP3 Monolayer for Dissolved Characteristic Gases in Oil,"Chengjiang Wang, Xiangjia Liu, Feiyang Xie, et al.",Materials,2024,4,DMol3 adsorption energy gas sensor,False,pending
https://openalex.org/W3141638124,10.26713/jamcnp.v8i1.1549,Boron Nitride Nanotubes-Based Gas Sensors of SF\(_6\) Decomposed Components for Analyzing the Running Status of High-Voltage Insulated Equipment,"Chenaf Tahar, Boubakeur Zegnini, Tahar Seghier, et al.",Journal of Atomic Molecular Condensed Matter and Nano Physics,2021,3,DMol3 adsorption energy gas sensor,False,pending
https://openalex.org/W4386283776,10.3390/cryst13091325,NO2 Adsorption Sensitivity Adjustment of As/Sb Lateral Heterojunctions through Strain: First Principles Calculations,"Yang Li, Dengkui Wang, Dan Fang, et al.",Crystals,2023,3,DMol3 adsorption energy gas sensor,False,pending
https://openalex.org/W4402982866,10.1002/pssb.202400246,Nanoscale Synergy: Unveiling Gas Sensing Paradigms Through First Principles Exploration of Vertical Hexagonal Boron Nitride/Graphene Heterostructures,"Prianka Mondal, Mst. Shamima Khanom, Farid Ahmed",physica status solidi (b),2024,1,CASTEP adsorption energy gas sensing,False,pending
https://openalex.org/W4375846853,10.1016/j.vacuum.2023.112148,"Proposal of new stable Ru-based intermetallics, XRu3 (X = V, Nb and Ta): Prediction of their bulk properties and their surfaces adsorption behavior and sensing properties to small gases","Amer Saoudi, K. Haddadi, Y. Medkour, et al.",Vacuum,2023,1,CASTEP adsorption energy gas sensing,False,pending
https://openalex.org/W4405991920,10.3390/c11010004,Adsorption of Asymmetric and Linear Hazardous Gases on Graphene Oxides: Density Functional Study,"Yong‐Ju Kwon, Taeyang Kim, Jihwan Choi, et al.",C – Journal of Carbon Research,2025,1,DMol3 adsorption energy gas sensor,False,pending
