material_absorber,material_etl,material_htl,absorber_band_gap_eV,etl_band_gap_eV,htl_band_gap_eV,cbo_eV,vbo_eV,absorber_etl_type,absorber_htl_type,gap_method,functional,gap_type,material_class,source_doi,source_paper
K2TiI6,PC60BM,MWCNTs,1.61,1.8,1.55,-0.2,0.42,Type I,Type I,SCAPS_literature_table,literature_chi_Eg,device_simulation_parameter,bulk_thin_film_device,10.1038/s41598-025-98351-y,K2TiI6 SCAPS Tables 1-2
K2TiI6,PC60BM,MoO3,1.61,1.8,3.0,-0.2,0.31,Type I,Type I,SCAPS_literature_table,literature_chi_Eg,device_simulation_parameter,bulk_thin_film_device,10.1038/s41598-025-98351-y,K2TiI6 SCAPS Tables 1-2
K2TiI6,PC60BM,PTAA,1.61,1.8,2.96,-0.2,0.35,Type I,Type I,SCAPS_literature_table,literature_chi_Eg,device_simulation_parameter,bulk_thin_film_device,10.1038/s41598-025-98351-y,K2TiI6 SCAPS Tables 1-2
K2TiI6,PC60BM,TiO2:N,1.61,1.8,3.0,-0.2,0.41,Type I,Type I,SCAPS_literature_table,literature_chi_Eg,device_simulation_parameter,bulk_thin_film_device,10.1038/s41598-025-98351-y,K2TiI6 SCAPS Tables 1-2
K2TiI6,PC60BM,NiCo2O4,1.61,1.8,2.3,-0.2,-0.17,Type I,Type III,SCAPS_literature_table,literature_chi_Eg,device_simulation_parameter,bulk_thin_film_device,10.1038/s41598-025-98351-y,K2TiI6 SCAPS Tables 1-2
K2TiI6,PC60BM,C6TBTAPH2,1.61,1.8,1.59,-0.2,0.44,Type I,Type I,SCAPS_literature_table,literature_chi_Eg,device_simulation_parameter,bulk_thin_film_device,10.1038/s41598-025-98351-y,K2TiI6 SCAPS Tables 1-2
K2TiI6,PC60BM,nPB,1.61,1.8,2.4,-0.2,0.21,Type I,Type I,SCAPS_literature_table,literature_chi_Eg,device_simulation_parameter,bulk_thin_film_device,10.1038/s41598-025-98351-y,K2TiI6 SCAPS Tables 1-2
K2TiI6,PC60BM,C6PcH2,1.61,1.8,1.6,-0.2,0.31,Type I,Type I,SCAPS_literature_table,literature_chi_Eg,device_simulation_parameter,bulk_thin_film_device,10.1038/s41598-025-98351-y,K2TiI6 SCAPS Tables 1-2
K2TiI6,PC60BM,CuAlO2,1.61,1.8,3.46,-0.2,-0.35,Type I,Type III,SCAPS_literature_table,literature_chi_Eg,device_simulation_parameter,bulk_thin_film_device,10.1038/s41598-025-98351-y,K2TiI6 SCAPS Tables 1-2
K2TiI6,PC60BM,D-PBTTT-14,1.61,1.8,2.16,-0.2,0.25,Type I,Type I,SCAPS_literature_table,literature_chi_Eg,device_simulation_parameter,bulk_thin_film_device,10.1038/s41598-025-98351-y,K2TiI6 SCAPS Tables 1-2
K2TiI6,LBSO,MWCNTs,1.61,3.12,1.55,-0.4,0.42,Type I,Type I,SCAPS_literature_table,literature_chi_Eg,device_simulation_parameter,bulk_thin_film_device,10.1038/s41598-025-98351-y,K2TiI6 SCAPS Tables 1-2
K2TiI6,LBSO,MoO3,1.61,3.12,3.0,-0.4,0.31,Type I,Type I,SCAPS_literature_table,literature_chi_Eg,device_simulation_parameter,bulk_thin_film_device,10.1038/s41598-025-98351-y,K2TiI6 SCAPS Tables 1-2
K2TiI6,LBSO,PTAA,1.61,3.12,2.96,-0.4,0.35,Type I,Type I,SCAPS_literature_table,literature_chi_Eg,device_simulation_parameter,bulk_thin_film_device,10.1038/s41598-025-98351-y,K2TiI6 SCAPS Tables 1-2
K2TiI6,LBSO,TiO2:N,1.61,3.12,3.0,-0.4,0.41,Type I,Type I,SCAPS_literature_table,literature_chi_Eg,device_simulation_parameter,bulk_thin_film_device,10.1038/s41598-025-98351-y,K2TiI6 SCAPS Tables 1-2
K2TiI6,LBSO,NiCo2O4,1.61,3.12,2.3,-0.4,-0.17,Type I,Type III,SCAPS_literature_table,literature_chi_Eg,device_simulation_parameter,bulk_thin_film_device,10.1038/s41598-025-98351-y,K2TiI6 SCAPS Tables 1-2
K2TiI6,LBSO,C6TBTAPH2,1.61,3.12,1.59,-0.4,0.44,Type I,Type I,SCAPS_literature_table,literature_chi_Eg,device_simulation_parameter,bulk_thin_film_device,10.1038/s41598-025-98351-y,K2TiI6 SCAPS Tables 1-2
K2TiI6,LBSO,nPB,1.61,3.12,2.4,-0.4,0.21,Type I,Type I,SCAPS_literature_table,literature_chi_Eg,device_simulation_parameter,bulk_thin_film_device,10.1038/s41598-025-98351-y,K2TiI6 SCAPS Tables 1-2
K2TiI6,LBSO,C6PcH2,1.61,3.12,1.6,-0.4,0.31,Type I,Type I,SCAPS_literature_table,literature_chi_Eg,device_simulation_parameter,bulk_thin_film_device,10.1038/s41598-025-98351-y,K2TiI6 SCAPS Tables 1-2
K2TiI6,LBSO,CuAlO2,1.61,3.12,3.46,-0.4,-0.35,Type I,Type III,SCAPS_literature_table,literature_chi_Eg,device_simulation_parameter,bulk_thin_film_device,10.1038/s41598-025-98351-y,K2TiI6 SCAPS Tables 1-2
K2TiI6,LBSO,D-PBTTT-14,1.61,3.12,2.16,-0.4,0.25,Type I,Type I,SCAPS_literature_table,literature_chi_Eg,device_simulation_parameter,bulk_thin_film_device,10.1038/s41598-025-98351-y,K2TiI6 SCAPS Tables 1-2
K2TiI6,Nb2O5,MWCNTs,1.61,3.46,1.55,-0.33,0.42,Type I,Type I,SCAPS_literature_table,literature_chi_Eg,device_simulation_parameter,bulk_thin_film_device,10.1038/s41598-025-98351-y,K2TiI6 SCAPS Tables 1-2
K2TiI6,Nb2O5,MoO3,1.61,3.46,3.0,-0.33,0.31,Type I,Type I,SCAPS_literature_table,literature_chi_Eg,device_simulation_parameter,bulk_thin_film_device,10.1038/s41598-025-98351-y,K2TiI6 SCAPS Tables 1-2
K2TiI6,Nb2O5,PTAA,1.61,3.46,2.96,-0.33,0.35,Type I,Type I,SCAPS_literature_table,literature_chi_Eg,device_simulation_parameter,bulk_thin_film_device,10.1038/s41598-025-98351-y,K2TiI6 SCAPS Tables 1-2
K2TiI6,Nb2O5,TiO2:N,1.61,3.46,3.0,-0.33,0.41,Type I,Type I,SCAPS_literature_table,literature_chi_Eg,device_simulation_parameter,bulk_thin_film_device,10.1038/s41598-025-98351-y,K2TiI6 SCAPS Tables 1-2
K2TiI6,Nb2O5,NiCo2O4,1.61,3.46,2.3,-0.33,-0.17,Type I,Type III,SCAPS_literature_table,literature_chi_Eg,device_simulation_parameter,bulk_thin_film_device,10.1038/s41598-025-98351-y,K2TiI6 SCAPS Tables 1-2
K2TiI6,Nb2O5,C6TBTAPH2,1.61,3.46,1.59,-0.33,0.44,Type I,Type I,SCAPS_literature_table,literature_chi_Eg,device_simulation_parameter,bulk_thin_film_device,10.1038/s41598-025-98351-y,K2TiI6 SCAPS Tables 1-2
K2TiI6,Nb2O5,nPB,1.61,3.46,2.4,-0.33,0.21,Type I,Type I,SCAPS_literature_table,literature_chi_Eg,device_simulation_parameter,bulk_thin_film_device,10.1038/s41598-025-98351-y,K2TiI6 SCAPS Tables 1-2
K2TiI6,Nb2O5,C6PcH2,1.61,3.46,1.6,-0.33,0.31,Type I,Type I,SCAPS_literature_table,literature_chi_Eg,device_simulation_parameter,bulk_thin_film_device,10.1038/s41598-025-98351-y,K2TiI6 SCAPS Tables 1-2
K2TiI6,Nb2O5,CuAlO2,1.61,3.46,3.46,-0.33,-0.35,Type I,Type III,SCAPS_literature_table,literature_chi_Eg,device_simulation_parameter,bulk_thin_film_device,10.1038/s41598-025-98351-y,K2TiI6 SCAPS Tables 1-2
K2TiI6,Nb2O5,D-PBTTT-14,1.61,3.46,2.16,-0.33,0.25,Type I,Type I,SCAPS_literature_table,literature_chi_Eg,device_simulation_parameter,bulk_thin_film_device,10.1038/s41598-025-98351-y,K2TiI6 SCAPS Tables 1-2
K2TiI6,CdZnS,MWCNTs,1.61,3.2,1.55,-0.2,0.42,Type I,Type I,SCAPS_literature_table,literature_chi_Eg,device_simulation_parameter,bulk_thin_film_device,10.1038/s41598-025-98351-y,K2TiI6 SCAPS Tables 1-2
K2TiI6,CdZnS,MoO3,1.61,3.2,3.0,-0.2,0.31,Type I,Type I,SCAPS_literature_table,literature_chi_Eg,device_simulation_parameter,bulk_thin_film_device,10.1038/s41598-025-98351-y,K2TiI6 SCAPS Tables 1-2
K2TiI6,CdZnS,PTAA,1.61,3.2,2.96,-0.2,0.35,Type I,Type I,SCAPS_literature_table,literature_chi_Eg,device_simulation_parameter,bulk_thin_film_device,10.1038/s41598-025-98351-y,K2TiI6 SCAPS Tables 1-2
K2TiI6,CdZnS,TiO2:N,1.61,3.2,3.0,-0.2,0.41,Type I,Type I,SCAPS_literature_table,literature_chi_Eg,device_simulation_parameter,bulk_thin_film_device,10.1038/s41598-025-98351-y,K2TiI6 SCAPS Tables 1-2
K2TiI6,CdZnS,NiCo2O4,1.61,3.2,2.3,-0.2,-0.17,Type I,Type III,SCAPS_literature_table,literature_chi_Eg,device_simulation_parameter,bulk_thin_film_device,10.1038/s41598-025-98351-y,K2TiI6 SCAPS Tables 1-2
K2TiI6,CdZnS,C6TBTAPH2,1.61,3.2,1.59,-0.2,0.44,Type I,Type I,SCAPS_literature_table,literature_chi_Eg,device_simulation_parameter,bulk_thin_film_device,10.1038/s41598-025-98351-y,K2TiI6 SCAPS Tables 1-2
K2TiI6,CdZnS,nPB,1.61,3.2,2.4,-0.2,0.21,Type I,Type I,SCAPS_literature_table,literature_chi_Eg,device_simulation_parameter,bulk_thin_film_device,10.1038/s41598-025-98351-y,K2TiI6 SCAPS Tables 1-2
K2TiI6,CdZnS,C6PcH2,1.61,3.2,1.6,-0.2,0.31,Type I,Type I,SCAPS_literature_table,literature_chi_Eg,device_simulation_parameter,bulk_thin_film_device,10.1038/s41598-025-98351-y,K2TiI6 SCAPS Tables 1-2
K2TiI6,CdZnS,CuAlO2,1.61,3.2,3.46,-0.2,-0.35,Type I,Type III,SCAPS_literature_table,literature_chi_Eg,device_simulation_parameter,bulk_thin_film_device,10.1038/s41598-025-98351-y,K2TiI6 SCAPS Tables 1-2
K2TiI6,CdZnS,D-PBTTT-14,1.61,3.2,2.16,-0.2,0.25,Type I,Type I,SCAPS_literature_table,literature_chi_Eg,device_simulation_parameter,bulk_thin_film_device,10.1038/s41598-025-98351-y,K2TiI6 SCAPS Tables 1-2
CsPb0.625Zn0.375IBr2,SnS2,PTAA,1.05,1.85,2.96,0.01,0.06,Type III,Type I,SCAPS_literature_table,literature_chi_Eg,device_simulation_parameter,bulk_thin_film_device,10.1038/s41598-024-81797-x,CsPbZnIBr2 SCAPS Tables 1-2
CsPb0.625Zn0.375IBr2,SnS2,GaAs,1.05,1.85,1.42,0.01,-0.17,Type III,Type III,SCAPS_literature_table,literature_chi_Eg,device_simulation_parameter,bulk_thin_film_device,10.1038/s41598-024-81797-x,CsPbZnIBr2 SCAPS Tables 1-2
CsPb0.625Zn0.375IBr2,SnS2,ZnTe,1.05,1.85,2.25,0.01,-0.66,Type III,Type III,SCAPS_literature_table,literature_chi_Eg,device_simulation_parameter,bulk_thin_film_device,10.1038/s41598-024-81797-x,CsPbZnIBr2 SCAPS Tables 1-2
CsPb0.625Zn0.375IBr2,SnS2,CNTS,1.05,1.85,1.74,0.01,-0.29,Type III,Type III,SCAPS_literature_table,literature_chi_Eg,device_simulation_parameter,bulk_thin_film_device,10.1038/s41598-024-81797-x,CsPbZnIBr2 SCAPS Tables 1-2
CsPb0.625Zn0.375IBr2,SnS2,MoO3,1.05,1.85,3.0,0.01,0.02,Type III,Type I,SCAPS_literature_table,literature_chi_Eg,device_simulation_parameter,bulk_thin_film_device,10.1038/s41598-024-81797-x,CsPbZnIBr2 SCAPS Tables 1-2
CsPb0.625Zn0.375IBr2,SnS2,MEH-PPV,1.05,1.85,2.1,0.01,0.42,Type III,Type I,SCAPS_literature_table,literature_chi_Eg,device_simulation_parameter,bulk_thin_film_device,10.1038/s41598-024-81797-x,CsPbZnIBr2 SCAPS Tables 1-2
CsPb0.625Zn0.375IBr2,SnS2,CuAlO2,1.05,1.85,3.46,0.01,-0.64,Type III,Type III,SCAPS_literature_table,literature_chi_Eg,device_simulation_parameter,bulk_thin_film_device,10.1038/s41598-024-81797-x,CsPbZnIBr2 SCAPS Tables 1-2
CsPb0.625Zn0.375IBr2,SnS2,MoS2,1.05,1.85,1.29,0.01,-0.17,Type III,Type III,SCAPS_literature_table,literature_chi_Eg,device_simulation_parameter,bulk_thin_film_device,10.1038/s41598-024-81797-x,CsPbZnIBr2 SCAPS Tables 1-2
CsPb0.625Zn0.375IBr2,SnS2,Cu2Te,1.05,1.85,1.18,0.01,-0.06,Type III,Type III,SCAPS_literature_table,literature_chi_Eg,device_simulation_parameter,bulk_thin_film_device,10.1038/s41598-024-81797-x,CsPbZnIBr2 SCAPS Tables 1-2
CsPb0.625Zn0.375IBr2,SnS2,Zn3P2,1.05,1.85,1.5,0.01,-0.38,Type III,Type III,SCAPS_literature_table,literature_chi_Eg,device_simulation_parameter,bulk_thin_film_device,10.1038/s41598-024-81797-x,CsPbZnIBr2 SCAPS Tables 1-2
CsPb0.625Zn0.375IBr2,ZnSe,PTAA,1.05,2.81,2.96,0.18,0.06,Type III,Type I,SCAPS_literature_table,literature_chi_Eg,device_simulation_parameter,bulk_thin_film_device,10.1038/s41598-024-81797-x,CsPbZnIBr2 SCAPS Tables 1-2
CsPb0.625Zn0.375IBr2,ZnSe,GaAs,1.05,2.81,1.42,0.18,-0.17,Type III,Type III,SCAPS_literature_table,literature_chi_Eg,device_simulation_parameter,bulk_thin_film_device,10.1038/s41598-024-81797-x,CsPbZnIBr2 SCAPS Tables 1-2
CsPb0.625Zn0.375IBr2,ZnSe,ZnTe,1.05,2.81,2.25,0.18,-0.66,Type III,Type III,SCAPS_literature_table,literature_chi_Eg,device_simulation_parameter,bulk_thin_film_device,10.1038/s41598-024-81797-x,CsPbZnIBr2 SCAPS Tables 1-2
CsPb0.625Zn0.375IBr2,ZnSe,CNTS,1.05,2.81,1.74,0.18,-0.29,Type III,Type III,SCAPS_literature_table,literature_chi_Eg,device_simulation_parameter,bulk_thin_film_device,10.1038/s41598-024-81797-x,CsPbZnIBr2 SCAPS Tables 1-2
CsPb0.625Zn0.375IBr2,ZnSe,MoO3,1.05,2.81,3.0,0.18,0.02,Type III,Type I,SCAPS_literature_table,literature_chi_Eg,device_simulation_parameter,bulk_thin_film_device,10.1038/s41598-024-81797-x,CsPbZnIBr2 SCAPS Tables 1-2
CsPb0.625Zn0.375IBr2,ZnSe,MEH-PPV,1.05,2.81,2.1,0.18,0.42,Type III,Type I,SCAPS_literature_table,literature_chi_Eg,device_simulation_parameter,bulk_thin_film_device,10.1038/s41598-024-81797-x,CsPbZnIBr2 SCAPS Tables 1-2
CsPb0.625Zn0.375IBr2,ZnSe,CuAlO2,1.05,2.81,3.46,0.18,-0.64,Type III,Type III,SCAPS_literature_table,literature_chi_Eg,device_simulation_parameter,bulk_thin_film_device,10.1038/s41598-024-81797-x,CsPbZnIBr2 SCAPS Tables 1-2
CsPb0.625Zn0.375IBr2,ZnSe,MoS2,1.05,2.81,1.29,0.18,-0.17,Type III,Type III,SCAPS_literature_table,literature_chi_Eg,device_simulation_parameter,bulk_thin_film_device,10.1038/s41598-024-81797-x,CsPbZnIBr2 SCAPS Tables 1-2
CsPb0.625Zn0.375IBr2,ZnSe,Cu2Te,1.05,2.81,1.18,0.18,-0.06,Type III,Type III,SCAPS_literature_table,literature_chi_Eg,device_simulation_parameter,bulk_thin_film_device,10.1038/s41598-024-81797-x,CsPbZnIBr2 SCAPS Tables 1-2
CsPb0.625Zn0.375IBr2,ZnSe,Zn3P2,1.05,2.81,1.5,0.18,-0.38,Type III,Type III,SCAPS_literature_table,literature_chi_Eg,device_simulation_parameter,bulk_thin_film_device,10.1038/s41598-024-81797-x,CsPbZnIBr2 SCAPS Tables 1-2
CsPb0.625Zn0.375IBr2,CdS,PTAA,1.05,2.4,2.96,0.09,0.06,Type III,Type I,SCAPS_literature_table,literature_chi_Eg,device_simulation_parameter,bulk_thin_film_device,10.1038/s41598-024-81797-x,CsPbZnIBr2 SCAPS Tables 1-2
CsPb0.625Zn0.375IBr2,CdS,GaAs,1.05,2.4,1.42,0.09,-0.17,Type III,Type III,SCAPS_literature_table,literature_chi_Eg,device_simulation_parameter,bulk_thin_film_device,10.1038/s41598-024-81797-x,CsPbZnIBr2 SCAPS Tables 1-2
CsPb0.625Zn0.375IBr2,CdS,ZnTe,1.05,2.4,2.25,0.09,-0.66,Type III,Type III,SCAPS_literature_table,literature_chi_Eg,device_simulation_parameter,bulk_thin_film_device,10.1038/s41598-024-81797-x,CsPbZnIBr2 SCAPS Tables 1-2
CsPb0.625Zn0.375IBr2,CdS,CNTS,1.05,2.4,1.74,0.09,-0.29,Type III,Type III,SCAPS_literature_table,literature_chi_Eg,device_simulation_parameter,bulk_thin_film_device,10.1038/s41598-024-81797-x,CsPbZnIBr2 SCAPS Tables 1-2
CsPb0.625Zn0.375IBr2,CdS,MoO3,1.05,2.4,3.0,0.09,0.02,Type III,Type I,SCAPS_literature_table,literature_chi_Eg,device_simulation_parameter,bulk_thin_film_device,10.1038/s41598-024-81797-x,CsPbZnIBr2 SCAPS Tables 1-2
CsPb0.625Zn0.375IBr2,CdS,MEH-PPV,1.05,2.4,2.1,0.09,0.42,Type III,Type I,SCAPS_literature_table,literature_chi_Eg,device_simulation_parameter,bulk_thin_film_device,10.1038/s41598-024-81797-x,CsPbZnIBr2 SCAPS Tables 1-2
CsPb0.625Zn0.375IBr2,CdS,CuAlO2,1.05,2.4,3.46,0.09,-0.64,Type III,Type III,SCAPS_literature_table,literature_chi_Eg,device_simulation_parameter,bulk_thin_film_device,10.1038/s41598-024-81797-x,CsPbZnIBr2 SCAPS Tables 1-2
CsPb0.625Zn0.375IBr2,CdS,MoS2,1.05,2.4,1.29,0.09,-0.17,Type III,Type III,SCAPS_literature_table,literature_chi_Eg,device_simulation_parameter,bulk_thin_film_device,10.1038/s41598-024-81797-x,CsPbZnIBr2 SCAPS Tables 1-2
CsPb0.625Zn0.375IBr2,CdS,Cu2Te,1.05,2.4,1.18,0.09,-0.06,Type III,Type III,SCAPS_literature_table,literature_chi_Eg,device_simulation_parameter,bulk_thin_film_device,10.1038/s41598-024-81797-x,CsPbZnIBr2 SCAPS Tables 1-2
CsPb0.625Zn0.375IBr2,CdS,Zn3P2,1.05,2.4,1.5,0.09,-0.38,Type III,Type III,SCAPS_literature_table,literature_chi_Eg,device_simulation_parameter,bulk_thin_film_device,10.1038/s41598-024-81797-x,CsPbZnIBr2 SCAPS Tables 1-2
CsPb0.625Zn0.375IBr2,PC60BM,PTAA,1.05,1.8,2.96,0.07,0.06,Type III,Type I,SCAPS_literature_table,literature_chi_Eg,device_simulation_parameter,bulk_thin_film_device,10.1038/s41598-024-81797-x,CsPbZnIBr2 SCAPS Tables 1-2
CsPb0.625Zn0.375IBr2,PC60BM,GaAs,1.05,1.8,1.42,0.07,-0.17,Type III,Type III,SCAPS_literature_table,literature_chi_Eg,device_simulation_parameter,bulk_thin_film_device,10.1038/s41598-024-81797-x,CsPbZnIBr2 SCAPS Tables 1-2
CsPb0.625Zn0.375IBr2,PC60BM,ZnTe,1.05,1.8,2.25,0.07,-0.66,Type III,Type III,SCAPS_literature_table,literature_chi_Eg,device_simulation_parameter,bulk_thin_film_device,10.1038/s41598-024-81797-x,CsPbZnIBr2 SCAPS Tables 1-2
CsPb0.625Zn0.375IBr2,PC60BM,CNTS,1.05,1.8,1.74,0.07,-0.29,Type III,Type III,SCAPS_literature_table,literature_chi_Eg,device_simulation_parameter,bulk_thin_film_device,10.1038/s41598-024-81797-x,CsPbZnIBr2 SCAPS Tables 1-2
CsPb0.625Zn0.375IBr2,PC60BM,MoO3,1.05,1.8,3.0,0.07,0.02,Type III,Type I,SCAPS_literature_table,literature_chi_Eg,device_simulation_parameter,bulk_thin_film_device,10.1038/s41598-024-81797-x,CsPbZnIBr2 SCAPS Tables 1-2
CsPb0.625Zn0.375IBr2,PC60BM,MEH-PPV,1.05,1.8,2.1,0.07,0.42,Type III,Type I,SCAPS_literature_table,literature_chi_Eg,device_simulation_parameter,bulk_thin_film_device,10.1038/s41598-024-81797-x,CsPbZnIBr2 SCAPS Tables 1-2
CsPb0.625Zn0.375IBr2,PC60BM,CuAlO2,1.05,1.8,3.46,0.07,-0.64,Type III,Type III,SCAPS_literature_table,literature_chi_Eg,device_simulation_parameter,bulk_thin_film_device,10.1038/s41598-024-81797-x,CsPbZnIBr2 SCAPS Tables 1-2
CsPb0.625Zn0.375IBr2,PC60BM,MoS2,1.05,1.8,1.29,0.07,-0.17,Type III,Type III,SCAPS_literature_table,literature_chi_Eg,device_simulation_parameter,bulk_thin_film_device,10.1038/s41598-024-81797-x,CsPbZnIBr2 SCAPS Tables 1-2
CsPb0.625Zn0.375IBr2,PC60BM,Cu2Te,1.05,1.8,1.18,0.07,-0.06,Type III,Type III,SCAPS_literature_table,literature_chi_Eg,device_simulation_parameter,bulk_thin_film_device,10.1038/s41598-024-81797-x,CsPbZnIBr2 SCAPS Tables 1-2
CsPb0.625Zn0.375IBr2,PC60BM,Zn3P2,1.05,1.8,1.5,0.07,-0.38,Type III,Type III,SCAPS_literature_table,literature_chi_Eg,device_simulation_parameter,bulk_thin_film_device,10.1038/s41598-024-81797-x,CsPbZnIBr2 SCAPS Tables 1-2
BeSiP2,WS2,CuI,1.4,1.8,3.1,0.25,0.4,Type III,Type I,SCAPS_literature_table,literature_chi_Eg,device_simulation_parameter,bulk_thin_film_device,10.1007/s11082-026-08738-y,BeSiP2 SCAPS Tables 1-2 (Tier A)
BeSiP2,WS2,CuSCN,1.4,1.8,3.6,0.25,0.3,Type III,Type I,SCAPS_literature_table,literature_chi_Eg,device_simulation_parameter,bulk_thin_film_device,10.1007/s11082-026-08738-y,BeSiP2 SCAPS Tables 1-2 (Tier A)
BeSiP2,WS2,NiO,1.4,1.8,3.6,0.25,0.2,Type III,Type I,SCAPS_literature_table,literature_chi_Eg,device_simulation_parameter,bulk_thin_film_device,10.1007/s11082-026-08738-y,BeSiP2 SCAPS Tables 1-2 (Tier A)
BeSiP2,WS2,V2O5,1.4,1.8,2.2,0.25,0.0,Type III,Type I,SCAPS_literature_table,literature_chi_Eg,device_simulation_parameter,bulk_thin_film_device,10.1007/s11082-026-08738-y,BeSiP2 SCAPS Tables 1-2 (Tier A)
BeSiP2,TiO2,CuI,1.4,3.4,3.1,0.2,0.4,Type III,Type I,SCAPS_literature_table,literature_chi_Eg,device_simulation_parameter,bulk_thin_film_device,10.1007/s11082-026-08738-y,BeSiP2 SCAPS Tables 1-2 (Tier A)
BeSiP2,TiO2,CuSCN,1.4,3.4,3.6,0.2,0.3,Type III,Type I,SCAPS_literature_table,literature_chi_Eg,device_simulation_parameter,bulk_thin_film_device,10.1007/s11082-026-08738-y,BeSiP2 SCAPS Tables 1-2 (Tier A)
BeSiP2,TiO2,NiO,1.4,3.4,3.6,0.2,0.2,Type III,Type I,SCAPS_literature_table,literature_chi_Eg,device_simulation_parameter,bulk_thin_film_device,10.1007/s11082-026-08738-y,BeSiP2 SCAPS Tables 1-2 (Tier A)
BeSiP2,TiO2,V2O5,1.4,3.4,2.2,0.2,0.0,Type III,Type I,SCAPS_literature_table,literature_chi_Eg,device_simulation_parameter,bulk_thin_film_device,10.1007/s11082-026-08738-y,BeSiP2 SCAPS Tables 1-2 (Tier A)
BeSiP2,SnO2,CuI,1.4,3.6,3.1,0.3,0.4,Type III,Type I,SCAPS_literature_table,literature_chi_Eg,device_simulation_parameter,bulk_thin_film_device,10.1007/s11082-026-08738-y,BeSiP2 SCAPS Tables 1-2 (Tier A)
BeSiP2,SnO2,CuSCN,1.4,3.6,3.6,0.3,0.3,Type III,Type I,SCAPS_literature_table,literature_chi_Eg,device_simulation_parameter,bulk_thin_film_device,10.1007/s11082-026-08738-y,BeSiP2 SCAPS Tables 1-2 (Tier A)
BeSiP2,SnO2,NiO,1.4,3.6,3.6,0.3,0.2,Type III,Type I,SCAPS_literature_table,literature_chi_Eg,device_simulation_parameter,bulk_thin_film_device,10.1007/s11082-026-08738-y,BeSiP2 SCAPS Tables 1-2 (Tier A)
BeSiP2,SnO2,V2O5,1.4,3.6,2.2,0.3,0.0,Type III,Type I,SCAPS_literature_table,literature_chi_Eg,device_simulation_parameter,bulk_thin_film_device,10.1007/s11082-026-08738-y,BeSiP2 SCAPS Tables 1-2 (Tier A)
BeSiP2,PCBM,CuI,1.4,2.0,3.1,0.3,0.4,Type III,Type I,SCAPS_literature_table,literature_chi_Eg,device_simulation_parameter,bulk_thin_film_device,10.1007/s11082-026-08738-y,BeSiP2 SCAPS Tables 1-2 (Tier A)
BeSiP2,PCBM,CuSCN,1.4,2.0,3.6,0.3,0.3,Type III,Type I,SCAPS_literature_table,literature_chi_Eg,device_simulation_parameter,bulk_thin_film_device,10.1007/s11082-026-08738-y,BeSiP2 SCAPS Tables 1-2 (Tier A)
BeSiP2,PCBM,NiO,1.4,2.0,3.6,0.3,0.2,Type III,Type I,SCAPS_literature_table,literature_chi_Eg,device_simulation_parameter,bulk_thin_film_device,10.1007/s11082-026-08738-y,BeSiP2 SCAPS Tables 1-2 (Tier A)
BeSiP2,PCBM,V2O5,1.4,2.0,2.2,0.3,0.0,Type III,Type I,SCAPS_literature_table,literature_chi_Eg,device_simulation_parameter,bulk_thin_film_device,10.1007/s11082-026-08738-y,BeSiP2 SCAPS Tables 1-2 (Tier A)
1T-CaI2,1T-CdBr2,1T-CaI2,4.56,4.32,4.56,-1.08,0.0,Type I,Type I,DFT_HSE06_monolayer,HSE06,fundamental_quasiparticle,2D_monolayer_vdW,10.1038/s41699-021-00200-9,Paper1 vdW heterobilayer (Supp Table 3 + Table 2 HSE06)
1T-CaI2,1T-CdCl2,1T-CaI2,4.56,5.36,4.56,-0.97,0.0,Type I,Type I,DFT_HSE06_monolayer,HSE06,fundamental_quasiparticle,2D_monolayer_vdW,10.1038/s41699-021-00200-9,Paper1 vdW heterobilayer (Supp Table 3 + Table 2 HSE06)
1T-CaI2,1T-GeBr2,1T-CaI2,4.56,3.09,4.56,-1.61,0.0,Type I,Type I,DFT_HSE06_monolayer,HSE06,fundamental_quasiparticle,2D_monolayer_vdW,10.1038/s41699-021-00200-9,Paper1 vdW heterobilayer (Supp Table 3 + Table 2 HSE06)
1T-CaI2,1T-HgBr2,1T-CaI2,4.56,3.79,4.56,-1.36,0.0,Type I,Type I,DFT_HSE06_monolayer,HSE06,fundamental_quasiparticle,2D_monolayer_vdW,10.1038/s41699-021-00200-9,Paper1 vdW heterobilayer (Supp Table 3 + Table 2 HSE06)
1T-CaI2,1T-PtO2,1T-CaI2,4.56,3.5,4.56,-2.0,0.0,Type I,Type I,DFT_HSE06_monolayer,HSE06,fundamental_quasiparticle,2D_monolayer_vdW,10.1038/s41699-021-00200-9,Paper1 vdW heterobilayer (Supp Table 3 + Table 2 HSE06)
1T-CaI2,1T-ZnCl2,1T-CaI2,4.56,6.12,4.56,-0.14,0.0,Type I,Type I,DFT_HSE06_monolayer,HSE06,fundamental_quasiparticle,2D_monolayer_vdW,10.1038/s41699-021-00200-9,Paper1 vdW heterobilayer (Supp Table 3 + Table 2 HSE06)
1T-CdI2,1T-CdBr2,1T-CdI2,2.99,4.32,2.99,-0.05,0.0,Type I,Type I,DFT_HSE06_monolayer,HSE06,fundamental_quasiparticle,2D_monolayer_vdW,10.1038/s41699-021-00200-9,Paper1 vdW heterobilayer (Supp Table 3 + Table 2 HSE06)
1T-MgI2,1T-CdBr2,1T-MgI2,4.16,4.32,4.16,-1.06,0.0,Type I,Type I,DFT_HSE06_monolayer,HSE06,fundamental_quasiparticle,2D_monolayer_vdW,10.1038/s41699-021-00200-9,Paper1 vdW heterobilayer (Supp Table 3 + Table 2 HSE06)
1T-STl2,1T-CdBr2,1T-STl2,1.89,4.32,1.89,-0.36,0.0,Type I,Type I,DFT_HSE06_monolayer,HSE06,fundamental_quasiparticle,2D_monolayer_vdW,10.1038/s41699-021-00200-9,Paper1 vdW heterobilayer (Supp Table 3 + Table 2 HSE06)
1T-YbI2,1T-CdBr2,1T-YbI2,2.35,4.32,2.35,-0.78,0.0,Type I,Type I,DFT_HSE06_monolayer,HSE06,fundamental_quasiparticle,2D_monolayer_vdW,10.1038/s41699-021-00200-9,Paper1 vdW heterobilayer (Supp Table 3 + Table 2 HSE06)
1T-ZnBr2,1T-CdBr2,1T-ZnBr2,4.61,4.32,4.61,-0.41,0.0,Type I,Type I,DFT_HSE06_monolayer,HSE06,fundamental_quasiparticle,2D_monolayer_vdW,10.1038/s41699-021-00200-9,Paper1 vdW heterobilayer (Supp Table 3 + Table 2 HSE06)
1T-MgBr2,1T-CdCl2,1T-MgBr2,5.86,5.36,5.86,-1.21,0.0,Type I,Type I,DFT_HSE06_monolayer,HSE06,fundamental_quasiparticle,2D_monolayer_vdW,10.1038/s41699-021-00200-9,Paper1 vdW heterobilayer (Supp Table 3 + Table 2 HSE06)
1T-MgI2,1T-CdCl2,1T-MgI2,4.16,5.36,4.16,-0.95,0.0,Type I,Type I,DFT_HSE06_monolayer,HSE06,fundamental_quasiparticle,2D_monolayer_vdW,10.1038/s41699-021-00200-9,Paper1 vdW heterobilayer (Supp Table 3 + Table 2 HSE06)
1T-CdCl2,1T-NiO2,1T-CdCl2,5.36,3.29,5.36,-3.17,0.0,Type I,Type I,DFT_HSE06_monolayer,HSE06,fundamental_quasiparticle,2D_monolayer_vdW,10.1038/s41699-021-00200-9,Paper1 vdW heterobilayer (Supp Table 3 + Table 2 HSE06)
1T-STl2,1T-CdCl2,1T-STl2,1.89,5.36,1.89,-0.25,0.0,Type I,Type I,DFT_HSE06_monolayer,HSE06,fundamental_quasiparticle,2D_monolayer_vdW,10.1038/s41699-021-00200-9,Paper1 vdW heterobilayer (Supp Table 3 + Table 2 HSE06)
1T-YbI2,1T-CdCl2,1T-YbI2,2.35,5.36,2.35,-0.67,0.0,Type I,Type I,DFT_HSE06_monolayer,HSE06,fundamental_quasiparticle,2D_monolayer_vdW,10.1038/s41699-021-00200-9,Paper1 vdW heterobilayer (Supp Table 3 + Table 2 HSE06)
1T-ZnBr2,1T-CdCl2,1T-ZnBr2,4.61,5.36,4.61,-0.3,0.0,Type I,Type I,DFT_HSE06_monolayer,HSE06,fundamental_quasiparticle,2D_monolayer_vdW,10.1038/s41699-021-00200-9,Paper1 vdW heterobilayer (Supp Table 3 + Table 2 HSE06)
1T-ZnCl2,1T-CdCl2,1T-ZnCl2,6.12,5.36,6.12,-0.83,0.0,Type I,Type I,DFT_HSE06_monolayer,HSE06,fundamental_quasiparticle,2D_monolayer_vdW,10.1038/s41699-021-00200-9,Paper1 vdW heterobilayer (Supp Table 3 + Table 2 HSE06)
1T-CdI2,1T-GeBr2,1T-CdI2,2.99,3.09,2.99,-0.58,0.0,Type I,Type I,DFT_HSE06_monolayer,HSE06,fundamental_quasiparticle,2D_monolayer_vdW,10.1038/s41699-021-00200-9,Paper1 vdW heterobilayer (Supp Table 3 + Table 2 HSE06)
1T-CdI2,1T-HfS2,1T-CdI2,2.99,2.04,2.99,-1.45,0.0,Type I,Type I,DFT_HSE06_monolayer,HSE06,fundamental_quasiparticle,2D_monolayer_vdW,10.1038/s41699-021-00200-9,Paper1 vdW heterobilayer (Supp Table 3 + Table 2 HSE06)
1T-CdI2,1T-HgBr2,1T-CdI2,2.99,3.79,2.99,-0.33,0.0,Type I,Type I,DFT_HSE06_monolayer,HSE06,fundamental_quasiparticle,2D_monolayer_vdW,10.1038/s41699-021-00200-9,Paper1 vdW heterobilayer (Supp Table 3 + Table 2 HSE06)
1T-CdI2,1T-PbI2,1T-CdI2,2.99,2.65,2.99,-0.5,0.0,Type I,Type I,DFT_HSE06_monolayer,HSE06,fundamental_quasiparticle,2D_monolayer_vdW,10.1038/s41699-021-00200-9,Paper1 vdW heterobilayer (Supp Table 3 + Table 2 HSE06)
1T-CdI2,1T-PtS2,1T-CdI2,2.99,2.65,2.99,-0.7,0.0,Type I,Type I,DFT_HSE06_monolayer,HSE06,fundamental_quasiparticle,2D_monolayer_vdW,10.1038/s41699-021-00200-9,Paper1 vdW heterobilayer (Supp Table 3 + Table 2 HSE06)
1T-STl2,1T-CdI2,1T-STl2,1.89,2.99,1.89,-0.31,0.0,Type I,Type I,DFT_HSE06_monolayer,HSE06,fundamental_quasiparticle,2D_monolayer_vdW,10.1038/s41699-021-00200-9,Paper1 vdW heterobilayer (Supp Table 3 + Table 2 HSE06)
1T-CdI2,1T-SnS2,1T-CdI2,2.99,2.48,2.99,-1.4,0.0,Type I,Type I,DFT_HSE06_monolayer,HSE06,fundamental_quasiparticle,2D_monolayer_vdW,10.1038/s41699-021-00200-9,Paper1 vdW heterobilayer (Supp Table 3 + Table 2 HSE06)
1T-YbI2,1T-CdI2,1T-YbI2,2.35,2.99,2.35,-0.73,0.0,Type I,Type I,DFT_HSE06_monolayer,HSE06,fundamental_quasiparticle,2D_monolayer_vdW,10.1038/s41699-021-00200-9,Paper1 vdW heterobilayer (Supp Table 3 + Table 2 HSE06)
1T-CdI2,1T-ZrS2,1T-CdI2,2.99,1.95,2.99,-1.68,0.0,Type I,Type I,DFT_HSE06_monolayer,HSE06,fundamental_quasiparticle,2D_monolayer_vdW,10.1038/s41699-021-00200-9,Paper1 vdW heterobilayer (Supp Table 3 + Table 2 HSE06)
1T-MgI2,1T-GeBr2,1T-MgI2,4.16,3.09,4.16,-1.59,0.0,Type I,Type I,DFT_HSE06_monolayer,HSE06,fundamental_quasiparticle,2D_monolayer_vdW,10.1038/s41699-021-00200-9,Paper1 vdW heterobilayer (Supp Table 3 + Table 2 HSE06)
1T-GeBr2,1T-NiO2,1T-GeBr2,3.09,3.29,3.09,-2.53,0.0,Type I,Type I,DFT_HSE06_monolayer,HSE06,fundamental_quasiparticle,2D_monolayer_vdW,10.1038/s41699-021-00200-9,Paper1 vdW heterobilayer (Supp Table 3 + Table 2 HSE06)
1T-OTl2,1T-GeBr2,1T-OTl2,1.51,3.09,1.51,-0.26,0.0,Type I,Type I,DFT_HSE06_monolayer,HSE06,fundamental_quasiparticle,2D_monolayer_vdW,10.1038/s41699-021-00200-9,Paper1 vdW heterobilayer (Supp Table 3 + Table 2 HSE06)
1T-GeBr2,1T-PtO2,1T-GeBr2,3.09,3.5,3.09,-0.39,0.0,Type I,Type I,DFT_HSE06_monolayer,HSE06,fundamental_quasiparticle,2D_monolayer_vdW,10.1038/s41699-021-00200-9,Paper1 vdW heterobilayer (Supp Table 3 + Table 2 HSE06)
1T-PtSe2,1T-GeBr2,1T-PtSe2,1.72,3.09,1.72,-0.02,0.0,Type I,Type I,DFT_HSE06_monolayer,HSE06,fundamental_quasiparticle,2D_monolayer_vdW,10.1038/s41699-021-00200-9,Paper1 vdW heterobilayer (Supp Table 3 + Table 2 HSE06)
1T-PtTe2,1T-GeBr2,1T-PtTe2,0.62,3.09,0.62,-0.25,0.0,Type I,Type I,DFT_HSE06_monolayer,HSE06,fundamental_quasiparticle,2D_monolayer_vdW,10.1038/s41699-021-00200-9,Paper1 vdW heterobilayer (Supp Table 3 + Table 2 HSE06)
1T-STl2,1T-GeBr2,1T-STl2,1.89,3.09,1.89,-0.89,0.0,Type I,Type I,DFT_HSE06_monolayer,HSE06,fundamental_quasiparticle,2D_monolayer_vdW,10.1038/s41699-021-00200-9,Paper1 vdW heterobilayer (Supp Table 3 + Table 2 HSE06)
1T-GeBr2,1T-SnS2,1T-GeBr2,3.09,2.48,3.09,-0.82,0.0,Type I,Type I,DFT_HSE06_monolayer,HSE06,fundamental_quasiparticle,2D_monolayer_vdW,10.1038/s41699-021-00200-9,Paper1 vdW heterobilayer (Supp Table 3 + Table 2 HSE06)
1T-YbI2,1T-GeBr2,1T-YbI2,2.35,3.09,2.35,-1.31,0.0,Type I,Type I,DFT_HSE06_monolayer,HSE06,fundamental_quasiparticle,2D_monolayer_vdW,10.1038/s41699-021-00200-9,Paper1 vdW heterobilayer (Supp Table 3 + Table 2 HSE06)
1T-ZnI2,1T-GeBr2,1T-ZnI2,2.59,3.09,2.59,-0.3,0.0,Type I,Type I,DFT_HSE06_monolayer,HSE06,fundamental_quasiparticle,2D_monolayer_vdW,10.1038/s41699-021-00200-9,Paper1 vdW heterobilayer (Supp Table 3 + Table 2 HSE06)
2H-GeI2,1T-GeBr2,2H-GeI2,2.36,3.09,2.36,-0.19,0.0,Type I,Type I,DFT_HSE06_monolayer,HSE06,fundamental_quasiparticle,2D_monolayer_vdW,10.1038/s41699-021-00200-9,Paper1 vdW heterobilayer (Supp Table 3 + Table 2 HSE06)
2H-WS2,1T-GeBr2,2H-WS2,2.2,3.09,2.2,-0.27,0.0,Type I,Type I,DFT_HSE06_monolayer,HSE06,fundamental_quasiparticle,2D_monolayer_vdW,10.1038/s41699-021-00200-9,Paper1 vdW heterobilayer (Supp Table 3 + Table 2 HSE06)
1T-GeI2,1T-PbI2,1T-GeI2,2.64,2.65,2.64,-0.37,0.0,Type I,Type I,DFT_HSE06_monolayer,HSE06,fundamental_quasiparticle,2D_monolayer_vdW,10.1038/s41699-021-00200-9,Paper1 vdW heterobilayer (Supp Table 3 + Table 2 HSE06)
1T-GeI2,1T-PtO2,1T-GeI2,2.64,3.5,2.64,-0.84,0.0,Type I,Type I,DFT_HSE06_monolayer,HSE06,fundamental_quasiparticle,2D_monolayer_vdW,10.1038/s41699-021-00200-9,Paper1 vdW heterobilayer (Supp Table 3 + Table 2 HSE06)
1T-GeI2,1T-PtS2,1T-GeI2,2.64,2.65,2.64,-0.57,0.0,Type I,Type I,DFT_HSE06_monolayer,HSE06,fundamental_quasiparticle,2D_monolayer_vdW,10.1038/s41699-021-00200-9,Paper1 vdW heterobilayer (Supp Table 3 + Table 2 HSE06)
1T-STl2,1T-GeI2,1T-STl2,1.89,2.64,1.89,-0.44,0.0,Type I,Type I,DFT_HSE06_monolayer,HSE06,fundamental_quasiparticle,2D_monolayer_vdW,10.1038/s41699-021-00200-9,Paper1 vdW heterobilayer (Supp Table 3 + Table 2 HSE06)
1T-GeI2,1T-SnSe2,1T-GeI2,2.64,1.44,2.64,-1.48,0.0,Type I,Type I,DFT_HSE06_monolayer,HSE06,fundamental_quasiparticle,2D_monolayer_vdW,10.1038/s41699-021-00200-9,Paper1 vdW heterobilayer (Supp Table 3 + Table 2 HSE06)
1T-GeI2,1T-TiS2,1T-GeI2,2.64,0.71,2.64,-2.01,0.0,Type I,Type I,DFT_HSE06_monolayer,HSE06,fundamental_quasiparticle,2D_monolayer_vdW,10.1038/s41699-021-00200-9,Paper1 vdW heterobilayer (Supp Table 3 + Table 2 HSE06)
1T-YbI2,1T-GeI2,1T-YbI2,2.35,2.64,2.35,-0.86,0.0,Type I,Type I,DFT_HSE06_monolayer,HSE06,fundamental_quasiparticle,2D_monolayer_vdW,10.1038/s41699-021-00200-9,Paper1 vdW heterobilayer (Supp Table 3 + Table 2 HSE06)
1T-GeI2,1T-ZnI2,1T-GeI2,2.64,2.59,2.64,-0.15,0.0,Type I,Type I,DFT_HSE06_monolayer,HSE06,fundamental_quasiparticle,2D_monolayer_vdW,10.1038/s41699-021-00200-9,Paper1 vdW heterobilayer (Supp Table 3 + Table 2 HSE06)
1T-GeI2,2H-MoS2,1T-GeI2,2.64,2.22,2.64,-0.52,0.0,Type I,Type I,DFT_HSE06_monolayer,HSE06,fundamental_quasiparticle,2D_monolayer_vdW,10.1038/s41699-021-00200-9,Paper1 vdW heterobilayer (Supp Table 3 + Table 2 HSE06)
1T-MgI2,1T-HfS2,1T-MgI2,4.16,2.04,4.16,-2.46,0.0,Type I,Type I,DFT_HSE06_monolayer,HSE06,fundamental_quasiparticle,2D_monolayer_vdW,10.1038/s41699-021-00200-9,Paper1 vdW heterobilayer (Supp Table 3 + Table 2 HSE06)
1T-CaI2,1T-NiO2,1T-CaI2,4.56,3.29,4.56,-4.14,0.0,Type I,Type I,DFT_HSE06_monolayer,HSE06,fundamental_quasiparticle,2D_monolayer_vdW,10.1038/s41699-021-00200-9,Paper1 vdW heterobilayer (Supp Table 3 + Table 2 HSE06)
1T-CaI2,1T-SnS2,1T-CaI2,4.56,2.48,4.56,-2.43,0.0,Type I,Type I,DFT_HSE06_monolayer,HSE06,fundamental_quasiparticle,2D_monolayer_vdW,10.1038/s41699-021-00200-9,Paper1 vdW heterobilayer (Supp Table 3 + Table 2 HSE06)
1T-CaI2,1T-ZnBr2,1T-CaI2,4.56,4.61,4.56,-0.67,0.0,Type I,Type I,DFT_HSE06_monolayer,HSE06,fundamental_quasiparticle,2D_monolayer_vdW,10.1038/s41699-021-00200-9,Paper1 vdW heterobilayer (Supp Table 3 + Table 2 HSE06)
1T-CaI2,1T-ZrS2,1T-CaI2,4.56,1.95,4.56,-2.71,0.0,Type I,Type I,DFT_HSE06_monolayer,HSE06,fundamental_quasiparticle,2D_monolayer_vdW,10.1038/s41699-021-00200-9,Paper1 vdW heterobilayer (Supp Table 3 + Table 2 HSE06)
1T-CdBr2,1T-NiO2,1T-CdBr2,4.32,3.29,4.32,-3.06,0.0,Type I,Type I,DFT_HSE06_monolayer,HSE06,fundamental_quasiparticle,2D_monolayer_vdW,10.1038/s41699-021-00200-9,Paper1 vdW heterobilayer (Supp Table 3 + Table 2 HSE06)
1T-CdBr2,1T-PtO2,1T-CdBr2,4.32,3.5,4.32,-0.92,0.0,Type I,Type I,DFT_HSE06_monolayer,HSE06,fundamental_quasiparticle,2D_monolayer_vdW,10.1038/s41699-021-00200-9,Paper1 vdW heterobilayer (Supp Table 3 + Table 2 HSE06)
2H-WSe2,1T-CdBr2,2H-WSe2,1.88,4.32,1.88,-0.04,0.0,Type I,Type I,DFT_HSE06_monolayer,HSE06,fundamental_quasiparticle,2D_monolayer_vdW,10.1038/s41699-021-00200-9,Paper1 vdW heterobilayer (Supp Table 3 + Table 2 HSE06)
2H-WTe2,1T-CdBr2,2H-WTe2,1.3,4.32,1.3,0.0,0.0,Type I,Type I,DFT_HSE06_monolayer,HSE06,fundamental_quasiparticle,2D_monolayer_vdW,10.1038/s41699-021-00200-9,Paper1 vdW heterobilayer (Supp Table 3 + Table 2 HSE06)
2H-ZrCl2,1T-CdBr2,2H-ZrCl2,1.55,4.32,1.55,-0.59,0.0,Type I,Type I,DFT_HSE06_monolayer,HSE06,fundamental_quasiparticle,2D_monolayer_vdW,10.1038/s41699-021-00200-9,Paper1 vdW heterobilayer (Supp Table 3 + Table 2 HSE06)
2H-ZrCl2,1T-CdCl2,2H-ZrCl2,1.55,5.36,1.55,-0.48,0.0,Type I,Type I,DFT_HSE06_monolayer,HSE06,fundamental_quasiparticle,2D_monolayer_vdW,10.1038/s41699-021-00200-9,Paper1 vdW heterobilayer (Supp Table 3 + Table 2 HSE06)
1T-CdI2,1T-PtO2,1T-CdI2,2.99,3.5,2.99,-0.97,0.0,Type I,Type I,DFT_HSE06_monolayer,HSE06,fundamental_quasiparticle,2D_monolayer_vdW,10.1038/s41699-021-00200-9,Paper1 vdW heterobilayer (Supp Table 3 + Table 2 HSE06)
1T-CdI2,1T-SnSe2,1T-CdI2,2.99,1.44,2.99,-1.61,0.0,Type I,Type I,DFT_HSE06_monolayer,HSE06,fundamental_quasiparticle,2D_monolayer_vdW,10.1038/s41699-021-00200-9,Paper1 vdW heterobilayer (Supp Table 3 + Table 2 HSE06)
2H-ZrCl2,1T-CdI2,2H-ZrCl2,1.55,2.99,1.55,-0.54,0.0,Type I,Type I,DFT_HSE06_monolayer,HSE06,fundamental_quasiparticle,2D_monolayer_vdW,10.1038/s41699-021-00200-9,Paper1 vdW heterobilayer (Supp Table 3 + Table 2 HSE06)
1T-GeI2,1T-GeBr2,1T-GeI2,2.64,3.09,2.64,-0.45,0.0,Type I,Type I,DFT_HSE06_monolayer,HSE06,fundamental_quasiparticle,2D_monolayer_vdW,10.1038/s41699-021-00200-9,Paper1 vdW heterobilayer (Supp Table 3 + Table 2 HSE06)
1T-PbI2,1T-GeBr2,1T-PbI2,2.65,3.09,2.65,-0.08,0.0,Type I,Type I,DFT_HSE06_monolayer,HSE06,fundamental_quasiparticle,2D_monolayer_vdW,10.1038/s41699-021-00200-9,Paper1 vdW heterobilayer (Supp Table 3 + Table 2 HSE06)
2H-MoSe2,1T-GeBr2,2H-MoSe2,1.95,3.09,1.95,-0.29,0.0,Type I,Type I,DFT_HSE06_monolayer,HSE06,fundamental_quasiparticle,2D_monolayer_vdW,10.1038/s41699-021-00200-9,Paper1 vdW heterobilayer (Supp Table 3 + Table 2 HSE06)
2H-MoTe2,1T-GeBr2,2H-MoTe2,1.5,3.09,1.5,-0.4,0.0,Type I,Type I,DFT_HSE06_monolayer,HSE06,fundamental_quasiparticle,2D_monolayer_vdW,10.1038/s41699-021-00200-9,Paper1 vdW heterobilayer (Supp Table 3 + Table 2 HSE06)
2H-WSe2,1T-GeBr2,2H-WSe2,1.88,3.09,1.88,-0.57,0.0,Type I,Type I,DFT_HSE06_monolayer,HSE06,fundamental_quasiparticle,2D_monolayer_vdW,10.1038/s41699-021-00200-9,Paper1 vdW heterobilayer (Supp Table 3 + Table 2 HSE06)
2H-WTe2,1T-GeBr2,2H-WTe2,1.3,3.09,1.3,-0.53,0.0,Type I,Type I,DFT_HSE06_monolayer,HSE06,fundamental_quasiparticle,2D_monolayer_vdW,10.1038/s41699-021-00200-9,Paper1 vdW heterobilayer (Supp Table 3 + Table 2 HSE06)
2H-ZrCl2,1T-GeBr2,2H-ZrCl2,1.55,3.09,1.55,-1.12,0.0,Type I,Type I,DFT_HSE06_monolayer,HSE06,fundamental_quasiparticle,2D_monolayer_vdW,10.1038/s41699-021-00200-9,Paper1 vdW heterobilayer (Supp Table 3 + Table 2 HSE06)
1T-GeI2,1T-HfS2,1T-GeI2,2.64,2.04,2.64,-1.32,0.0,Type I,Type I,DFT_HSE06_monolayer,HSE06,fundamental_quasiparticle,2D_monolayer_vdW,10.1038/s41699-021-00200-9,Paper1 vdW heterobilayer (Supp Table 3 + Table 2 HSE06)
1T-GeI2,1T-HgBr2,1T-GeI2,2.64,3.79,2.64,-0.2,0.0,Type I,Type I,DFT_HSE06_monolayer,HSE06,fundamental_quasiparticle,2D_monolayer_vdW,10.1038/s41699-021-00200-9,Paper1 vdW heterobilayer (Supp Table 3 + Table 2 HSE06)
1T-GeI2,1T-SnS2,1T-GeI2,2.64,2.48,2.64,-1.27,0.0,Type I,Type I,DFT_HSE06_monolayer,HSE06,fundamental_quasiparticle,2D_monolayer_vdW,10.1038/s41699-021-00200-9,Paper1 vdW heterobilayer (Supp Table 3 + Table 2 HSE06)
1T-GeI2,1T-ZrS2,1T-GeI2,2.64,1.95,2.64,-1.55,0.0,Type I,Type I,DFT_HSE06_monolayer,HSE06,fundamental_quasiparticle,2D_monolayer_vdW,10.1038/s41699-021-00200-9,Paper1 vdW heterobilayer (Supp Table 3 + Table 2 HSE06)
2H-WSe2,1T-GeI2,2H-WSe2,1.88,2.64,1.88,-0.12,0.0,Type I,Type I,DFT_HSE06_monolayer,HSE06,fundamental_quasiparticle,2D_monolayer_vdW,10.1038/s41699-021-00200-9,Paper1 vdW heterobilayer (Supp Table 3 + Table 2 HSE06)
2H-WTe2,1T-GeI2,2H-WTe2,1.3,2.64,1.3,-0.08,0.0,Type I,Type I,DFT_HSE06_monolayer,HSE06,fundamental_quasiparticle,2D_monolayer_vdW,10.1038/s41699-021-00200-9,Paper1 vdW heterobilayer (Supp Table 3 + Table 2 HSE06)
2H-ZrCl2,1T-GeI2,2H-ZrCl2,1.55,2.64,1.55,-0.67,0.0,Type I,Type I,DFT_HSE06_monolayer,HSE06,fundamental_quasiparticle,2D_monolayer_vdW,10.1038/s41699-021-00200-9,Paper1 vdW heterobilayer (Supp Table 3 + Table 2 HSE06)
1T-HfSe2,1T-HfS2,1T-HfSe2,1.1,2.04,1.1,-0.11,0.0,Type I,Type I,DFT_HSE06_monolayer,HSE06,fundamental_quasiparticle,2D_monolayer_vdW,10.1038/s41699-021-00200-9,Paper1 vdW heterobilayer (Supp Table 3 + Table 2 HSE06)
1T-HfS2,1T-NiO2,1T-HfS2,2.04,3.29,2.04,-1.66,0.0,Type I,Type I,DFT_HSE06_monolayer,HSE06,fundamental_quasiparticle,2D_monolayer_vdW,10.1038/s41699-021-00200-9,Paper1 vdW heterobilayer (Supp Table 3 + Table 2 HSE06)
1T-PtSe2,1T-HfS2,1T-PtSe2,1.72,2.04,1.72,-0.89,0.0,Type I,Type I,DFT_HSE06_monolayer,HSE06,fundamental_quasiparticle,2D_monolayer_vdW,10.1038/s41699-021-00200-9,Paper1 vdW heterobilayer (Supp Table 3 + Table 2 HSE06)
1T-ZnI2,1T-HfS2,1T-ZnI2,2.59,2.04,2.59,-1.17,0.0,Type I,Type I,DFT_HSE06_monolayer,HSE06,fundamental_quasiparticle,2D_monolayer_vdW,10.1038/s41699-021-00200-9,Paper1 vdW heterobilayer (Supp Table 3 + Table 2 HSE06)
1T-HfS2,1T-ZrS2,1T-HfS2,2.04,1.95,2.04,-0.23,0.0,Type I,Type I,DFT_HSE06_monolayer,HSE06,fundamental_quasiparticle,2D_monolayer_vdW,10.1038/s41699-021-00200-9,Paper1 vdW heterobilayer (Supp Table 3 + Table 2 HSE06)
2H-GeI2,1T-HfS2,2H-GeI2,2.36,2.04,2.36,-1.06,0.0,Type I,Type I,DFT_HSE06_monolayer,HSE06,fundamental_quasiparticle,2D_monolayer_vdW,10.1038/s41699-021-00200-9,Paper1 vdW heterobilayer (Supp Table 3 + Table 2 HSE06)
2H-MoS2,1T-HfS2,2H-MoS2,2.22,2.04,2.22,-0.8,0.0,Type I,Type I,DFT_HSE06_monolayer,HSE06,fundamental_quasiparticle,2D_monolayer_vdW,10.1038/s41699-021-00200-9,Paper1 vdW heterobilayer (Supp Table 3 + Table 2 HSE06)
2H-MoSe2,1T-HfS2,2H-MoSe2,1.95,2.04,1.95,-1.16,0.0,Type I,Type I,DFT_HSE06_monolayer,HSE06,fundamental_quasiparticle,2D_monolayer_vdW,10.1038/s41699-021-00200-9,Paper1 vdW heterobilayer (Supp Table 3 + Table 2 HSE06)
2H-MoTe2,1T-HfS2,2H-MoTe2,1.5,2.04,1.5,-1.27,0.0,Type I,Type I,DFT_HSE06_monolayer,HSE06,fundamental_quasiparticle,2D_monolayer_vdW,10.1038/s41699-021-00200-9,Paper1 vdW heterobilayer (Supp Table 3 + Table 2 HSE06)
2H-WS2,1T-HfS2,2H-WS2,2.2,2.04,2.2,-1.14,0.0,Type I,Type I,DFT_HSE06_monolayer,HSE06,fundamental_quasiparticle,2D_monolayer_vdW,10.1038/s41699-021-00200-9,Paper1 vdW heterobilayer (Supp Table 3 + Table 2 HSE06)
1T-PtSe2,1T-HfSe2,1T-PtSe2,1.72,1.1,1.72,-0.78,0.0,Type I,Type I,DFT_HSE06_monolayer,HSE06,fundamental_quasiparticle,2D_monolayer_vdW,10.1038/s41699-021-00200-9,Paper1 vdW heterobilayer (Supp Table 3 + Table 2 HSE06)
1T-HfSe2,1T-SnS2,1T-HfSe2,1.1,2.48,1.1,-0.06,0.0,Type I,Type I,DFT_HSE06_monolayer,HSE06,fundamental_quasiparticle,2D_monolayer_vdW,10.1038/s41699-021-00200-9,Paper1 vdW heterobilayer (Supp Table 3 + Table 2 HSE06)
1T-HfSe2,1T-SnSe2,1T-HfSe2,1.1,1.44,1.1,-0.27,0.0,Type I,Type I,DFT_HSE06_monolayer,HSE06,fundamental_quasiparticle,2D_monolayer_vdW,10.1038/s41699-021-00200-9,Paper1 vdW heterobilayer (Supp Table 3 + Table 2 HSE06)
1T-HfSe2,1T-ZrS2,1T-HfSe2,1.1,1.95,1.1,-0.34,0.0,Type I,Type I,DFT_HSE06_monolayer,HSE06,fundamental_quasiparticle,2D_monolayer_vdW,10.1038/s41699-021-00200-9,Paper1 vdW heterobilayer (Supp Table 3 + Table 2 HSE06)
1T-HfSe2,1T-ZrSe2,1T-HfSe2,1.1,0.94,1.1,-0.3,0.0,Type I,Type I,DFT_HSE06_monolayer,HSE06,fundamental_quasiparticle,2D_monolayer_vdW,10.1038/s41699-021-00200-9,Paper1 vdW heterobilayer (Supp Table 3 + Table 2 HSE06)
2H-MoSe2,1T-HfSe2,2H-MoSe2,1.95,1.1,1.95,-1.05,0.0,Type I,Type I,DFT_HSE06_monolayer,HSE06,fundamental_quasiparticle,2D_monolayer_vdW,10.1038/s41699-021-00200-9,Paper1 vdW heterobilayer (Supp Table 3 + Table 2 HSE06)
2H-MoTe2,1T-HfSe2,2H-MoTe2,1.5,1.1,1.5,-1.16,0.0,Type I,Type I,DFT_HSE06_monolayer,HSE06,fundamental_quasiparticle,2D_monolayer_vdW,10.1038/s41699-021-00200-9,Paper1 vdW heterobilayer (Supp Table 3 + Table 2 HSE06)
2H-WSe2,1T-HfSe2,2H-WSe2,1.88,1.1,1.88,-1.33,0.0,Type I,Type I,DFT_HSE06_monolayer,HSE06,fundamental_quasiparticle,2D_monolayer_vdW,10.1038/s41699-021-00200-9,Paper1 vdW heterobilayer (Supp Table 3 + Table 2 HSE06)
1T-HgBr2,1T-NiO2,1T-HgBr2,3.79,3.29,3.79,-2.78,0.0,Type I,Type I,DFT_HSE06_monolayer,HSE06,fundamental_quasiparticle,2D_monolayer_vdW,10.1038/s41699-021-00200-9,Paper1 vdW heterobilayer (Supp Table 3 + Table 2 HSE06)
2H-MoTe2,1T-HgBr2,2H-MoTe2,1.5,3.79,1.5,-0.15,0.0,Type I,Type I,DFT_HSE06_monolayer,HSE06,fundamental_quasiparticle,2D_monolayer_vdW,10.1038/s41699-021-00200-9,Paper1 vdW heterobilayer (Supp Table 3 + Table 2 HSE06)
1T-CdI2,1T-CaI2,1T-CdI2,2.99,4.56,2.99,1.03,0.0,Type III,Type I,DFT_HSE06_monolayer,HSE06,fundamental_quasiparticle,2D_monolayer_vdW,10.1038/s41699-021-00200-9,Paper1 vdW heterobilayer (Supp Table 3 + Table 2 HSE06)
1T-GeI2,1T-CaI2,1T-GeI2,2.64,4.56,2.64,1.16,0.0,Type III,Type I,DFT_HSE06_monolayer,HSE06,fundamental_quasiparticle,2D_monolayer_vdW,10.1038/s41699-021-00200-9,Paper1 vdW heterobilayer (Supp Table 3 + Table 2 HSE06)
1T-HfS2,1T-CaI2,1T-HfS2,2.04,4.56,2.04,2.48,0.0,Type III,Type I,DFT_HSE06_monolayer,HSE06,fundamental_quasiparticle,2D_monolayer_vdW,10.1038/s41699-021-00200-9,Paper1 vdW heterobilayer (Supp Table 3 + Table 2 HSE06)
1T-HfSe2,1T-CaI2,1T-HfSe2,1.1,4.56,1.1,2.37,0.0,Type III,Type I,DFT_HSE06_monolayer,HSE06,fundamental_quasiparticle,2D_monolayer_vdW,10.1038/s41699-021-00200-9,Paper1 vdW heterobilayer (Supp Table 3 + Table 2 HSE06)
1T-CaI2,1T-MgBr2,1T-CaI2,4.56,5.86,4.56,0.24,0.0,Type III,Type I,DFT_HSE06_monolayer,HSE06,fundamental_quasiparticle,2D_monolayer_vdW,10.1038/s41699-021-00200-9,Paper1 vdW heterobilayer (Supp Table 3 + Table 2 HSE06)
1T-CaI2,1T-MgCl2,1T-CaI2,4.56,7.49,4.56,0.81,0.0,Type III,Type I,DFT_HSE06_monolayer,HSE06,fundamental_quasiparticle,2D_monolayer_vdW,10.1038/s41699-021-00200-9,Paper1 vdW heterobilayer (Supp Table 3 + Table 2 HSE06)
1T-MgI2,1T-CaI2,1T-MgI2,4.16,4.56,4.16,0.02,0.0,Type III,Type I,DFT_HSE06_monolayer,HSE06,fundamental_quasiparticle,2D_monolayer_vdW,10.1038/s41699-021-00200-9,Paper1 vdW heterobilayer (Supp Table 3 + Table 2 HSE06)
1T-OTl2,1T-CaI2,1T-OTl2,1.51,4.56,1.51,1.35,0.0,Type III,Type I,DFT_HSE06_monolayer,HSE06,fundamental_quasiparticle,2D_monolayer_vdW,10.1038/s41699-021-00200-9,Paper1 vdW heterobilayer (Supp Table 3 + Table 2 HSE06)
1T-PbI2,1T-CaI2,1T-PbI2,2.65,4.56,2.65,1.53,0.0,Type III,Type I,DFT_HSE06_monolayer,HSE06,fundamental_quasiparticle,2D_monolayer_vdW,10.1038/s41699-021-00200-9,Paper1 vdW heterobilayer (Supp Table 3 + Table 2 HSE06)
1T-PtS2,1T-CaI2,1T-PtS2,2.65,4.56,2.65,1.73,0.0,Type III,Type I,DFT_HSE06_monolayer,HSE06,fundamental_quasiparticle,2D_monolayer_vdW,10.1038/s41699-021-00200-9,Paper1 vdW heterobilayer (Supp Table 3 + Table 2 HSE06)
1T-PtSe2,1T-CaI2,1T-PtSe2,1.72,4.56,1.72,1.59,0.0,Type III,Type I,DFT_HSE06_monolayer,HSE06,fundamental_quasiparticle,2D_monolayer_vdW,10.1038/s41699-021-00200-9,Paper1 vdW heterobilayer (Supp Table 3 + Table 2 HSE06)
1T-PtTe2,1T-CaI2,1T-PtTe2,0.62,4.56,0.62,1.36,0.0,Type III,Type I,DFT_HSE06_monolayer,HSE06,fundamental_quasiparticle,2D_monolayer_vdW,10.1038/s41699-021-00200-9,Paper1 vdW heterobilayer (Supp Table 3 + Table 2 HSE06)
1T-STl2,1T-CaI2,1T-STl2,1.89,4.56,1.89,0.72,0.0,Type III,Type I,DFT_HSE06_monolayer,HSE06,fundamental_quasiparticle,2D_monolayer_vdW,10.1038/s41699-021-00200-9,Paper1 vdW heterobilayer (Supp Table 3 + Table 2 HSE06)
1T-SnSe2,1T-CaI2,1T-SnSe2,1.44,4.56,1.44,2.64,0.0,Type III,Type I,DFT_HSE06_monolayer,HSE06,fundamental_quasiparticle,2D_monolayer_vdW,10.1038/s41699-021-00200-9,Paper1 vdW heterobilayer (Supp Table 3 + Table 2 HSE06)
1T-TiS2,1T-CaI2,1T-TiS2,0.71,4.56,0.71,3.17,0.0,Type III,Type I,DFT_HSE06_monolayer,HSE06,fundamental_quasiparticle,2D_monolayer_vdW,10.1038/s41699-021-00200-9,Paper1 vdW heterobilayer (Supp Table 3 + Table 2 HSE06)
1T-YbI2,1T-CaI2,1T-YbI2,2.35,4.56,2.35,0.3,0.0,Type III,Type I,DFT_HSE06_monolayer,HSE06,fundamental_quasiparticle,2D_monolayer_vdW,10.1038/s41699-021-00200-9,Paper1 vdW heterobilayer (Supp Table 3 + Table 2 HSE06)
1T-ZnI2,1T-CaI2,1T-ZnI2,2.59,4.56,2.59,1.31,0.0,Type III,Type I,DFT_HSE06_monolayer,HSE06,fundamental_quasiparticle,2D_monolayer_vdW,10.1038/s41699-021-00200-9,Paper1 vdW heterobilayer (Supp Table 3 + Table 2 HSE06)
1T-ZrSe2,1T-CaI2,1T-ZrSe2,0.94,4.56,0.94,2.67,0.0,Type III,Type I,DFT_HSE06_monolayer,HSE06,fundamental_quasiparticle,2D_monolayer_vdW,10.1038/s41699-021-00200-9,Paper1 vdW heterobilayer (Supp Table 3 + Table 2 HSE06)
2H-GeI2,1T-CaI2,2H-GeI2,2.36,4.56,2.36,1.42,0.0,Type III,Type I,DFT_HSE06_monolayer,HSE06,fundamental_quasiparticle,2D_monolayer_vdW,10.1038/s41699-021-00200-9,Paper1 vdW heterobilayer (Supp Table 3 + Table 2 HSE06)
2H-MoS2,1T-CaI2,2H-MoS2,2.22,4.56,2.22,1.68,0.0,Type III,Type I,DFT_HSE06_monolayer,HSE06,fundamental_quasiparticle,2D_monolayer_vdW,10.1038/s41699-021-00200-9,Paper1 vdW heterobilayer (Supp Table 3 + Table 2 HSE06)
2H-MoSe2,1T-CaI2,2H-MoSe2,1.95,4.56,1.95,1.32,0.0,Type III,Type I,DFT_HSE06_monolayer,HSE06,fundamental_quasiparticle,2D_monolayer_vdW,10.1038/s41699-021-00200-9,Paper1 vdW heterobilayer (Supp Table 3 + Table 2 HSE06)
2H-MoTe2,1T-CaI2,2H-MoTe2,1.5,4.56,1.5,1.21,0.0,Type III,Type I,DFT_HSE06_monolayer,HSE06,fundamental_quasiparticle,2D_monolayer_vdW,10.1038/s41699-021-00200-9,Paper1 vdW heterobilayer (Supp Table 3 + Table 2 HSE06)
2H-WS2,1T-CaI2,2H-WS2,2.2,4.56,2.2,1.34,0.0,Type III,Type I,DFT_HSE06_monolayer,HSE06,fundamental_quasiparticle,2D_monolayer_vdW,10.1038/s41699-021-00200-9,Paper1 vdW heterobilayer (Supp Table 3 + Table 2 HSE06)
2H-WSe2,1T-CaI2,2H-WSe2,1.88,4.56,1.88,1.04,0.0,Type III,Type I,DFT_HSE06_monolayer,HSE06,fundamental_quasiparticle,2D_monolayer_vdW,10.1038/s41699-021-00200-9,Paper1 vdW heterobilayer (Supp Table 3 + Table 2 HSE06)
2H-WTe2,1T-CaI2,2H-WTe2,1.3,4.56,1.3,1.08,0.0,Type III,Type I,DFT_HSE06_monolayer,HSE06,fundamental_quasiparticle,2D_monolayer_vdW,10.1038/s41699-021-00200-9,Paper1 vdW heterobilayer (Supp Table 3 + Table 2 HSE06)
2H-ZrCl2,1T-CaI2,2H-ZrCl2,1.55,4.56,1.55,0.49,0.0,Type III,Type I,DFT_HSE06_monolayer,HSE06,fundamental_quasiparticle,2D_monolayer_vdW,10.1038/s41699-021-00200-9,Paper1 vdW heterobilayer (Supp Table 3 + Table 2 HSE06)
1T-CdBr2,1T-CdCl2,1T-CdBr2,4.32,5.36,4.32,0.11,0.0,Type III,Type I,DFT_HSE06_monolayer,HSE06,fundamental_quasiparticle,2D_monolayer_vdW,10.1038/s41699-021-00200-9,Paper1 vdW heterobilayer (Supp Table 3 + Table 2 HSE06)
1T-GeBr2,1T-CdBr2,1T-GeBr2,3.09,4.32,3.09,0.53,0.0,Type III,Type I,DFT_HSE06_monolayer,HSE06,fundamental_quasiparticle,2D_monolayer_vdW,10.1038/s41699-021-00200-9,Paper1 vdW heterobilayer (Supp Table 3 + Table 2 HSE06)
1T-GeI2,1T-CdBr2,1T-GeI2,2.64,4.32,2.64,0.08,0.0,Type III,Type I,DFT_HSE06_monolayer,HSE06,fundamental_quasiparticle,2D_monolayer_vdW,10.1038/s41699-021-00200-9,Paper1 vdW heterobilayer (Supp Table 3 + Table 2 HSE06)
1T-HfS2,1T-CdBr2,1T-HfS2,2.04,4.32,2.04,1.4,0.0,Type III,Type I,DFT_HSE06_monolayer,HSE06,fundamental_quasiparticle,2D_monolayer_vdW,10.1038/s41699-021-00200-9,Paper1 vdW heterobilayer (Supp Table 3 + Table 2 HSE06)
1T-HfSe2,1T-CdBr2,1T-HfSe2,1.1,4.32,1.1,1.29,0.0,Type III,Type I,DFT_HSE06_monolayer,HSE06,fundamental_quasiparticle,2D_monolayer_vdW,10.1038/s41699-021-00200-9,Paper1 vdW heterobilayer (Supp Table 3 + Table 2 HSE06)
1T-HgBr2,1T-CdBr2,1T-HgBr2,3.79,4.32,3.79,0.28,0.0,Type III,Type I,DFT_HSE06_monolayer,HSE06,fundamental_quasiparticle,2D_monolayer_vdW,10.1038/s41699-021-00200-9,Paper1 vdW heterobilayer (Supp Table 3 + Table 2 HSE06)
1T-CdBr2,1T-MgBr2,1T-CdBr2,4.32,5.86,4.32,1.32,0.0,Type III,Type I,DFT_HSE06_monolayer,HSE06,fundamental_quasiparticle,2D_monolayer_vdW,10.1038/s41699-021-00200-9,Paper1 vdW heterobilayer (Supp Table 3 + Table 2 HSE06)
1T-CdBr2,1T-MgCl2,1T-CdBr2,4.32,7.49,4.32,1.89,0.0,Type III,Type I,DFT_HSE06_monolayer,HSE06,fundamental_quasiparticle,2D_monolayer_vdW,10.1038/s41699-021-00200-9,Paper1 vdW heterobilayer (Supp Table 3 + Table 2 HSE06)
1T-OTl2,1T-CdBr2,1T-OTl2,1.51,4.32,1.51,0.27,0.0,Type III,Type I,DFT_HSE06_monolayer,HSE06,fundamental_quasiparticle,2D_monolayer_vdW,10.1038/s41699-021-00200-9,Paper1 vdW heterobilayer (Supp Table 3 + Table 2 HSE06)
1T-PbI2,1T-CdBr2,1T-PbI2,2.65,4.32,2.65,0.45,0.0,Type III,Type I,DFT_HSE06_monolayer,HSE06,fundamental_quasiparticle,2D_monolayer_vdW,10.1038/s41699-021-00200-9,Paper1 vdW heterobilayer (Supp Table 3 + Table 2 HSE06)
1T-PtS2,1T-CdBr2,1T-PtS2,2.65,4.32,2.65,0.65,0.0,Type III,Type I,DFT_HSE06_monolayer,HSE06,fundamental_quasiparticle,2D_monolayer_vdW,10.1038/s41699-021-00200-9,Paper1 vdW heterobilayer (Supp Table 3 + Table 2 HSE06)
1T-PtSe2,1T-CdBr2,1T-PtSe2,1.72,4.32,1.72,0.51,0.0,Type III,Type I,DFT_HSE06_monolayer,HSE06,fundamental_quasiparticle,2D_monolayer_vdW,10.1038/s41699-021-00200-9,Paper1 vdW heterobilayer (Supp Table 3 + Table 2 HSE06)
1T-PtTe2,1T-CdBr2,1T-PtTe2,0.62,4.32,0.62,0.28,0.0,Type III,Type I,DFT_HSE06_monolayer,HSE06,fundamental_quasiparticle,2D_monolayer_vdW,10.1038/s41699-021-00200-9,Paper1 vdW heterobilayer (Supp Table 3 + Table 2 HSE06)
1T-SnS2,1T-CdBr2,1T-SnS2,2.48,4.32,2.48,1.35,0.0,Type III,Type I,DFT_HSE06_monolayer,HSE06,fundamental_quasiparticle,2D_monolayer_vdW,10.1038/s41699-021-00200-9,Paper1 vdW heterobilayer (Supp Table 3 + Table 2 HSE06)
1T-SnSe2,1T-CdBr2,1T-SnSe2,1.44,4.32,1.44,1.56,0.0,Type III,Type I,DFT_HSE06_monolayer,HSE06,fundamental_quasiparticle,2D_monolayer_vdW,10.1038/s41699-021-00200-9,Paper1 vdW heterobilayer (Supp Table 3 + Table 2 HSE06)
1T-TiS2,1T-CdBr2,1T-TiS2,0.71,4.32,0.71,2.09,0.0,Type III,Type I,DFT_HSE06_monolayer,HSE06,fundamental_quasiparticle,2D_monolayer_vdW,10.1038/s41699-021-00200-9,Paper1 vdW heterobilayer (Supp Table 3 + Table 2 HSE06)
1T-CdBr2,1T-ZnCl2,1T-CdBr2,4.32,6.12,4.32,0.94,0.0,Type III,Type I,DFT_HSE06_monolayer,HSE06,fundamental_quasiparticle,2D_monolayer_vdW,10.1038/s41699-021-00200-9,Paper1 vdW heterobilayer (Supp Table 3 + Table 2 HSE06)
1T-ZnI2,1T-CdBr2,1T-ZnI2,2.59,4.32,2.59,0.23,0.0,Type III,Type I,DFT_HSE06_monolayer,HSE06,fundamental_quasiparticle,2D_monolayer_vdW,10.1038/s41699-021-00200-9,Paper1 vdW heterobilayer (Supp Table 3 + Table 2 HSE06)
1T-ZrS2,1T-CdBr2,1T-ZrS2,1.95,4.32,1.95,1.63,0.0,Type III,Type I,DFT_HSE06_monolayer,HSE06,fundamental_quasiparticle,2D_monolayer_vdW,10.1038/s41699-021-00200-9,Paper1 vdW heterobilayer (Supp Table 3 + Table 2 HSE06)
1T-ZrSe2,1T-CdBr2,1T-ZrSe2,0.94,4.32,0.94,1.59,0.0,Type III,Type I,DFT_HSE06_monolayer,HSE06,fundamental_quasiparticle,2D_monolayer_vdW,10.1038/s41699-021-00200-9,Paper1 vdW heterobilayer (Supp Table 3 + Table 2 HSE06)
2H-GeI2,1T-CdBr2,2H-GeI2,2.36,4.32,2.36,0.34,0.0,Type III,Type I,DFT_HSE06_monolayer,HSE06,fundamental_quasiparticle,2D_monolayer_vdW,10.1038/s41699-021-00200-9,Paper1 vdW heterobilayer (Supp Table 3 + Table 2 HSE06)
1T-OTl2,1T-HfS2,1T-OTl2,1.51,2.04,1.51,-1.13,0.0,Type I,Type I,DFT_HSE06_monolayer,HSE06,fundamental_quasiparticle,2D_monolayer_vdW,10.1038/s41699-021-00200-9,Paper1 vdW heterobilayer (Supp Table 3 + Table 2 HSE06)
1T-PbI2,1T-HfS2,1T-PbI2,2.65,2.04,2.65,-0.95,0.0,Type I,Type I,DFT_HSE06_monolayer,HSE06,fundamental_quasiparticle,2D_monolayer_vdW,10.1038/s41699-021-00200-9,Paper1 vdW heterobilayer (Supp Table 3 + Table 2 HSE06)
1T-PtS2,1T-HfS2,1T-PtS2,2.65,2.04,2.65,-0.75,0.0,Type I,Type I,DFT_HSE06_monolayer,HSE06,fundamental_quasiparticle,2D_monolayer_vdW,10.1038/s41699-021-00200-9,Paper1 vdW heterobilayer (Supp Table 3 + Table 2 HSE06)
1T-STl2,1T-HfS2,1T-STl2,1.89,2.04,1.89,-1.76,0.0,Type I,Type I,DFT_HSE06_monolayer,HSE06,fundamental_quasiparticle,2D_monolayer_vdW,10.1038/s41699-021-00200-9,Paper1 vdW heterobilayer (Supp Table 3 + Table 2 HSE06)
1T-YbI2,1T-HfS2,1T-YbI2,2.35,2.04,2.35,-2.18,0.0,Type I,Type I,DFT_HSE06_monolayer,HSE06,fundamental_quasiparticle,2D_monolayer_vdW,10.1038/s41699-021-00200-9,Paper1 vdW heterobilayer (Supp Table 3 + Table 2 HSE06)
2H-WSe2,1T-HfS2,2H-WSe2,1.88,2.04,1.88,-1.44,0.0,Type I,Type I,DFT_HSE06_monolayer,HSE06,fundamental_quasiparticle,2D_monolayer_vdW,10.1038/s41699-021-00200-9,Paper1 vdW heterobilayer (Supp Table 3 + Table 2 HSE06)
1T-OTl2,1T-HfSe2,1T-OTl2,1.51,1.1,1.51,-1.02,0.0,Type I,Type I,DFT_HSE06_monolayer,HSE06,fundamental_quasiparticle,2D_monolayer_vdW,10.1038/s41699-021-00200-9,Paper1 vdW heterobilayer (Supp Table 3 + Table 2 HSE06)
1T-STl2,1T-HfSe2,1T-STl2,1.89,1.1,1.89,-1.65,0.0,Type I,Type I,DFT_HSE06_monolayer,HSE06,fundamental_quasiparticle,2D_monolayer_vdW,10.1038/s41699-021-00200-9,Paper1 vdW heterobilayer (Supp Table 3 + Table 2 HSE06)
1T-HfSe2,1T-TiS2,1T-HfSe2,1.1,0.71,1.1,-0.8,0.0,Type I,Type I,DFT_HSE06_monolayer,HSE06,fundamental_quasiparticle,2D_monolayer_vdW,10.1038/s41699-021-00200-9,Paper1 vdW heterobilayer (Supp Table 3 + Table 2 HSE06)
1T-YbI2,1T-HfSe2,1T-YbI2,2.35,1.1,2.35,-2.07,0.0,Type I,Type I,DFT_HSE06_monolayer,HSE06,fundamental_quasiparticle,2D_monolayer_vdW,10.1038/s41699-021-00200-9,Paper1 vdW heterobilayer (Supp Table 3 + Table 2 HSE06)
1T-MgI2,1T-HgBr2,1T-MgI2,4.16,3.79,4.16,-1.34,0.0,Type I,Type I,DFT_HSE06_monolayer,HSE06,fundamental_quasiparticle,2D_monolayer_vdW,10.1038/s41699-021-00200-9,Paper1 vdW heterobilayer (Supp Table 3 + Table 2 HSE06)
1T-OTl2,1T-HgBr2,1T-OTl2,1.51,3.79,1.51,-0.01,0.0,Type I,Type I,DFT_HSE06_monolayer,HSE06,fundamental_quasiparticle,2D_monolayer_vdW,10.1038/s41699-021-00200-9,Paper1 vdW heterobilayer (Supp Table 3 + Table 2 HSE06)
1T-HgBr2,1T-PtO2,1T-HgBr2,3.79,3.5,3.79,-0.64,0.0,Type I,Type I,DFT_HSE06_monolayer,HSE06,fundamental_quasiparticle,2D_monolayer_vdW,10.1038/s41699-021-00200-9,Paper1 vdW heterobilayer (Supp Table 3 + Table 2 HSE06)
1T-PtTe2,1T-HgBr2,1T-PtTe2,0.62,3.79,0.62,-0.0,0.0,Type I,Type I,DFT_HSE06_monolayer,HSE06,fundamental_quasiparticle,2D_monolayer_vdW,10.1038/s41699-021-00200-9,Paper1 vdW heterobilayer (Supp Table 3 + Table 2 HSE06)
1T-STl2,1T-HgBr2,1T-STl2,1.89,3.79,1.89,-0.64,0.0,Type I,Type I,DFT_HSE06_monolayer,HSE06,fundamental_quasiparticle,2D_monolayer_vdW,10.1038/s41699-021-00200-9,Paper1 vdW heterobilayer (Supp Table 3 + Table 2 HSE06)
1T-YbI2,1T-HgBr2,1T-YbI2,2.35,3.79,2.35,-1.06,0.0,Type I,Type I,DFT_HSE06_monolayer,HSE06,fundamental_quasiparticle,2D_monolayer_vdW,10.1038/s41699-021-00200-9,Paper1 vdW heterobilayer (Supp Table 3 + Table 2 HSE06)
1T-ZnI2,1T-HgBr2,1T-ZnI2,2.59,3.79,2.59,-0.05,0.0,Type I,Type I,DFT_HSE06_monolayer,HSE06,fundamental_quasiparticle,2D_monolayer_vdW,10.1038/s41699-021-00200-9,Paper1 vdW heterobilayer (Supp Table 3 + Table 2 HSE06)
2H-MoSe2,1T-HgBr2,2H-MoSe2,1.95,3.79,1.95,-0.04,0.0,Type I,Type I,DFT_HSE06_monolayer,HSE06,fundamental_quasiparticle,2D_monolayer_vdW,10.1038/s41699-021-00200-9,Paper1 vdW heterobilayer (Supp Table 3 + Table 2 HSE06)
1T-MgBr2,1T-NiO2,1T-MgBr2,5.86,3.29,5.86,-4.38,0.0,Type I,Type I,DFT_HSE06_monolayer,HSE06,fundamental_quasiparticle,2D_monolayer_vdW,10.1038/s41699-021-00200-9,Paper1 vdW heterobilayer (Supp Table 3 + Table 2 HSE06)
1T-MgBr2,1T-ZnCl2,1T-MgBr2,5.86,6.12,5.86,-0.38,0.0,Type I,Type I,DFT_HSE06_monolayer,HSE06,fundamental_quasiparticle,2D_monolayer_vdW,10.1038/s41699-021-00200-9,Paper1 vdW heterobilayer (Supp Table 3 + Table 2 HSE06)
1T-MgI2,1T-PbI2,1T-MgI2,4.16,2.65,4.16,-1.51,0.0,Type I,Type I,DFT_HSE06_monolayer,HSE06,fundamental_quasiparticle,2D_monolayer_vdW,10.1038/s41699-021-00200-9,Paper1 vdW heterobilayer (Supp Table 3 + Table 2 HSE06)
1T-MgI2,1T-PtS2,1T-MgI2,4.16,2.65,4.16,-1.71,0.0,Type I,Type I,DFT_HSE06_monolayer,HSE06,fundamental_quasiparticle,2D_monolayer_vdW,10.1038/s41699-021-00200-9,Paper1 vdW heterobilayer (Supp Table 3 + Table 2 HSE06)
1T-MgI2,1T-SnS2,1T-MgI2,4.16,2.48,4.16,-2.41,0.0,Type I,Type I,DFT_HSE06_monolayer,HSE06,fundamental_quasiparticle,2D_monolayer_vdW,10.1038/s41699-021-00200-9,Paper1 vdW heterobilayer (Supp Table 3 + Table 2 HSE06)
1T-MgI2,1T-ZnBr2,1T-MgI2,4.16,4.61,4.16,-0.65,0.0,Type I,Type I,DFT_HSE06_monolayer,HSE06,fundamental_quasiparticle,2D_monolayer_vdW,10.1038/s41699-021-00200-9,Paper1 vdW heterobilayer (Supp Table 3 + Table 2 HSE06)
1T-MgI2,1T-ZnCl2,1T-MgI2,4.16,6.12,4.16,-0.12,0.0,Type I,Type I,DFT_HSE06_monolayer,HSE06,fundamental_quasiparticle,2D_monolayer_vdW,10.1038/s41699-021-00200-9,Paper1 vdW heterobilayer (Supp Table 3 + Table 2 HSE06)
1T-MgI2,1T-ZrS2,1T-MgI2,4.16,1.95,4.16,-2.69,0.0,Type I,Type I,DFT_HSE06_monolayer,HSE06,fundamental_quasiparticle,2D_monolayer_vdW,10.1038/s41699-021-00200-9,Paper1 vdW heterobilayer (Supp Table 3 + Table 2 HSE06)
1T-PbI2,1T-NiO2,1T-PbI2,2.65,3.29,2.65,-2.61,0.0,Type I,Type I,DFT_HSE06_monolayer,HSE06,fundamental_quasiparticle,2D_monolayer_vdW,10.1038/s41699-021-00200-9,Paper1 vdW heterobilayer (Supp Table 3 + Table 2 HSE06)
1T-PtO2,1T-NiO2,1T-PtO2,3.5,3.29,3.5,-2.14,0.0,Type I,Type I,DFT_HSE06_monolayer,HSE06,fundamental_quasiparticle,2D_monolayer_vdW,10.1038/s41699-021-00200-9,Paper1 vdW heterobilayer (Supp Table 3 + Table 2 HSE06)
1T-PtS2,1T-NiO2,1T-PtS2,2.65,3.29,2.65,-2.41,0.0,Type I,Type I,DFT_HSE06_monolayer,HSE06,fundamental_quasiparticle,2D_monolayer_vdW,10.1038/s41699-021-00200-9,Paper1 vdW heterobilayer (Supp Table 3 + Table 2 HSE06)
1T-ZnBr2,1T-NiO2,1T-ZnBr2,4.61,3.29,4.61,-3.47,0.0,Type I,Type I,DFT_HSE06_monolayer,HSE06,fundamental_quasiparticle,2D_monolayer_vdW,10.1038/s41699-021-00200-9,Paper1 vdW heterobilayer (Supp Table 3 + Table 2 HSE06)
1T-ZnCl2,1T-NiO2,1T-ZnCl2,6.12,3.29,6.12,-4.0,0.0,Type I,Type I,DFT_HSE06_monolayer,HSE06,fundamental_quasiparticle,2D_monolayer_vdW,10.1038/s41699-021-00200-9,Paper1 vdW heterobilayer (Supp Table 3 + Table 2 HSE06)
1T-OTl2,1T-PbI2,1T-OTl2,1.51,2.65,1.51,-0.18,0.0,Type I,Type I,DFT_HSE06_monolayer,HSE06,fundamental_quasiparticle,2D_monolayer_vdW,10.1038/s41699-021-00200-9,Paper1 vdW heterobilayer (Supp Table 3 + Table 2 HSE06)
1T-OTl2,1T-PtO2,1T-OTl2,1.51,3.5,1.51,-0.65,0.0,Type I,Type I,DFT_HSE06_monolayer,HSE06,fundamental_quasiparticle,2D_monolayer_vdW,10.1038/s41699-021-00200-9,Paper1 vdW heterobilayer (Supp Table 3 + Table 2 HSE06)
1T-OTl2,1T-PtSe2,1T-OTl2,1.51,1.72,1.51,-0.24,0.0,Type I,Type I,DFT_HSE06_monolayer,HSE06,fundamental_quasiparticle,2D_monolayer_vdW,10.1038/s41699-021-00200-9,Paper1 vdW heterobilayer (Supp Table 3 + Table 2 HSE06)
1T-STl2,1T-OTl2,1T-STl2,1.89,1.51,1.89,-0.63,0.0,Type I,Type I,DFT_HSE06_monolayer,HSE06,fundamental_quasiparticle,2D_monolayer_vdW,10.1038/s41699-021-00200-9,Paper1 vdW heterobilayer (Supp Table 3 + Table 2 HSE06)
1T-OTl2,1T-SnS2,1T-OTl2,1.51,2.48,1.51,-1.08,0.0,Type I,Type I,DFT_HSE06_monolayer,HSE06,fundamental_quasiparticle,2D_monolayer_vdW,10.1038/s41699-021-00200-9,Paper1 vdW heterobilayer (Supp Table 3 + Table 2 HSE06)
1T-YbI2,1T-OTl2,1T-YbI2,2.35,1.51,2.35,-1.05,0.0,Type I,Type I,DFT_HSE06_monolayer,HSE06,fundamental_quasiparticle,2D_monolayer_vdW,10.1038/s41699-021-00200-9,Paper1 vdW heterobilayer (Supp Table 3 + Table 2 HSE06)
1T-OTl2,1T-ZrS2,1T-OTl2,1.51,1.95,1.51,-1.36,0.0,Type I,Type I,DFT_HSE06_monolayer,HSE06,fundamental_quasiparticle,2D_monolayer_vdW,10.1038/s41699-021-00200-9,Paper1 vdW heterobilayer (Supp Table 3 + Table 2 HSE06)
1T-OTl2,1T-ZrSe2,1T-OTl2,1.51,0.94,1.51,-1.32,0.0,Type I,Type I,DFT_HSE06_monolayer,HSE06,fundamental_quasiparticle,2D_monolayer_vdW,10.1038/s41699-021-00200-9,Paper1 vdW heterobilayer (Supp Table 3 + Table 2 HSE06)
1T-OTl2,2H-GeI2,1T-OTl2,1.51,2.36,1.51,-0.07,0.0,Type I,Type I,DFT_HSE06_monolayer,HSE06,fundamental_quasiparticle,2D_monolayer_vdW,10.1038/s41699-021-00200-9,Paper1 vdW heterobilayer (Supp Table 3 + Table 2 HSE06)
1T-PbI2,1T-PtO2,1T-PbI2,2.65,3.5,2.65,-0.47,0.0,Type I,Type I,DFT_HSE06_monolayer,HSE06,fundamental_quasiparticle,2D_monolayer_vdW,10.1038/s41699-021-00200-9,Paper1 vdW heterobilayer (Supp Table 3 + Table 2 HSE06)
1T-PbI2,1T-PtS2,1T-PbI2,2.65,2.65,2.65,-0.2,0.0,Type I,Type I,DFT_HSE06_monolayer,HSE06,fundamental_quasiparticle,2D_monolayer_vdW,10.1038/s41699-021-00200-9,Paper1 vdW heterobilayer (Supp Table 3 + Table 2 HSE06)
1T-PtTe2,1T-PbI2,1T-PtTe2,0.62,2.65,0.62,-0.17,0.0,Type I,Type I,DFT_HSE06_monolayer,HSE06,fundamental_quasiparticle,2D_monolayer_vdW,10.1038/s41699-021-00200-9,Paper1 vdW heterobilayer (Supp Table 3 + Table 2 HSE06)
1T-STl2,1T-PbI2,1T-STl2,1.89,2.65,1.89,-0.81,0.0,Type I,Type I,DFT_HSE06_monolayer,HSE06,fundamental_quasiparticle,2D_monolayer_vdW,10.1038/s41699-021-00200-9,Paper1 vdW heterobilayer (Supp Table 3 + Table 2 HSE06)
1T-PbI2,1T-SnS2,1T-PbI2,2.65,2.48,2.65,-0.9,0.0,Type I,Type I,DFT_HSE06_monolayer,HSE06,fundamental_quasiparticle,2D_monolayer_vdW,10.1038/s41699-021-00200-9,Paper1 vdW heterobilayer (Supp Table 3 + Table 2 HSE06)
1T-YbI2,1T-PbI2,1T-YbI2,2.35,2.65,2.35,-1.23,0.0,Type I,Type I,DFT_HSE06_monolayer,HSE06,fundamental_quasiparticle,2D_monolayer_vdW,10.1038/s41699-021-00200-9,Paper1 vdW heterobilayer (Supp Table 3 + Table 2 HSE06)
1T-ZnI2,1T-PbI2,1T-ZnI2,2.59,2.65,2.59,-0.22,0.0,Type I,Type I,DFT_HSE06_monolayer,HSE06,fundamental_quasiparticle,2D_monolayer_vdW,10.1038/s41699-021-00200-9,Paper1 vdW heterobilayer (Supp Table 3 + Table 2 HSE06)
1T-PbI2,1T-ZrS2,1T-PbI2,2.65,1.95,2.65,-1.18,0.0,Type I,Type I,DFT_HSE06_monolayer,HSE06,fundamental_quasiparticle,2D_monolayer_vdW,10.1038/s41699-021-00200-9,Paper1 vdW heterobilayer (Supp Table 3 + Table 2 HSE06)
2H-WTe2,1T-PbI2,2H-WTe2,1.3,2.65,1.3,-0.45,0.0,Type I,Type I,DFT_HSE06_monolayer,HSE06,fundamental_quasiparticle,2D_monolayer_vdW,10.1038/s41699-021-00200-9,Paper1 vdW heterobilayer (Supp Table 3 + Table 2 HSE06)
1T-PtS2,1T-PtO2,1T-PtS2,2.65,3.5,2.65,-0.27,0.0,Type I,Type I,DFT_HSE06_monolayer,HSE06,fundamental_quasiparticle,2D_monolayer_vdW,10.1038/s41699-021-00200-9,Paper1 vdW heterobilayer (Supp Table 3 + Table 2 HSE06)
1T-PtSe2,1T-PtO2,1T-PtSe2,1.72,3.5,1.72,-0.41,0.0,Type I,Type I,DFT_HSE06_monolayer,HSE06,fundamental_quasiparticle,2D_monolayer_vdW,10.1038/s41699-021-00200-9,Paper1 vdW heterobilayer (Supp Table 3 + Table 2 HSE06)
1T-STl2,1T-PtO2,1T-STl2,1.89,3.5,1.89,-1.28,0.0,Type I,Type I,DFT_HSE06_monolayer,HSE06,fundamental_quasiparticle,2D_monolayer_vdW,10.1038/s41699-021-00200-9,Paper1 vdW heterobilayer (Supp Table 3 + Table 2 HSE06)
1T-YbI2,1T-PtO2,1T-YbI2,2.35,3.5,2.35,-1.7,0.0,Type I,Type I,DFT_HSE06_monolayer,HSE06,fundamental_quasiparticle,2D_monolayer_vdW,10.1038/s41699-021-00200-9,Paper1 vdW heterobilayer (Supp Table 3 + Table 2 HSE06)
1T-ZnBr2,1T-PtO2,1T-ZnBr2,4.61,3.5,4.61,-1.33,0.0,Type I,Type I,DFT_HSE06_monolayer,HSE06,fundamental_quasiparticle,2D_monolayer_vdW,10.1038/s41699-021-00200-9,Paper1 vdW heterobilayer (Supp Table 3 + Table 2 HSE06)
2H-GeI2,1T-PtO2,2H-GeI2,2.36,3.5,2.36,-0.58,0.0,Type I,Type I,DFT_HSE06_monolayer,HSE06,fundamental_quasiparticle,2D_monolayer_vdW,10.1038/s41699-021-00200-9,Paper1 vdW heterobilayer (Supp Table 3 + Table 2 HSE06)
2H-MoSe2,1T-PtO2,2H-MoSe2,1.95,3.5,1.95,-0.68,0.0,Type I,Type I,DFT_HSE06_monolayer,HSE06,fundamental_quasiparticle,2D_monolayer_vdW,10.1038/s41699-021-00200-9,Paper1 vdW heterobilayer (Supp Table 3 + Table 2 HSE06)
2H-ZrCl2,1T-PtO2,2H-ZrCl2,1.55,3.5,1.55,-1.51,0.0,Type I,Type I,DFT_HSE06_monolayer,HSE06,fundamental_quasiparticle,2D_monolayer_vdW,10.1038/s41699-021-00200-9,Paper1 vdW heterobilayer (Supp Table 3 + Table 2 HSE06)
1T-PtSe2,1T-PtS2,1T-PtSe2,1.72,2.65,1.72,-0.14,0.0,Type I,Type I,DFT_HSE06_monolayer,HSE06,fundamental_quasiparticle,2D_monolayer_vdW,10.1038/s41699-021-00200-9,Paper1 vdW heterobilayer (Supp Table 3 + Table 2 HSE06)
1T-PtS2,1T-SnS2,1T-PtS2,2.65,2.48,2.65,-0.7,0.0,Type I,Type I,DFT_HSE06_monolayer,HSE06,fundamental_quasiparticle,2D_monolayer_vdW,10.1038/s41699-021-00200-9,Paper1 vdW heterobilayer (Supp Table 3 + Table 2 HSE06)
1T-YbI2,1T-PtS2,1T-YbI2,2.35,2.65,2.35,-1.43,0.0,Type I,Type I,DFT_HSE06_monolayer,HSE06,fundamental_quasiparticle,2D_monolayer_vdW,10.1038/s41699-021-00200-9,Paper1 vdW heterobilayer (Supp Table 3 + Table 2 HSE06)
1T-PtS2,1T-ZrS2,1T-PtS2,2.65,1.95,2.65,-0.98,0.0,Type I,Type I,DFT_HSE06_monolayer,HSE06,fundamental_quasiparticle,2D_monolayer_vdW,10.1038/s41699-021-00200-9,Paper1 vdW heterobilayer (Supp Table 3 + Table 2 HSE06)
2H-GeI2,1T-PtS2,2H-GeI2,2.36,2.65,2.36,-0.31,0.0,Type I,Type I,DFT_HSE06_monolayer,HSE06,fundamental_quasiparticle,2D_monolayer_vdW,10.1038/s41699-021-00200-9,Paper1 vdW heterobilayer (Supp Table 3 + Table 2 HSE06)
1T-STl2,1T-PtSe2,1T-STl2,1.89,1.72,1.89,-0.87,0.0,Type I,Type I,DFT_HSE06_monolayer,HSE06,fundamental_quasiparticle,2D_monolayer_vdW,10.1038/s41699-021-00200-9,Paper1 vdW heterobilayer (Supp Table 3 + Table 2 HSE06)
1T-PtSe2,1T-SnSe2,1T-PtSe2,1.72,1.44,1.72,-1.05,0.0,Type I,Type I,DFT_HSE06_monolayer,HSE06,fundamental_quasiparticle,2D_monolayer_vdW,10.1038/s41699-021-00200-9,Paper1 vdW heterobilayer (Supp Table 3 + Table 2 HSE06)
1T-PtSe2,1T-TiS2,1T-PtSe2,1.72,0.71,1.72,-1.58,0.0,Type I,Type I,DFT_HSE06_monolayer,HSE06,fundamental_quasiparticle,2D_monolayer_vdW,10.1038/s41699-021-00200-9,Paper1 vdW heterobilayer (Supp Table 3 + Table 2 HSE06)
1T-YbI2,1T-PtSe2,1T-YbI2,2.35,1.72,2.35,-1.29,0.0,Type I,Type I,DFT_HSE06_monolayer,HSE06,fundamental_quasiparticle,2D_monolayer_vdW,10.1038/s41699-021-00200-9,Paper1 vdW heterobilayer (Supp Table 3 + Table 2 HSE06)
1T-PtSe2,1T-ZrSe2,1T-PtSe2,1.72,0.94,1.72,-1.08,0.0,Type I,Type I,DFT_HSE06_monolayer,HSE06,fundamental_quasiparticle,2D_monolayer_vdW,10.1038/s41699-021-00200-9,Paper1 vdW heterobilayer (Supp Table 3 + Table 2 HSE06)
2H-MoTe2,1T-PtSe2,2H-MoTe2,1.5,1.72,1.5,-0.38,0.0,Type I,Type I,DFT_HSE06_monolayer,HSE06,fundamental_quasiparticle,2D_monolayer_vdW,10.1038/s41699-021-00200-9,Paper1 vdW heterobilayer (Supp Table 3 + Table 2 HSE06)
1T-PtTe2,2H-GeI2,1T-PtTe2,0.62,2.36,0.62,-0.06,0.0,Type I,Type I,DFT_HSE06_monolayer,HSE06,fundamental_quasiparticle,2D_monolayer_vdW,10.1038/s41699-021-00200-9,Paper1 vdW heterobilayer (Supp Table 3 + Table 2 HSE06)
1T-STl2,1T-SnS2,1T-STl2,1.89,2.48,1.89,-1.71,0.0,Type I,Type I,DFT_HSE06_monolayer,HSE06,fundamental_quasiparticle,2D_monolayer_vdW,10.1038/s41699-021-00200-9,Paper1 vdW heterobilayer (Supp Table 3 + Table 2 HSE06)
1T-STl2,2H-GeI2,1T-STl2,1.89,2.36,1.89,-0.7,0.0,Type I,Type I,DFT_HSE06_monolayer,HSE06,fundamental_quasiparticle,2D_monolayer_vdW,10.1038/s41699-021-00200-9,Paper1 vdW heterobilayer (Supp Table 3 + Table 2 HSE06)
1T-STl2,2H-MoS2,1T-STl2,1.89,2.22,1.89,-0.96,0.0,Type I,Type I,DFT_HSE06_monolayer,HSE06,fundamental_quasiparticle,2D_monolayer_vdW,10.1038/s41699-021-00200-9,Paper1 vdW heterobilayer (Supp Table 3 + Table 2 HSE06)
1T-STl2,2H-MoSe2,1T-STl2,1.89,1.95,1.89,-0.6,0.0,Type I,Type I,DFT_HSE06_monolayer,HSE06,fundamental_quasiparticle,2D_monolayer_vdW,10.1038/s41699-021-00200-9,Paper1 vdW heterobilayer (Supp Table 3 + Table 2 HSE06)
1T-STl2,2H-WS2,1T-STl2,1.89,2.2,1.89,-0.62,0.0,Type I,Type I,DFT_HSE06_monolayer,HSE06,fundamental_quasiparticle,2D_monolayer_vdW,10.1038/s41699-021-00200-9,Paper1 vdW heterobilayer (Supp Table 3 + Table 2 HSE06)
1T-STl2,2H-WSe2,1T-STl2,1.89,1.88,1.89,-0.32,0.0,Type I,Type I,DFT_HSE06_monolayer,HSE06,fundamental_quasiparticle,2D_monolayer_vdW,10.1038/s41699-021-00200-9,Paper1 vdW heterobilayer (Supp Table 3 + Table 2 HSE06)
1T-YbI2,1T-SnS2,1T-YbI2,2.35,2.48,2.35,-2.13,0.0,Type I,Type I,DFT_HSE06_monolayer,HSE06,fundamental_quasiparticle,2D_monolayer_vdW,10.1038/s41699-021-00200-9,Paper1 vdW heterobilayer (Supp Table 3 + Table 2 HSE06)
1T-ZnI2,1T-SnS2,1T-ZnI2,2.59,2.48,2.59,-1.12,0.0,Type I,Type I,DFT_HSE06_monolayer,HSE06,fundamental_quasiparticle,2D_monolayer_vdW,10.1038/s41699-021-00200-9,Paper1 vdW heterobilayer (Supp Table 3 + Table 2 HSE06)
2H-GeI2,1T-SnS2,2H-GeI2,2.36,2.48,2.36,-1.01,0.0,Type I,Type I,DFT_HSE06_monolayer,HSE06,fundamental_quasiparticle,2D_monolayer_vdW,10.1038/s41699-021-00200-9,Paper1 vdW heterobilayer (Supp Table 3 + Table 2 HSE06)
1T-YbI2,1T-SnSe2,1T-YbI2,2.35,1.44,2.35,-2.34,0.0,Type I,Type I,DFT_HSE06_monolayer,HSE06,fundamental_quasiparticle,2D_monolayer_vdW,10.1038/s41699-021-00200-9,Paper1 vdW heterobilayer (Supp Table 3 + Table 2 HSE06)
1T-SnSe2,1T-ZrS2,1T-SnSe2,1.44,1.95,1.44,-0.07,0.0,Type I,Type I,DFT_HSE06_monolayer,HSE06,fundamental_quasiparticle,2D_monolayer_vdW,10.1038/s41699-021-00200-9,Paper1 vdW heterobilayer (Supp Table 3 + Table 2 HSE06)
2H-GeI2,1T-SnSe2,2H-GeI2,2.36,1.44,2.36,-1.22,0.0,Type I,Type I,DFT_HSE06_monolayer,HSE06,fundamental_quasiparticle,2D_monolayer_vdW,10.1038/s41699-021-00200-9,Paper1 vdW heterobilayer (Supp Table 3 + Table 2 HSE06)
2H-MoTe2,1T-SnSe2,2H-MoTe2,1.5,1.44,1.5,-1.43,0.0,Type I,Type I,DFT_HSE06_monolayer,HSE06,fundamental_quasiparticle,2D_monolayer_vdW,10.1038/s41699-021-00200-9,Paper1 vdW heterobilayer (Supp Table 3 + Table 2 HSE06)
2H-GeI2,1T-TiS2,2H-GeI2,2.36,0.71,2.36,-1.75,0.0,Type I,Type I,DFT_HSE06_monolayer,HSE06,fundamental_quasiparticle,2D_monolayer_vdW,10.1038/s41699-021-00200-9,Paper1 vdW heterobilayer (Supp Table 3 + Table 2 HSE06)
1T-YbI2,1T-ZnBr2,1T-YbI2,2.35,4.61,2.35,-0.37,0.0,Type I,Type I,DFT_HSE06_monolayer,HSE06,fundamental_quasiparticle,2D_monolayer_vdW,10.1038/s41699-021-00200-9,Paper1 vdW heterobilayer (Supp Table 3 + Table 2 HSE06)
1T-YbI2,1T-ZnI2,1T-YbI2,2.35,2.59,2.35,-1.01,0.0,Type I,Type I,DFT_HSE06_monolayer,HSE06,fundamental_quasiparticle,2D_monolayer_vdW,10.1038/s41699-021-00200-9,Paper1 vdW heterobilayer (Supp Table 3 + Table 2 HSE06)
1T-YbI2,2H-MoS2,1T-YbI2,2.35,2.22,2.35,-1.38,0.0,Type I,Type I,DFT_HSE06_monolayer,HSE06,fundamental_quasiparticle,2D_monolayer_vdW,10.1038/s41699-021-00200-9,Paper1 vdW heterobilayer (Supp Table 3 + Table 2 HSE06)
1T-YbI2,2H-MoSe2,1T-YbI2,2.35,1.95,2.35,-1.02,0.0,Type I,Type I,DFT_HSE06_monolayer,HSE06,fundamental_quasiparticle,2D_monolayer_vdW,10.1038/s41699-021-00200-9,Paper1 vdW heterobilayer (Supp Table 3 + Table 2 HSE06)
1T-YbI2,2H-MoTe2,1T-YbI2,2.35,1.5,2.35,-0.91,0.0,Type I,Type I,DFT_HSE06_monolayer,HSE06,fundamental_quasiparticle,2D_monolayer_vdW,10.1038/s41699-021-00200-9,Paper1 vdW heterobilayer (Supp Table 3 + Table 2 HSE06)
1T-YbI2,2H-WS2,1T-YbI2,2.35,2.2,2.35,-1.04,0.0,Type I,Type I,DFT_HSE06_monolayer,HSE06,fundamental_quasiparticle,2D_monolayer_vdW,10.1038/s41699-021-00200-9,Paper1 vdW heterobilayer (Supp Table 3 + Table 2 HSE06)
1T-YbI2,2H-WSe2,1T-YbI2,2.35,1.88,2.35,-0.74,0.0,Type I,Type I,DFT_HSE06_monolayer,HSE06,fundamental_quasiparticle,2D_monolayer_vdW,10.1038/s41699-021-00200-9,Paper1 vdW heterobilayer (Supp Table 3 + Table 2 HSE06)
1T-ZnI2,1T-ZrS2,1T-ZnI2,2.59,1.95,2.59,-1.4,0.0,Type I,Type I,DFT_HSE06_monolayer,HSE06,fundamental_quasiparticle,2D_monolayer_vdW,10.1038/s41699-021-00200-9,Paper1 vdW heterobilayer (Supp Table 3 + Table 2 HSE06)
2H-GeI2,1T-ZrS2,2H-GeI2,2.36,1.95,2.36,-1.29,0.0,Type I,Type I,DFT_HSE06_monolayer,HSE06,fundamental_quasiparticle,2D_monolayer_vdW,10.1038/s41699-021-00200-9,Paper1 vdW heterobilayer (Supp Table 3 + Table 2 HSE06)
2H-GeI2,2H-MoS2,2H-GeI2,2.36,2.22,2.36,-0.26,0.0,Type I,Type I,DFT_HSE06_monolayer,HSE06,fundamental_quasiparticle,2D_monolayer_vdW,10.1038/s41699-021-00200-9,Paper1 vdW heterobilayer (Supp Table 3 + Table 2 HSE06)
2H-WS2,2H-GeI2,2H-WS2,2.2,2.36,2.2,-0.08,0.0,Type I,Type I,DFT_HSE06_monolayer,HSE06,fundamental_quasiparticle,2D_monolayer_vdW,10.1038/s41699-021-00200-9,Paper1 vdW heterobilayer (Supp Table 3 + Table 2 HSE06)
2H-ZrCl2,2H-GeI2,2H-ZrCl2,1.55,2.36,1.55,-0.93,0.0,Type I,Type I,DFT_HSE06_monolayer,HSE06,fundamental_quasiparticle,2D_monolayer_vdW,10.1038/s41699-021-00200-9,Paper1 vdW heterobilayer (Supp Table 3 + Table 2 HSE06)
2H-WS2,2H-MoS2,2H-WS2,2.2,2.22,2.2,-0.34,0.0,Type I,Type I,DFT_HSE06_monolayer,HSE06,fundamental_quasiparticle,2D_monolayer_vdW,10.1038/s41699-021-00200-9,Paper1 vdW heterobilayer (Supp Table 3 + Table 2 HSE06)
2H-ZrCl2,2H-MoS2,2H-ZrCl2,1.55,2.22,1.55,-1.19,0.0,Type I,Type I,DFT_HSE06_monolayer,HSE06,fundamental_quasiparticle,2D_monolayer_vdW,10.1038/s41699-021-00200-9,Paper1 vdW heterobilayer (Supp Table 3 + Table 2 HSE06)
2H-MoTe2,2H-MoSe2,2H-MoTe2,1.5,1.95,1.5,-0.11,0.0,Type I,Type I,DFT_HSE06_monolayer,HSE06,fundamental_quasiparticle,2D_monolayer_vdW,10.1038/s41699-021-00200-9,Paper1 vdW heterobilayer (Supp Table 3 + Table 2 HSE06)
2H-WSe2,2H-MoSe2,2H-WSe2,1.88,1.95,1.88,-0.28,0.0,Type I,Type I,DFT_HSE06_monolayer,HSE06,fundamental_quasiparticle,2D_monolayer_vdW,10.1038/s41699-021-00200-9,Paper1 vdW heterobilayer (Supp Table 3 + Table 2 HSE06)
2H-WTe2,2H-MoSe2,2H-WTe2,1.3,1.95,1.3,-0.24,0.0,Type I,Type I,DFT_HSE06_monolayer,HSE06,fundamental_quasiparticle,2D_monolayer_vdW,10.1038/s41699-021-00200-9,Paper1 vdW heterobilayer (Supp Table 3 + Table 2 HSE06)
2H-MoTe2,2H-WS2,2H-MoTe2,1.5,2.2,1.5,-0.13,0.0,Type I,Type I,DFT_HSE06_monolayer,HSE06,fundamental_quasiparticle,2D_monolayer_vdW,10.1038/s41699-021-00200-9,Paper1 vdW heterobilayer (Supp Table 3 + Table 2 HSE06)
2H-WTe2,2H-MoTe2,2H-WTe2,1.3,1.5,1.3,-0.13,0.0,Type I,Type I,DFT_HSE06_monolayer,HSE06,fundamental_quasiparticle,2D_monolayer_vdW,10.1038/s41699-021-00200-9,Paper1 vdW heterobilayer (Supp Table 3 + Table 2 HSE06)
2H-ZrCl2,2H-WS2,2H-ZrCl2,1.55,2.2,1.55,-0.85,0.0,Type I,Type I,DFT_HSE06_monolayer,HSE06,fundamental_quasiparticle,2D_monolayer_vdW,10.1038/s41699-021-00200-9,Paper1 vdW heterobilayer (Supp Table 3 + Table 2 HSE06)
2H-WS2,1T-HgBr2,2H-WS2,2.2,3.79,2.2,-0.02,0.0,Type I,Type I,DFT_HSE06_monolayer,HSE06,fundamental_quasiparticle,2D_monolayer_vdW,10.1038/s41699-021-00200-9,Paper1 vdW heterobilayer (Supp Table 3 + Table 2 HSE06)
2H-WSe2,1T-HgBr2,2H-WSe2,1.88,3.79,1.88,-0.32,0.0,Type I,Type I,DFT_HSE06_monolayer,HSE06,fundamental_quasiparticle,2D_monolayer_vdW,10.1038/s41699-021-00200-9,Paper1 vdW heterobilayer (Supp Table 3 + Table 2 HSE06)
2H-WTe2,1T-HgBr2,2H-WTe2,1.3,3.79,1.3,-0.28,0.0,Type I,Type I,DFT_HSE06_monolayer,HSE06,fundamental_quasiparticle,2D_monolayer_vdW,10.1038/s41699-021-00200-9,Paper1 vdW heterobilayer (Supp Table 3 + Table 2 HSE06)
2H-ZrCl2,1T-HgBr2,2H-ZrCl2,1.55,3.79,1.55,-0.87,0.0,Type I,Type I,DFT_HSE06_monolayer,HSE06,fundamental_quasiparticle,2D_monolayer_vdW,10.1038/s41699-021-00200-9,Paper1 vdW heterobilayer (Supp Table 3 + Table 2 HSE06)
1T-MgCl2,1T-NiO2,1T-MgCl2,7.49,3.29,7.49,-4.95,0.0,Type I,Type I,DFT_HSE06_monolayer,HSE06,fundamental_quasiparticle,2D_monolayer_vdW,10.1038/s41699-021-00200-9,Paper1 vdW heterobilayer (Supp Table 3 + Table 2 HSE06)
1T-MgI2,1T-NiO2,1T-MgI2,4.16,3.29,4.16,-4.12,0.0,Type I,Type I,DFT_HSE06_monolayer,HSE06,fundamental_quasiparticle,2D_monolayer_vdW,10.1038/s41699-021-00200-9,Paper1 vdW heterobilayer (Supp Table 3 + Table 2 HSE06)
1T-MgI2,1T-PtO2,1T-MgI2,4.16,3.5,4.16,-1.98,0.0,Type I,Type I,DFT_HSE06_monolayer,HSE06,fundamental_quasiparticle,2D_monolayer_vdW,10.1038/s41699-021-00200-9,Paper1 vdW heterobilayer (Supp Table 3 + Table 2 HSE06)
1T-SnS2,1T-NiO2,1T-SnS2,2.48,3.29,2.48,-1.71,0.0,Type I,Type I,DFT_HSE06_monolayer,HSE06,fundamental_quasiparticle,2D_monolayer_vdW,10.1038/s41699-021-00200-9,Paper1 vdW heterobilayer (Supp Table 3 + Table 2 HSE06)
1T-ZrS2,1T-NiO2,1T-ZrS2,1.95,3.29,1.95,-1.43,0.0,Type I,Type I,DFT_HSE06_monolayer,HSE06,fundamental_quasiparticle,2D_monolayer_vdW,10.1038/s41699-021-00200-9,Paper1 vdW heterobilayer (Supp Table 3 + Table 2 HSE06)
1T-OTl2,1T-PtS2,1T-OTl2,1.51,2.65,1.51,-0.38,0.0,Type I,Type I,DFT_HSE06_monolayer,HSE06,fundamental_quasiparticle,2D_monolayer_vdW,10.1038/s41699-021-00200-9,Paper1 vdW heterobilayer (Supp Table 3 + Table 2 HSE06)
1T-PtTe2,1T-OTl2,1T-PtTe2,0.62,1.51,0.62,0.01,0.0,Type III,Type I,DFT_HSE06_monolayer,HSE06,fundamental_quasiparticle,2D_monolayer_vdW,10.1038/s41699-021-00200-9,Paper1 vdW heterobilayer (Supp Table 3 + Table 2 HSE06)
1T-OTl2,1T-SnSe2,1T-OTl2,1.51,1.44,1.51,-1.29,0.0,Type I,Type I,DFT_HSE06_monolayer,HSE06,fundamental_quasiparticle,2D_monolayer_vdW,10.1038/s41699-021-00200-9,Paper1 vdW heterobilayer (Supp Table 3 + Table 2 HSE06)
1T-OTl2,2H-MoS2,1T-OTl2,1.51,2.22,1.51,-0.33,0.0,Type I,Type I,DFT_HSE06_monolayer,HSE06,fundamental_quasiparticle,2D_monolayer_vdW,10.1038/s41699-021-00200-9,Paper1 vdW heterobilayer (Supp Table 3 + Table 2 HSE06)
2H-MoTe2,1T-OTl2,2H-MoTe2,1.5,1.51,1.5,-0.14,0.0,Type I,Type I,DFT_HSE06_monolayer,HSE06,fundamental_quasiparticle,2D_monolayer_vdW,10.1038/s41699-021-00200-9,Paper1 vdW heterobilayer (Supp Table 3 + Table 2 HSE06)
2H-WTe2,1T-OTl2,2H-WTe2,1.3,1.51,1.3,-0.27,0.0,Type I,Type I,DFT_HSE06_monolayer,HSE06,fundamental_quasiparticle,2D_monolayer_vdW,10.1038/s41699-021-00200-9,Paper1 vdW heterobilayer (Supp Table 3 + Table 2 HSE06)
2H-ZrCl2,1T-OTl2,2H-ZrCl2,1.55,1.51,1.55,-0.86,0.0,Type I,Type I,DFT_HSE06_monolayer,HSE06,fundamental_quasiparticle,2D_monolayer_vdW,10.1038/s41699-021-00200-9,Paper1 vdW heterobilayer (Supp Table 3 + Table 2 HSE06)
2H-GeI2,1T-PbI2,2H-GeI2,2.36,2.65,2.36,-0.11,0.0,Type I,Type I,DFT_HSE06_monolayer,HSE06,fundamental_quasiparticle,2D_monolayer_vdW,10.1038/s41699-021-00200-9,Paper1 vdW heterobilayer (Supp Table 3 + Table 2 HSE06)
2H-MoSe2,1T-PbI2,2H-MoSe2,1.95,2.65,1.95,-0.21,0.0,Type I,Type I,DFT_HSE06_monolayer,HSE06,fundamental_quasiparticle,2D_monolayer_vdW,10.1038/s41699-021-00200-9,Paper1 vdW heterobilayer (Supp Table 3 + Table 2 HSE06)
2H-MoTe2,1T-PbI2,2H-MoTe2,1.5,2.65,1.5,-0.32,0.0,Type I,Type I,DFT_HSE06_monolayer,HSE06,fundamental_quasiparticle,2D_monolayer_vdW,10.1038/s41699-021-00200-9,Paper1 vdW heterobilayer (Supp Table 3 + Table 2 HSE06)
2H-WS2,1T-PbI2,2H-WS2,2.2,2.65,2.2,-0.19,0.0,Type I,Type I,DFT_HSE06_monolayer,HSE06,fundamental_quasiparticle,2D_monolayer_vdW,10.1038/s41699-021-00200-9,Paper1 vdW heterobilayer (Supp Table 3 + Table 2 HSE06)
2H-WSe2,1T-PbI2,2H-WSe2,1.88,2.65,1.88,-0.49,0.0,Type I,Type I,DFT_HSE06_monolayer,HSE06,fundamental_quasiparticle,2D_monolayer_vdW,10.1038/s41699-021-00200-9,Paper1 vdW heterobilayer (Supp Table 3 + Table 2 HSE06)
2H-ZrCl2,1T-PbI2,2H-ZrCl2,1.55,2.65,1.55,-1.04,0.0,Type I,Type I,DFT_HSE06_monolayer,HSE06,fundamental_quasiparticle,2D_monolayer_vdW,10.1038/s41699-021-00200-9,Paper1 vdW heterobilayer (Supp Table 3 + Table 2 HSE06)
1T-ZnI2,1T-PtO2,1T-ZnI2,2.59,3.5,2.59,-0.69,0.0,Type I,Type I,DFT_HSE06_monolayer,HSE06,fundamental_quasiparticle,2D_monolayer_vdW,10.1038/s41699-021-00200-9,Paper1 vdW heterobilayer (Supp Table 3 + Table 2 HSE06)
2H-MoS2,1T-PtO2,2H-MoS2,2.22,3.5,2.22,-0.32,0.0,Type I,Type I,DFT_HSE06_monolayer,HSE06,fundamental_quasiparticle,2D_monolayer_vdW,10.1038/s41699-021-00200-9,Paper1 vdW heterobilayer (Supp Table 3 + Table 2 HSE06)
2H-MoTe2,1T-PtO2,2H-MoTe2,1.5,3.5,1.5,-0.79,0.0,Type I,Type I,DFT_HSE06_monolayer,HSE06,fundamental_quasiparticle,2D_monolayer_vdW,10.1038/s41699-021-00200-9,Paper1 vdW heterobilayer (Supp Table 3 + Table 2 HSE06)
2H-WS2,1T-PtO2,2H-WS2,2.2,3.5,2.2,-0.66,0.0,Type I,Type I,DFT_HSE06_monolayer,HSE06,fundamental_quasiparticle,2D_monolayer_vdW,10.1038/s41699-021-00200-9,Paper1 vdW heterobilayer (Supp Table 3 + Table 2 HSE06)
2H-WSe2,1T-PtO2,2H-WSe2,1.88,3.5,1.88,-0.96,0.0,Type I,Type I,DFT_HSE06_monolayer,HSE06,fundamental_quasiparticle,2D_monolayer_vdW,10.1038/s41699-021-00200-9,Paper1 vdW heterobilayer (Supp Table 3 + Table 2 HSE06)
2H-WTe2,1T-PtO2,2H-WTe2,1.3,3.5,1.3,-0.92,0.0,Type I,Type I,DFT_HSE06_monolayer,HSE06,fundamental_quasiparticle,2D_monolayer_vdW,10.1038/s41699-021-00200-9,Paper1 vdW heterobilayer (Supp Table 3 + Table 2 HSE06)
1T-PtTe2,1T-PtS2,1T-PtTe2,0.62,2.65,0.62,-0.37,0.0,Type I,Type I,DFT_HSE06_monolayer,HSE06,fundamental_quasiparticle,2D_monolayer_vdW,10.1038/s41699-021-00200-9,Paper1 vdW heterobilayer (Supp Table 3 + Table 2 HSE06)
1T-STl2,1T-PtS2,1T-STl2,1.89,2.65,1.89,-1.01,0.0,Type I,Type I,DFT_HSE06_monolayer,HSE06,fundamental_quasiparticle,2D_monolayer_vdW,10.1038/s41699-021-00200-9,Paper1 vdW heterobilayer (Supp Table 3 + Table 2 HSE06)
1T-ZnI2,1T-PtS2,1T-ZnI2,2.59,2.65,2.59,-0.42,0.0,Type I,Type I,DFT_HSE06_monolayer,HSE06,fundamental_quasiparticle,2D_monolayer_vdW,10.1038/s41699-021-00200-9,Paper1 vdW heterobilayer (Supp Table 3 + Table 2 HSE06)
2H-MoS2,1T-PtS2,2H-MoS2,2.22,2.65,2.22,-0.05,0.0,Type I,Type I,DFT_HSE06_monolayer,HSE06,fundamental_quasiparticle,2D_monolayer_vdW,10.1038/s41699-021-00200-9,Paper1 vdW heterobilayer (Supp Table 3 + Table 2 HSE06)
2H-MoSe2,1T-PtS2,2H-MoSe2,1.95,2.65,1.95,-0.41,0.0,Type I,Type I,DFT_HSE06_monolayer,HSE06,fundamental_quasiparticle,2D_monolayer_vdW,10.1038/s41699-021-00200-9,Paper1 vdW heterobilayer (Supp Table 3 + Table 2 HSE06)
2H-MoTe2,1T-PtS2,2H-MoTe2,1.5,2.65,1.5,-0.52,0.0,Type I,Type I,DFT_HSE06_monolayer,HSE06,fundamental_quasiparticle,2D_monolayer_vdW,10.1038/s41699-021-00200-9,Paper1 vdW heterobilayer (Supp Table 3 + Table 2 HSE06)
2H-WS2,1T-PtS2,2H-WS2,2.2,2.65,2.2,-0.39,0.0,Type I,Type I,DFT_HSE06_monolayer,HSE06,fundamental_quasiparticle,2D_monolayer_vdW,10.1038/s41699-021-00200-9,Paper1 vdW heterobilayer (Supp Table 3 + Table 2 HSE06)
2H-WSe2,1T-PtS2,2H-WSe2,1.88,2.65,1.88,-0.69,0.0,Type I,Type I,DFT_HSE06_monolayer,HSE06,fundamental_quasiparticle,2D_monolayer_vdW,10.1038/s41699-021-00200-9,Paper1 vdW heterobilayer (Supp Table 3 + Table 2 HSE06)
2H-WTe2,1T-PtS2,2H-WTe2,1.3,2.65,1.3,-0.65,0.0,Type I,Type I,DFT_HSE06_monolayer,HSE06,fundamental_quasiparticle,2D_monolayer_vdW,10.1038/s41699-021-00200-9,Paper1 vdW heterobilayer (Supp Table 3 + Table 2 HSE06)
2H-ZrCl2,1T-PtS2,2H-ZrCl2,1.55,2.65,1.55,-1.24,0.0,Type I,Type I,DFT_HSE06_monolayer,HSE06,fundamental_quasiparticle,2D_monolayer_vdW,10.1038/s41699-021-00200-9,Paper1 vdW heterobilayer (Supp Table 3 + Table 2 HSE06)
1T-PtTe2,1T-PtSe2,1T-PtTe2,0.62,1.72,0.62,-0.23,0.0,Type I,Type I,DFT_HSE06_monolayer,HSE06,fundamental_quasiparticle,2D_monolayer_vdW,10.1038/s41699-021-00200-9,Paper1 vdW heterobilayer (Supp Table 3 + Table 2 HSE06)
1T-PtSe2,1T-SnS2,1T-PtSe2,1.72,2.48,1.72,-0.84,0.0,Type I,Type I,DFT_HSE06_monolayer,HSE06,fundamental_quasiparticle,2D_monolayer_vdW,10.1038/s41699-021-00200-9,Paper1 vdW heterobilayer (Supp Table 3 + Table 2 HSE06)
1T-PtSe2,1T-ZrS2,1T-PtSe2,1.72,1.95,1.72,-1.12,0.0,Type I,Type I,DFT_HSE06_monolayer,HSE06,fundamental_quasiparticle,2D_monolayer_vdW,10.1038/s41699-021-00200-9,Paper1 vdW heterobilayer (Supp Table 3 + Table 2 HSE06)
1T-PtSe2,2H-MoS2,1T-PtSe2,1.72,2.22,1.72,-0.09,0.0,Type I,Type I,DFT_HSE06_monolayer,HSE06,fundamental_quasiparticle,2D_monolayer_vdW,10.1038/s41699-021-00200-9,Paper1 vdW heterobilayer (Supp Table 3 + Table 2 HSE06)
2H-MoSe2,1T-PtSe2,2H-MoSe2,1.95,1.72,1.95,-0.27,0.0,Type I,Type I,DFT_HSE06_monolayer,HSE06,fundamental_quasiparticle,2D_monolayer_vdW,10.1038/s41699-021-00200-9,Paper1 vdW heterobilayer (Supp Table 3 + Table 2 HSE06)
2H-WSe2,1T-PtSe2,2H-WSe2,1.88,1.72,1.88,-0.55,0.0,Type I,Type I,DFT_HSE06_monolayer,HSE06,fundamental_quasiparticle,2D_monolayer_vdW,10.1038/s41699-021-00200-9,Paper1 vdW heterobilayer (Supp Table 3 + Table 2 HSE06)
2H-WTe2,1T-PtSe2,2H-WTe2,1.3,1.72,1.3,-0.51,0.0,Type I,Type I,DFT_HSE06_monolayer,HSE06,fundamental_quasiparticle,2D_monolayer_vdW,10.1038/s41699-021-00200-9,Paper1 vdW heterobilayer (Supp Table 3 + Table 2 HSE06)
2H-ZrCl2,1T-PtSe2,2H-ZrCl2,1.55,1.72,1.55,-1.1,0.0,Type I,Type I,DFT_HSE06_monolayer,HSE06,fundamental_quasiparticle,2D_monolayer_vdW,10.1038/s41699-021-00200-9,Paper1 vdW heterobilayer (Supp Table 3 + Table 2 HSE06)
1T-PtTe2,2H-MoS2,1T-PtTe2,0.62,2.22,0.62,-0.32,0.0,Type I,Type I,DFT_HSE06_monolayer,HSE06,fundamental_quasiparticle,2D_monolayer_vdW,10.1038/s41699-021-00200-9,Paper1 vdW heterobilayer (Supp Table 3 + Table 2 HSE06)
1T-STl2,1T-ZnI2,1T-STl2,1.89,2.59,1.89,-0.59,0.0,Type I,Type I,DFT_HSE06_monolayer,HSE06,fundamental_quasiparticle,2D_monolayer_vdW,10.1038/s41699-021-00200-9,Paper1 vdW heterobilayer (Supp Table 3 + Table 2 HSE06)
1T-STl2,2H-MoTe2,1T-STl2,1.89,1.5,1.89,-0.49,0.0,Type I,Type I,DFT_HSE06_monolayer,HSE06,fundamental_quasiparticle,2D_monolayer_vdW,10.1038/s41699-021-00200-9,Paper1 vdW heterobilayer (Supp Table 3 + Table 2 HSE06)
2H-ZrCl2,1T-STl2,2H-ZrCl2,1.55,1.89,1.55,-0.23,0.0,Type I,Type I,DFT_HSE06_monolayer,HSE06,fundamental_quasiparticle,2D_monolayer_vdW,10.1038/s41699-021-00200-9,Paper1 vdW heterobilayer (Supp Table 3 + Table 2 HSE06)
2H-MoS2,1T-SnS2,2H-MoS2,2.22,2.48,2.22,-0.75,0.0,Type I,Type I,DFT_HSE06_monolayer,HSE06,fundamental_quasiparticle,2D_monolayer_vdW,10.1038/s41699-021-00200-9,Paper1 vdW heterobilayer (Supp Table 3 + Table 2 HSE06)
2H-MoSe2,1T-SnS2,2H-MoSe2,1.95,2.48,1.95,-1.11,0.0,Type I,Type I,DFT_HSE06_monolayer,HSE06,fundamental_quasiparticle,2D_monolayer_vdW,10.1038/s41699-021-00200-9,Paper1 vdW heterobilayer (Supp Table 3 + Table 2 HSE06)
2H-MoTe2,1T-SnS2,2H-MoTe2,1.5,2.48,1.5,-1.22,0.0,Type I,Type I,DFT_HSE06_monolayer,HSE06,fundamental_quasiparticle,2D_monolayer_vdW,10.1038/s41699-021-00200-9,Paper1 vdW heterobilayer (Supp Table 3 + Table 2 HSE06)
2H-WS2,1T-SnS2,2H-WS2,2.2,2.48,2.2,-1.09,0.0,Type I,Type I,DFT_HSE06_monolayer,HSE06,fundamental_quasiparticle,2D_monolayer_vdW,10.1038/s41699-021-00200-9,Paper1 vdW heterobilayer (Supp Table 3 + Table 2 HSE06)
2H-WSe2,1T-SnS2,2H-WSe2,1.88,2.48,1.88,-1.39,0.0,Type I,Type I,DFT_HSE06_monolayer,HSE06,fundamental_quasiparticle,2D_monolayer_vdW,10.1038/s41699-021-00200-9,Paper1 vdW heterobilayer (Supp Table 3 + Table 2 HSE06)
1T-ZnI2,1T-SnSe2,1T-ZnI2,2.59,1.44,2.59,-1.33,0.0,Type I,Type I,DFT_HSE06_monolayer,HSE06,fundamental_quasiparticle,2D_monolayer_vdW,10.1038/s41699-021-00200-9,Paper1 vdW heterobilayer (Supp Table 3 + Table 2 HSE06)
2H-MoS2,1T-SnSe2,2H-MoS2,2.22,1.44,2.22,-0.96,0.0,Type I,Type I,DFT_HSE06_monolayer,HSE06,fundamental_quasiparticle,2D_monolayer_vdW,10.1038/s41699-021-00200-9,Paper1 vdW heterobilayer (Supp Table 3 + Table 2 HSE06)
2H-MoSe2,1T-SnSe2,2H-MoSe2,1.95,1.44,1.95,-1.32,0.0,Type I,Type I,DFT_HSE06_monolayer,HSE06,fundamental_quasiparticle,2D_monolayer_vdW,10.1038/s41699-021-00200-9,Paper1 vdW heterobilayer (Supp Table 3 + Table 2 HSE06)
2H-WS2,1T-SnSe2,2H-WS2,2.2,1.44,2.2,-1.3,0.0,Type I,Type I,DFT_HSE06_monolayer,HSE06,fundamental_quasiparticle,2D_monolayer_vdW,10.1038/s41699-021-00200-9,Paper1 vdW heterobilayer (Supp Table 3 + Table 2 HSE06)
2H-WSe2,1T-SnSe2,2H-WSe2,1.88,1.44,1.88,-1.6,0.0,Type I,Type I,DFT_HSE06_monolayer,HSE06,fundamental_quasiparticle,2D_monolayer_vdW,10.1038/s41699-021-00200-9,Paper1 vdW heterobilayer (Supp Table 3 + Table 2 HSE06)
1T-ZrSe2,1T-TiS2,1T-ZrSe2,0.94,0.71,0.94,-0.5,0.0,Type I,Type I,DFT_HSE06_monolayer,HSE06,fundamental_quasiparticle,2D_monolayer_vdW,10.1038/s41699-021-00200-9,Paper1 vdW heterobilayer (Supp Table 3 + Table 2 HSE06)
2H-MoSe2,1T-TiS2,2H-MoSe2,1.95,0.71,1.95,-1.85,0.0,Type I,Type I,DFT_HSE06_monolayer,HSE06,fundamental_quasiparticle,2D_monolayer_vdW,10.1038/s41699-021-00200-9,Paper1 vdW heterobilayer (Supp Table 3 + Table 2 HSE06)
2H-WS2,1T-TiS2,2H-WS2,2.2,0.71,2.2,-1.83,0.0,Type I,Type I,DFT_HSE06_monolayer,HSE06,fundamental_quasiparticle,2D_monolayer_vdW,10.1038/s41699-021-00200-9,Paper1 vdW heterobilayer (Supp Table 3 + Table 2 HSE06)
1T-YbI2,2H-GeI2,1T-YbI2,2.35,2.36,2.35,-1.12,0.0,Type I,Type I,DFT_HSE06_monolayer,HSE06,fundamental_quasiparticle,2D_monolayer_vdW,10.1038/s41699-021-00200-9,Paper1 vdW heterobilayer (Supp Table 3 + Table 2 HSE06)
2H-ZrCl2,1T-ZnBr2,2H-ZrCl2,1.55,4.61,1.55,-0.18,0.0,Type I,Type I,DFT_HSE06_monolayer,HSE06,fundamental_quasiparticle,2D_monolayer_vdW,10.1038/s41699-021-00200-9,Paper1 vdW heterobilayer (Supp Table 3 + Table 2 HSE06)
2H-MoTe2,1T-ZnI2,2H-MoTe2,1.5,2.59,1.5,-0.1,0.0,Type I,Type I,DFT_HSE06_monolayer,HSE06,fundamental_quasiparticle,2D_monolayer_vdW,10.1038/s41699-021-00200-9,Paper1 vdW heterobilayer (Supp Table 3 + Table 2 HSE06)
2H-WSe2,1T-ZnI2,2H-WSe2,1.88,2.59,1.88,-0.27,0.0,Type I,Type I,DFT_HSE06_monolayer,HSE06,fundamental_quasiparticle,2D_monolayer_vdW,10.1038/s41699-021-00200-9,Paper1 vdW heterobilayer (Supp Table 3 + Table 2 HSE06)
2H-WTe2,1T-ZnI2,2H-WTe2,1.3,2.59,1.3,-0.23,0.0,Type I,Type I,DFT_HSE06_monolayer,HSE06,fundamental_quasiparticle,2D_monolayer_vdW,10.1038/s41699-021-00200-9,Paper1 vdW heterobilayer (Supp Table 3 + Table 2 HSE06)
2H-ZrCl2,1T-ZnI2,2H-ZrCl2,1.55,2.59,1.55,-0.82,0.0,Type I,Type I,DFT_HSE06_monolayer,HSE06,fundamental_quasiparticle,2D_monolayer_vdW,10.1038/s41699-021-00200-9,Paper1 vdW heterobilayer (Supp Table 3 + Table 2 HSE06)
1T-ZrSe2,1T-ZrS2,1T-ZrSe2,0.94,1.95,0.94,-0.04,0.0,Type I,Type I,DFT_HSE06_monolayer,HSE06,fundamental_quasiparticle,2D_monolayer_vdW,10.1038/s41699-021-00200-9,Paper1 vdW heterobilayer (Supp Table 3 + Table 2 HSE06)
2H-MoS2,1T-ZrS2,2H-MoS2,2.22,1.95,2.22,-1.03,0.0,Type I,Type I,DFT_HSE06_monolayer,HSE06,fundamental_quasiparticle,2D_monolayer_vdW,10.1038/s41699-021-00200-9,Paper1 vdW heterobilayer (Supp Table 3 + Table 2 HSE06)
2H-MoSe2,1T-ZrS2,2H-MoSe2,1.95,1.95,1.95,-1.39,0.0,Type I,Type I,DFT_HSE06_monolayer,HSE06,fundamental_quasiparticle,2D_monolayer_vdW,10.1038/s41699-021-00200-9,Paper1 vdW heterobilayer (Supp Table 3 + Table 2 HSE06)
2H-WS2,1T-ZrS2,2H-WS2,2.2,1.95,2.2,-1.37,0.0,Type I,Type I,DFT_HSE06_monolayer,HSE06,fundamental_quasiparticle,2D_monolayer_vdW,10.1038/s41699-021-00200-9,Paper1 vdW heterobilayer (Supp Table 3 + Table 2 HSE06)
2H-WSe2,1T-ZrS2,2H-WSe2,1.88,1.95,1.88,-1.67,0.0,Type I,Type I,DFT_HSE06_monolayer,HSE06,fundamental_quasiparticle,2D_monolayer_vdW,10.1038/s41699-021-00200-9,Paper1 vdW heterobilayer (Supp Table 3 + Table 2 HSE06)
2H-MoSe2,1T-ZrSe2,2H-MoSe2,1.95,0.94,1.95,-1.35,0.0,Type I,Type I,DFT_HSE06_monolayer,HSE06,fundamental_quasiparticle,2D_monolayer_vdW,10.1038/s41699-021-00200-9,Paper1 vdW heterobilayer (Supp Table 3 + Table 2 HSE06)
2H-MoTe2,1T-ZrSe2,2H-MoTe2,1.5,0.94,1.5,-1.46,0.0,Type I,Type I,DFT_HSE06_monolayer,HSE06,fundamental_quasiparticle,2D_monolayer_vdW,10.1038/s41699-021-00200-9,Paper1 vdW heterobilayer (Supp Table 3 + Table 2 HSE06)
2H-WS2,1T-ZrSe2,2H-WS2,2.2,0.94,2.2,-1.33,0.0,Type I,Type I,DFT_HSE06_monolayer,HSE06,fundamental_quasiparticle,2D_monolayer_vdW,10.1038/s41699-021-00200-9,Paper1 vdW heterobilayer (Supp Table 3 + Table 2 HSE06)
2H-WSe2,1T-ZrSe2,2H-WSe2,1.88,0.94,1.88,-1.63,0.0,Type I,Type I,DFT_HSE06_monolayer,HSE06,fundamental_quasiparticle,2D_monolayer_vdW,10.1038/s41699-021-00200-9,Paper1 vdW heterobilayer (Supp Table 3 + Table 2 HSE06)
2H-MoSe2,2H-GeI2,2H-MoSe2,1.95,2.36,1.95,-0.1,0.0,Type I,Type I,DFT_HSE06_monolayer,HSE06,fundamental_quasiparticle,2D_monolayer_vdW,10.1038/s41699-021-00200-9,Paper1 vdW heterobilayer (Supp Table 3 + Table 2 HSE06)
2H-MoTe2,2H-GeI2,2H-MoTe2,1.5,2.36,1.5,-0.21,0.0,Type I,Type I,DFT_HSE06_monolayer,HSE06,fundamental_quasiparticle,2D_monolayer_vdW,10.1038/s41699-021-00200-9,Paper1 vdW heterobilayer (Supp Table 3 + Table 2 HSE06)
2H-WSe2,2H-GeI2,2H-WSe2,1.88,2.36,1.88,-0.38,0.0,Type I,Type I,DFT_HSE06_monolayer,HSE06,fundamental_quasiparticle,2D_monolayer_vdW,10.1038/s41699-021-00200-9,Paper1 vdW heterobilayer (Supp Table 3 + Table 2 HSE06)
2H-WTe2,2H-GeI2,2H-WTe2,1.3,2.36,1.3,-0.34,0.0,Type I,Type I,DFT_HSE06_monolayer,HSE06,fundamental_quasiparticle,2D_monolayer_vdW,10.1038/s41699-021-00200-9,Paper1 vdW heterobilayer (Supp Table 3 + Table 2 HSE06)
2H-MoSe2,2H-MoS2,2H-MoSe2,1.95,2.22,1.95,-0.36,0.0,Type I,Type I,DFT_HSE06_monolayer,HSE06,fundamental_quasiparticle,2D_monolayer_vdW,10.1038/s41699-021-00200-9,Paper1 vdW heterobilayer (Supp Table 3 + Table 2 HSE06)
2H-MoTe2,2H-MoS2,2H-MoTe2,1.5,2.22,1.5,-0.47,0.0,Type I,Type I,DFT_HSE06_monolayer,HSE06,fundamental_quasiparticle,2D_monolayer_vdW,10.1038/s41699-021-00200-9,Paper1 vdW heterobilayer (Supp Table 3 + Table 2 HSE06)
2H-WSe2,2H-MoS2,2H-WSe2,1.88,2.22,1.88,-0.64,0.0,Type I,Type I,DFT_HSE06_monolayer,HSE06,fundamental_quasiparticle,2D_monolayer_vdW,10.1038/s41699-021-00200-9,Paper1 vdW heterobilayer (Supp Table 3 + Table 2 HSE06)
2H-WTe2,2H-MoS2,2H-WTe2,1.3,2.22,1.3,-0.6,0.0,Type I,Type I,DFT_HSE06_monolayer,HSE06,fundamental_quasiparticle,2D_monolayer_vdW,10.1038/s41699-021-00200-9,Paper1 vdW heterobilayer (Supp Table 3 + Table 2 HSE06)
2H-MoSe2,2H-WS2,2H-MoSe2,1.95,2.2,1.95,-0.02,0.0,Type I,Type I,DFT_HSE06_monolayer,HSE06,fundamental_quasiparticle,2D_monolayer_vdW,10.1038/s41699-021-00200-9,Paper1 vdW heterobilayer (Supp Table 3 + Table 2 HSE06)
2H-ZrCl2,2H-MoSe2,2H-ZrCl2,1.55,1.95,1.55,-0.83,0.0,Type I,Type I,DFT_HSE06_monolayer,HSE06,fundamental_quasiparticle,2D_monolayer_vdW,10.1038/s41699-021-00200-9,Paper1 vdW heterobilayer (Supp Table 3 + Table 2 HSE06)
2H-ZrCl2,2H-MoTe2,2H-ZrCl2,1.55,1.5,1.55,-0.72,0.0,Type I,Type I,DFT_HSE06_monolayer,HSE06,fundamental_quasiparticle,2D_monolayer_vdW,10.1038/s41699-021-00200-9,Paper1 vdW heterobilayer (Supp Table 3 + Table 2 HSE06)
2H-WSe2,2H-WS2,2H-WSe2,1.88,2.2,1.88,-0.3,0.0,Type I,Type I,DFT_HSE06_monolayer,HSE06,fundamental_quasiparticle,2D_monolayer_vdW,10.1038/s41699-021-00200-9,Paper1 vdW heterobilayer (Supp Table 3 + Table 2 HSE06)
2H-WTe2,2H-WS2,2H-WTe2,1.3,2.2,1.3,-0.26,0.0,Type I,Type I,DFT_HSE06_monolayer,HSE06,fundamental_quasiparticle,2D_monolayer_vdW,10.1038/s41699-021-00200-9,Paper1 vdW heterobilayer (Supp Table 3 + Table 2 HSE06)
2H-ZrCl2,2H-WSe2,2H-ZrCl2,1.55,1.88,1.55,-0.55,0.0,Type I,Type I,DFT_HSE06_monolayer,HSE06,fundamental_quasiparticle,2D_monolayer_vdW,10.1038/s41699-021-00200-9,Paper1 vdW heterobilayer (Supp Table 3 + Table 2 HSE06)
2H-ZrCl2,2H-WTe2,2H-ZrCl2,1.55,1.3,1.55,-0.59,0.0,Type I,Type I,DFT_HSE06_monolayer,HSE06,fundamental_quasiparticle,2D_monolayer_vdW,10.1038/s41699-021-00200-9,Paper1 vdW heterobilayer (Supp Table 3 + Table 2 HSE06)
2H-MoS2,1T-CdBr2,2H-MoS2,2.22,4.32,2.22,0.6,0.0,Type III,Type I,DFT_HSE06_monolayer,HSE06,fundamental_quasiparticle,2D_monolayer_vdW,10.1038/s41699-021-00200-9,Paper1 vdW heterobilayer (Supp Table 3 + Table 2 HSE06)
2H-MoSe2,1T-CdBr2,2H-MoSe2,1.95,4.32,1.95,0.24,0.0,Type III,Type I,DFT_HSE06_monolayer,HSE06,fundamental_quasiparticle,2D_monolayer_vdW,10.1038/s41699-021-00200-9,Paper1 vdW heterobilayer (Supp Table 3 + Table 2 HSE06)
2H-MoTe2,1T-CdBr2,2H-MoTe2,1.5,4.32,1.5,0.13,0.0,Type III,Type I,DFT_HSE06_monolayer,HSE06,fundamental_quasiparticle,2D_monolayer_vdW,10.1038/s41699-021-00200-9,Paper1 vdW heterobilayer (Supp Table 3 + Table 2 HSE06)
2H-WS2,1T-CdBr2,2H-WS2,2.2,4.32,2.2,0.26,0.0,Type III,Type I,DFT_HSE06_monolayer,HSE06,fundamental_quasiparticle,2D_monolayer_vdW,10.1038/s41699-021-00200-9,Paper1 vdW heterobilayer (Supp Table 3 + Table 2 HSE06)
1T-CdI2,1T-CdCl2,1T-CdI2,2.99,5.36,2.99,0.06,0.0,Type III,Type I,DFT_HSE06_monolayer,HSE06,fundamental_quasiparticle,2D_monolayer_vdW,10.1038/s41699-021-00200-9,Paper1 vdW heterobilayer (Supp Table 3 + Table 2 HSE06)
1T-GeBr2,1T-CdCl2,1T-GeBr2,3.09,5.36,3.09,0.64,0.0,Type III,Type I,DFT_HSE06_monolayer,HSE06,fundamental_quasiparticle,2D_monolayer_vdW,10.1038/s41699-021-00200-9,Paper1 vdW heterobilayer (Supp Table 3 + Table 2 HSE06)
1T-GeI2,1T-CdCl2,1T-GeI2,2.64,5.36,2.64,0.19,0.0,Type III,Type I,DFT_HSE06_monolayer,HSE06,fundamental_quasiparticle,2D_monolayer_vdW,10.1038/s41699-021-00200-9,Paper1 vdW heterobilayer (Supp Table 3 + Table 2 HSE06)
1T-HfS2,1T-CdCl2,1T-HfS2,2.04,5.36,2.04,1.51,0.0,Type III,Type I,DFT_HSE06_monolayer,HSE06,fundamental_quasiparticle,2D_monolayer_vdW,10.1038/s41699-021-00200-9,Paper1 vdW heterobilayer (Supp Table 3 + Table 2 HSE06)
1T-HfSe2,1T-CdCl2,1T-HfSe2,1.1,5.36,1.1,1.4,0.0,Type III,Type I,DFT_HSE06_monolayer,HSE06,fundamental_quasiparticle,2D_monolayer_vdW,10.1038/s41699-021-00200-9,Paper1 vdW heterobilayer (Supp Table 3 + Table 2 HSE06)
1T-HgBr2,1T-CdCl2,1T-HgBr2,3.79,5.36,3.79,0.39,0.0,Type III,Type I,DFT_HSE06_monolayer,HSE06,fundamental_quasiparticle,2D_monolayer_vdW,10.1038/s41699-021-00200-9,Paper1 vdW heterobilayer (Supp Table 3 + Table 2 HSE06)
1T-CdCl2,1T-MgCl2,1T-CdCl2,5.36,7.49,5.36,1.78,0.0,Type III,Type I,DFT_HSE06_monolayer,HSE06,fundamental_quasiparticle,2D_monolayer_vdW,10.1038/s41699-021-00200-9,Paper1 vdW heterobilayer (Supp Table 3 + Table 2 HSE06)
1T-OTl2,1T-CdCl2,1T-OTl2,1.51,5.36,1.51,0.38,0.0,Type III,Type I,DFT_HSE06_monolayer,HSE06,fundamental_quasiparticle,2D_monolayer_vdW,10.1038/s41699-021-00200-9,Paper1 vdW heterobilayer (Supp Table 3 + Table 2 HSE06)
1T-PbI2,1T-CdCl2,1T-PbI2,2.65,5.36,2.65,0.56,0.0,Type III,Type I,DFT_HSE06_monolayer,HSE06,fundamental_quasiparticle,2D_monolayer_vdW,10.1038/s41699-021-00200-9,Paper1 vdW heterobilayer (Supp Table 3 + Table 2 HSE06)
1T-PtO2,1T-CdCl2,1T-PtO2,3.5,5.36,3.5,1.03,0.0,Type III,Type I,DFT_HSE06_monolayer,HSE06,fundamental_quasiparticle,2D_monolayer_vdW,10.1038/s41699-021-00200-9,Paper1 vdW heterobilayer (Supp Table 3 + Table 2 HSE06)
1T-PtS2,1T-CdCl2,1T-PtS2,2.65,5.36,2.65,0.76,0.0,Type III,Type I,DFT_HSE06_monolayer,HSE06,fundamental_quasiparticle,2D_monolayer_vdW,10.1038/s41699-021-00200-9,Paper1 vdW heterobilayer (Supp Table 3 + Table 2 HSE06)
1T-PtSe2,1T-CdCl2,1T-PtSe2,1.72,5.36,1.72,0.62,0.0,Type III,Type I,DFT_HSE06_monolayer,HSE06,fundamental_quasiparticle,2D_monolayer_vdW,10.1038/s41699-021-00200-9,Paper1 vdW heterobilayer (Supp Table 3 + Table 2 HSE06)
1T-PtTe2,1T-CdCl2,1T-PtTe2,0.62,5.36,0.62,0.39,0.0,Type III,Type I,DFT_HSE06_monolayer,HSE06,fundamental_quasiparticle,2D_monolayer_vdW,10.1038/s41699-021-00200-9,Paper1 vdW heterobilayer (Supp Table 3 + Table 2 HSE06)
1T-SnS2,1T-CdCl2,1T-SnS2,2.48,5.36,2.48,1.46,0.0,Type III,Type I,DFT_HSE06_monolayer,HSE06,fundamental_quasiparticle,2D_monolayer_vdW,10.1038/s41699-021-00200-9,Paper1 vdW heterobilayer (Supp Table 3 + Table 2 HSE06)
1T-SnSe2,1T-CdCl2,1T-SnSe2,1.44,5.36,1.44,1.67,0.0,Type III,Type I,DFT_HSE06_monolayer,HSE06,fundamental_quasiparticle,2D_monolayer_vdW,10.1038/s41699-021-00200-9,Paper1 vdW heterobilayer (Supp Table 3 + Table 2 HSE06)
1T-TiS2,1T-CdCl2,1T-TiS2,0.71,5.36,0.71,2.2,0.0,Type III,Type I,DFT_HSE06_monolayer,HSE06,fundamental_quasiparticle,2D_monolayer_vdW,10.1038/s41699-021-00200-9,Paper1 vdW heterobilayer (Supp Table 3 + Table 2 HSE06)
1T-ZnI2,1T-CdCl2,1T-ZnI2,2.59,5.36,2.59,0.34,0.0,Type III,Type I,DFT_HSE06_monolayer,HSE06,fundamental_quasiparticle,2D_monolayer_vdW,10.1038/s41699-021-00200-9,Paper1 vdW heterobilayer (Supp Table 3 + Table 2 HSE06)
1T-ZrS2,1T-CdCl2,1T-ZrS2,1.95,5.36,1.95,1.74,0.0,Type III,Type I,DFT_HSE06_monolayer,HSE06,fundamental_quasiparticle,2D_monolayer_vdW,10.1038/s41699-021-00200-9,Paper1 vdW heterobilayer (Supp Table 3 + Table 2 HSE06)
1T-ZrSe2,1T-CdCl2,1T-ZrSe2,0.94,5.36,0.94,1.7,0.0,Type III,Type I,DFT_HSE06_monolayer,HSE06,fundamental_quasiparticle,2D_monolayer_vdW,10.1038/s41699-021-00200-9,Paper1 vdW heterobilayer (Supp Table 3 + Table 2 HSE06)
2H-GeI2,1T-CdCl2,2H-GeI2,2.36,5.36,2.36,0.45,0.0,Type III,Type I,DFT_HSE06_monolayer,HSE06,fundamental_quasiparticle,2D_monolayer_vdW,10.1038/s41699-021-00200-9,Paper1 vdW heterobilayer (Supp Table 3 + Table 2 HSE06)
2H-MoS2,1T-CdCl2,2H-MoS2,2.22,5.36,2.22,0.71,0.0,Type III,Type I,DFT_HSE06_monolayer,HSE06,fundamental_quasiparticle,2D_monolayer_vdW,10.1038/s41699-021-00200-9,Paper1 vdW heterobilayer (Supp Table 3 + Table 2 HSE06)
2H-MoSe2,1T-CdCl2,2H-MoSe2,1.95,5.36,1.95,0.35,0.0,Type III,Type I,DFT_HSE06_monolayer,HSE06,fundamental_quasiparticle,2D_monolayer_vdW,10.1038/s41699-021-00200-9,Paper1 vdW heterobilayer (Supp Table 3 + Table 2 HSE06)
2H-MoTe2,1T-CdCl2,2H-MoTe2,1.5,5.36,1.5,0.24,0.0,Type III,Type I,DFT_HSE06_monolayer,HSE06,fundamental_quasiparticle,2D_monolayer_vdW,10.1038/s41699-021-00200-9,Paper1 vdW heterobilayer (Supp Table 3 + Table 2 HSE06)
2H-WS2,1T-CdCl2,2H-WS2,2.2,5.36,2.2,0.37,0.0,Type III,Type I,DFT_HSE06_monolayer,HSE06,fundamental_quasiparticle,2D_monolayer_vdW,10.1038/s41699-021-00200-9,Paper1 vdW heterobilayer (Supp Table 3 + Table 2 HSE06)
2H-WSe2,1T-CdCl2,2H-WSe2,1.88,5.36,1.88,0.07,0.0,Type III,Type I,DFT_HSE06_monolayer,HSE06,fundamental_quasiparticle,2D_monolayer_vdW,10.1038/s41699-021-00200-9,Paper1 vdW heterobilayer (Supp Table 3 + Table 2 HSE06)
2H-WTe2,1T-CdCl2,2H-WTe2,1.3,5.36,1.3,0.11,0.0,Type III,Type I,DFT_HSE06_monolayer,HSE06,fundamental_quasiparticle,2D_monolayer_vdW,10.1038/s41699-021-00200-9,Paper1 vdW heterobilayer (Supp Table 3 + Table 2 HSE06)
1T-GeI2,1T-CdI2,1T-GeI2,2.64,2.99,2.64,0.13,0.0,Type III,Type I,DFT_HSE06_monolayer,HSE06,fundamental_quasiparticle,2D_monolayer_vdW,10.1038/s41699-021-00200-9,Paper1 vdW heterobilayer (Supp Table 3 + Table 2 HSE06)
1T-HfSe2,1T-CdI2,1T-HfSe2,1.1,2.99,1.1,1.34,0.0,Type III,Type I,DFT_HSE06_monolayer,HSE06,fundamental_quasiparticle,2D_monolayer_vdW,10.1038/s41699-021-00200-9,Paper1 vdW heterobilayer (Supp Table 3 + Table 2 HSE06)
1T-CdI2,1T-MgBr2,1T-CdI2,2.99,5.86,2.99,1.27,0.0,Type III,Type I,DFT_HSE06_monolayer,HSE06,fundamental_quasiparticle,2D_monolayer_vdW,10.1038/s41699-021-00200-9,Paper1 vdW heterobilayer (Supp Table 3 + Table 2 HSE06)
1T-CdI2,1T-MgCl2,1T-CdI2,2.99,7.49,2.99,1.84,0.0,Type III,Type I,DFT_HSE06_monolayer,HSE06,fundamental_quasiparticle,2D_monolayer_vdW,10.1038/s41699-021-00200-9,Paper1 vdW heterobilayer (Supp Table 3 + Table 2 HSE06)
1T-CdI2,1T-MgI2,1T-CdI2,2.99,4.16,2.99,1.01,0.0,Type III,Type I,DFT_HSE06_monolayer,HSE06,fundamental_quasiparticle,2D_monolayer_vdW,10.1038/s41699-021-00200-9,Paper1 vdW heterobilayer (Supp Table 3 + Table 2 HSE06)
1T-OTl2,1T-CdI2,1T-OTl2,1.51,2.99,1.51,0.32,0.0,Type III,Type I,DFT_HSE06_monolayer,HSE06,fundamental_quasiparticle,2D_monolayer_vdW,10.1038/s41699-021-00200-9,Paper1 vdW heterobilayer (Supp Table 3 + Table 2 HSE06)
1T-PtSe2,1T-CdI2,1T-PtSe2,1.72,2.99,1.72,0.56,0.0,Type III,Type I,DFT_HSE06_monolayer,HSE06,fundamental_quasiparticle,2D_monolayer_vdW,10.1038/s41699-021-00200-9,Paper1 vdW heterobilayer (Supp Table 3 + Table 2 HSE06)
1T-PtTe2,1T-CdI2,1T-PtTe2,0.62,2.99,0.62,0.33,0.0,Type III,Type I,DFT_HSE06_monolayer,HSE06,fundamental_quasiparticle,2D_monolayer_vdW,10.1038/s41699-021-00200-9,Paper1 vdW heterobilayer (Supp Table 3 + Table 2 HSE06)
1T-TiS2,1T-CdI2,1T-TiS2,0.71,2.99,0.71,2.14,0.0,Type III,Type I,DFT_HSE06_monolayer,HSE06,fundamental_quasiparticle,2D_monolayer_vdW,10.1038/s41699-021-00200-9,Paper1 vdW heterobilayer (Supp Table 3 + Table 2 HSE06)
1T-CdI2,1T-ZnBr2,1T-CdI2,2.99,4.61,2.99,0.36,0.0,Type III,Type I,DFT_HSE06_monolayer,HSE06,fundamental_quasiparticle,2D_monolayer_vdW,10.1038/s41699-021-00200-9,Paper1 vdW heterobilayer (Supp Table 3 + Table 2 HSE06)
1T-CdI2,1T-ZnCl2,1T-CdI2,2.99,6.12,2.99,0.89,0.0,Type III,Type I,DFT_HSE06_monolayer,HSE06,fundamental_quasiparticle,2D_monolayer_vdW,10.1038/s41699-021-00200-9,Paper1 vdW heterobilayer (Supp Table 3 + Table 2 HSE06)
1T-ZnI2,1T-CdI2,1T-ZnI2,2.59,2.99,2.59,0.28,0.0,Type III,Type I,DFT_HSE06_monolayer,HSE06,fundamental_quasiparticle,2D_monolayer_vdW,10.1038/s41699-021-00200-9,Paper1 vdW heterobilayer (Supp Table 3 + Table 2 HSE06)
1T-ZrSe2,1T-CdI2,1T-ZrSe2,0.94,2.99,0.94,1.64,0.0,Type III,Type I,DFT_HSE06_monolayer,HSE06,fundamental_quasiparticle,2D_monolayer_vdW,10.1038/s41699-021-00200-9,Paper1 vdW heterobilayer (Supp Table 3 + Table 2 HSE06)
2H-GeI2,1T-CdI2,2H-GeI2,2.36,2.99,2.36,0.39,0.0,Type III,Type I,DFT_HSE06_monolayer,HSE06,fundamental_quasiparticle,2D_monolayer_vdW,10.1038/s41699-021-00200-9,Paper1 vdW heterobilayer (Supp Table 3 + Table 2 HSE06)
2H-MoS2,1T-CdI2,2H-MoS2,2.22,2.99,2.22,0.65,0.0,Type III,Type I,DFT_HSE06_monolayer,HSE06,fundamental_quasiparticle,2D_monolayer_vdW,10.1038/s41699-021-00200-9,Paper1 vdW heterobilayer (Supp Table 3 + Table 2 HSE06)
2H-MoSe2,1T-CdI2,2H-MoSe2,1.95,2.99,1.95,0.29,0.0,Type III,Type I,DFT_HSE06_monolayer,HSE06,fundamental_quasiparticle,2D_monolayer_vdW,10.1038/s41699-021-00200-9,Paper1 vdW heterobilayer (Supp Table 3 + Table 2 HSE06)
2H-MoTe2,1T-CdI2,2H-MoTe2,1.5,2.99,1.5,0.18,0.0,Type III,Type I,DFT_HSE06_monolayer,HSE06,fundamental_quasiparticle,2D_monolayer_vdW,10.1038/s41699-021-00200-9,Paper1 vdW heterobilayer (Supp Table 3 + Table 2 HSE06)
2H-WS2,1T-CdI2,2H-WS2,2.2,2.99,2.2,0.31,0.0,Type III,Type I,DFT_HSE06_monolayer,HSE06,fundamental_quasiparticle,2D_monolayer_vdW,10.1038/s41699-021-00200-9,Paper1 vdW heterobilayer (Supp Table 3 + Table 2 HSE06)
2H-WSe2,1T-CdI2,2H-WSe2,1.88,2.99,1.88,0.01,0.0,Type III,Type I,DFT_HSE06_monolayer,HSE06,fundamental_quasiparticle,2D_monolayer_vdW,10.1038/s41699-021-00200-9,Paper1 vdW heterobilayer (Supp Table 3 + Table 2 HSE06)
2H-WTe2,1T-CdI2,2H-WTe2,1.3,2.99,1.3,0.05,0.0,Type III,Type I,DFT_HSE06_monolayer,HSE06,fundamental_quasiparticle,2D_monolayer_vdW,10.1038/s41699-021-00200-9,Paper1 vdW heterobilayer (Supp Table 3 + Table 2 HSE06)
1T-HfS2,1T-GeBr2,1T-HfS2,2.04,3.09,2.04,0.87,0.0,Type III,Type I,DFT_HSE06_monolayer,HSE06,fundamental_quasiparticle,2D_monolayer_vdW,10.1038/s41699-021-00200-9,Paper1 vdW heterobilayer (Supp Table 3 + Table 2 HSE06)
1T-HfSe2,1T-GeBr2,1T-HfSe2,1.1,3.09,1.1,0.76,0.0,Type III,Type I,DFT_HSE06_monolayer,HSE06,fundamental_quasiparticle,2D_monolayer_vdW,10.1038/s41699-021-00200-9,Paper1 vdW heterobilayer (Supp Table 3 + Table 2 HSE06)
1T-GeBr2,1T-HgBr2,1T-GeBr2,3.09,3.79,3.09,0.25,0.0,Type III,Type I,DFT_HSE06_monolayer,HSE06,fundamental_quasiparticle,2D_monolayer_vdW,10.1038/s41699-021-00200-9,Paper1 vdW heterobilayer (Supp Table 3 + Table 2 HSE06)
1T-GeBr2,1T-MgBr2,1T-GeBr2,3.09,5.86,3.09,1.85,0.0,Type III,Type I,DFT_HSE06_monolayer,HSE06,fundamental_quasiparticle,2D_monolayer_vdW,10.1038/s41699-021-00200-9,Paper1 vdW heterobilayer (Supp Table 3 + Table 2 HSE06)
1T-GeBr2,1T-MgCl2,1T-GeBr2,3.09,7.49,3.09,2.42,0.0,Type III,Type I,DFT_HSE06_monolayer,HSE06,fundamental_quasiparticle,2D_monolayer_vdW,10.1038/s41699-021-00200-9,Paper1 vdW heterobilayer (Supp Table 3 + Table 2 HSE06)
1T-PtS2,1T-GeBr2,1T-PtS2,2.65,3.09,2.65,0.12,0.0,Type III,Type I,DFT_HSE06_monolayer,HSE06,fundamental_quasiparticle,2D_monolayer_vdW,10.1038/s41699-021-00200-9,Paper1 vdW heterobilayer (Supp Table 3 + Table 2 HSE06)
1T-SnSe2,1T-GeBr2,1T-SnSe2,1.44,3.09,1.44,1.03,0.0,Type III,Type I,DFT_HSE06_monolayer,HSE06,fundamental_quasiparticle,2D_monolayer_vdW,10.1038/s41699-021-00200-9,Paper1 vdW heterobilayer (Supp Table 3 + Table 2 HSE06)
1T-TiS2,1T-GeBr2,1T-TiS2,0.71,3.09,0.71,1.56,0.0,Type III,Type I,DFT_HSE06_monolayer,HSE06,fundamental_quasiparticle,2D_monolayer_vdW,10.1038/s41699-021-00200-9,Paper1 vdW heterobilayer (Supp Table 3 + Table 2 HSE06)
1T-GeBr2,1T-ZnBr2,1T-GeBr2,3.09,4.61,3.09,0.94,0.0,Type III,Type I,DFT_HSE06_monolayer,HSE06,fundamental_quasiparticle,2D_monolayer_vdW,10.1038/s41699-021-00200-9,Paper1 vdW heterobilayer (Supp Table 3 + Table 2 HSE06)
1T-GeBr2,1T-ZnCl2,1T-GeBr2,3.09,6.12,3.09,1.47,0.0,Type III,Type I,DFT_HSE06_monolayer,HSE06,fundamental_quasiparticle,2D_monolayer_vdW,10.1038/s41699-021-00200-9,Paper1 vdW heterobilayer (Supp Table 3 + Table 2 HSE06)
1T-ZrS2,1T-GeBr2,1T-ZrS2,1.95,3.09,1.95,1.1,0.0,Type III,Type I,DFT_HSE06_monolayer,HSE06,fundamental_quasiparticle,2D_monolayer_vdW,10.1038/s41699-021-00200-9,Paper1 vdW heterobilayer (Supp Table 3 + Table 2 HSE06)
1T-ZrSe2,1T-GeBr2,1T-ZrSe2,0.94,3.09,0.94,1.06,0.0,Type III,Type I,DFT_HSE06_monolayer,HSE06,fundamental_quasiparticle,2D_monolayer_vdW,10.1038/s41699-021-00200-9,Paper1 vdW heterobilayer (Supp Table 3 + Table 2 HSE06)
2H-MoS2,1T-GeBr2,2H-MoS2,2.22,3.09,2.22,0.07,0.0,Type III,Type I,DFT_HSE06_monolayer,HSE06,fundamental_quasiparticle,2D_monolayer_vdW,10.1038/s41699-021-00200-9,Paper1 vdW heterobilayer (Supp Table 3 + Table 2 HSE06)
1T-HfSe2,1T-GeI2,1T-HfSe2,1.1,2.64,1.1,1.21,0.0,Type III,Type I,DFT_HSE06_monolayer,HSE06,fundamental_quasiparticle,2D_monolayer_vdW,10.1038/s41699-021-00200-9,Paper1 vdW heterobilayer (Supp Table 3 + Table 2 HSE06)
1T-GeI2,1T-MgBr2,1T-GeI2,2.64,5.86,2.64,1.4,0.0,Type III,Type I,DFT_HSE06_monolayer,HSE06,fundamental_quasiparticle,2D_monolayer_vdW,10.1038/s41699-021-00200-9,Paper1 vdW heterobilayer (Supp Table 3 + Table 2 HSE06)
1T-GeI2,1T-MgCl2,1T-GeI2,2.64,7.49,2.64,1.97,0.0,Type III,Type I,DFT_HSE06_monolayer,HSE06,fundamental_quasiparticle,2D_monolayer_vdW,10.1038/s41699-021-00200-9,Paper1 vdW heterobilayer (Supp Table 3 + Table 2 HSE06)
1T-GeI2,1T-MgI2,1T-GeI2,2.64,4.16,2.64,1.14,0.0,Type III,Type I,DFT_HSE06_monolayer,HSE06,fundamental_quasiparticle,2D_monolayer_vdW,10.1038/s41699-021-00200-9,Paper1 vdW heterobilayer (Supp Table 3 + Table 2 HSE06)
1T-OTl2,1T-GeI2,1T-OTl2,1.51,2.64,1.51,0.19,0.0,Type III,Type I,DFT_HSE06_monolayer,HSE06,fundamental_quasiparticle,2D_monolayer_vdW,10.1038/s41699-021-00200-9,Paper1 vdW heterobilayer (Supp Table 3 + Table 2 HSE06)
1T-PtSe2,1T-GeI2,1T-PtSe2,1.72,2.64,1.72,0.43,0.0,Type III,Type I,DFT_HSE06_monolayer,HSE06,fundamental_quasiparticle,2D_monolayer_vdW,10.1038/s41699-021-00200-9,Paper1 vdW heterobilayer (Supp Table 3 + Table 2 HSE06)
1T-PtTe2,1T-GeI2,1T-PtTe2,0.62,2.64,0.62,0.2,0.0,Type III,Type I,DFT_HSE06_monolayer,HSE06,fundamental_quasiparticle,2D_monolayer_vdW,10.1038/s41699-021-00200-9,Paper1 vdW heterobilayer (Supp Table 3 + Table 2 HSE06)
1T-GeI2,1T-ZnBr2,1T-GeI2,2.64,4.61,2.64,0.49,0.0,Type III,Type I,DFT_HSE06_monolayer,HSE06,fundamental_quasiparticle,2D_monolayer_vdW,10.1038/s41699-021-00200-9,Paper1 vdW heterobilayer (Supp Table 3 + Table 2 HSE06)
1T-GeI2,1T-ZnCl2,1T-GeI2,2.64,6.12,2.64,1.02,0.0,Type III,Type I,DFT_HSE06_monolayer,HSE06,fundamental_quasiparticle,2D_monolayer_vdW,10.1038/s41699-021-00200-9,Paper1 vdW heterobilayer (Supp Table 3 + Table 2 HSE06)
1T-ZrSe2,1T-GeI2,1T-ZrSe2,0.94,2.64,0.94,1.51,0.0,Type III,Type I,DFT_HSE06_monolayer,HSE06,fundamental_quasiparticle,2D_monolayer_vdW,10.1038/s41699-021-00200-9,Paper1 vdW heterobilayer (Supp Table 3 + Table 2 HSE06)
2H-GeI2,1T-GeI2,2H-GeI2,2.36,2.64,2.36,0.26,0.0,Type III,Type I,DFT_HSE06_monolayer,HSE06,fundamental_quasiparticle,2D_monolayer_vdW,10.1038/s41699-021-00200-9,Paper1 vdW heterobilayer (Supp Table 3 + Table 2 HSE06)
2H-MoSe2,1T-GeI2,2H-MoSe2,1.95,2.64,1.95,0.16,0.0,Type III,Type I,DFT_HSE06_monolayer,HSE06,fundamental_quasiparticle,2D_monolayer_vdW,10.1038/s41699-021-00200-9,Paper1 vdW heterobilayer (Supp Table 3 + Table 2 HSE06)
2H-MoTe2,1T-GeI2,2H-MoTe2,1.5,2.64,1.5,0.05,0.0,Type III,Type I,DFT_HSE06_monolayer,HSE06,fundamental_quasiparticle,2D_monolayer_vdW,10.1038/s41699-021-00200-9,Paper1 vdW heterobilayer (Supp Table 3 + Table 2 HSE06)
2H-WS2,1T-GeI2,2H-WS2,2.2,2.64,2.2,0.18,0.0,Type III,Type I,DFT_HSE06_monolayer,HSE06,fundamental_quasiparticle,2D_monolayer_vdW,10.1038/s41699-021-00200-9,Paper1 vdW heterobilayer (Supp Table 3 + Table 2 HSE06)
1T-HfS2,1T-HgBr2,1T-HfS2,2.04,3.79,2.04,1.12,0.0,Type III,Type I,DFT_HSE06_monolayer,HSE06,fundamental_quasiparticle,2D_monolayer_vdW,10.1038/s41699-021-00200-9,Paper1 vdW heterobilayer (Supp Table 3 + Table 2 HSE06)
1T-HfS2,1T-MgBr2,1T-HfS2,2.04,5.86,2.04,2.72,0.0,Type III,Type I,DFT_HSE06_monolayer,HSE06,fundamental_quasiparticle,2D_monolayer_vdW,10.1038/s41699-021-00200-9,Paper1 vdW heterobilayer (Supp Table 3 + Table 2 HSE06)
1T-HfS2,1T-MgCl2,1T-HfS2,2.04,7.49,2.04,3.29,0.0,Type III,Type I,DFT_HSE06_monolayer,HSE06,fundamental_quasiparticle,2D_monolayer_vdW,10.1038/s41699-021-00200-9,Paper1 vdW heterobilayer (Supp Table 3 + Table 2 HSE06)
1T-HfS2,1T-PtO2,1T-HfS2,2.04,3.5,2.04,0.48,0.0,Type III,Type I,DFT_HSE06_monolayer,HSE06,fundamental_quasiparticle,2D_monolayer_vdW,10.1038/s41699-021-00200-9,Paper1 vdW heterobilayer (Supp Table 3 + Table 2 HSE06)
1T-HfS2,1T-SnS2,1T-HfS2,2.04,2.48,2.04,0.05,0.0,Type III,Type I,DFT_HSE06_monolayer,HSE06,fundamental_quasiparticle,2D_monolayer_vdW,10.1038/s41699-021-00200-9,Paper1 vdW heterobilayer (Supp Table 3 + Table 2 HSE06)
1T-SnSe2,1T-HfS2,1T-SnSe2,1.44,2.04,1.44,0.16,0.0,Type III,Type I,DFT_HSE06_monolayer,HSE06,fundamental_quasiparticle,2D_monolayer_vdW,10.1038/s41699-021-00200-9,Paper1 vdW heterobilayer (Supp Table 3 + Table 2 HSE06)
1T-TiS2,1T-HfS2,1T-TiS2,0.71,2.04,0.71,0.69,0.0,Type III,Type I,DFT_HSE06_monolayer,HSE06,fundamental_quasiparticle,2D_monolayer_vdW,10.1038/s41699-021-00200-9,Paper1 vdW heterobilayer (Supp Table 3 + Table 2 HSE06)
1T-HfS2,1T-ZnBr2,1T-HfS2,2.04,4.61,2.04,1.81,0.0,Type III,Type I,DFT_HSE06_monolayer,HSE06,fundamental_quasiparticle,2D_monolayer_vdW,10.1038/s41699-021-00200-9,Paper1 vdW heterobilayer (Supp Table 3 + Table 2 HSE06)
1T-HfS2,1T-ZnCl2,1T-HfS2,2.04,6.12,2.04,2.34,0.0,Type III,Type I,DFT_HSE06_monolayer,HSE06,fundamental_quasiparticle,2D_monolayer_vdW,10.1038/s41699-021-00200-9,Paper1 vdW heterobilayer (Supp Table 3 + Table 2 HSE06)
1T-ZrSe2,1T-HfS2,1T-ZrSe2,0.94,2.04,0.94,0.19,0.0,Type III,Type I,DFT_HSE06_monolayer,HSE06,fundamental_quasiparticle,2D_monolayer_vdW,10.1038/s41699-021-00200-9,Paper1 vdW heterobilayer (Supp Table 3 + Table 2 HSE06)
1T-HfSe2,1T-HgBr2,1T-HfSe2,1.1,3.79,1.1,1.01,0.0,Type III,Type I,DFT_HSE06_monolayer,HSE06,fundamental_quasiparticle,2D_monolayer_vdW,10.1038/s41699-021-00200-9,Paper1 vdW heterobilayer (Supp Table 3 + Table 2 HSE06)
1T-HfSe2,1T-MgBr2,1T-HfSe2,1.1,5.86,1.1,2.61,0.0,Type III,Type I,DFT_HSE06_monolayer,HSE06,fundamental_quasiparticle,2D_monolayer_vdW,10.1038/s41699-021-00200-9,Paper1 vdW heterobilayer (Supp Table 3 + Table 2 HSE06)
1T-HfSe2,1T-MgCl2,1T-HfSe2,1.1,7.49,1.1,3.18,0.0,Type III,Type I,DFT_HSE06_monolayer,HSE06,fundamental_quasiparticle,2D_monolayer_vdW,10.1038/s41699-021-00200-9,Paper1 vdW heterobilayer (Supp Table 3 + Table 2 HSE06)
1T-HfSe2,1T-MgI2,1T-HfSe2,1.1,4.16,1.1,2.35,0.0,Type III,Type I,DFT_HSE06_monolayer,HSE06,fundamental_quasiparticle,2D_monolayer_vdW,10.1038/s41699-021-00200-9,Paper1 vdW heterobilayer (Supp Table 3 + Table 2 HSE06)
1T-HfSe2,1T-PbI2,1T-HfSe2,1.1,2.65,1.1,0.84,0.0,Type III,Type I,DFT_HSE06_monolayer,HSE06,fundamental_quasiparticle,2D_monolayer_vdW,10.1038/s41699-021-00200-9,Paper1 vdW heterobilayer (Supp Table 3 + Table 2 HSE06)
1T-HfSe2,1T-PtO2,1T-HfSe2,1.1,3.5,1.1,0.37,0.0,Type III,Type I,DFT_HSE06_monolayer,HSE06,fundamental_quasiparticle,2D_monolayer_vdW,10.1038/s41699-021-00200-9,Paper1 vdW heterobilayer (Supp Table 3 + Table 2 HSE06)
1T-HfSe2,1T-PtS2,1T-HfSe2,1.1,2.65,1.1,0.64,0.0,Type III,Type I,DFT_HSE06_monolayer,HSE06,fundamental_quasiparticle,2D_monolayer_vdW,10.1038/s41699-021-00200-9,Paper1 vdW heterobilayer (Supp Table 3 + Table 2 HSE06)
1T-HfSe2,1T-ZnBr2,1T-HfSe2,1.1,4.61,1.1,1.7,0.0,Type III,Type I,DFT_HSE06_monolayer,HSE06,fundamental_quasiparticle,2D_monolayer_vdW,10.1038/s41699-021-00200-9,Paper1 vdW heterobilayer (Supp Table 3 + Table 2 HSE06)
1T-HfSe2,1T-ZnCl2,1T-HfSe2,1.1,6.12,1.1,2.23,0.0,Type III,Type I,DFT_HSE06_monolayer,HSE06,fundamental_quasiparticle,2D_monolayer_vdW,10.1038/s41699-021-00200-9,Paper1 vdW heterobilayer (Supp Table 3 + Table 2 HSE06)
1T-HfSe2,1T-ZnI2,1T-HfSe2,1.1,2.59,1.1,1.06,0.0,Type III,Type I,DFT_HSE06_monolayer,HSE06,fundamental_quasiparticle,2D_monolayer_vdW,10.1038/s41699-021-00200-9,Paper1 vdW heterobilayer (Supp Table 3 + Table 2 HSE06)
1T-HfSe2,2H-GeI2,1T-HfSe2,1.1,2.36,1.1,0.95,0.0,Type III,Type I,DFT_HSE06_monolayer,HSE06,fundamental_quasiparticle,2D_monolayer_vdW,10.1038/s41699-021-00200-9,Paper1 vdW heterobilayer (Supp Table 3 + Table 2 HSE06)
1T-HfSe2,2H-MoS2,1T-HfSe2,1.1,2.22,1.1,0.69,0.0,Type III,Type I,DFT_HSE06_monolayer,HSE06,fundamental_quasiparticle,2D_monolayer_vdW,10.1038/s41699-021-00200-9,Paper1 vdW heterobilayer (Supp Table 3 + Table 2 HSE06)
1T-HfSe2,2H-WS2,1T-HfSe2,1.1,2.2,1.1,1.03,0.0,Type III,Type I,DFT_HSE06_monolayer,HSE06,fundamental_quasiparticle,2D_monolayer_vdW,10.1038/s41699-021-00200-9,Paper1 vdW heterobilayer (Supp Table 3 + Table 2 HSE06)
1T-HgBr2,1T-MgBr2,1T-HgBr2,3.79,5.86,3.79,1.6,0.0,Type III,Type I,DFT_HSE06_monolayer,HSE06,fundamental_quasiparticle,2D_monolayer_vdW,10.1038/s41699-021-00200-9,Paper1 vdW heterobilayer (Supp Table 3 + Table 2 HSE06)
1T-HgBr2,1T-MgCl2,1T-HgBr2,3.79,7.49,3.79,2.17,0.0,Type III,Type I,DFT_HSE06_monolayer,HSE06,fundamental_quasiparticle,2D_monolayer_vdW,10.1038/s41699-021-00200-9,Paper1 vdW heterobilayer (Supp Table 3 + Table 2 HSE06)
1T-PbI2,1T-HgBr2,1T-PbI2,2.65,3.79,2.65,0.17,0.0,Type III,Type I,DFT_HSE06_monolayer,HSE06,fundamental_quasiparticle,2D_monolayer_vdW,10.1038/s41699-021-00200-9,Paper1 vdW heterobilayer (Supp Table 3 + Table 2 HSE06)
1T-PtS2,1T-HgBr2,1T-PtS2,2.65,3.79,2.65,0.37,0.0,Type III,Type I,DFT_HSE06_monolayer,HSE06,fundamental_quasiparticle,2D_monolayer_vdW,10.1038/s41699-021-00200-9,Paper1 vdW heterobilayer (Supp Table 3 + Table 2 HSE06)
1T-PtSe2,1T-HgBr2,1T-PtSe2,1.72,3.79,1.72,0.23,0.0,Type III,Type I,DFT_HSE06_monolayer,HSE06,fundamental_quasiparticle,2D_monolayer_vdW,10.1038/s41699-021-00200-9,Paper1 vdW heterobilayer (Supp Table 3 + Table 2 HSE06)
1T-SnS2,1T-HgBr2,1T-SnS2,2.48,3.79,2.48,1.07,0.0,Type III,Type I,DFT_HSE06_monolayer,HSE06,fundamental_quasiparticle,2D_monolayer_vdW,10.1038/s41699-021-00200-9,Paper1 vdW heterobilayer (Supp Table 3 + Table 2 HSE06)
1T-SnSe2,1T-HgBr2,1T-SnSe2,1.44,3.79,1.44,1.28,0.0,Type III,Type I,DFT_HSE06_monolayer,HSE06,fundamental_quasiparticle,2D_monolayer_vdW,10.1038/s41699-021-00200-9,Paper1 vdW heterobilayer (Supp Table 3 + Table 2 HSE06)
1T-TiS2,1T-HgBr2,1T-TiS2,0.71,3.79,0.71,1.81,0.0,Type III,Type I,DFT_HSE06_monolayer,HSE06,fundamental_quasiparticle,2D_monolayer_vdW,10.1038/s41699-021-00200-9,Paper1 vdW heterobilayer (Supp Table 3 + Table 2 HSE06)
1T-HgBr2,1T-ZnBr2,1T-HgBr2,3.79,4.61,3.79,0.69,0.0,Type III,Type I,DFT_HSE06_monolayer,HSE06,fundamental_quasiparticle,2D_monolayer_vdW,10.1038/s41699-021-00200-9,Paper1 vdW heterobilayer (Supp Table 3 + Table 2 HSE06)
1T-HgBr2,1T-ZnCl2,1T-HgBr2,3.79,6.12,3.79,1.22,0.0,Type III,Type I,DFT_HSE06_monolayer,HSE06,fundamental_quasiparticle,2D_monolayer_vdW,10.1038/s41699-021-00200-9,Paper1 vdW heterobilayer (Supp Table 3 + Table 2 HSE06)
1T-ZrS2,1T-HgBr2,1T-ZrS2,1.95,3.79,1.95,1.35,0.0,Type III,Type I,DFT_HSE06_monolayer,HSE06,fundamental_quasiparticle,2D_monolayer_vdW,10.1038/s41699-021-00200-9,Paper1 vdW heterobilayer (Supp Table 3 + Table 2 HSE06)
1T-ZrSe2,1T-HgBr2,1T-ZrSe2,0.94,3.79,0.94,1.31,0.0,Type III,Type I,DFT_HSE06_monolayer,HSE06,fundamental_quasiparticle,2D_monolayer_vdW,10.1038/s41699-021-00200-9,Paper1 vdW heterobilayer (Supp Table 3 + Table 2 HSE06)
2H-GeI2,1T-HgBr2,2H-GeI2,2.36,3.79,2.36,0.06,0.0,Type III,Type I,DFT_HSE06_monolayer,HSE06,fundamental_quasiparticle,2D_monolayer_vdW,10.1038/s41699-021-00200-9,Paper1 vdW heterobilayer (Supp Table 3 + Table 2 HSE06)
2H-MoS2,1T-HgBr2,2H-MoS2,2.22,3.79,2.22,0.32,0.0,Type III,Type I,DFT_HSE06_monolayer,HSE06,fundamental_quasiparticle,2D_monolayer_vdW,10.1038/s41699-021-00200-9,Paper1 vdW heterobilayer (Supp Table 3 + Table 2 HSE06)
1T-MgBr2,1T-MgCl2,1T-MgBr2,5.86,7.49,5.86,0.57,0.0,Type III,Type I,DFT_HSE06_monolayer,HSE06,fundamental_quasiparticle,2D_monolayer_vdW,10.1038/s41699-021-00200-9,Paper1 vdW heterobilayer (Supp Table 3 + Table 2 HSE06)
1T-MgI2,1T-MgBr2,1T-MgI2,4.16,5.86,4.16,0.26,0.0,Type III,Type I,DFT_HSE06_monolayer,HSE06,fundamental_quasiparticle,2D_monolayer_vdW,10.1038/s41699-021-00200-9,Paper1 vdW heterobilayer (Supp Table 3 + Table 2 HSE06)
1T-OTl2,1T-MgBr2,1T-OTl2,1.51,5.86,1.51,1.59,0.0,Type III,Type I,DFT_HSE06_monolayer,HSE06,fundamental_quasiparticle,2D_monolayer_vdW,10.1038/s41699-021-00200-9,Paper1 vdW heterobilayer (Supp Table 3 + Table 2 HSE06)
1T-PbI2,1T-MgBr2,1T-PbI2,2.65,5.86,2.65,1.77,0.0,Type III,Type I,DFT_HSE06_monolayer,HSE06,fundamental_quasiparticle,2D_monolayer_vdW,10.1038/s41699-021-00200-9,Paper1 vdW heterobilayer (Supp Table 3 + Table 2 HSE06)
1T-PtO2,1T-MgBr2,1T-PtO2,3.5,5.86,3.5,2.24,0.0,Type III,Type I,DFT_HSE06_monolayer,HSE06,fundamental_quasiparticle,2D_monolayer_vdW,10.1038/s41699-021-00200-9,Paper1 vdW heterobilayer (Supp Table 3 + Table 2 HSE06)
1T-PtS2,1T-MgBr2,1T-PtS2,2.65,5.86,2.65,1.97,0.0,Type III,Type I,DFT_HSE06_monolayer,HSE06,fundamental_quasiparticle,2D_monolayer_vdW,10.1038/s41699-021-00200-9,Paper1 vdW heterobilayer (Supp Table 3 + Table 2 HSE06)
1T-PtSe2,1T-MgBr2,1T-PtSe2,1.72,5.86,1.72,1.83,0.0,Type III,Type I,DFT_HSE06_monolayer,HSE06,fundamental_quasiparticle,2D_monolayer_vdW,10.1038/s41699-021-00200-9,Paper1 vdW heterobilayer (Supp Table 3 + Table 2 HSE06)
1T-PtTe2,1T-MgBr2,1T-PtTe2,0.62,5.86,0.62,1.6,0.0,Type III,Type I,DFT_HSE06_monolayer,HSE06,fundamental_quasiparticle,2D_monolayer_vdW,10.1038/s41699-021-00200-9,Paper1 vdW heterobilayer (Supp Table 3 + Table 2 HSE06)
1T-STl2,1T-MgBr2,1T-STl2,1.89,5.86,1.89,0.96,0.0,Type III,Type I,DFT_HSE06_monolayer,HSE06,fundamental_quasiparticle,2D_monolayer_vdW,10.1038/s41699-021-00200-9,Paper1 vdW heterobilayer (Supp Table 3 + Table 2 HSE06)
1T-SnS2,1T-MgBr2,1T-SnS2,2.48,5.86,2.48,2.67,0.0,Type III,Type I,DFT_HSE06_monolayer,HSE06,fundamental_quasiparticle,2D_monolayer_vdW,10.1038/s41699-021-00200-9,Paper1 vdW heterobilayer (Supp Table 3 + Table 2 HSE06)
1T-SnSe2,1T-MgBr2,1T-SnSe2,1.44,5.86,1.44,2.88,0.0,Type III,Type I,DFT_HSE06_monolayer,HSE06,fundamental_quasiparticle,2D_monolayer_vdW,10.1038/s41699-021-00200-9,Paper1 vdW heterobilayer (Supp Table 3 + Table 2 HSE06)
1T-TiS2,1T-MgBr2,1T-TiS2,0.71,5.86,0.71,3.41,0.0,Type III,Type I,DFT_HSE06_monolayer,HSE06,fundamental_quasiparticle,2D_monolayer_vdW,10.1038/s41699-021-00200-9,Paper1 vdW heterobilayer (Supp Table 3 + Table 2 HSE06)
1T-YbI2,1T-MgBr2,1T-YbI2,2.35,5.86,2.35,0.54,0.0,Type III,Type I,DFT_HSE06_monolayer,HSE06,fundamental_quasiparticle,2D_monolayer_vdW,10.1038/s41699-021-00200-9,Paper1 vdW heterobilayer (Supp Table 3 + Table 2 HSE06)
1T-ZnBr2,1T-MgBr2,1T-ZnBr2,4.61,5.86,4.61,0.91,0.0,Type III,Type I,DFT_HSE06_monolayer,HSE06,fundamental_quasiparticle,2D_monolayer_vdW,10.1038/s41699-021-00200-9,Paper1 vdW heterobilayer (Supp Table 3 + Table 2 HSE06)
1T-ZnI2,1T-MgBr2,1T-ZnI2,2.59,5.86,2.59,1.55,0.0,Type III,Type I,DFT_HSE06_monolayer,HSE06,fundamental_quasiparticle,2D_monolayer_vdW,10.1038/s41699-021-00200-9,Paper1 vdW heterobilayer (Supp Table 3 + Table 2 HSE06)
1T-ZrS2,1T-MgBr2,1T-ZrS2,1.95,5.86,1.95,2.95,0.0,Type III,Type I,DFT_HSE06_monolayer,HSE06,fundamental_quasiparticle,2D_monolayer_vdW,10.1038/s41699-021-00200-9,Paper1 vdW heterobilayer (Supp Table 3 + Table 2 HSE06)
1T-ZrSe2,1T-MgBr2,1T-ZrSe2,0.94,5.86,0.94,2.91,0.0,Type III,Type I,DFT_HSE06_monolayer,HSE06,fundamental_quasiparticle,2D_monolayer_vdW,10.1038/s41699-021-00200-9,Paper1 vdW heterobilayer (Supp Table 3 + Table 2 HSE06)
2H-GeI2,1T-MgBr2,2H-GeI2,2.36,5.86,2.36,1.66,0.0,Type III,Type I,DFT_HSE06_monolayer,HSE06,fundamental_quasiparticle,2D_monolayer_vdW,10.1038/s41699-021-00200-9,Paper1 vdW heterobilayer (Supp Table 3 + Table 2 HSE06)
2H-MoS2,1T-MgBr2,2H-MoS2,2.22,5.86,2.22,1.92,0.0,Type III,Type I,DFT_HSE06_monolayer,HSE06,fundamental_quasiparticle,2D_monolayer_vdW,10.1038/s41699-021-00200-9,Paper1 vdW heterobilayer (Supp Table 3 + Table 2 HSE06)
2H-MoSe2,1T-MgBr2,2H-MoSe2,1.95,5.86,1.95,1.56,0.0,Type III,Type I,DFT_HSE06_monolayer,HSE06,fundamental_quasiparticle,2D_monolayer_vdW,10.1038/s41699-021-00200-9,Paper1 vdW heterobilayer (Supp Table 3 + Table 2 HSE06)
2H-MoTe2,1T-MgBr2,2H-MoTe2,1.5,5.86,1.5,1.45,0.0,Type III,Type I,DFT_HSE06_monolayer,HSE06,fundamental_quasiparticle,2D_monolayer_vdW,10.1038/s41699-021-00200-9,Paper1 vdW heterobilayer (Supp Table 3 + Table 2 HSE06)
2H-WS2,1T-MgBr2,2H-WS2,2.2,5.86,2.2,1.58,0.0,Type III,Type I,DFT_HSE06_monolayer,HSE06,fundamental_quasiparticle,2D_monolayer_vdW,10.1038/s41699-021-00200-9,Paper1 vdW heterobilayer (Supp Table 3 + Table 2 HSE06)
2H-WSe2,1T-MgBr2,2H-WSe2,1.88,5.86,1.88,1.28,0.0,Type III,Type I,DFT_HSE06_monolayer,HSE06,fundamental_quasiparticle,2D_monolayer_vdW,10.1038/s41699-021-00200-9,Paper1 vdW heterobilayer (Supp Table 3 + Table 2 HSE06)
2H-WTe2,1T-MgBr2,2H-WTe2,1.3,5.86,1.3,1.32,0.0,Type III,Type I,DFT_HSE06_monolayer,HSE06,fundamental_quasiparticle,2D_monolayer_vdW,10.1038/s41699-021-00200-9,Paper1 vdW heterobilayer (Supp Table 3 + Table 2 HSE06)
2H-ZrCl2,1T-MgBr2,2H-ZrCl2,1.55,5.86,1.55,0.73,0.0,Type III,Type I,DFT_HSE06_monolayer,HSE06,fundamental_quasiparticle,2D_monolayer_vdW,10.1038/s41699-021-00200-9,Paper1 vdW heterobilayer (Supp Table 3 + Table 2 HSE06)
1T-MgI2,1T-MgCl2,1T-MgI2,4.16,7.49,4.16,0.83,0.0,Type III,Type I,DFT_HSE06_monolayer,HSE06,fundamental_quasiparticle,2D_monolayer_vdW,10.1038/s41699-021-00200-9,Paper1 vdW heterobilayer (Supp Table 3 + Table 2 HSE06)
1T-OTl2,1T-MgCl2,1T-OTl2,1.51,7.49,1.51,2.16,0.0,Type III,Type I,DFT_HSE06_monolayer,HSE06,fundamental_quasiparticle,2D_monolayer_vdW,10.1038/s41699-021-00200-9,Paper1 vdW heterobilayer (Supp Table 3 + Table 2 HSE06)
1T-PbI2,1T-MgCl2,1T-PbI2,2.65,7.49,2.65,2.34,0.0,Type III,Type I,DFT_HSE06_monolayer,HSE06,fundamental_quasiparticle,2D_monolayer_vdW,10.1038/s41699-021-00200-9,Paper1 vdW heterobilayer (Supp Table 3 + Table 2 HSE06)
1T-PtO2,1T-MgCl2,1T-PtO2,3.5,7.49,3.5,2.81,0.0,Type III,Type I,DFT_HSE06_monolayer,HSE06,fundamental_quasiparticle,2D_monolayer_vdW,10.1038/s41699-021-00200-9,Paper1 vdW heterobilayer (Supp Table 3 + Table 2 HSE06)
1T-PtS2,1T-MgCl2,1T-PtS2,2.65,7.49,2.65,2.54,0.0,Type III,Type I,DFT_HSE06_monolayer,HSE06,fundamental_quasiparticle,2D_monolayer_vdW,10.1038/s41699-021-00200-9,Paper1 vdW heterobilayer (Supp Table 3 + Table 2 HSE06)
1T-PtSe2,1T-MgCl2,1T-PtSe2,1.72,7.49,1.72,2.4,0.0,Type III,Type I,DFT_HSE06_monolayer,HSE06,fundamental_quasiparticle,2D_monolayer_vdW,10.1038/s41699-021-00200-9,Paper1 vdW heterobilayer (Supp Table 3 + Table 2 HSE06)
1T-PtTe2,1T-MgCl2,1T-PtTe2,0.62,7.49,0.62,2.17,0.0,Type III,Type I,DFT_HSE06_monolayer,HSE06,fundamental_quasiparticle,2D_monolayer_vdW,10.1038/s41699-021-00200-9,Paper1 vdW heterobilayer (Supp Table 3 + Table 2 HSE06)
1T-STl2,1T-MgCl2,1T-STl2,1.89,7.49,1.89,1.53,0.0,Type III,Type I,DFT_HSE06_monolayer,HSE06,fundamental_quasiparticle,2D_monolayer_vdW,10.1038/s41699-021-00200-9,Paper1 vdW heterobilayer (Supp Table 3 + Table 2 HSE06)
1T-SnS2,1T-MgCl2,1T-SnS2,2.48,7.49,2.48,3.24,0.0,Type III,Type I,DFT_HSE06_monolayer,HSE06,fundamental_quasiparticle,2D_monolayer_vdW,10.1038/s41699-021-00200-9,Paper1 vdW heterobilayer (Supp Table 3 + Table 2 HSE06)
1T-SnSe2,1T-MgCl2,1T-SnSe2,1.44,7.49,1.44,3.45,0.0,Type III,Type I,DFT_HSE06_monolayer,HSE06,fundamental_quasiparticle,2D_monolayer_vdW,10.1038/s41699-021-00200-9,Paper1 vdW heterobilayer (Supp Table 3 + Table 2 HSE06)
1T-TiS2,1T-MgCl2,1T-TiS2,0.71,7.49,0.71,3.98,0.0,Type III,Type I,DFT_HSE06_monolayer,HSE06,fundamental_quasiparticle,2D_monolayer_vdW,10.1038/s41699-021-00200-9,Paper1 vdW heterobilayer (Supp Table 3 + Table 2 HSE06)
1T-YbI2,1T-MgCl2,1T-YbI2,2.35,7.49,2.35,1.11,0.0,Type III,Type I,DFT_HSE06_monolayer,HSE06,fundamental_quasiparticle,2D_monolayer_vdW,10.1038/s41699-021-00200-9,Paper1 vdW heterobilayer (Supp Table 3 + Table 2 HSE06)
1T-ZnBr2,1T-MgCl2,1T-ZnBr2,4.61,7.49,4.61,1.48,0.0,Type III,Type I,DFT_HSE06_monolayer,HSE06,fundamental_quasiparticle,2D_monolayer_vdW,10.1038/s41699-021-00200-9,Paper1 vdW heterobilayer (Supp Table 3 + Table 2 HSE06)
1T-ZnCl2,1T-MgCl2,1T-ZnCl2,6.12,7.49,6.12,0.95,0.0,Type III,Type I,DFT_HSE06_monolayer,HSE06,fundamental_quasiparticle,2D_monolayer_vdW,10.1038/s41699-021-00200-9,Paper1 vdW heterobilayer (Supp Table 3 + Table 2 HSE06)
1T-ZnI2,1T-MgCl2,1T-ZnI2,2.59,7.49,2.59,2.12,0.0,Type III,Type I,DFT_HSE06_monolayer,HSE06,fundamental_quasiparticle,2D_monolayer_vdW,10.1038/s41699-021-00200-9,Paper1 vdW heterobilayer (Supp Table 3 + Table 2 HSE06)
1T-ZrS2,1T-MgCl2,1T-ZrS2,1.95,7.49,1.95,3.52,0.0,Type III,Type I,DFT_HSE06_monolayer,HSE06,fundamental_quasiparticle,2D_monolayer_vdW,10.1038/s41699-021-00200-9,Paper1 vdW heterobilayer (Supp Table 3 + Table 2 HSE06)
1T-ZrSe2,1T-MgCl2,1T-ZrSe2,0.94,7.49,0.94,3.48,0.0,Type III,Type I,DFT_HSE06_monolayer,HSE06,fundamental_quasiparticle,2D_monolayer_vdW,10.1038/s41699-021-00200-9,Paper1 vdW heterobilayer (Supp Table 3 + Table 2 HSE06)
2H-GeI2,1T-MgCl2,2H-GeI2,2.36,7.49,2.36,2.23,0.0,Type III,Type I,DFT_HSE06_monolayer,HSE06,fundamental_quasiparticle,2D_monolayer_vdW,10.1038/s41699-021-00200-9,Paper1 vdW heterobilayer (Supp Table 3 + Table 2 HSE06)
2H-MoS2,1T-MgCl2,2H-MoS2,2.22,7.49,2.22,2.49,0.0,Type III,Type I,DFT_HSE06_monolayer,HSE06,fundamental_quasiparticle,2D_monolayer_vdW,10.1038/s41699-021-00200-9,Paper1 vdW heterobilayer (Supp Table 3 + Table 2 HSE06)
2H-MoSe2,1T-MgCl2,2H-MoSe2,1.95,7.49,1.95,2.13,0.0,Type III,Type I,DFT_HSE06_monolayer,HSE06,fundamental_quasiparticle,2D_monolayer_vdW,10.1038/s41699-021-00200-9,Paper1 vdW heterobilayer (Supp Table 3 + Table 2 HSE06)
2H-MoTe2,1T-MgCl2,2H-MoTe2,1.5,7.49,1.5,2.02,0.0,Type III,Type I,DFT_HSE06_monolayer,HSE06,fundamental_quasiparticle,2D_monolayer_vdW,10.1038/s41699-021-00200-9,Paper1 vdW heterobilayer (Supp Table 3 + Table 2 HSE06)
2H-WS2,1T-MgCl2,2H-WS2,2.2,7.49,2.2,2.15,0.0,Type III,Type I,DFT_HSE06_monolayer,HSE06,fundamental_quasiparticle,2D_monolayer_vdW,10.1038/s41699-021-00200-9,Paper1 vdW heterobilayer (Supp Table 3 + Table 2 HSE06)
2H-WSe2,1T-MgCl2,2H-WSe2,1.88,7.49,1.88,1.85,0.0,Type III,Type I,DFT_HSE06_monolayer,HSE06,fundamental_quasiparticle,2D_monolayer_vdW,10.1038/s41699-021-00200-9,Paper1 vdW heterobilayer (Supp Table 3 + Table 2 HSE06)
2H-WTe2,1T-MgCl2,2H-WTe2,1.3,7.49,1.3,1.89,0.0,Type III,Type I,DFT_HSE06_monolayer,HSE06,fundamental_quasiparticle,2D_monolayer_vdW,10.1038/s41699-021-00200-9,Paper1 vdW heterobilayer (Supp Table 3 + Table 2 HSE06)
2H-ZrCl2,1T-MgCl2,2H-ZrCl2,1.55,7.49,1.55,1.3,0.0,Type III,Type I,DFT_HSE06_monolayer,HSE06,fundamental_quasiparticle,2D_monolayer_vdW,10.1038/s41699-021-00200-9,Paper1 vdW heterobilayer (Supp Table 3 + Table 2 HSE06)
1T-OTl2,1T-MgI2,1T-OTl2,1.51,4.16,1.51,1.33,0.0,Type III,Type I,DFT_HSE06_monolayer,HSE06,fundamental_quasiparticle,2D_monolayer_vdW,10.1038/s41699-021-00200-9,Paper1 vdW heterobilayer (Supp Table 3 + Table 2 HSE06)
1T-PtSe2,1T-MgI2,1T-PtSe2,1.72,4.16,1.72,1.57,0.0,Type III,Type I,DFT_HSE06_monolayer,HSE06,fundamental_quasiparticle,2D_monolayer_vdW,10.1038/s41699-021-00200-9,Paper1 vdW heterobilayer (Supp Table 3 + Table 2 HSE06)
1T-PtTe2,1T-MgI2,1T-PtTe2,0.62,4.16,0.62,1.34,0.0,Type III,Type I,DFT_HSE06_monolayer,HSE06,fundamental_quasiparticle,2D_monolayer_vdW,10.1038/s41699-021-00200-9,Paper1 vdW heterobilayer (Supp Table 3 + Table 2 HSE06)
1T-STl2,1T-MgI2,1T-STl2,1.89,4.16,1.89,0.7,0.0,Type III,Type I,DFT_HSE06_monolayer,HSE06,fundamental_quasiparticle,2D_monolayer_vdW,10.1038/s41699-021-00200-9,Paper1 vdW heterobilayer (Supp Table 3 + Table 2 HSE06)
1T-SnSe2,1T-MgI2,1T-SnSe2,1.44,4.16,1.44,2.62,0.0,Type III,Type I,DFT_HSE06_monolayer,HSE06,fundamental_quasiparticle,2D_monolayer_vdW,10.1038/s41699-021-00200-9,Paper1 vdW heterobilayer (Supp Table 3 + Table 2 HSE06)
1T-TiS2,1T-MgI2,1T-TiS2,0.71,4.16,0.71,3.15,0.0,Type III,Type I,DFT_HSE06_monolayer,HSE06,fundamental_quasiparticle,2D_monolayer_vdW,10.1038/s41699-021-00200-9,Paper1 vdW heterobilayer (Supp Table 3 + Table 2 HSE06)
1T-YbI2,1T-MgI2,1T-YbI2,2.35,4.16,2.35,0.28,0.0,Type III,Type I,DFT_HSE06_monolayer,HSE06,fundamental_quasiparticle,2D_monolayer_vdW,10.1038/s41699-021-00200-9,Paper1 vdW heterobilayer (Supp Table 3 + Table 2 HSE06)
1T-ZnI2,1T-MgI2,1T-ZnI2,2.59,4.16,2.59,1.29,0.0,Type III,Type I,DFT_HSE06_monolayer,HSE06,fundamental_quasiparticle,2D_monolayer_vdW,10.1038/s41699-021-00200-9,Paper1 vdW heterobilayer (Supp Table 3 + Table 2 HSE06)
1T-ZrSe2,1T-MgI2,1T-ZrSe2,0.94,4.16,0.94,2.65,0.0,Type III,Type I,DFT_HSE06_monolayer,HSE06,fundamental_quasiparticle,2D_monolayer_vdW,10.1038/s41699-021-00200-9,Paper1 vdW heterobilayer (Supp Table 3 + Table 2 HSE06)
2H-GeI2,1T-MgI2,2H-GeI2,2.36,4.16,2.36,1.4,0.0,Type III,Type I,DFT_HSE06_monolayer,HSE06,fundamental_quasiparticle,2D_monolayer_vdW,10.1038/s41699-021-00200-9,Paper1 vdW heterobilayer (Supp Table 3 + Table 2 HSE06)
2H-MoS2,1T-MgI2,2H-MoS2,2.22,4.16,2.22,1.66,0.0,Type III,Type I,DFT_HSE06_monolayer,HSE06,fundamental_quasiparticle,2D_monolayer_vdW,10.1038/s41699-021-00200-9,Paper1 vdW heterobilayer (Supp Table 3 + Table 2 HSE06)
2H-MoSe2,1T-MgI2,2H-MoSe2,1.95,4.16,1.95,1.3,0.0,Type III,Type I,DFT_HSE06_monolayer,HSE06,fundamental_quasiparticle,2D_monolayer_vdW,10.1038/s41699-021-00200-9,Paper1 vdW heterobilayer (Supp Table 3 + Table 2 HSE06)
2H-MoTe2,1T-MgI2,2H-MoTe2,1.5,4.16,1.5,1.19,0.0,Type III,Type I,DFT_HSE06_monolayer,HSE06,fundamental_quasiparticle,2D_monolayer_vdW,10.1038/s41699-021-00200-9,Paper1 vdW heterobilayer (Supp Table 3 + Table 2 HSE06)
2H-WS2,1T-MgI2,2H-WS2,2.2,4.16,2.2,1.32,0.0,Type III,Type I,DFT_HSE06_monolayer,HSE06,fundamental_quasiparticle,2D_monolayer_vdW,10.1038/s41699-021-00200-9,Paper1 vdW heterobilayer (Supp Table 3 + Table 2 HSE06)
2H-WSe2,1T-MgI2,2H-WSe2,1.88,4.16,1.88,1.02,0.0,Type III,Type I,DFT_HSE06_monolayer,HSE06,fundamental_quasiparticle,2D_monolayer_vdW,10.1038/s41699-021-00200-9,Paper1 vdW heterobilayer (Supp Table 3 + Table 2 HSE06)
2H-WTe2,1T-MgI2,2H-WTe2,1.3,4.16,1.3,1.06,0.0,Type III,Type I,DFT_HSE06_monolayer,HSE06,fundamental_quasiparticle,2D_monolayer_vdW,10.1038/s41699-021-00200-9,Paper1 vdW heterobilayer (Supp Table 3 + Table 2 HSE06)
2H-ZrCl2,1T-MgI2,2H-ZrCl2,1.55,4.16,1.55,0.47,0.0,Type III,Type I,DFT_HSE06_monolayer,HSE06,fundamental_quasiparticle,2D_monolayer_vdW,10.1038/s41699-021-00200-9,Paper1 vdW heterobilayer (Supp Table 3 + Table 2 HSE06)
1T-OTl2,1T-ZnBr2,1T-OTl2,1.51,4.61,1.51,0.68,0.0,Type III,Type I,DFT_HSE06_monolayer,HSE06,fundamental_quasiparticle,2D_monolayer_vdW,10.1038/s41699-021-00200-9,Paper1 vdW heterobilayer (Supp Table 3 + Table 2 HSE06)
1T-OTl2,1T-ZnCl2,1T-OTl2,1.51,6.12,1.51,1.21,0.0,Type III,Type I,DFT_HSE06_monolayer,HSE06,fundamental_quasiparticle,2D_monolayer_vdW,10.1038/s41699-021-00200-9,Paper1 vdW heterobilayer (Supp Table 3 + Table 2 HSE06)
1T-OTl2,1T-ZnI2,1T-OTl2,1.51,2.59,1.51,0.04,0.0,Type III,Type I,DFT_HSE06_monolayer,HSE06,fundamental_quasiparticle,2D_monolayer_vdW,10.1038/s41699-021-00200-9,Paper1 vdW heterobilayer (Supp Table 3 + Table 2 HSE06)
1T-OTl2,2H-MoSe2,1T-OTl2,1.51,1.95,1.51,0.03,0.0,Type III,Type I,DFT_HSE06_monolayer,HSE06,fundamental_quasiparticle,2D_monolayer_vdW,10.1038/s41699-021-00200-9,Paper1 vdW heterobilayer (Supp Table 3 + Table 2 HSE06)
1T-OTl2,2H-WS2,1T-OTl2,1.51,2.2,1.51,0.01,0.0,Type III,Type I,DFT_HSE06_monolayer,HSE06,fundamental_quasiparticle,2D_monolayer_vdW,10.1038/s41699-021-00200-9,Paper1 vdW heterobilayer (Supp Table 3 + Table 2 HSE06)
1T-OTl2,2H-WSe2,1T-OTl2,1.51,1.88,1.51,0.31,0.0,Type III,Type I,DFT_HSE06_monolayer,HSE06,fundamental_quasiparticle,2D_monolayer_vdW,10.1038/s41699-021-00200-9,Paper1 vdW heterobilayer (Supp Table 3 + Table 2 HSE06)
1T-PtSe2,1T-PbI2,1T-PtSe2,1.72,2.65,1.72,0.06,0.0,Type III,Type I,DFT_HSE06_monolayer,HSE06,fundamental_quasiparticle,2D_monolayer_vdW,10.1038/s41699-021-00200-9,Paper1 vdW heterobilayer (Supp Table 3 + Table 2 HSE06)
1T-SnSe2,1T-PbI2,1T-SnSe2,1.44,2.65,1.44,1.11,0.0,Type III,Type I,DFT_HSE06_monolayer,HSE06,fundamental_quasiparticle,2D_monolayer_vdW,10.1038/s41699-021-00200-9,Paper1 vdW heterobilayer (Supp Table 3 + Table 2 HSE06)
1T-TiS2,1T-PbI2,1T-TiS2,0.71,2.65,0.71,1.64,0.0,Type III,Type I,DFT_HSE06_monolayer,HSE06,fundamental_quasiparticle,2D_monolayer_vdW,10.1038/s41699-021-00200-9,Paper1 vdW heterobilayer (Supp Table 3 + Table 2 HSE06)
1T-PbI2,1T-ZnBr2,1T-PbI2,2.65,4.61,2.65,0.86,0.0,Type III,Type I,DFT_HSE06_monolayer,HSE06,fundamental_quasiparticle,2D_monolayer_vdW,10.1038/s41699-021-00200-9,Paper1 vdW heterobilayer (Supp Table 3 + Table 2 HSE06)
1T-PbI2,1T-ZnCl2,1T-PbI2,2.65,6.12,2.65,1.39,0.0,Type III,Type I,DFT_HSE06_monolayer,HSE06,fundamental_quasiparticle,2D_monolayer_vdW,10.1038/s41699-021-00200-9,Paper1 vdW heterobilayer (Supp Table 3 + Table 2 HSE06)
1T-ZrSe2,1T-PbI2,1T-ZrSe2,0.94,2.65,0.94,1.14,0.0,Type III,Type I,DFT_HSE06_monolayer,HSE06,fundamental_quasiparticle,2D_monolayer_vdW,10.1038/s41699-021-00200-9,Paper1 vdW heterobilayer (Supp Table 3 + Table 2 HSE06)
2H-MoS2,1T-PbI2,2H-MoS2,2.22,2.65,2.22,0.15,0.0,Type III,Type I,DFT_HSE06_monolayer,HSE06,fundamental_quasiparticle,2D_monolayer_vdW,10.1038/s41699-021-00200-9,Paper1 vdW heterobilayer (Supp Table 3 + Table 2 HSE06)
1T-SnS2,1T-PtO2,1T-SnS2,2.48,3.5,2.48,0.43,0.0,Type III,Type I,DFT_HSE06_monolayer,HSE06,fundamental_quasiparticle,2D_monolayer_vdW,10.1038/s41699-021-00200-9,Paper1 vdW heterobilayer (Supp Table 3 + Table 2 HSE06)
1T-SnSe2,1T-PtO2,1T-SnSe2,1.44,3.5,1.44,0.64,0.0,Type III,Type I,DFT_HSE06_monolayer,HSE06,fundamental_quasiparticle,2D_monolayer_vdW,10.1038/s41699-021-00200-9,Paper1 vdW heterobilayer (Supp Table 3 + Table 2 HSE06)
1T-TiS2,1T-PtO2,1T-TiS2,0.71,3.5,0.71,1.17,0.0,Type III,Type I,DFT_HSE06_monolayer,HSE06,fundamental_quasiparticle,2D_monolayer_vdW,10.1038/s41699-021-00200-9,Paper1 vdW heterobilayer (Supp Table 3 + Table 2 HSE06)
1T-PtO2,1T-ZnCl2,1T-PtO2,3.5,6.12,3.5,1.86,0.0,Type III,Type I,DFT_HSE06_monolayer,HSE06,fundamental_quasiparticle,2D_monolayer_vdW,10.1038/s41699-021-00200-9,Paper1 vdW heterobilayer (Supp Table 3 + Table 2 HSE06)
1T-ZrS2,1T-PtO2,1T-ZrS2,1.95,3.5,1.95,0.71,0.0,Type III,Type I,DFT_HSE06_monolayer,HSE06,fundamental_quasiparticle,2D_monolayer_vdW,10.1038/s41699-021-00200-9,Paper1 vdW heterobilayer (Supp Table 3 + Table 2 HSE06)
1T-ZrSe2,1T-PtO2,1T-ZrSe2,0.94,3.5,0.94,0.67,0.0,Type III,Type I,DFT_HSE06_monolayer,HSE06,fundamental_quasiparticle,2D_monolayer_vdW,10.1038/s41699-021-00200-9,Paper1 vdW heterobilayer (Supp Table 3 + Table 2 HSE06)
1T-SnSe2,1T-PtS2,1T-SnSe2,1.44,2.65,1.44,0.91,0.0,Type III,Type I,DFT_HSE06_monolayer,HSE06,fundamental_quasiparticle,2D_monolayer_vdW,10.1038/s41699-021-00200-9,Paper1 vdW heterobilayer (Supp Table 3 + Table 2 HSE06)
1T-TiS2,1T-PtS2,1T-TiS2,0.71,2.65,0.71,1.44,0.0,Type III,Type I,DFT_HSE06_monolayer,HSE06,fundamental_quasiparticle,2D_monolayer_vdW,10.1038/s41699-021-00200-9,Paper1 vdW heterobilayer (Supp Table 3 + Table 2 HSE06)
1T-PtS2,1T-ZnBr2,1T-PtS2,2.65,4.61,2.65,1.06,0.0,Type III,Type I,DFT_HSE06_monolayer,HSE06,fundamental_quasiparticle,2D_monolayer_vdW,10.1038/s41699-021-00200-9,Paper1 vdW heterobilayer (Supp Table 3 + Table 2 HSE06)
1T-PtS2,1T-ZnCl2,1T-PtS2,2.65,6.12,2.65,1.59,0.0,Type III,Type I,DFT_HSE06_monolayer,HSE06,fundamental_quasiparticle,2D_monolayer_vdW,10.1038/s41699-021-00200-9,Paper1 vdW heterobilayer (Supp Table 3 + Table 2 HSE06)
1T-ZrSe2,1T-PtS2,1T-ZrSe2,0.94,2.65,0.94,0.94,0.0,Type III,Type I,DFT_HSE06_monolayer,HSE06,fundamental_quasiparticle,2D_monolayer_vdW,10.1038/s41699-021-00200-9,Paper1 vdW heterobilayer (Supp Table 3 + Table 2 HSE06)
1T-PtSe2,1T-ZnBr2,1T-PtSe2,1.72,4.61,1.72,0.92,0.0,Type III,Type I,DFT_HSE06_monolayer,HSE06,fundamental_quasiparticle,2D_monolayer_vdW,10.1038/s41699-021-00200-9,Paper1 vdW heterobilayer (Supp Table 3 + Table 2 HSE06)
1T-PtSe2,1T-ZnCl2,1T-PtSe2,1.72,6.12,1.72,1.45,0.0,Type III,Type I,DFT_HSE06_monolayer,HSE06,fundamental_quasiparticle,2D_monolayer_vdW,10.1038/s41699-021-00200-9,Paper1 vdW heterobilayer (Supp Table 3 + Table 2 HSE06)
1T-PtSe2,1T-ZnI2,1T-PtSe2,1.72,2.59,1.72,0.28,0.0,Type III,Type I,DFT_HSE06_monolayer,HSE06,fundamental_quasiparticle,2D_monolayer_vdW,10.1038/s41699-021-00200-9,Paper1 vdW heterobilayer (Supp Table 3 + Table 2 HSE06)
1T-PtSe2,2H-GeI2,1T-PtSe2,1.72,2.36,1.72,0.17,0.0,Type III,Type I,DFT_HSE06_monolayer,HSE06,fundamental_quasiparticle,2D_monolayer_vdW,10.1038/s41699-021-00200-9,Paper1 vdW heterobilayer (Supp Table 3 + Table 2 HSE06)
1T-PtSe2,2H-WS2,1T-PtSe2,1.72,2.2,1.72,0.25,0.0,Type III,Type I,DFT_HSE06_monolayer,HSE06,fundamental_quasiparticle,2D_monolayer_vdW,10.1038/s41699-021-00200-9,Paper1 vdW heterobilayer (Supp Table 3 + Table 2 HSE06)
1T-PtTe2,1T-STl2,1T-PtTe2,0.62,1.89,0.62,0.64,0.0,Type III,Type I,DFT_HSE06_monolayer,HSE06,fundamental_quasiparticle,2D_monolayer_vdW,10.1038/s41699-021-00200-9,Paper1 vdW heterobilayer (Supp Table 3 + Table 2 HSE06)
1T-PtTe2,1T-YbI2,1T-PtTe2,0.62,2.35,0.62,1.06,0.0,Type III,Type I,DFT_HSE06_monolayer,HSE06,fundamental_quasiparticle,2D_monolayer_vdW,10.1038/s41699-021-00200-9,Paper1 vdW heterobilayer (Supp Table 3 + Table 2 HSE06)
1T-PtTe2,1T-ZnBr2,1T-PtTe2,0.62,4.61,0.62,0.69,0.0,Type III,Type I,DFT_HSE06_monolayer,HSE06,fundamental_quasiparticle,2D_monolayer_vdW,10.1038/s41699-021-00200-9,Paper1 vdW heterobilayer (Supp Table 3 + Table 2 HSE06)
1T-PtTe2,1T-ZnCl2,1T-PtTe2,0.62,6.12,0.62,1.22,0.0,Type III,Type I,DFT_HSE06_monolayer,HSE06,fundamental_quasiparticle,2D_monolayer_vdW,10.1038/s41699-021-00200-9,Paper1 vdW heterobilayer (Supp Table 3 + Table 2 HSE06)
1T-PtTe2,1T-ZnI2,1T-PtTe2,0.62,2.59,0.62,0.05,0.0,Type III,Type I,DFT_HSE06_monolayer,HSE06,fundamental_quasiparticle,2D_monolayer_vdW,10.1038/s41699-021-00200-9,Paper1 vdW heterobilayer (Supp Table 3 + Table 2 HSE06)
1T-PtTe2,2H-MoSe2,1T-PtTe2,0.62,1.95,0.62,0.04,0.0,Type III,Type I,DFT_HSE06_monolayer,HSE06,fundamental_quasiparticle,2D_monolayer_vdW,10.1038/s41699-021-00200-9,Paper1 vdW heterobilayer (Supp Table 3 + Table 2 HSE06)
1T-PtTe2,2H-MoTe2,1T-PtTe2,0.62,1.5,0.62,0.15,0.0,Type III,Type I,DFT_HSE06_monolayer,HSE06,fundamental_quasiparticle,2D_monolayer_vdW,10.1038/s41699-021-00200-9,Paper1 vdW heterobilayer (Supp Table 3 + Table 2 HSE06)
1T-PtTe2,2H-WS2,1T-PtTe2,0.62,2.2,0.62,0.02,0.0,Type III,Type I,DFT_HSE06_monolayer,HSE06,fundamental_quasiparticle,2D_monolayer_vdW,10.1038/s41699-021-00200-9,Paper1 vdW heterobilayer (Supp Table 3 + Table 2 HSE06)
1T-PtTe2,2H-WSe2,1T-PtTe2,0.62,1.88,0.62,0.32,0.0,Type III,Type I,DFT_HSE06_monolayer,HSE06,fundamental_quasiparticle,2D_monolayer_vdW,10.1038/s41699-021-00200-9,Paper1 vdW heterobilayer (Supp Table 3 + Table 2 HSE06)
1T-PtTe2,2H-WTe2,1T-PtTe2,0.62,1.3,0.62,0.28,0.0,Type III,Type I,DFT_HSE06_monolayer,HSE06,fundamental_quasiparticle,2D_monolayer_vdW,10.1038/s41699-021-00200-9,Paper1 vdW heterobilayer (Supp Table 3 + Table 2 HSE06)
1T-PtTe2,2H-ZrCl2,1T-PtTe2,0.62,1.55,0.62,0.87,0.0,Type III,Type I,DFT_HSE06_monolayer,HSE06,fundamental_quasiparticle,2D_monolayer_vdW,10.1038/s41699-021-00200-9,Paper1 vdW heterobilayer (Supp Table 3 + Table 2 HSE06)
1T-STl2,1T-YbI2,1T-STl2,1.89,2.35,1.89,0.42,0.0,Type III,Type I,DFT_HSE06_monolayer,HSE06,fundamental_quasiparticle,2D_monolayer_vdW,10.1038/s41699-021-00200-9,Paper1 vdW heterobilayer (Supp Table 3 + Table 2 HSE06)
1T-STl2,1T-ZnBr2,1T-STl2,1.89,4.61,1.89,0.05,0.0,Type III,Type I,DFT_HSE06_monolayer,HSE06,fundamental_quasiparticle,2D_monolayer_vdW,10.1038/s41699-021-00200-9,Paper1 vdW heterobilayer (Supp Table 3 + Table 2 HSE06)
1T-STl2,1T-ZnCl2,1T-STl2,1.89,6.12,1.89,0.58,0.0,Type III,Type I,DFT_HSE06_monolayer,HSE06,fundamental_quasiparticle,2D_monolayer_vdW,10.1038/s41699-021-00200-9,Paper1 vdW heterobilayer (Supp Table 3 + Table 2 HSE06)
2H-WTe2,1T-STl2,2H-WTe2,1.3,1.89,1.3,0.36,0.0,Type III,Type I,DFT_HSE06_monolayer,HSE06,fundamental_quasiparticle,2D_monolayer_vdW,10.1038/s41699-021-00200-9,Paper1 vdW heterobilayer (Supp Table 3 + Table 2 HSE06)
1T-SnSe2,1T-SnS2,1T-SnSe2,1.44,2.48,1.44,0.21,0.0,Type III,Type I,DFT_HSE06_monolayer,HSE06,fundamental_quasiparticle,2D_monolayer_vdW,10.1038/s41699-021-00200-9,Paper1 vdW heterobilayer (Supp Table 3 + Table 2 HSE06)
1T-TiS2,1T-SnS2,1T-TiS2,0.71,2.48,0.71,0.74,0.0,Type III,Type I,DFT_HSE06_monolayer,HSE06,fundamental_quasiparticle,2D_monolayer_vdW,10.1038/s41699-021-00200-9,Paper1 vdW heterobilayer (Supp Table 3 + Table 2 HSE06)
1T-SnS2,1T-ZnBr2,1T-SnS2,2.48,4.61,2.48,1.76,0.0,Type III,Type I,DFT_HSE06_monolayer,HSE06,fundamental_quasiparticle,2D_monolayer_vdW,10.1038/s41699-021-00200-9,Paper1 vdW heterobilayer (Supp Table 3 + Table 2 HSE06)
1T-SnS2,1T-ZnCl2,1T-SnS2,2.48,6.12,2.48,2.29,0.0,Type III,Type I,DFT_HSE06_monolayer,HSE06,fundamental_quasiparticle,2D_monolayer_vdW,10.1038/s41699-021-00200-9,Paper1 vdW heterobilayer (Supp Table 3 + Table 2 HSE06)
1T-ZrS2,1T-SnS2,1T-ZrS2,1.95,2.48,1.95,0.28,0.0,Type III,Type I,DFT_HSE06_monolayer,HSE06,fundamental_quasiparticle,2D_monolayer_vdW,10.1038/s41699-021-00200-9,Paper1 vdW heterobilayer (Supp Table 3 + Table 2 HSE06)
1T-ZrSe2,1T-SnS2,1T-ZrSe2,0.94,2.48,0.94,0.24,0.0,Type III,Type I,DFT_HSE06_monolayer,HSE06,fundamental_quasiparticle,2D_monolayer_vdW,10.1038/s41699-021-00200-9,Paper1 vdW heterobilayer (Supp Table 3 + Table 2 HSE06)
1T-TiS2,1T-SnSe2,1T-TiS2,0.71,1.44,0.71,0.53,0.0,Type III,Type I,DFT_HSE06_monolayer,HSE06,fundamental_quasiparticle,2D_monolayer_vdW,10.1038/s41699-021-00200-9,Paper1 vdW heterobilayer (Supp Table 3 + Table 2 HSE06)
1T-SnSe2,1T-ZnBr2,1T-SnSe2,1.44,4.61,1.44,1.97,0.0,Type III,Type I,DFT_HSE06_monolayer,HSE06,fundamental_quasiparticle,2D_monolayer_vdW,10.1038/s41699-021-00200-9,Paper1 vdW heterobilayer (Supp Table 3 + Table 2 HSE06)
1T-SnSe2,1T-ZnCl2,1T-SnSe2,1.44,6.12,1.44,2.5,0.0,Type III,Type I,DFT_HSE06_monolayer,HSE06,fundamental_quasiparticle,2D_monolayer_vdW,10.1038/s41699-021-00200-9,Paper1 vdW heterobilayer (Supp Table 3 + Table 2 HSE06)
1T-ZrSe2,1T-SnSe2,1T-ZrSe2,0.94,1.44,0.94,0.03,0.0,Type III,Type I,DFT_HSE06_monolayer,HSE06,fundamental_quasiparticle,2D_monolayer_vdW,10.1038/s41699-021-00200-9,Paper1 vdW heterobilayer (Supp Table 3 + Table 2 HSE06)
1T-TiS2,1T-ZnBr2,1T-TiS2,0.71,4.61,0.71,2.5,0.0,Type III,Type I,DFT_HSE06_monolayer,HSE06,fundamental_quasiparticle,2D_monolayer_vdW,10.1038/s41699-021-00200-9,Paper1 vdW heterobilayer (Supp Table 3 + Table 2 HSE06)
1T-TiS2,1T-ZnCl2,1T-TiS2,0.71,6.12,0.71,3.03,0.0,Type III,Type I,DFT_HSE06_monolayer,HSE06,fundamental_quasiparticle,2D_monolayer_vdW,10.1038/s41699-021-00200-9,Paper1 vdW heterobilayer (Supp Table 3 + Table 2 HSE06)
1T-TiS2,1T-ZnI2,1T-TiS2,0.71,2.59,0.71,1.86,0.0,Type III,Type I,DFT_HSE06_monolayer,HSE06,fundamental_quasiparticle,2D_monolayer_vdW,10.1038/s41699-021-00200-9,Paper1 vdW heterobilayer (Supp Table 3 + Table 2 HSE06)
1T-TiS2,1T-ZrS2,1T-TiS2,0.71,1.95,0.71,0.46,0.0,Type III,Type I,DFT_HSE06_monolayer,HSE06,fundamental_quasiparticle,2D_monolayer_vdW,10.1038/s41699-021-00200-9,Paper1 vdW heterobilayer (Supp Table 3 + Table 2 HSE06)
1T-TiS2,2H-MoS2,1T-TiS2,0.71,2.22,0.71,1.49,0.0,Type III,Type I,DFT_HSE06_monolayer,HSE06,fundamental_quasiparticle,2D_monolayer_vdW,10.1038/s41699-021-00200-9,Paper1 vdW heterobilayer (Supp Table 3 + Table 2 HSE06)
1T-YbI2,1T-ZnCl2,1T-YbI2,2.35,6.12,2.35,0.16,0.0,Type III,Type I,DFT_HSE06_monolayer,HSE06,fundamental_quasiparticle,2D_monolayer_vdW,10.1038/s41699-021-00200-9,Paper1 vdW heterobilayer (Supp Table 3 + Table 2 HSE06)
2H-WTe2,1T-YbI2,2H-WTe2,1.3,2.35,1.3,0.78,0.0,Type III,Type I,DFT_HSE06_monolayer,HSE06,fundamental_quasiparticle,2D_monolayer_vdW,10.1038/s41699-021-00200-9,Paper1 vdW heterobilayer (Supp Table 3 + Table 2 HSE06)
2H-ZrCl2,1T-YbI2,2H-ZrCl2,1.55,2.35,1.55,0.19,0.0,Type III,Type I,DFT_HSE06_monolayer,HSE06,fundamental_quasiparticle,2D_monolayer_vdW,10.1038/s41699-021-00200-9,Paper1 vdW heterobilayer (Supp Table 3 + Table 2 HSE06)
1T-ZnBr2,1T-ZnCl2,1T-ZnBr2,4.61,6.12,4.61,0.53,0.0,Type III,Type I,DFT_HSE06_monolayer,HSE06,fundamental_quasiparticle,2D_monolayer_vdW,10.1038/s41699-021-00200-9,Paper1 vdW heterobilayer (Supp Table 3 + Table 2 HSE06)
1T-ZnI2,1T-ZnBr2,1T-ZnI2,2.59,4.61,2.59,0.64,0.0,Type III,Type I,DFT_HSE06_monolayer,HSE06,fundamental_quasiparticle,2D_monolayer_vdW,10.1038/s41699-021-00200-9,Paper1 vdW heterobilayer (Supp Table 3 + Table 2 HSE06)
1T-ZrS2,1T-ZnBr2,1T-ZrS2,1.95,4.61,1.95,2.04,0.0,Type III,Type I,DFT_HSE06_monolayer,HSE06,fundamental_quasiparticle,2D_monolayer_vdW,10.1038/s41699-021-00200-9,Paper1 vdW heterobilayer (Supp Table 3 + Table 2 HSE06)
1T-ZrSe2,1T-ZnBr2,1T-ZrSe2,0.94,4.61,0.94,2.0,0.0,Type III,Type I,DFT_HSE06_monolayer,HSE06,fundamental_quasiparticle,2D_monolayer_vdW,10.1038/s41699-021-00200-9,Paper1 vdW heterobilayer (Supp Table 3 + Table 2 HSE06)
2H-GeI2,1T-ZnBr2,2H-GeI2,2.36,4.61,2.36,0.75,0.0,Type III,Type I,DFT_HSE06_monolayer,HSE06,fundamental_quasiparticle,2D_monolayer_vdW,10.1038/s41699-021-00200-9,Paper1 vdW heterobilayer (Supp Table 3 + Table 2 HSE06)
2H-MoS2,1T-ZnBr2,2H-MoS2,2.22,4.61,2.22,1.01,0.0,Type III,Type I,DFT_HSE06_monolayer,HSE06,fundamental_quasiparticle,2D_monolayer_vdW,10.1038/s41699-021-00200-9,Paper1 vdW heterobilayer (Supp Table 3 + Table 2 HSE06)
2H-MoSe2,1T-ZnBr2,2H-MoSe2,1.95,4.61,1.95,0.65,0.0,Type III,Type I,DFT_HSE06_monolayer,HSE06,fundamental_quasiparticle,2D_monolayer_vdW,10.1038/s41699-021-00200-9,Paper1 vdW heterobilayer (Supp Table 3 + Table 2 HSE06)
2H-MoTe2,1T-ZnBr2,2H-MoTe2,1.5,4.61,1.5,0.54,0.0,Type III,Type I,DFT_HSE06_monolayer,HSE06,fundamental_quasiparticle,2D_monolayer_vdW,10.1038/s41699-021-00200-9,Paper1 vdW heterobilayer (Supp Table 3 + Table 2 HSE06)
2H-WS2,1T-ZnBr2,2H-WS2,2.2,4.61,2.2,0.67,0.0,Type III,Type I,DFT_HSE06_monolayer,HSE06,fundamental_quasiparticle,2D_monolayer_vdW,10.1038/s41699-021-00200-9,Paper1 vdW heterobilayer (Supp Table 3 + Table 2 HSE06)
2H-WSe2,1T-ZnBr2,2H-WSe2,1.88,4.61,1.88,0.37,0.0,Type III,Type I,DFT_HSE06_monolayer,HSE06,fundamental_quasiparticle,2D_monolayer_vdW,10.1038/s41699-021-00200-9,Paper1 vdW heterobilayer (Supp Table 3 + Table 2 HSE06)
2H-WTe2,1T-ZnBr2,2H-WTe2,1.3,4.61,1.3,0.41,0.0,Type III,Type I,DFT_HSE06_monolayer,HSE06,fundamental_quasiparticle,2D_monolayer_vdW,10.1038/s41699-021-00200-9,Paper1 vdW heterobilayer (Supp Table 3 + Table 2 HSE06)
1T-ZnI2,1T-ZnCl2,1T-ZnI2,2.59,6.12,2.59,1.17,0.0,Type III,Type I,DFT_HSE06_monolayer,HSE06,fundamental_quasiparticle,2D_monolayer_vdW,10.1038/s41699-021-00200-9,Paper1 vdW heterobilayer (Supp Table 3 + Table 2 HSE06)
1T-ZrS2,1T-ZnCl2,1T-ZrS2,1.95,6.12,1.95,2.57,0.0,Type III,Type I,DFT_HSE06_monolayer,HSE06,fundamental_quasiparticle,2D_monolayer_vdW,10.1038/s41699-021-00200-9,Paper1 vdW heterobilayer (Supp Table 3 + Table 2 HSE06)
1T-ZrSe2,1T-ZnCl2,1T-ZrSe2,0.94,6.12,0.94,2.53,0.0,Type III,Type I,DFT_HSE06_monolayer,HSE06,fundamental_quasiparticle,2D_monolayer_vdW,10.1038/s41699-021-00200-9,Paper1 vdW heterobilayer (Supp Table 3 + Table 2 HSE06)
2H-GeI2,1T-ZnCl2,2H-GeI2,2.36,6.12,2.36,1.28,0.0,Type III,Type I,DFT_HSE06_monolayer,HSE06,fundamental_quasiparticle,2D_monolayer_vdW,10.1038/s41699-021-00200-9,Paper1 vdW heterobilayer (Supp Table 3 + Table 2 HSE06)
2H-MoS2,1T-ZnCl2,2H-MoS2,2.22,6.12,2.22,1.54,0.0,Type III,Type I,DFT_HSE06_monolayer,HSE06,fundamental_quasiparticle,2D_monolayer_vdW,10.1038/s41699-021-00200-9,Paper1 vdW heterobilayer (Supp Table 3 + Table 2 HSE06)
2H-MoSe2,1T-ZnCl2,2H-MoSe2,1.95,6.12,1.95,1.18,0.0,Type III,Type I,DFT_HSE06_monolayer,HSE06,fundamental_quasiparticle,2D_monolayer_vdW,10.1038/s41699-021-00200-9,Paper1 vdW heterobilayer (Supp Table 3 + Table 2 HSE06)
2H-MoTe2,1T-ZnCl2,2H-MoTe2,1.5,6.12,1.5,1.07,0.0,Type III,Type I,DFT_HSE06_monolayer,HSE06,fundamental_quasiparticle,2D_monolayer_vdW,10.1038/s41699-021-00200-9,Paper1 vdW heterobilayer (Supp Table 3 + Table 2 HSE06)
2H-WS2,1T-ZnCl2,2H-WS2,2.2,6.12,2.2,1.2,0.0,Type III,Type I,DFT_HSE06_monolayer,HSE06,fundamental_quasiparticle,2D_monolayer_vdW,10.1038/s41699-021-00200-9,Paper1 vdW heterobilayer (Supp Table 3 + Table 2 HSE06)
2H-WSe2,1T-ZnCl2,2H-WSe2,1.88,6.12,1.88,0.9,0.0,Type III,Type I,DFT_HSE06_monolayer,HSE06,fundamental_quasiparticle,2D_monolayer_vdW,10.1038/s41699-021-00200-9,Paper1 vdW heterobilayer (Supp Table 3 + Table 2 HSE06)
2H-WTe2,1T-ZnCl2,2H-WTe2,1.3,6.12,1.3,0.94,0.0,Type III,Type I,DFT_HSE06_monolayer,HSE06,fundamental_quasiparticle,2D_monolayer_vdW,10.1038/s41699-021-00200-9,Paper1 vdW heterobilayer (Supp Table 3 + Table 2 HSE06)
2H-ZrCl2,1T-ZnCl2,2H-ZrCl2,1.55,6.12,1.55,0.35,0.0,Type III,Type I,DFT_HSE06_monolayer,HSE06,fundamental_quasiparticle,2D_monolayer_vdW,10.1038/s41699-021-00200-9,Paper1 vdW heterobilayer (Supp Table 3 + Table 2 HSE06)
1T-ZrSe2,1T-ZnI2,1T-ZrSe2,0.94,2.59,0.94,1.36,0.0,Type III,Type I,DFT_HSE06_monolayer,HSE06,fundamental_quasiparticle,2D_monolayer_vdW,10.1038/s41699-021-00200-9,Paper1 vdW heterobilayer (Supp Table 3 + Table 2 HSE06)
2H-GeI2,1T-ZnI2,2H-GeI2,2.36,2.59,2.36,0.11,0.0,Type III,Type I,DFT_HSE06_monolayer,HSE06,fundamental_quasiparticle,2D_monolayer_vdW,10.1038/s41699-021-00200-9,Paper1 vdW heterobilayer (Supp Table 3 + Table 2 HSE06)
2H-MoS2,1T-ZnI2,2H-MoS2,2.22,2.59,2.22,0.37,0.0,Type I,Type I,DFT_HSE06_monolayer,HSE06,fundamental_quasiparticle,2D_monolayer_vdW,10.1038/s41699-021-00200-9,Paper1 vdW heterobilayer (Supp Table 3 + Table 2 HSE06)
2H-MoSe2,1T-ZnI2,2H-MoSe2,1.95,2.59,1.95,0.01,0.0,Type III,Type I,DFT_HSE06_monolayer,HSE06,fundamental_quasiparticle,2D_monolayer_vdW,10.1038/s41699-021-00200-9,Paper1 vdW heterobilayer (Supp Table 3 + Table 2 HSE06)
2H-WS2,1T-ZnI2,2H-WS2,2.2,2.59,2.2,0.03,0.0,Type III,Type I,DFT_HSE06_monolayer,HSE06,fundamental_quasiparticle,2D_monolayer_vdW,10.1038/s41699-021-00200-9,Paper1 vdW heterobilayer (Supp Table 3 + Table 2 HSE06)
1T-ZrSe2,2H-GeI2,1T-ZrSe2,0.94,2.36,0.94,1.25,0.0,Type III,Type I,DFT_HSE06_monolayer,HSE06,fundamental_quasiparticle,2D_monolayer_vdW,10.1038/s41699-021-00200-9,Paper1 vdW heterobilayer (Supp Table 3 + Table 2 HSE06)
1T-ZrSe2,2H-MoS2,1T-ZrSe2,0.94,2.22,0.94,0.99,0.0,Type III,Type I,DFT_HSE06_monolayer,HSE06,fundamental_quasiparticle,2D_monolayer_vdW,10.1038/s41699-021-00200-9,Paper1 vdW heterobilayer (Supp Table 3 + Table 2 HSE06)
2H-MoTe2,2H-WSe2,2H-MoTe2,1.5,1.88,1.5,0.17,0.0,Type III,Type I,DFT_HSE06_monolayer,HSE06,fundamental_quasiparticle,2D_monolayer_vdW,10.1038/s41699-021-00200-9,Paper1 vdW heterobilayer (Supp Table 3 + Table 2 HSE06)
2H-WTe2,2H-WSe2,2H-WTe2,1.3,1.88,1.3,0.04,0.0,Type III,Type I,DFT_HSE06_monolayer,HSE06,fundamental_quasiparticle,2D_monolayer_vdW,10.1038/s41699-021-00200-9,Paper1 vdW heterobilayer (Supp Table 3 + Table 2 HSE06)
MnPS3,CoPS3,MnPS3,2.85,1.3,2.85,-1.65,0.0,Type I,Type I,experimental_UPS_absorption,experiment,optical_absorption_edge,2D_exfoliated_MPS3,10.1038/s41699-025-00578-w,Paper2 MPS3 experimental UPS/XPS (Fig 2d)
MnPS3,NiPS3,MnPS3,2.85,1.4,2.85,-1.65,0.0,Type I,Type I,experimental_UPS_absorption,experiment,optical_absorption_edge,2D_exfoliated_MPS3,10.1038/s41699-025-00578-w,Paper2 MPS3 experimental UPS/XPS (Fig 2d)
FePS3,CoPS3,FePS3,1.35,1.3,1.35,-0.75,0.0,Type I,Type I,experimental_UPS_absorption,experiment,optical_absorption_edge,2D_exfoliated_MPS3,10.1038/s41699-025-00578-w,Paper2 MPS3 experimental UPS/XPS (Fig 2d)
FePS3,NiPS3,FePS3,1.35,1.4,1.35,-0.75,0.0,Type I,Type I,experimental_UPS_absorption,experiment,optical_absorption_edge,2D_exfoliated_MPS3,10.1038/s41699-025-00578-w,Paper2 MPS3 experimental UPS/XPS (Fig 2d)
CoPS3,MnPS3,CoPS3,1.3,2.85,1.3,1.65,0.0,Type I,Type I,experimental_UPS_absorption,experiment,optical_absorption_edge,2D_exfoliated_MPS3,10.1038/s41699-025-00578-w,Paper2 MPS3 experimental UPS/XPS (Fig 2d)
CoPS3,FePS3,CoPS3,1.3,1.35,1.3,0.75,0.0,Type I,Type I,experimental_UPS_absorption,experiment,optical_absorption_edge,2D_exfoliated_MPS3,10.1038/s41699-025-00578-w,Paper2 MPS3 experimental UPS/XPS (Fig 2d)
CoPS3,NiPS3,CoPS3,1.3,1.4,1.3,-0.0,0.0,Type I,Type I,experimental_UPS_absorption,experiment,optical_absorption_edge,2D_exfoliated_MPS3,10.1038/s41699-025-00578-w,Paper2 MPS3 experimental UPS/XPS (Fig 2d)
NiPS3,MnPS3,NiPS3,1.4,2.85,1.4,1.65,0.0,Type I,Type I,experimental_UPS_absorption,experiment,optical_absorption_edge,2D_exfoliated_MPS3,10.1038/s41699-025-00578-w,Paper2 MPS3 experimental UPS/XPS (Fig 2d)
NiPS3,FePS3,NiPS3,1.4,1.35,1.4,0.75,0.0,Type I,Type I,experimental_UPS_absorption,experiment,optical_absorption_edge,2D_exfoliated_MPS3,10.1038/s41699-025-00578-w,Paper2 MPS3 experimental UPS/XPS (Fig 2d)
NiPS3,CoPS3,NiPS3,1.4,1.3,1.4,0.0,0.0,Type I,Type I,experimental_UPS_absorption,experiment,optical_absorption_edge,2D_exfoliated_MPS3,10.1038/s41699-025-00578-w,Paper2 MPS3 experimental UPS/XPS (Fig 2d)
BN,N_b,BN,5.68,6.01,5.68,-1.79,0.0,Type I,Type I,DFT_HSE06_monolayer,HSE06,fundamental_quasiparticle,2D_monolayer_vdW,10.1103/PhysRevB.94.035125,Ozcelik PRB 2016 HSE06 monolayers (Table I)
BN,1T-HfS2,BN,5.68,1.99,5.68,-3.87,0.0,Type I,Type I,DFT_HSE06_monolayer,HSE06,fundamental_quasiparticle,2D_monolayer_vdW,10.1103/PhysRevB.94.035125,Ozcelik PRB 2016 HSE06 monolayers (Table I)
BP,BAs,BP,1.59,1.43,1.59,0.06,0.0,Type I,Type I,DFT_HSE06_monolayer,HSE06,fundamental_quasiparticle,2D_monolayer_vdW,10.1103/PhysRevB.94.035125,Ozcelik PRB 2016 HSE06 monolayers (Table I)
BP,AlSb_b,BP,1.59,2.09,1.59,1.55,0.0,Type I,Type I,DFT_HSE06_monolayer,HSE06,fundamental_quasiparticle,2D_monolayer_vdW,10.1103/PhysRevB.94.035125,Ozcelik PRB 2016 HSE06 monolayers (Table I)
BP,GaP_b,BP,1.59,2.49,1.59,2.04,0.0,Type I,Type I,DFT_HSE06_monolayer,HSE06,fundamental_quasiparticle,2D_monolayer_vdW,10.1103/PhysRevB.94.035125,Ozcelik PRB 2016 HSE06 monolayers (Table I)
BP,GaSb_b,BP,1.59,1.13,1.59,0.6,0.0,Type I,Type I,DFT_HSE06_monolayer,HSE06,fundamental_quasiparticle,2D_monolayer_vdW,10.1103/PhysRevB.94.035125,Ozcelik PRB 2016 HSE06 monolayers (Table I)
BP,InN,BP,1.59,1.35,1.59,0.08,0.0,Type I,Type I,DFT_HSE06_monolayer,HSE06,fundamental_quasiparticle,2D_monolayer_vdW,10.1103/PhysRevB.94.035125,Ozcelik PRB 2016 HSE06 monolayers (Table I)
BP,InP_b,BP,1.59,1.16,1.59,0.64,0.0,Type I,Type I,DFT_HSE06_monolayer,HSE06,fundamental_quasiparticle,2D_monolayer_vdW,10.1103/PhysRevB.94.035125,Ozcelik PRB 2016 HSE06 monolayers (Table I)
BP,InAs_b,BP,1.59,1.04,1.59,0.79,0.0,Type I,Type I,DFT_HSE06_monolayer,HSE06,fundamental_quasiparticle,2D_monolayer_vdW,10.1103/PhysRevB.94.035125,Ozcelik PRB 2016 HSE06 monolayers (Table I)
BP,InSb_b,BP,1.59,0.97,1.59,0.72,0.0,Type I,Type I,DFT_HSE06_monolayer,HSE06,fundamental_quasiparticle,2D_monolayer_vdW,10.1103/PhysRevB.94.035125,Ozcelik PRB 2016 HSE06 monolayers (Table I)
BP,GeC,BP,1.59,2.91,1.59,1.5,0.0,Type I,Type I,DFT_HSE06_monolayer,HSE06,fundamental_quasiparticle,2D_monolayer_vdW,10.1103/PhysRevB.94.035125,Ozcelik PRB 2016 HSE06 monolayers (Table I)
BP,SnC,BP,1.59,1.85,1.59,0.84,0.0,Type I,Type I,DFT_HSE06_monolayer,HSE06,fundamental_quasiparticle,2D_monolayer_vdW,10.1103/PhysRevB.94.035125,Ozcelik PRB 2016 HSE06 monolayers (Table I)
BP,P_w,BP,1.59,1.53,1.59,-0.14,0.0,Type I,Type I,DFT_HSE06_monolayer,HSE06,fundamental_quasiparticle,2D_monolayer_vdW,10.1103/PhysRevB.94.035125,Ozcelik PRB 2016 HSE06 monolayers (Table I)
BP,As_w,BP,1.59,1.25,1.59,0.13,0.0,Type I,Type I,DFT_HSE06_monolayer,HSE06,fundamental_quasiparticle,2D_monolayer_vdW,10.1103/PhysRevB.94.035125,Ozcelik PRB 2016 HSE06 monolayers (Table I)
BP,Sb_b,BP,1.59,1.22,1.59,0.58,0.0,Type I,Type I,DFT_HSE06_monolayer,HSE06,fundamental_quasiparticle,2D_monolayer_vdW,10.1103/PhysRevB.94.035125,Ozcelik PRB 2016 HSE06 monolayers (Table I)
BP,2H-MoS2,BP,1.59,2.15,1.59,-0.34,0.0,Type I,Type I,DFT_HSE06_monolayer,HSE06,fundamental_quasiparticle,2D_monolayer_vdW,10.1103/PhysRevB.94.035125,Ozcelik PRB 2016 HSE06 monolayers (Table I)
BP,2H-MoTe2,BP,1.59,1.47,1.59,0.22,0.0,Type I,Type I,DFT_HSE06_monolayer,HSE06,fundamental_quasiparticle,2D_monolayer_vdW,10.1103/PhysRevB.94.035125,Ozcelik PRB 2016 HSE06 monolayers (Table I)
BP,2H-WSe2,BP,1.59,1.75,1.59,0.47,0.0,Type I,Type I,DFT_HSE06_monolayer,HSE06,fundamental_quasiparticle,2D_monolayer_vdW,10.1103/PhysRevB.94.035125,Ozcelik PRB 2016 HSE06 monolayers (Table I)
BP,2H-WTe2,BP,1.59,1.21,1.59,0.59,0.0,Type I,Type I,DFT_HSE06_monolayer,HSE06,fundamental_quasiparticle,2D_monolayer_vdW,10.1103/PhysRevB.94.035125,Ozcelik PRB 2016 HSE06 monolayers (Table I)
BP,1T-HfS2,BP,1.59,1.99,1.59,-0.91,0.0,Type I,Type I,DFT_HSE06_monolayer,HSE06,fundamental_quasiparticle,2D_monolayer_vdW,10.1103/PhysRevB.94.035125,Ozcelik PRB 2016 HSE06 monolayers (Table I)
BP,1T-HfSe2,BP,1.59,1.02,1.59,-0.9,0.0,Type I,Type I,DFT_HSE06_monolayer,HSE06,fundamental_quasiparticle,2D_monolayer_vdW,10.1103/PhysRevB.94.035125,Ozcelik PRB 2016 HSE06 monolayers (Table I)
BP,1T_d-ReS2,BP,1.59,1.96,1.59,-0.44,0.0,Type I,Type I,DFT_HSE06_monolayer,HSE06,fundamental_quasiparticle,2D_monolayer_vdW,10.1103/PhysRevB.94.035125,Ozcelik PRB 2016 HSE06 monolayers (Table I)
BP,TiS3,BP,1.59,1.04,1.59,0.55,0.0,Type I,Type I,DFT_HSE06_monolayer,HSE06,fundamental_quasiparticle,2D_monolayer_vdW,10.1103/PhysRevB.94.035125,Ozcelik PRB 2016 HSE06 monolayers (Table I)
BP,HfS3,BP,1.59,1.87,1.59,1.12,0.0,Type I,Type I,DFT_HSE06_monolayer,HSE06,fundamental_quasiparticle,2D_monolayer_vdW,10.1103/PhysRevB.94.035125,Ozcelik PRB 2016 HSE06 monolayers (Table I)
BP,HfSe3,BP,1.59,0.98,1.59,0.52,0.0,Type I,Type I,DFT_HSE06_monolayer,HSE06,fundamental_quasiparticle,2D_monolayer_vdW,10.1103/PhysRevB.94.035125,Ozcelik PRB 2016 HSE06 monolayers (Table I)
BP,ZrS3,BP,1.59,1.89,1.59,1.27,0.0,Type I,Type I,DFT_HSE06_monolayer,HSE06,fundamental_quasiparticle,2D_monolayer_vdW,10.1103/PhysRevB.94.035125,Ozcelik PRB 2016 HSE06 monolayers (Table I)
BP,ZrSe3,BP,1.59,0.95,1.59,0.58,0.0,Type I,Type I,DFT_HSE06_monolayer,HSE06,fundamental_quasiparticle,2D_monolayer_vdW,10.1103/PhysRevB.94.035125,Ozcelik PRB 2016 HSE06 monolayers (Table I)
BAs,BP,BAs,1.43,1.59,1.43,-0.06,0.0,Type I,Type I,DFT_HSE06_monolayer,HSE06,fundamental_quasiparticle,2D_monolayer_vdW,10.1103/PhysRevB.94.035125,Ozcelik PRB 2016 HSE06 monolayers (Table I)
BAs,AlSb_b,BAs,1.43,2.09,1.43,1.49,0.0,Type I,Type I,DFT_HSE06_monolayer,HSE06,fundamental_quasiparticle,2D_monolayer_vdW,10.1103/PhysRevB.94.035125,Ozcelik PRB 2016 HSE06 monolayers (Table I)
BAs,GaP_b,BAs,1.43,2.49,1.43,1.98,0.0,Type I,Type I,DFT_HSE06_monolayer,HSE06,fundamental_quasiparticle,2D_monolayer_vdW,10.1103/PhysRevB.94.035125,Ozcelik PRB 2016 HSE06 monolayers (Table I)
BAs,GaSb_b,BAs,1.43,1.13,1.43,0.54,0.0,Type I,Type I,DFT_HSE06_monolayer,HSE06,fundamental_quasiparticle,2D_monolayer_vdW,10.1103/PhysRevB.94.035125,Ozcelik PRB 2016 HSE06 monolayers (Table I)
BAs,InN,BAs,1.43,1.35,1.43,0.02,0.0,Type I,Type I,DFT_HSE06_monolayer,HSE06,fundamental_quasiparticle,2D_monolayer_vdW,10.1103/PhysRevB.94.035125,Ozcelik PRB 2016 HSE06 monolayers (Table I)
BAs,InP_b,BAs,1.43,1.16,1.43,0.58,0.0,Type I,Type I,DFT_HSE06_monolayer,HSE06,fundamental_quasiparticle,2D_monolayer_vdW,10.1103/PhysRevB.94.035125,Ozcelik PRB 2016 HSE06 monolayers (Table I)
BAs,InAs_b,BAs,1.43,1.04,1.43,0.73,0.0,Type I,Type I,DFT_HSE06_monolayer,HSE06,fundamental_quasiparticle,2D_monolayer_vdW,10.1103/PhysRevB.94.035125,Ozcelik PRB 2016 HSE06 monolayers (Table I)
BAs,InSb_b,BAs,1.43,0.97,1.43,0.66,0.0,Type I,Type I,DFT_HSE06_monolayer,HSE06,fundamental_quasiparticle,2D_monolayer_vdW,10.1103/PhysRevB.94.035125,Ozcelik PRB 2016 HSE06 monolayers (Table I)
BAs,SnC,BAs,1.43,1.85,1.43,0.78,0.0,Type I,Type I,DFT_HSE06_monolayer,HSE06,fundamental_quasiparticle,2D_monolayer_vdW,10.1103/PhysRevB.94.035125,Ozcelik PRB 2016 HSE06 monolayers (Table I)
BAs,P_b,BAs,1.43,2.73,1.43,-0.03,0.0,Type I,Type I,DFT_HSE06_monolayer,HSE06,fundamental_quasiparticle,2D_monolayer_vdW,10.1103/PhysRevB.94.035125,Ozcelik PRB 2016 HSE06 monolayers (Table I)
BAs,P_w,BAs,1.43,1.53,1.43,-0.2,0.0,Type I,Type I,DFT_HSE06_monolayer,HSE06,fundamental_quasiparticle,2D_monolayer_vdW,10.1103/PhysRevB.94.035125,Ozcelik PRB 2016 HSE06 monolayers (Table I)
BAs,As_w,BAs,1.43,1.25,1.43,0.07,0.0,Type I,Type I,DFT_HSE06_monolayer,HSE06,fundamental_quasiparticle,2D_monolayer_vdW,10.1103/PhysRevB.94.035125,Ozcelik PRB 2016 HSE06 monolayers (Table I)
BAs,Sb_b,BAs,1.43,1.22,1.43,0.52,0.0,Type I,Type I,DFT_HSE06_monolayer,HSE06,fundamental_quasiparticle,2D_monolayer_vdW,10.1103/PhysRevB.94.035125,Ozcelik PRB 2016 HSE06 monolayers (Table I)
BAs,2H-MoS2,BAs,1.43,2.15,1.43,-0.4,0.0,Type I,Type I,DFT_HSE06_monolayer,HSE06,fundamental_quasiparticle,2D_monolayer_vdW,10.1103/PhysRevB.94.035125,Ozcelik PRB 2016 HSE06 monolayers (Table I)
BAs,2H-MoTe2,BAs,1.43,1.47,1.43,0.16,0.0,Type I,Type I,DFT_HSE06_monolayer,HSE06,fundamental_quasiparticle,2D_monolayer_vdW,10.1103/PhysRevB.94.035125,Ozcelik PRB 2016 HSE06 monolayers (Table I)
BAs,2H-WSe2,BAs,1.43,1.75,1.43,0.41,0.0,Type I,Type I,DFT_HSE06_monolayer,HSE06,fundamental_quasiparticle,2D_monolayer_vdW,10.1103/PhysRevB.94.035125,Ozcelik PRB 2016 HSE06 monolayers (Table I)
BAs,2H-WTe2,BAs,1.43,1.21,1.43,0.53,0.0,Type I,Type I,DFT_HSE06_monolayer,HSE06,fundamental_quasiparticle,2D_monolayer_vdW,10.1103/PhysRevB.94.035125,Ozcelik PRB 2016 HSE06 monolayers (Table I)
BAs,1T-HfS2,BAs,1.43,1.99,1.43,-0.97,0.0,Type I,Type I,DFT_HSE06_monolayer,HSE06,fundamental_quasiparticle,2D_monolayer_vdW,10.1103/PhysRevB.94.035125,Ozcelik PRB 2016 HSE06 monolayers (Table I)
BAs,1T-HfSe2,BAs,1.43,1.02,1.43,-0.96,0.0,Type I,Type I,DFT_HSE06_monolayer,HSE06,fundamental_quasiparticle,2D_monolayer_vdW,10.1103/PhysRevB.94.035125,Ozcelik PRB 2016 HSE06 monolayers (Table I)
BAs,1T_d-ReS2,BAs,1.43,1.96,1.43,-0.5,0.0,Type I,Type I,DFT_HSE06_monolayer,HSE06,fundamental_quasiparticle,2D_monolayer_vdW,10.1103/PhysRevB.94.035125,Ozcelik PRB 2016 HSE06 monolayers (Table I)
BAs,1T_d-ReSe2,BAs,1.43,1.7,1.43,-0.02,0.0,Type I,Type I,DFT_HSE06_monolayer,HSE06,fundamental_quasiparticle,2D_monolayer_vdW,10.1103/PhysRevB.94.035125,Ozcelik PRB 2016 HSE06 monolayers (Table I)
BAs,TiS3,BAs,1.43,1.04,1.43,0.49,0.0,Type I,Type I,DFT_HSE06_monolayer,HSE06,fundamental_quasiparticle,2D_monolayer_vdW,10.1103/PhysRevB.94.035125,Ozcelik PRB 2016 HSE06 monolayers (Table I)
BAs,HfS3,BAs,1.43,1.87,1.43,1.06,0.0,Type I,Type I,DFT_HSE06_monolayer,HSE06,fundamental_quasiparticle,2D_monolayer_vdW,10.1103/PhysRevB.94.035125,Ozcelik PRB 2016 HSE06 monolayers (Table I)
BAs,HfSe3,BAs,1.43,0.98,1.43,0.46,0.0,Type I,Type I,DFT_HSE06_monolayer,HSE06,fundamental_quasiparticle,2D_monolayer_vdW,10.1103/PhysRevB.94.035125,Ozcelik PRB 2016 HSE06 monolayers (Table I)
BAs,ZrS3,BAs,1.43,1.89,1.43,1.21,0.0,Type I,Type I,DFT_HSE06_monolayer,HSE06,fundamental_quasiparticle,2D_monolayer_vdW,10.1103/PhysRevB.94.035125,Ozcelik PRB 2016 HSE06 monolayers (Table I)
BAs,ZrSe3,BAs,1.43,0.95,1.43,0.52,0.0,Type I,Type I,DFT_HSE06_monolayer,HSE06,fundamental_quasiparticle,2D_monolayer_vdW,10.1103/PhysRevB.94.035125,Ozcelik PRB 2016 HSE06 monolayers (Table I)
BSb,AlSb_b,BSb,0.91,2.09,0.91,1.63,0.0,Type I,Type I,DFT_HSE06_monolayer,HSE06,fundamental_quasiparticle,2D_monolayer_vdW,10.1103/PhysRevB.94.035125,Ozcelik PRB 2016 HSE06 monolayers (Table I)
BSb,GaP_b,BSb,0.91,2.49,0.91,2.12,0.0,Type I,Type I,DFT_HSE06_monolayer,HSE06,fundamental_quasiparticle,2D_monolayer_vdW,10.1103/PhysRevB.94.035125,Ozcelik PRB 2016 HSE06 monolayers (Table I)
BSb,GaSb_b,BSb,0.91,1.13,0.91,0.68,0.0,Type I,Type I,DFT_HSE06_monolayer,HSE06,fundamental_quasiparticle,2D_monolayer_vdW,10.1103/PhysRevB.94.035125,Ozcelik PRB 2016 HSE06 monolayers (Table I)
BSb,InP_b,BSb,0.91,1.16,0.91,0.72,0.0,Type I,Type I,DFT_HSE06_monolayer,HSE06,fundamental_quasiparticle,2D_monolayer_vdW,10.1103/PhysRevB.94.035125,Ozcelik PRB 2016 HSE06 monolayers (Table I)
BSb,InAs_b,BSb,0.91,1.04,0.91,0.87,0.0,Type I,Type I,DFT_HSE06_monolayer,HSE06,fundamental_quasiparticle,2D_monolayer_vdW,10.1103/PhysRevB.94.035125,Ozcelik PRB 2016 HSE06 monolayers (Table I)
BSb,InSb_b,BSb,0.91,0.97,0.91,0.8,0.0,Type I,Type I,DFT_HSE06_monolayer,HSE06,fundamental_quasiparticle,2D_monolayer_vdW,10.1103/PhysRevB.94.035125,Ozcelik PRB 2016 HSE06 monolayers (Table I)
BSb,P_w,BSb,0.91,1.53,0.91,-0.06,0.0,Type I,Type I,DFT_HSE06_monolayer,HSE06,fundamental_quasiparticle,2D_monolayer_vdW,10.1103/PhysRevB.94.035125,Ozcelik PRB 2016 HSE06 monolayers (Table I)
BSb,Sb_b,BSb,0.91,1.22,0.91,0.66,0.0,Type I,Type I,DFT_HSE06_monolayer,HSE06,fundamental_quasiparticle,2D_monolayer_vdW,10.1103/PhysRevB.94.035125,Ozcelik PRB 2016 HSE06 monolayers (Table I)
BSb,2H-MoS2,BSb,0.91,2.15,0.91,-0.26,0.0,Type I,Type I,DFT_HSE06_monolayer,HSE06,fundamental_quasiparticle,2D_monolayer_vdW,10.1103/PhysRevB.94.035125,Ozcelik PRB 2016 HSE06 monolayers (Table I)
BSb,2H-WTe2,BSb,0.91,1.21,0.91,0.67,0.0,Type I,Type I,DFT_HSE06_monolayer,HSE06,fundamental_quasiparticle,2D_monolayer_vdW,10.1103/PhysRevB.94.035125,Ozcelik PRB 2016 HSE06 monolayers (Table I)
BSb,1T-HfS2,BSb,0.91,1.99,0.91,-0.83,0.0,Type I,Type I,DFT_HSE06_monolayer,HSE06,fundamental_quasiparticle,2D_monolayer_vdW,10.1103/PhysRevB.94.035125,Ozcelik PRB 2016 HSE06 monolayers (Table I)
BSb,1T-HfSe2,BSb,0.91,1.02,0.91,-0.82,0.0,Type I,Type I,DFT_HSE06_monolayer,HSE06,fundamental_quasiparticle,2D_monolayer_vdW,10.1103/PhysRevB.94.035125,Ozcelik PRB 2016 HSE06 monolayers (Table I)
BSb,1T_d-ReS2,BSb,0.91,1.96,0.91,-0.36,0.0,Type I,Type I,DFT_HSE06_monolayer,HSE06,fundamental_quasiparticle,2D_monolayer_vdW,10.1103/PhysRevB.94.035125,Ozcelik PRB 2016 HSE06 monolayers (Table I)
BSb,TiS3,BSb,0.91,1.04,0.91,0.63,0.0,Type I,Type I,DFT_HSE06_monolayer,HSE06,fundamental_quasiparticle,2D_monolayer_vdW,10.1103/PhysRevB.94.035125,Ozcelik PRB 2016 HSE06 monolayers (Table I)
BSb,HfS3,BSb,0.91,1.87,0.91,1.2,0.0,Type I,Type I,DFT_HSE06_monolayer,HSE06,fundamental_quasiparticle,2D_monolayer_vdW,10.1103/PhysRevB.94.035125,Ozcelik PRB 2016 HSE06 monolayers (Table I)
BSb,HfSe3,BSb,0.91,0.98,0.91,0.6,0.0,Type I,Type I,DFT_HSE06_monolayer,HSE06,fundamental_quasiparticle,2D_monolayer_vdW,10.1103/PhysRevB.94.035125,Ozcelik PRB 2016 HSE06 monolayers (Table I)
BSb,ZrS3,BSb,0.91,1.89,0.91,1.35,0.0,Type I,Type I,DFT_HSE06_monolayer,HSE06,fundamental_quasiparticle,2D_monolayer_vdW,10.1103/PhysRevB.94.035125,Ozcelik PRB 2016 HSE06 monolayers (Table I)
BSb,ZrSe3,BSb,0.91,0.95,0.91,0.66,0.0,Type I,Type I,DFT_HSE06_monolayer,HSE06,fundamental_quasiparticle,2D_monolayer_vdW,10.1103/PhysRevB.94.035125,Ozcelik PRB 2016 HSE06 monolayers (Table I)
AlN,GaN,AlN,4.04,3.23,4.04,-0.84,0.0,Type I,Type I,DFT_HSE06_monolayer,HSE06,fundamental_quasiparticle,2D_monolayer_vdW,10.1103/PhysRevB.94.035125,Ozcelik PRB 2016 HSE06 monolayers (Table I)
AlN,GaP_b,AlN,4.04,2.49,4.04,0.16,0.0,Type I,Type I,DFT_HSE06_monolayer,HSE06,fundamental_quasiparticle,2D_monolayer_vdW,10.1103/PhysRevB.94.035125,Ozcelik PRB 2016 HSE06 monolayers (Table I)
AlN,N_b,AlN,4.04,6.01,4.04,-0.71,0.0,Type I,Type I,DFT_HSE06_monolayer,HSE06,fundamental_quasiparticle,2D_monolayer_vdW,10.1103/PhysRevB.94.035125,Ozcelik PRB 2016 HSE06 monolayers (Table I)
AlN,P_b,AlN,4.04,2.73,4.04,-1.85,0.0,Type I,Type I,DFT_HSE06_monolayer,HSE06,fundamental_quasiparticle,2D_monolayer_vdW,10.1103/PhysRevB.94.035125,Ozcelik PRB 2016 HSE06 monolayers (Table I)
AlN,2H-MoS2,AlN,4.04,2.15,4.04,-2.22,0.0,Type I,Type I,DFT_HSE06_monolayer,HSE06,fundamental_quasiparticle,2D_monolayer_vdW,10.1103/PhysRevB.94.035125,Ozcelik PRB 2016 HSE06 monolayers (Table I)
AlN,1T-HfS2,AlN,4.04,1.99,4.04,-2.79,0.0,Type I,Type I,DFT_HSE06_monolayer,HSE06,fundamental_quasiparticle,2D_monolayer_vdW,10.1103/PhysRevB.94.035125,Ozcelik PRB 2016 HSE06 monolayers (Table I)
AlN,1T_d-ReS2,AlN,4.04,1.96,4.04,-2.32,0.0,Type I,Type I,DFT_HSE06_monolayer,HSE06,fundamental_quasiparticle,2D_monolayer_vdW,10.1103/PhysRevB.94.035125,Ozcelik PRB 2016 HSE06 monolayers (Table I)
AlP,AlSb_b,AlP,3.14,2.09,3.14,0.33,0.0,Type I,Type I,DFT_HSE06_monolayer,HSE06,fundamental_quasiparticle,2D_monolayer_vdW,10.1103/PhysRevB.94.035125,Ozcelik PRB 2016 HSE06 monolayers (Table I)
AlP,GaN,AlP,3.14,3.23,3.14,-0.18,0.0,Type I,Type I,DFT_HSE06_monolayer,HSE06,fundamental_quasiparticle,2D_monolayer_vdW,10.1103/PhysRevB.94.035125,Ozcelik PRB 2016 HSE06 monolayers (Table I)
AlP,GaP_b,AlP,3.14,2.49,3.14,0.82,0.0,Type I,Type I,DFT_HSE06_monolayer,HSE06,fundamental_quasiparticle,2D_monolayer_vdW,10.1103/PhysRevB.94.035125,Ozcelik PRB 2016 HSE06 monolayers (Table I)
AlP,SiC,AlP,3.14,3.27,3.14,0.43,0.0,Type I,Type I,DFT_HSE06_monolayer,HSE06,fundamental_quasiparticle,2D_monolayer_vdW,10.1103/PhysRevB.94.035125,Ozcelik PRB 2016 HSE06 monolayers (Table I)
AlP,GeC,AlP,3.14,2.91,3.14,0.28,0.0,Type I,Type I,DFT_HSE06_monolayer,HSE06,fundamental_quasiparticle,2D_monolayer_vdW,10.1103/PhysRevB.94.035125,Ozcelik PRB 2016 HSE06 monolayers (Table I)
AlP,N_b,AlP,3.14,6.01,3.14,-0.05,0.0,Type I,Type I,DFT_HSE06_monolayer,HSE06,fundamental_quasiparticle,2D_monolayer_vdW,10.1103/PhysRevB.94.035125,Ozcelik PRB 2016 HSE06 monolayers (Table I)
AlP,P_b,AlP,3.14,2.73,3.14,-1.19,0.0,Type I,Type I,DFT_HSE06_monolayer,HSE06,fundamental_quasiparticle,2D_monolayer_vdW,10.1103/PhysRevB.94.035125,Ozcelik PRB 2016 HSE06 monolayers (Table I)
AlP,2H-MoS2,AlP,3.14,2.15,3.14,-1.56,0.0,Type I,Type I,DFT_HSE06_monolayer,HSE06,fundamental_quasiparticle,2D_monolayer_vdW,10.1103/PhysRevB.94.035125,Ozcelik PRB 2016 HSE06 monolayers (Table I)
AlP,2H-WS2,AlP,3.14,2.09,3.14,-1.15,0.0,Type I,Type I,DFT_HSE06_monolayer,HSE06,fundamental_quasiparticle,2D_monolayer_vdW,10.1103/PhysRevB.94.035125,Ozcelik PRB 2016 HSE06 monolayers (Table I)
AlP,1T-HfS2,AlP,3.14,1.99,3.14,-2.13,0.0,Type I,Type I,DFT_HSE06_monolayer,HSE06,fundamental_quasiparticle,2D_monolayer_vdW,10.1103/PhysRevB.94.035125,Ozcelik PRB 2016 HSE06 monolayers (Table I)
AlP,1T-HfSe2,AlP,3.14,1.02,3.14,-2.12,0.0,Type I,Type I,DFT_HSE06_monolayer,HSE06,fundamental_quasiparticle,2D_monolayer_vdW,10.1103/PhysRevB.94.035125,Ozcelik PRB 2016 HSE06 monolayers (Table I)
AlP,1T_d-ReS2,AlP,3.14,1.96,3.14,-1.66,0.0,Type I,Type I,DFT_HSE06_monolayer,HSE06,fundamental_quasiparticle,2D_monolayer_vdW,10.1103/PhysRevB.94.035125,Ozcelik PRB 2016 HSE06 monolayers (Table I)
AlP,ZrS3,AlP,3.14,1.89,3.14,0.05,0.0,Type I,Type I,DFT_HSE06_monolayer,HSE06,fundamental_quasiparticle,2D_monolayer_vdW,10.1103/PhysRevB.94.035125,Ozcelik PRB 2016 HSE06 monolayers (Table I)
AlAs,AlSb_b,AlAs,2.35,2.09,2.35,0.94,0.0,Type I,Type I,DFT_HSE06_monolayer,HSE06,fundamental_quasiparticle,2D_monolayer_vdW,10.1103/PhysRevB.94.035125,Ozcelik PRB 2016 HSE06 monolayers (Table I)
AlAs,GaP_b,AlAs,2.35,2.49,2.35,1.43,0.0,Type I,Type I,DFT_HSE06_monolayer,HSE06,fundamental_quasiparticle,2D_monolayer_vdW,10.1103/PhysRevB.94.035125,Ozcelik PRB 2016 HSE06 monolayers (Table I)
AlAs,GaAs_b,AlAs,2.35,1.88,2.35,-0.53,0.0,Type I,Type I,DFT_HSE06_monolayer,HSE06,fundamental_quasiparticle,2D_monolayer_vdW,10.1103/PhysRevB.94.035125,Ozcelik PRB 2016 HSE06 monolayers (Table I)
AlAs,InP_b,AlAs,2.35,1.16,2.35,0.03,0.0,Type I,Type I,DFT_HSE06_monolayer,HSE06,fundamental_quasiparticle,2D_monolayer_vdW,10.1103/PhysRevB.94.035125,Ozcelik PRB 2016 HSE06 monolayers (Table I)
AlAs,InAs_b,AlAs,2.35,1.04,2.35,0.18,0.0,Type I,Type I,DFT_HSE06_monolayer,HSE06,fundamental_quasiparticle,2D_monolayer_vdW,10.1103/PhysRevB.94.035125,Ozcelik PRB 2016 HSE06 monolayers (Table I)
AlAs,InSb_b,AlAs,2.35,0.97,2.35,0.11,0.0,Type I,Type I,DFT_HSE06_monolayer,HSE06,fundamental_quasiparticle,2D_monolayer_vdW,10.1103/PhysRevB.94.035125,Ozcelik PRB 2016 HSE06 monolayers (Table I)
AlAs,SiC,AlAs,2.35,3.27,2.35,1.04,0.0,Type I,Type I,DFT_HSE06_monolayer,HSE06,fundamental_quasiparticle,2D_monolayer_vdW,10.1103/PhysRevB.94.035125,Ozcelik PRB 2016 HSE06 monolayers (Table I)
AlAs,GeC,AlAs,2.35,2.91,2.35,0.89,0.0,Type I,Type I,DFT_HSE06_monolayer,HSE06,fundamental_quasiparticle,2D_monolayer_vdW,10.1103/PhysRevB.94.035125,Ozcelik PRB 2016 HSE06 monolayers (Table I)
AlAs,SnC,AlAs,2.35,1.85,2.35,0.23,0.0,Type I,Type I,DFT_HSE06_monolayer,HSE06,fundamental_quasiparticle,2D_monolayer_vdW,10.1103/PhysRevB.94.035125,Ozcelik PRB 2016 HSE06 monolayers (Table I)
AlAs,P_b,AlAs,2.35,2.73,2.35,-0.58,0.0,Type I,Type I,DFT_HSE06_monolayer,HSE06,fundamental_quasiparticle,2D_monolayer_vdW,10.1103/PhysRevB.94.035125,Ozcelik PRB 2016 HSE06 monolayers (Table I)
AlAs,2H-MoS2,AlAs,2.35,2.15,2.35,-0.95,0.0,Type I,Type I,DFT_HSE06_monolayer,HSE06,fundamental_quasiparticle,2D_monolayer_vdW,10.1103/PhysRevB.94.035125,Ozcelik PRB 2016 HSE06 monolayers (Table I)
AlAs,2H-WS2,AlAs,2.35,2.09,2.35,-0.54,0.0,Type I,Type I,DFT_HSE06_monolayer,HSE06,fundamental_quasiparticle,2D_monolayer_vdW,10.1103/PhysRevB.94.035125,Ozcelik PRB 2016 HSE06 monolayers (Table I)
AlAs,1T-HfS2,AlAs,2.35,1.99,2.35,-1.52,0.0,Type I,Type I,DFT_HSE06_monolayer,HSE06,fundamental_quasiparticle,2D_monolayer_vdW,10.1103/PhysRevB.94.035125,Ozcelik PRB 2016 HSE06 monolayers (Table I)
AlAs,1T-HfSe2,AlAs,2.35,1.02,2.35,-1.51,0.0,Type I,Type I,DFT_HSE06_monolayer,HSE06,fundamental_quasiparticle,2D_monolayer_vdW,10.1103/PhysRevB.94.035125,Ozcelik PRB 2016 HSE06 monolayers (Table I)
AlAs,1T_d-ReS2,AlAs,2.35,1.96,2.35,-1.05,0.0,Type I,Type I,DFT_HSE06_monolayer,HSE06,fundamental_quasiparticle,2D_monolayer_vdW,10.1103/PhysRevB.94.035125,Ozcelik PRB 2016 HSE06 monolayers (Table I)
AlAs,HfS3,AlAs,2.35,1.87,2.35,0.51,0.0,Type I,Type I,DFT_HSE06_monolayer,HSE06,fundamental_quasiparticle,2D_monolayer_vdW,10.1103/PhysRevB.94.035125,Ozcelik PRB 2016 HSE06 monolayers (Table I)
AlAs,ZrS3,AlAs,2.35,1.89,2.35,0.66,0.0,Type I,Type I,DFT_HSE06_monolayer,HSE06,fundamental_quasiparticle,2D_monolayer_vdW,10.1103/PhysRevB.94.035125,Ozcelik PRB 2016 HSE06 monolayers (Table I)
AlSb_b,BP,AlSb_b,2.09,1.59,2.09,-1.55,0.0,Type I,Type I,DFT_HSE06_monolayer,HSE06,fundamental_quasiparticle,2D_monolayer_vdW,10.1103/PhysRevB.94.035125,Ozcelik PRB 2016 HSE06 monolayers (Table I)
AlSb_b,BAs,AlSb_b,2.09,1.43,2.09,-1.49,0.0,Type I,Type I,DFT_HSE06_monolayer,HSE06,fundamental_quasiparticle,2D_monolayer_vdW,10.1103/PhysRevB.94.035125,Ozcelik PRB 2016 HSE06 monolayers (Table I)
AlSb_b,BSb,AlSb_b,2.09,0.91,2.09,-1.63,0.0,Type I,Type I,DFT_HSE06_monolayer,HSE06,fundamental_quasiparticle,2D_monolayer_vdW,10.1103/PhysRevB.94.035125,Ozcelik PRB 2016 HSE06 monolayers (Table I)
AlSb_b,AlP,AlSb_b,2.09,3.14,2.09,-0.33,0.0,Type I,Type I,DFT_HSE06_monolayer,HSE06,fundamental_quasiparticle,2D_monolayer_vdW,10.1103/PhysRevB.94.035125,Ozcelik PRB 2016 HSE06 monolayers (Table I)
AlSb_b,AlAs,AlSb_b,2.09,2.35,2.09,-0.94,0.0,Type I,Type I,DFT_HSE06_monolayer,HSE06,fundamental_quasiparticle,2D_monolayer_vdW,10.1103/PhysRevB.94.035125,Ozcelik PRB 2016 HSE06 monolayers (Table I)
AlSb_b,GaN,AlSb_b,2.09,3.23,2.09,-0.51,0.0,Type I,Type I,DFT_HSE06_monolayer,HSE06,fundamental_quasiparticle,2D_monolayer_vdW,10.1103/PhysRevB.94.035125,Ozcelik PRB 2016 HSE06 monolayers (Table I)
AlSb_b,GaP_b,AlSb_b,2.09,2.49,2.09,0.49,0.0,Type I,Type I,DFT_HSE06_monolayer,HSE06,fundamental_quasiparticle,2D_monolayer_vdW,10.1103/PhysRevB.94.035125,Ozcelik PRB 2016 HSE06 monolayers (Table I)
AlSb_b,GaAs_b,AlSb_b,2.09,1.88,2.09,-1.47,0.0,Type I,Type I,DFT_HSE06_monolayer,HSE06,fundamental_quasiparticle,2D_monolayer_vdW,10.1103/PhysRevB.94.035125,Ozcelik PRB 2016 HSE06 monolayers (Table I)
AlSb_b,InN,AlSb_b,2.09,1.35,2.09,-1.47,0.0,Type I,Type I,DFT_HSE06_monolayer,HSE06,fundamental_quasiparticle,2D_monolayer_vdW,10.1103/PhysRevB.94.035125,Ozcelik PRB 2016 HSE06 monolayers (Table I)
AlSb_b,SiGe_b,AlSb_b,2.09,0.55,2.09,-1.96,0.0,Type I,Type I,DFT_HSE06_monolayer,HSE06,fundamental_quasiparticle,2D_monolayer_vdW,10.1103/PhysRevB.94.035125,Ozcelik PRB 2016 HSE06 monolayers (Table I)
AlSb_b,SiSn_b,AlSb_b,2.09,0.59,2.09,-1.77,0.0,Type I,Type I,DFT_HSE06_monolayer,HSE06,fundamental_quasiparticle,2D_monolayer_vdW,10.1103/PhysRevB.94.035125,Ozcelik PRB 2016 HSE06 monolayers (Table I)
AlSb_b,GeC,AlSb_b,2.09,2.91,2.09,-0.05,0.0,Type I,Type I,DFT_HSE06_monolayer,HSE06,fundamental_quasiparticle,2D_monolayer_vdW,10.1103/PhysRevB.94.035125,Ozcelik PRB 2016 HSE06 monolayers (Table I)
AlSb_b,GeSn_b,AlSb_b,2.09,0.46,2.09,-1.78,0.0,Type I,Type I,DFT_HSE06_monolayer,HSE06,fundamental_quasiparticle,2D_monolayer_vdW,10.1103/PhysRevB.94.035125,Ozcelik PRB 2016 HSE06 monolayers (Table I)
AlSb_b,SnC,AlSb_b,2.09,1.85,2.09,-0.71,0.0,Type I,Type I,DFT_HSE06_monolayer,HSE06,fundamental_quasiparticle,2D_monolayer_vdW,10.1103/PhysRevB.94.035125,Ozcelik PRB 2016 HSE06 monolayers (Table I)
AlSb_b,N_b,AlSb_b,2.09,6.01,2.09,-0.38,0.0,Type I,Type I,DFT_HSE06_monolayer,HSE06,fundamental_quasiparticle,2D_monolayer_vdW,10.1103/PhysRevB.94.035125,Ozcelik PRB 2016 HSE06 monolayers (Table I)
AlSb_b,P_b,AlSb_b,2.09,2.73,2.09,-1.52,0.0,Type I,Type I,DFT_HSE06_monolayer,HSE06,fundamental_quasiparticle,2D_monolayer_vdW,10.1103/PhysRevB.94.035125,Ozcelik PRB 2016 HSE06 monolayers (Table I)
AlSb_b,P_w,AlSb_b,2.09,1.53,2.09,-1.69,0.0,Type I,Type I,DFT_HSE06_monolayer,HSE06,fundamental_quasiparticle,2D_monolayer_vdW,10.1103/PhysRevB.94.035125,Ozcelik PRB 2016 HSE06 monolayers (Table I)
AlSb_b,As_b,AlSb_b,2.09,2.06,2.09,-1.19,0.0,Type I,Type I,DFT_HSE06_monolayer,HSE06,fundamental_quasiparticle,2D_monolayer_vdW,10.1103/PhysRevB.94.035125,Ozcelik PRB 2016 HSE06 monolayers (Table I)
AlSb_b,As_w,AlSb_b,2.09,1.25,2.09,-1.42,0.0,Type I,Type I,DFT_HSE06_monolayer,HSE06,fundamental_quasiparticle,2D_monolayer_vdW,10.1103/PhysRevB.94.035125,Ozcelik PRB 2016 HSE06 monolayers (Table I)
AlSb_b,Sb_b,AlSb_b,2.09,1.22,2.09,-0.97,0.0,Type I,Type I,DFT_HSE06_monolayer,HSE06,fundamental_quasiparticle,2D_monolayer_vdW,10.1103/PhysRevB.94.035125,Ozcelik PRB 2016 HSE06 monolayers (Table I)
AlSb_b,2H-MoS2,AlSb_b,2.09,2.15,2.09,-1.89,0.0,Type I,Type I,DFT_HSE06_monolayer,HSE06,fundamental_quasiparticle,2D_monolayer_vdW,10.1103/PhysRevB.94.035125,Ozcelik PRB 2016 HSE06 monolayers (Table I)
AlSb_b,2H-MoSe2,AlSb_b,2.09,1.87,2.09,-1.38,0.0,Type I,Type I,DFT_HSE06_monolayer,HSE06,fundamental_quasiparticle,2D_monolayer_vdW,10.1103/PhysRevB.94.035125,Ozcelik PRB 2016 HSE06 monolayers (Table I)
AlSb_b,2H-MoTe2,AlSb_b,2.09,1.47,2.09,-1.33,0.0,Type I,Type I,DFT_HSE06_monolayer,HSE06,fundamental_quasiparticle,2D_monolayer_vdW,10.1103/PhysRevB.94.035125,Ozcelik PRB 2016 HSE06 monolayers (Table I)
AlSb_b,2H-WS2,AlSb_b,2.09,2.09,2.09,-1.48,0.0,Type I,Type I,DFT_HSE06_monolayer,HSE06,fundamental_quasiparticle,2D_monolayer_vdW,10.1103/PhysRevB.94.035125,Ozcelik PRB 2016 HSE06 monolayers (Table I)
AlSb_b,2H-WSe2,AlSb_b,2.09,1.75,2.09,-1.08,0.0,Type I,Type I,DFT_HSE06_monolayer,HSE06,fundamental_quasiparticle,2D_monolayer_vdW,10.1103/PhysRevB.94.035125,Ozcelik PRB 2016 HSE06 monolayers (Table I)
AlSb_b,2H-WTe2,AlSb_b,2.09,1.21,2.09,-0.96,0.0,Type I,Type I,DFT_HSE06_monolayer,HSE06,fundamental_quasiparticle,2D_monolayer_vdW,10.1103/PhysRevB.94.035125,Ozcelik PRB 2016 HSE06 monolayers (Table I)
AlSb_b,1T-HfS2,AlSb_b,2.09,1.99,2.09,-2.46,0.0,Type I,Type I,DFT_HSE06_monolayer,HSE06,fundamental_quasiparticle,2D_monolayer_vdW,10.1103/PhysRevB.94.035125,Ozcelik PRB 2016 HSE06 monolayers (Table I)
AlSb_b,1T-HfSe2,AlSb_b,2.09,1.02,2.09,-2.45,0.0,Type I,Type I,DFT_HSE06_monolayer,HSE06,fundamental_quasiparticle,2D_monolayer_vdW,10.1103/PhysRevB.94.035125,Ozcelik PRB 2016 HSE06 monolayers (Table I)
AlSb_b,1T_d-ReS2,AlSb_b,2.09,1.96,2.09,-1.99,0.0,Type I,Type I,DFT_HSE06_monolayer,HSE06,fundamental_quasiparticle,2D_monolayer_vdW,10.1103/PhysRevB.94.035125,Ozcelik PRB 2016 HSE06 monolayers (Table I)
AlSb_b,1T_d-ReSe2,AlSb_b,2.09,1.7,2.09,-1.51,0.0,Type I,Type I,DFT_HSE06_monolayer,HSE06,fundamental_quasiparticle,2D_monolayer_vdW,10.1103/PhysRevB.94.035125,Ozcelik PRB 2016 HSE06 monolayers (Table I)
AlSb_b,HfS3,AlSb_b,2.09,1.87,2.09,-0.43,0.0,Type I,Type I,DFT_HSE06_monolayer,HSE06,fundamental_quasiparticle,2D_monolayer_vdW,10.1103/PhysRevB.94.035125,Ozcelik PRB 2016 HSE06 monolayers (Table I)
AlSb_b,ZrS3,AlSb_b,2.09,1.89,2.09,-0.28,0.0,Type I,Type I,DFT_HSE06_monolayer,HSE06,fundamental_quasiparticle,2D_monolayer_vdW,10.1103/PhysRevB.94.035125,Ozcelik PRB 2016 HSE06 monolayers (Table I)
GaN,AlN,GaN,3.23,4.04,3.23,0.84,0.0,Type I,Type I,DFT_HSE06_monolayer,HSE06,fundamental_quasiparticle,2D_monolayer_vdW,10.1103/PhysRevB.94.035125,Ozcelik PRB 2016 HSE06 monolayers (Table I)
GaN,AlP,GaN,3.23,3.14,3.23,0.18,0.0,Type I,Type I,DFT_HSE06_monolayer,HSE06,fundamental_quasiparticle,2D_monolayer_vdW,10.1103/PhysRevB.94.035125,Ozcelik PRB 2016 HSE06 monolayers (Table I)
GaN,AlSb_b,GaN,3.23,2.09,3.23,0.51,0.0,Type I,Type I,DFT_HSE06_monolayer,HSE06,fundamental_quasiparticle,2D_monolayer_vdW,10.1103/PhysRevB.94.035125,Ozcelik PRB 2016 HSE06 monolayers (Table I)
GaN,GaP_b,GaN,3.23,2.49,3.23,1.0,0.0,Type I,Type I,DFT_HSE06_monolayer,HSE06,fundamental_quasiparticle,2D_monolayer_vdW,10.1103/PhysRevB.94.035125,Ozcelik PRB 2016 HSE06 monolayers (Table I)
GaN,SiC,GaN,3.23,3.27,3.23,0.61,0.0,Type I,Type I,DFT_HSE06_monolayer,HSE06,fundamental_quasiparticle,2D_monolayer_vdW,10.1103/PhysRevB.94.035125,Ozcelik PRB 2016 HSE06 monolayers (Table I)
GaN,GeC,GaN,3.23,2.91,3.23,0.46,0.0,Type I,Type I,DFT_HSE06_monolayer,HSE06,fundamental_quasiparticle,2D_monolayer_vdW,10.1103/PhysRevB.94.035125,Ozcelik PRB 2016 HSE06 monolayers (Table I)
GaN,P_b,GaN,3.23,2.73,3.23,-1.01,0.0,Type I,Type I,DFT_HSE06_monolayer,HSE06,fundamental_quasiparticle,2D_monolayer_vdW,10.1103/PhysRevB.94.035125,Ozcelik PRB 2016 HSE06 monolayers (Table I)
GaN,2H-MoS2,GaN,3.23,2.15,3.23,-1.38,0.0,Type I,Type I,DFT_HSE06_monolayer,HSE06,fundamental_quasiparticle,2D_monolayer_vdW,10.1103/PhysRevB.94.035125,Ozcelik PRB 2016 HSE06 monolayers (Table I)
GaN,1T-HfS2,GaN,3.23,1.99,3.23,-1.95,0.0,Type I,Type I,DFT_HSE06_monolayer,HSE06,fundamental_quasiparticle,2D_monolayer_vdW,10.1103/PhysRevB.94.035125,Ozcelik PRB 2016 HSE06 monolayers (Table I)
GaN,1T_d-ReS2,GaN,3.23,1.96,3.23,-1.48,0.0,Type I,Type I,DFT_HSE06_monolayer,HSE06,fundamental_quasiparticle,2D_monolayer_vdW,10.1103/PhysRevB.94.035125,Ozcelik PRB 2016 HSE06 monolayers (Table I)
GaN,HfS3,GaN,3.23,1.87,3.23,0.08,0.0,Type I,Type I,DFT_HSE06_monolayer,HSE06,fundamental_quasiparticle,2D_monolayer_vdW,10.1103/PhysRevB.94.035125,Ozcelik PRB 2016 HSE06 monolayers (Table I)
GaN,ZrS3,GaN,3.23,1.89,3.23,0.23,0.0,Type I,Type I,DFT_HSE06_monolayer,HSE06,fundamental_quasiparticle,2D_monolayer_vdW,10.1103/PhysRevB.94.035125,Ozcelik PRB 2016 HSE06 monolayers (Table I)
GaP_b,BP,GaP_b,2.49,1.59,2.49,-2.04,0.0,Type I,Type I,DFT_HSE06_monolayer,HSE06,fundamental_quasiparticle,2D_monolayer_vdW,10.1103/PhysRevB.94.035125,Ozcelik PRB 2016 HSE06 monolayers (Table I)
GaP_b,BAs,GaP_b,2.49,1.43,2.49,-1.98,0.0,Type I,Type I,DFT_HSE06_monolayer,HSE06,fundamental_quasiparticle,2D_monolayer_vdW,10.1103/PhysRevB.94.035125,Ozcelik PRB 2016 HSE06 monolayers (Table I)
GaP_b,BSb,GaP_b,2.49,0.91,2.49,-2.12,0.0,Type I,Type I,DFT_HSE06_monolayer,HSE06,fundamental_quasiparticle,2D_monolayer_vdW,10.1103/PhysRevB.94.035125,Ozcelik PRB 2016 HSE06 monolayers (Table I)
GaP_b,AlN,GaP_b,2.49,4.04,2.49,-0.16,0.0,Type I,Type I,DFT_HSE06_monolayer,HSE06,fundamental_quasiparticle,2D_monolayer_vdW,10.1103/PhysRevB.94.035125,Ozcelik PRB 2016 HSE06 monolayers (Table I)
GaP_b,AlP,GaP_b,2.49,3.14,2.49,-0.82,0.0,Type I,Type I,DFT_HSE06_monolayer,HSE06,fundamental_quasiparticle,2D_monolayer_vdW,10.1103/PhysRevB.94.035125,Ozcelik PRB 2016 HSE06 monolayers (Table I)
GaP_b,AlAs,GaP_b,2.49,2.35,2.49,-1.43,0.0,Type I,Type I,DFT_HSE06_monolayer,HSE06,fundamental_quasiparticle,2D_monolayer_vdW,10.1103/PhysRevB.94.035125,Ozcelik PRB 2016 HSE06 monolayers (Table I)
GaP_b,AlSb_b,GaP_b,2.49,2.09,2.49,-0.49,0.0,Type I,Type I,DFT_HSE06_monolayer,HSE06,fundamental_quasiparticle,2D_monolayer_vdW,10.1103/PhysRevB.94.035125,Ozcelik PRB 2016 HSE06 monolayers (Table I)
GaP_b,GaN,GaP_b,2.49,3.23,2.49,-1.0,0.0,Type I,Type I,DFT_HSE06_monolayer,HSE06,fundamental_quasiparticle,2D_monolayer_vdW,10.1103/PhysRevB.94.035125,Ozcelik PRB 2016 HSE06 monolayers (Table I)
GaP_b,GaAs_b,GaP_b,2.49,1.88,2.49,-1.96,0.0,Type I,Type I,DFT_HSE06_monolayer,HSE06,fundamental_quasiparticle,2D_monolayer_vdW,10.1103/PhysRevB.94.035125,Ozcelik PRB 2016 HSE06 monolayers (Table I)
GaP_b,GaSb_b,GaP_b,2.49,1.13,2.49,-1.44,0.0,Type I,Type I,DFT_HSE06_monolayer,HSE06,fundamental_quasiparticle,2D_monolayer_vdW,10.1103/PhysRevB.94.035125,Ozcelik PRB 2016 HSE06 monolayers (Table I)
GaP_b,InN,GaP_b,2.49,1.35,2.49,-1.96,0.0,Type I,Type I,DFT_HSE06_monolayer,HSE06,fundamental_quasiparticle,2D_monolayer_vdW,10.1103/PhysRevB.94.035125,Ozcelik PRB 2016 HSE06 monolayers (Table I)
GaP_b,InP_b,GaP_b,2.49,1.16,2.49,-1.4,0.0,Type I,Type I,DFT_HSE06_monolayer,HSE06,fundamental_quasiparticle,2D_monolayer_vdW,10.1103/PhysRevB.94.035125,Ozcelik PRB 2016 HSE06 monolayers (Table I)
GaP_b,SiC,GaP_b,2.49,3.27,2.49,-0.39,0.0,Type I,Type I,DFT_HSE06_monolayer,HSE06,fundamental_quasiparticle,2D_monolayer_vdW,10.1103/PhysRevB.94.035125,Ozcelik PRB 2016 HSE06 monolayers (Table I)
GaP_b,SiGe_b,GaP_b,2.49,0.55,2.49,-2.45,0.0,Type I,Type I,DFT_HSE06_monolayer,HSE06,fundamental_quasiparticle,2D_monolayer_vdW,10.1103/PhysRevB.94.035125,Ozcelik PRB 2016 HSE06 monolayers (Table I)
GaP_b,SiSn_b,GaP_b,2.49,0.59,2.49,-2.26,0.0,Type I,Type I,DFT_HSE06_monolayer,HSE06,fundamental_quasiparticle,2D_monolayer_vdW,10.1103/PhysRevB.94.035125,Ozcelik PRB 2016 HSE06 monolayers (Table I)
GaP_b,GeC,GaP_b,2.49,2.91,2.49,-0.54,0.0,Type I,Type I,DFT_HSE06_monolayer,HSE06,fundamental_quasiparticle,2D_monolayer_vdW,10.1103/PhysRevB.94.035125,Ozcelik PRB 2016 HSE06 monolayers (Table I)
GaP_b,GeSn_b,GaP_b,2.49,0.46,2.49,-2.27,0.0,Type I,Type I,DFT_HSE06_monolayer,HSE06,fundamental_quasiparticle,2D_monolayer_vdW,10.1103/PhysRevB.94.035125,Ozcelik PRB 2016 HSE06 monolayers (Table I)
GaP_b,SnC,GaP_b,2.49,1.85,2.49,-1.2,0.0,Type I,Type I,DFT_HSE06_monolayer,HSE06,fundamental_quasiparticle,2D_monolayer_vdW,10.1103/PhysRevB.94.035125,Ozcelik PRB 2016 HSE06 monolayers (Table I)
GaP_b,N_b,GaP_b,2.49,6.01,2.49,-0.87,0.0,Type I,Type I,DFT_HSE06_monolayer,HSE06,fundamental_quasiparticle,2D_monolayer_vdW,10.1103/PhysRevB.94.035125,Ozcelik PRB 2016 HSE06 monolayers (Table I)
GaP_b,P_b,GaP_b,2.49,2.73,2.49,-2.01,0.0,Type I,Type I,DFT_HSE06_monolayer,HSE06,fundamental_quasiparticle,2D_monolayer_vdW,10.1103/PhysRevB.94.035125,Ozcelik PRB 2016 HSE06 monolayers (Table I)
GaP_b,P_w,GaP_b,2.49,1.53,2.49,-2.18,0.0,Type I,Type I,DFT_HSE06_monolayer,HSE06,fundamental_quasiparticle,2D_monolayer_vdW,10.1103/PhysRevB.94.035125,Ozcelik PRB 2016 HSE06 monolayers (Table I)
GaP_b,As_b,GaP_b,2.49,2.06,2.49,-1.68,0.0,Type I,Type I,DFT_HSE06_monolayer,HSE06,fundamental_quasiparticle,2D_monolayer_vdW,10.1103/PhysRevB.94.035125,Ozcelik PRB 2016 HSE06 monolayers (Table I)
GaP_b,As_w,GaP_b,2.49,1.25,2.49,-1.91,0.0,Type I,Type I,DFT_HSE06_monolayer,HSE06,fundamental_quasiparticle,2D_monolayer_vdW,10.1103/PhysRevB.94.035125,Ozcelik PRB 2016 HSE06 monolayers (Table I)
GaP_b,Sb_b,GaP_b,2.49,1.22,2.49,-1.46,0.0,Type I,Type I,DFT_HSE06_monolayer,HSE06,fundamental_quasiparticle,2D_monolayer_vdW,10.1103/PhysRevB.94.035125,Ozcelik PRB 2016 HSE06 monolayers (Table I)
GaP_b,2H-MoS2,GaP_b,2.49,2.15,2.49,-2.38,0.0,Type I,Type I,DFT_HSE06_monolayer,HSE06,fundamental_quasiparticle,2D_monolayer_vdW,10.1103/PhysRevB.94.035125,Ozcelik PRB 2016 HSE06 monolayers (Table I)
GaP_b,2H-MoSe2,GaP_b,2.49,1.87,2.49,-1.87,0.0,Type I,Type I,DFT_HSE06_monolayer,HSE06,fundamental_quasiparticle,2D_monolayer_vdW,10.1103/PhysRevB.94.035125,Ozcelik PRB 2016 HSE06 monolayers (Table I)
GaP_b,2H-MoTe2,GaP_b,2.49,1.47,2.49,-1.82,0.0,Type I,Type I,DFT_HSE06_monolayer,HSE06,fundamental_quasiparticle,2D_monolayer_vdW,10.1103/PhysRevB.94.035125,Ozcelik PRB 2016 HSE06 monolayers (Table I)
GaP_b,2H-WS2,GaP_b,2.49,2.09,2.49,-1.97,0.0,Type I,Type I,DFT_HSE06_monolayer,HSE06,fundamental_quasiparticle,2D_monolayer_vdW,10.1103/PhysRevB.94.035125,Ozcelik PRB 2016 HSE06 monolayers (Table I)
GaP_b,2H-WSe2,GaP_b,2.49,1.75,2.49,-1.57,0.0,Type I,Type I,DFT_HSE06_monolayer,HSE06,fundamental_quasiparticle,2D_monolayer_vdW,10.1103/PhysRevB.94.035125,Ozcelik PRB 2016 HSE06 monolayers (Table I)
GaP_b,2H-WTe2,GaP_b,2.49,1.21,2.49,-1.45,0.0,Type I,Type I,DFT_HSE06_monolayer,HSE06,fundamental_quasiparticle,2D_monolayer_vdW,10.1103/PhysRevB.94.035125,Ozcelik PRB 2016 HSE06 monolayers (Table I)
GaP_b,1T-HfS2,GaP_b,2.49,1.99,2.49,-2.95,0.0,Type I,Type I,DFT_HSE06_monolayer,HSE06,fundamental_quasiparticle,2D_monolayer_vdW,10.1103/PhysRevB.94.035125,Ozcelik PRB 2016 HSE06 monolayers (Table I)
GaP_b,1T-HfSe2,GaP_b,2.49,1.02,2.49,-2.94,0.0,Type I,Type I,DFT_HSE06_monolayer,HSE06,fundamental_quasiparticle,2D_monolayer_vdW,10.1103/PhysRevB.94.035125,Ozcelik PRB 2016 HSE06 monolayers (Table I)
GaP_b,1T_d-ReS2,GaP_b,2.49,1.96,2.49,-2.48,0.0,Type I,Type I,DFT_HSE06_monolayer,HSE06,fundamental_quasiparticle,2D_monolayer_vdW,10.1103/PhysRevB.94.035125,Ozcelik PRB 2016 HSE06 monolayers (Table I)
GaP_b,1T_d-ReSe2,GaP_b,2.49,1.7,2.49,-2.0,0.0,Type I,Type I,DFT_HSE06_monolayer,HSE06,fundamental_quasiparticle,2D_monolayer_vdW,10.1103/PhysRevB.94.035125,Ozcelik PRB 2016 HSE06 monolayers (Table I)
GaP_b,TiS3,GaP_b,2.49,1.04,2.49,-1.49,0.0,Type I,Type I,DFT_HSE06_monolayer,HSE06,fundamental_quasiparticle,2D_monolayer_vdW,10.1103/PhysRevB.94.035125,Ozcelik PRB 2016 HSE06 monolayers (Table I)
GaP_b,HfS3,GaP_b,2.49,1.87,2.49,-0.92,0.0,Type I,Type I,DFT_HSE06_monolayer,HSE06,fundamental_quasiparticle,2D_monolayer_vdW,10.1103/PhysRevB.94.035125,Ozcelik PRB 2016 HSE06 monolayers (Table I)
GaP_b,HfSe3,GaP_b,2.49,0.98,2.49,-1.52,0.0,Type I,Type I,DFT_HSE06_monolayer,HSE06,fundamental_quasiparticle,2D_monolayer_vdW,10.1103/PhysRevB.94.035125,Ozcelik PRB 2016 HSE06 monolayers (Table I)
GaP_b,ZrS3,GaP_b,2.49,1.89,2.49,-0.77,0.0,Type I,Type I,DFT_HSE06_monolayer,HSE06,fundamental_quasiparticle,2D_monolayer_vdW,10.1103/PhysRevB.94.035125,Ozcelik PRB 2016 HSE06 monolayers (Table I)
GaAs_b,AlAs,GaAs_b,1.88,2.35,1.88,0.53,0.0,Type I,Type I,DFT_HSE06_monolayer,HSE06,fundamental_quasiparticle,2D_monolayer_vdW,10.1103/PhysRevB.94.035125,Ozcelik PRB 2016 HSE06 monolayers (Table I)
GaAs_b,AlSb_b,GaAs_b,1.88,2.09,1.88,1.47,0.0,Type I,Type I,DFT_HSE06_monolayer,HSE06,fundamental_quasiparticle,2D_monolayer_vdW,10.1103/PhysRevB.94.035125,Ozcelik PRB 2016 HSE06 monolayers (Table I)
GaAs_b,GaP_b,GaAs_b,1.88,2.49,1.88,1.96,0.0,Type I,Type I,DFT_HSE06_monolayer,HSE06,fundamental_quasiparticle,2D_monolayer_vdW,10.1103/PhysRevB.94.035125,Ozcelik PRB 2016 HSE06 monolayers (Table I)
GaAs_b,GaSb_b,GaAs_b,1.88,1.13,1.88,0.52,0.0,Type I,Type I,DFT_HSE06_monolayer,HSE06,fundamental_quasiparticle,2D_monolayer_vdW,10.1103/PhysRevB.94.035125,Ozcelik PRB 2016 HSE06 monolayers (Table I)
GaAs_b,InP_b,GaAs_b,1.88,1.16,1.88,0.56,0.0,Type I,Type I,DFT_HSE06_monolayer,HSE06,fundamental_quasiparticle,2D_monolayer_vdW,10.1103/PhysRevB.94.035125,Ozcelik PRB 2016 HSE06 monolayers (Table I)
GaAs_b,InAs_b,GaAs_b,1.88,1.04,1.88,0.71,0.0,Type I,Type I,DFT_HSE06_monolayer,HSE06,fundamental_quasiparticle,2D_monolayer_vdW,10.1103/PhysRevB.94.035125,Ozcelik PRB 2016 HSE06 monolayers (Table I)
GaAs_b,InSb_b,GaAs_b,1.88,0.97,1.88,0.64,0.0,Type I,Type I,DFT_HSE06_monolayer,HSE06,fundamental_quasiparticle,2D_monolayer_vdW,10.1103/PhysRevB.94.035125,Ozcelik PRB 2016 HSE06 monolayers (Table I)
GaAs_b,SiC,GaAs_b,1.88,3.27,1.88,1.57,0.0,Type I,Type I,DFT_HSE06_monolayer,HSE06,fundamental_quasiparticle,2D_monolayer_vdW,10.1103/PhysRevB.94.035125,Ozcelik PRB 2016 HSE06 monolayers (Table I)
GaAs_b,GeC,GaAs_b,1.88,2.91,1.88,1.42,0.0,Type I,Type I,DFT_HSE06_monolayer,HSE06,fundamental_quasiparticle,2D_monolayer_vdW,10.1103/PhysRevB.94.035125,Ozcelik PRB 2016 HSE06 monolayers (Table I)
GaAs_b,SnC,GaAs_b,1.88,1.85,1.88,0.76,0.0,Type I,Type I,DFT_HSE06_monolayer,HSE06,fundamental_quasiparticle,2D_monolayer_vdW,10.1103/PhysRevB.94.035125,Ozcelik PRB 2016 HSE06 monolayers (Table I)
GaAs_b,P_b,GaAs_b,1.88,2.73,1.88,-0.05,0.0,Type I,Type I,DFT_HSE06_monolayer,HSE06,fundamental_quasiparticle,2D_monolayer_vdW,10.1103/PhysRevB.94.035125,Ozcelik PRB 2016 HSE06 monolayers (Table I)
GaAs_b,As_b,GaAs_b,1.88,2.06,1.88,0.28,0.0,Type I,Type I,DFT_HSE06_monolayer,HSE06,fundamental_quasiparticle,2D_monolayer_vdW,10.1103/PhysRevB.94.035125,Ozcelik PRB 2016 HSE06 monolayers (Table I)
GaAs_b,As_w,GaAs_b,1.88,1.25,1.88,0.05,0.0,Type I,Type I,DFT_HSE06_monolayer,HSE06,fundamental_quasiparticle,2D_monolayer_vdW,10.1103/PhysRevB.94.035125,Ozcelik PRB 2016 HSE06 monolayers (Table I)
GaAs_b,Sb_b,GaAs_b,1.88,1.22,1.88,0.5,0.0,Type I,Type I,DFT_HSE06_monolayer,HSE06,fundamental_quasiparticle,2D_monolayer_vdW,10.1103/PhysRevB.94.035125,Ozcelik PRB 2016 HSE06 monolayers (Table I)
GaAs_b,2H-MoS2,GaAs_b,1.88,2.15,1.88,-0.42,0.0,Type I,Type I,DFT_HSE06_monolayer,HSE06,fundamental_quasiparticle,2D_monolayer_vdW,10.1103/PhysRevB.94.035125,Ozcelik PRB 2016 HSE06 monolayers (Table I)
GaAs_b,2H-MoSe2,GaAs_b,1.88,1.87,1.88,0.09,0.0,Type I,Type I,DFT_HSE06_monolayer,HSE06,fundamental_quasiparticle,2D_monolayer_vdW,10.1103/PhysRevB.94.035125,Ozcelik PRB 2016 HSE06 monolayers (Table I)
GaAs_b,2H-MoTe2,GaAs_b,1.88,1.47,1.88,0.14,0.0,Type I,Type I,DFT_HSE06_monolayer,HSE06,fundamental_quasiparticle,2D_monolayer_vdW,10.1103/PhysRevB.94.035125,Ozcelik PRB 2016 HSE06 monolayers (Table I)
GaAs_b,2H-WS2,GaAs_b,1.88,2.09,1.88,-0.01,0.0,Type I,Type I,DFT_HSE06_monolayer,HSE06,fundamental_quasiparticle,2D_monolayer_vdW,10.1103/PhysRevB.94.035125,Ozcelik PRB 2016 HSE06 monolayers (Table I)
GaAs_b,2H-WSe2,GaAs_b,1.88,1.75,1.88,0.39,0.0,Type I,Type I,DFT_HSE06_monolayer,HSE06,fundamental_quasiparticle,2D_monolayer_vdW,10.1103/PhysRevB.94.035125,Ozcelik PRB 2016 HSE06 monolayers (Table I)
GaAs_b,2H-WTe2,GaAs_b,1.88,1.21,1.88,0.51,0.0,Type I,Type I,DFT_HSE06_monolayer,HSE06,fundamental_quasiparticle,2D_monolayer_vdW,10.1103/PhysRevB.94.035125,Ozcelik PRB 2016 HSE06 monolayers (Table I)
GaAs_b,1T-HfS2,GaAs_b,1.88,1.99,1.88,-0.99,0.0,Type I,Type I,DFT_HSE06_monolayer,HSE06,fundamental_quasiparticle,2D_monolayer_vdW,10.1103/PhysRevB.94.035125,Ozcelik PRB 2016 HSE06 monolayers (Table I)
GaAs_b,1T-HfSe2,GaAs_b,1.88,1.02,1.88,-0.98,0.0,Type I,Type I,DFT_HSE06_monolayer,HSE06,fundamental_quasiparticle,2D_monolayer_vdW,10.1103/PhysRevB.94.035125,Ozcelik PRB 2016 HSE06 monolayers (Table I)
GaAs_b,1T_d-ReS2,GaAs_b,1.88,1.96,1.88,-0.52,0.0,Type I,Type I,DFT_HSE06_monolayer,HSE06,fundamental_quasiparticle,2D_monolayer_vdW,10.1103/PhysRevB.94.035125,Ozcelik PRB 2016 HSE06 monolayers (Table I)
GaAs_b,TiS3,GaAs_b,1.88,1.04,1.88,0.47,0.0,Type I,Type I,DFT_HSE06_monolayer,HSE06,fundamental_quasiparticle,2D_monolayer_vdW,10.1103/PhysRevB.94.035125,Ozcelik PRB 2016 HSE06 monolayers (Table I)
GaAs_b,HfS3,GaAs_b,1.88,1.87,1.88,1.04,0.0,Type I,Type I,DFT_HSE06_monolayer,HSE06,fundamental_quasiparticle,2D_monolayer_vdW,10.1103/PhysRevB.94.035125,Ozcelik PRB 2016 HSE06 monolayers (Table I)
GaAs_b,HfSe3,GaAs_b,1.88,0.98,1.88,0.44,0.0,Type I,Type I,DFT_HSE06_monolayer,HSE06,fundamental_quasiparticle,2D_monolayer_vdW,10.1103/PhysRevB.94.035125,Ozcelik PRB 2016 HSE06 monolayers (Table I)
GaAs_b,ZrS3,GaAs_b,1.88,1.89,1.88,1.19,0.0,Type I,Type I,DFT_HSE06_monolayer,HSE06,fundamental_quasiparticle,2D_monolayer_vdW,10.1103/PhysRevB.94.035125,Ozcelik PRB 2016 HSE06 monolayers (Table I)
GaAs_b,ZrSe3,GaAs_b,1.88,0.95,1.88,0.5,0.0,Type I,Type I,DFT_HSE06_monolayer,HSE06,fundamental_quasiparticle,2D_monolayer_vdW,10.1103/PhysRevB.94.035125,Ozcelik PRB 2016 HSE06 monolayers (Table I)
GaSb_b,BP,GaSb_b,1.13,1.59,1.13,-0.6,0.0,Type I,Type I,DFT_HSE06_monolayer,HSE06,fundamental_quasiparticle,2D_monolayer_vdW,10.1103/PhysRevB.94.035125,Ozcelik PRB 2016 HSE06 monolayers (Table I)
GaSb_b,BAs,GaSb_b,1.13,1.43,1.13,-0.54,0.0,Type I,Type I,DFT_HSE06_monolayer,HSE06,fundamental_quasiparticle,2D_monolayer_vdW,10.1103/PhysRevB.94.035125,Ozcelik PRB 2016 HSE06 monolayers (Table I)
GaSb_b,BSb,GaSb_b,1.13,0.91,1.13,-0.68,0.0,Type I,Type I,DFT_HSE06_monolayer,HSE06,fundamental_quasiparticle,2D_monolayer_vdW,10.1103/PhysRevB.94.035125,Ozcelik PRB 2016 HSE06 monolayers (Table I)
GaSb_b,GaP_b,GaSb_b,1.13,2.49,1.13,1.44,0.0,Type I,Type I,DFT_HSE06_monolayer,HSE06,fundamental_quasiparticle,2D_monolayer_vdW,10.1103/PhysRevB.94.035125,Ozcelik PRB 2016 HSE06 monolayers (Table I)
GaSb_b,GaAs_b,GaSb_b,1.13,1.88,1.13,-0.52,0.0,Type I,Type I,DFT_HSE06_monolayer,HSE06,fundamental_quasiparticle,2D_monolayer_vdW,10.1103/PhysRevB.94.035125,Ozcelik PRB 2016 HSE06 monolayers (Table I)
GaSb_b,InN,GaSb_b,1.13,1.35,1.13,-0.52,0.0,Type I,Type I,DFT_HSE06_monolayer,HSE06,fundamental_quasiparticle,2D_monolayer_vdW,10.1103/PhysRevB.94.035125,Ozcelik PRB 2016 HSE06 monolayers (Table I)
GaSb_b,InP_b,GaSb_b,1.13,1.16,1.13,0.04,0.0,Type I,Type I,DFT_HSE06_monolayer,HSE06,fundamental_quasiparticle,2D_monolayer_vdW,10.1103/PhysRevB.94.035125,Ozcelik PRB 2016 HSE06 monolayers (Table I)
GaSb_b,InAs_b,GaSb_b,1.13,1.04,1.13,0.19,0.0,Type I,Type I,DFT_HSE06_monolayer,HSE06,fundamental_quasiparticle,2D_monolayer_vdW,10.1103/PhysRevB.94.035125,Ozcelik PRB 2016 HSE06 monolayers (Table I)
GaSb_b,InSb_b,GaSb_b,1.13,0.97,1.13,0.12,0.0,Type I,Type I,DFT_HSE06_monolayer,HSE06,fundamental_quasiparticle,2D_monolayer_vdW,10.1103/PhysRevB.94.035125,Ozcelik PRB 2016 HSE06 monolayers (Table I)
GaSb_b,SiGe_b,GaSb_b,1.13,0.55,1.13,-1.01,0.0,Type I,Type I,DFT_HSE06_monolayer,HSE06,fundamental_quasiparticle,2D_monolayer_vdW,10.1103/PhysRevB.94.035125,Ozcelik PRB 2016 HSE06 monolayers (Table I)
GaSb_b,SiSn_b,GaSb_b,1.13,0.59,1.13,-0.82,0.0,Type I,Type I,DFT_HSE06_monolayer,HSE06,fundamental_quasiparticle,2D_monolayer_vdW,10.1103/PhysRevB.94.035125,Ozcelik PRB 2016 HSE06 monolayers (Table I)
GaSb_b,GeSn_b,GaSb_b,1.13,0.46,1.13,-0.83,0.0,Type I,Type I,DFT_HSE06_monolayer,HSE06,fundamental_quasiparticle,2D_monolayer_vdW,10.1103/PhysRevB.94.035125,Ozcelik PRB 2016 HSE06 monolayers (Table I)
GaSb_b,P_b,GaSb_b,1.13,2.73,1.13,-0.57,0.0,Type I,Type I,DFT_HSE06_monolayer,HSE06,fundamental_quasiparticle,2D_monolayer_vdW,10.1103/PhysRevB.94.035125,Ozcelik PRB 2016 HSE06 monolayers (Table I)
GaSb_b,P_w,GaSb_b,1.13,1.53,1.13,-0.74,0.0,Type I,Type I,DFT_HSE06_monolayer,HSE06,fundamental_quasiparticle,2D_monolayer_vdW,10.1103/PhysRevB.94.035125,Ozcelik PRB 2016 HSE06 monolayers (Table I)
GaSb_b,As_b,GaSb_b,1.13,2.06,1.13,-0.24,0.0,Type I,Type I,DFT_HSE06_monolayer,HSE06,fundamental_quasiparticle,2D_monolayer_vdW,10.1103/PhysRevB.94.035125,Ozcelik PRB 2016 HSE06 monolayers (Table I)
GaSb_b,As_w,GaSb_b,1.13,1.25,1.13,-0.47,0.0,Type I,Type I,DFT_HSE06_monolayer,HSE06,fundamental_quasiparticle,2D_monolayer_vdW,10.1103/PhysRevB.94.035125,Ozcelik PRB 2016 HSE06 monolayers (Table I)
GaSb_b,Sb_b,GaSb_b,1.13,1.22,1.13,-0.02,0.0,Type I,Type I,DFT_HSE06_monolayer,HSE06,fundamental_quasiparticle,2D_monolayer_vdW,10.1103/PhysRevB.94.035125,Ozcelik PRB 2016 HSE06 monolayers (Table I)
GaSb_b,2H-MoS2,GaSb_b,1.13,2.15,1.13,-0.94,0.0,Type I,Type I,DFT_HSE06_monolayer,HSE06,fundamental_quasiparticle,2D_monolayer_vdW,10.1103/PhysRevB.94.035125,Ozcelik PRB 2016 HSE06 monolayers (Table I)
GaSb_b,2H-MoSe2,GaSb_b,1.13,1.87,1.13,-0.43,0.0,Type I,Type I,DFT_HSE06_monolayer,HSE06,fundamental_quasiparticle,2D_monolayer_vdW,10.1103/PhysRevB.94.035125,Ozcelik PRB 2016 HSE06 monolayers (Table I)
GaSb_b,2H-MoTe2,GaSb_b,1.13,1.47,1.13,-0.38,0.0,Type I,Type I,DFT_HSE06_monolayer,HSE06,fundamental_quasiparticle,2D_monolayer_vdW,10.1103/PhysRevB.94.035125,Ozcelik PRB 2016 HSE06 monolayers (Table I)
GaSb_b,2H-WS2,GaSb_b,1.13,2.09,1.13,-0.53,0.0,Type I,Type I,DFT_HSE06_monolayer,HSE06,fundamental_quasiparticle,2D_monolayer_vdW,10.1103/PhysRevB.94.035125,Ozcelik PRB 2016 HSE06 monolayers (Table I)
GaSb_b,2H-WSe2,GaSb_b,1.13,1.75,1.13,-0.13,0.0,Type I,Type I,DFT_HSE06_monolayer,HSE06,fundamental_quasiparticle,2D_monolayer_vdW,10.1103/PhysRevB.94.035125,Ozcelik PRB 2016 HSE06 monolayers (Table I)
GaSb_b,2H-WTe2,GaSb_b,1.13,1.21,1.13,-0.01,0.0,Type I,Type I,DFT_HSE06_monolayer,HSE06,fundamental_quasiparticle,2D_monolayer_vdW,10.1103/PhysRevB.94.035125,Ozcelik PRB 2016 HSE06 monolayers (Table I)
GaSb_b,1T-HfS2,GaSb_b,1.13,1.99,1.13,-1.51,0.0,Type I,Type I,DFT_HSE06_monolayer,HSE06,fundamental_quasiparticle,2D_monolayer_vdW,10.1103/PhysRevB.94.035125,Ozcelik PRB 2016 HSE06 monolayers (Table I)
GaSb_b,1T-HfSe2,GaSb_b,1.13,1.02,1.13,-1.5,0.0,Type I,Type I,DFT_HSE06_monolayer,HSE06,fundamental_quasiparticle,2D_monolayer_vdW,10.1103/PhysRevB.94.035125,Ozcelik PRB 2016 HSE06 monolayers (Table I)
GaSb_b,1T_d-ReS2,GaSb_b,1.13,1.96,1.13,-1.04,0.0,Type I,Type I,DFT_HSE06_monolayer,HSE06,fundamental_quasiparticle,2D_monolayer_vdW,10.1103/PhysRevB.94.035125,Ozcelik PRB 2016 HSE06 monolayers (Table I)
GaSb_b,1T_d-ReSe2,GaSb_b,1.13,1.7,1.13,-0.56,0.0,Type I,Type I,DFT_HSE06_monolayer,HSE06,fundamental_quasiparticle,2D_monolayer_vdW,10.1103/PhysRevB.94.035125,Ozcelik PRB 2016 HSE06 monolayers (Table I)
InN,BP,InN,1.35,1.59,1.35,-0.08,0.0,Type I,Type I,DFT_HSE06_monolayer,HSE06,fundamental_quasiparticle,2D_monolayer_vdW,10.1103/PhysRevB.94.035125,Ozcelik PRB 2016 HSE06 monolayers (Table I)
InN,BAs,InN,1.35,1.43,1.35,-0.02,0.0,Type I,Type I,DFT_HSE06_monolayer,HSE06,fundamental_quasiparticle,2D_monolayer_vdW,10.1103/PhysRevB.94.035125,Ozcelik PRB 2016 HSE06 monolayers (Table I)
InN,AlSb_b,InN,1.35,2.09,1.35,1.47,0.0,Type I,Type I,DFT_HSE06_monolayer,HSE06,fundamental_quasiparticle,2D_monolayer_vdW,10.1103/PhysRevB.94.035125,Ozcelik PRB 2016 HSE06 monolayers (Table I)
InN,GaP_b,InN,1.35,2.49,1.35,1.96,0.0,Type I,Type I,DFT_HSE06_monolayer,HSE06,fundamental_quasiparticle,2D_monolayer_vdW,10.1103/PhysRevB.94.035125,Ozcelik PRB 2016 HSE06 monolayers (Table I)
InN,GaSb_b,InN,1.35,1.13,1.35,0.52,0.0,Type I,Type I,DFT_HSE06_monolayer,HSE06,fundamental_quasiparticle,2D_monolayer_vdW,10.1103/PhysRevB.94.035125,Ozcelik PRB 2016 HSE06 monolayers (Table I)
InN,InP_b,InN,1.35,1.16,1.35,0.56,0.0,Type I,Type I,DFT_HSE06_monolayer,HSE06,fundamental_quasiparticle,2D_monolayer_vdW,10.1103/PhysRevB.94.035125,Ozcelik PRB 2016 HSE06 monolayers (Table I)
InN,InAs_b,InN,1.35,1.04,1.35,0.71,0.0,Type I,Type I,DFT_HSE06_monolayer,HSE06,fundamental_quasiparticle,2D_monolayer_vdW,10.1103/PhysRevB.94.035125,Ozcelik PRB 2016 HSE06 monolayers (Table I)
InN,InSb_b,InN,1.35,0.97,1.35,0.64,0.0,Type I,Type I,DFT_HSE06_monolayer,HSE06,fundamental_quasiparticle,2D_monolayer_vdW,10.1103/PhysRevB.94.035125,Ozcelik PRB 2016 HSE06 monolayers (Table I)
InN,SnC,InN,1.35,1.85,1.35,0.76,0.0,Type I,Type I,DFT_HSE06_monolayer,HSE06,fundamental_quasiparticle,2D_monolayer_vdW,10.1103/PhysRevB.94.035125,Ozcelik PRB 2016 HSE06 monolayers (Table I)
InN,P_b,InN,1.35,2.73,1.35,-0.05,0.0,Type I,Type I,DFT_HSE06_monolayer,HSE06,fundamental_quasiparticle,2D_monolayer_vdW,10.1103/PhysRevB.94.035125,Ozcelik PRB 2016 HSE06 monolayers (Table I)
InN,P_w,InN,1.35,1.53,1.35,-0.22,0.0,Type I,Type I,DFT_HSE06_monolayer,HSE06,fundamental_quasiparticle,2D_monolayer_vdW,10.1103/PhysRevB.94.035125,Ozcelik PRB 2016 HSE06 monolayers (Table I)
InN,As_w,InN,1.35,1.25,1.35,0.05,0.0,Type I,Type I,DFT_HSE06_monolayer,HSE06,fundamental_quasiparticle,2D_monolayer_vdW,10.1103/PhysRevB.94.035125,Ozcelik PRB 2016 HSE06 monolayers (Table I)
InN,Sb_b,InN,1.35,1.22,1.35,0.5,0.0,Type I,Type I,DFT_HSE06_monolayer,HSE06,fundamental_quasiparticle,2D_monolayer_vdW,10.1103/PhysRevB.94.035125,Ozcelik PRB 2016 HSE06 monolayers (Table I)
InN,2H-MoS2,InN,1.35,2.15,1.35,-0.42,0.0,Type I,Type I,DFT_HSE06_monolayer,HSE06,fundamental_quasiparticle,2D_monolayer_vdW,10.1103/PhysRevB.94.035125,Ozcelik PRB 2016 HSE06 monolayers (Table I)
InN,2H-MoTe2,InN,1.35,1.47,1.35,0.14,0.0,Type I,Type I,DFT_HSE06_monolayer,HSE06,fundamental_quasiparticle,2D_monolayer_vdW,10.1103/PhysRevB.94.035125,Ozcelik PRB 2016 HSE06 monolayers (Table I)
InN,2H-WS2,InN,1.35,2.09,1.35,-0.01,0.0,Type I,Type I,DFT_HSE06_monolayer,HSE06,fundamental_quasiparticle,2D_monolayer_vdW,10.1103/PhysRevB.94.035125,Ozcelik PRB 2016 HSE06 monolayers (Table I)
InN,2H-WTe2,InN,1.35,1.21,1.35,0.51,0.0,Type I,Type I,DFT_HSE06_monolayer,HSE06,fundamental_quasiparticle,2D_monolayer_vdW,10.1103/PhysRevB.94.035125,Ozcelik PRB 2016 HSE06 monolayers (Table I)
InN,1T-HfS2,InN,1.35,1.99,1.35,-0.99,0.0,Type I,Type I,DFT_HSE06_monolayer,HSE06,fundamental_quasiparticle,2D_monolayer_vdW,10.1103/PhysRevB.94.035125,Ozcelik PRB 2016 HSE06 monolayers (Table I)
InN,1T-HfSe2,InN,1.35,1.02,1.35,-0.98,0.0,Type I,Type I,DFT_HSE06_monolayer,HSE06,fundamental_quasiparticle,2D_monolayer_vdW,10.1103/PhysRevB.94.035125,Ozcelik PRB 2016 HSE06 monolayers (Table I)
InN,1T_d-ReS2,InN,1.35,1.96,1.35,-0.52,0.0,Type I,Type I,DFT_HSE06_monolayer,HSE06,fundamental_quasiparticle,2D_monolayer_vdW,10.1103/PhysRevB.94.035125,Ozcelik PRB 2016 HSE06 monolayers (Table I)
InN,1T_d-ReSe2,InN,1.35,1.7,1.35,-0.04,0.0,Type I,Type I,DFT_HSE06_monolayer,HSE06,fundamental_quasiparticle,2D_monolayer_vdW,10.1103/PhysRevB.94.035125,Ozcelik PRB 2016 HSE06 monolayers (Table I)
InN,TiS3,InN,1.35,1.04,1.35,0.47,0.0,Type I,Type I,DFT_HSE06_monolayer,HSE06,fundamental_quasiparticle,2D_monolayer_vdW,10.1103/PhysRevB.94.035125,Ozcelik PRB 2016 HSE06 monolayers (Table I)
InN,HfS3,InN,1.35,1.87,1.35,1.04,0.0,Type I,Type I,DFT_HSE06_monolayer,HSE06,fundamental_quasiparticle,2D_monolayer_vdW,10.1103/PhysRevB.94.035125,Ozcelik PRB 2016 HSE06 monolayers (Table I)
InN,HfSe3,InN,1.35,0.98,1.35,0.44,0.0,Type I,Type I,DFT_HSE06_monolayer,HSE06,fundamental_quasiparticle,2D_monolayer_vdW,10.1103/PhysRevB.94.035125,Ozcelik PRB 2016 HSE06 monolayers (Table I)
InN,ZrS3,InN,1.35,1.89,1.35,1.19,0.0,Type I,Type I,DFT_HSE06_monolayer,HSE06,fundamental_quasiparticle,2D_monolayer_vdW,10.1103/PhysRevB.94.035125,Ozcelik PRB 2016 HSE06 monolayers (Table I)
InN,ZrSe3,InN,1.35,0.95,1.35,0.5,0.0,Type I,Type I,DFT_HSE06_monolayer,HSE06,fundamental_quasiparticle,2D_monolayer_vdW,10.1103/PhysRevB.94.035125,Ozcelik PRB 2016 HSE06 monolayers (Table I)
InP_b,BP,InP_b,1.16,1.59,1.16,-0.64,0.0,Type I,Type I,DFT_HSE06_monolayer,HSE06,fundamental_quasiparticle,2D_monolayer_vdW,10.1103/PhysRevB.94.035125,Ozcelik PRB 2016 HSE06 monolayers (Table I)
InP_b,BAs,InP_b,1.16,1.43,1.16,-0.58,0.0,Type I,Type I,DFT_HSE06_monolayer,HSE06,fundamental_quasiparticle,2D_monolayer_vdW,10.1103/PhysRevB.94.035125,Ozcelik PRB 2016 HSE06 monolayers (Table I)
InP_b,BSb,InP_b,1.16,0.91,1.16,-0.72,0.0,Type I,Type I,DFT_HSE06_monolayer,HSE06,fundamental_quasiparticle,2D_monolayer_vdW,10.1103/PhysRevB.94.035125,Ozcelik PRB 2016 HSE06 monolayers (Table I)
InP_b,AlAs,InP_b,1.16,2.35,1.16,-0.03,0.0,Type I,Type I,DFT_HSE06_monolayer,HSE06,fundamental_quasiparticle,2D_monolayer_vdW,10.1103/PhysRevB.94.035125,Ozcelik PRB 2016 HSE06 monolayers (Table I)
InP_b,GaP_b,InP_b,1.16,2.49,1.16,1.4,0.0,Type I,Type I,DFT_HSE06_monolayer,HSE06,fundamental_quasiparticle,2D_monolayer_vdW,10.1103/PhysRevB.94.035125,Ozcelik PRB 2016 HSE06 monolayers (Table I)
InP_b,GaAs_b,InP_b,1.16,1.88,1.16,-0.56,0.0,Type I,Type I,DFT_HSE06_monolayer,HSE06,fundamental_quasiparticle,2D_monolayer_vdW,10.1103/PhysRevB.94.035125,Ozcelik PRB 2016 HSE06 monolayers (Table I)
InP_b,GaSb_b,InP_b,1.16,1.13,1.16,-0.04,0.0,Type I,Type I,DFT_HSE06_monolayer,HSE06,fundamental_quasiparticle,2D_monolayer_vdW,10.1103/PhysRevB.94.035125,Ozcelik PRB 2016 HSE06 monolayers (Table I)
InP_b,InN,InP_b,1.16,1.35,1.16,-0.56,0.0,Type I,Type I,DFT_HSE06_monolayer,HSE06,fundamental_quasiparticle,2D_monolayer_vdW,10.1103/PhysRevB.94.035125,Ozcelik PRB 2016 HSE06 monolayers (Table I)
InP_b,InAs_b,InP_b,1.16,1.04,1.16,0.15,0.0,Type I,Type I,DFT_HSE06_monolayer,HSE06,fundamental_quasiparticle,2D_monolayer_vdW,10.1103/PhysRevB.94.035125,Ozcelik PRB 2016 HSE06 monolayers (Table I)
InP_b,InSb_b,InP_b,1.16,0.97,1.16,0.08,0.0,Type I,Type I,DFT_HSE06_monolayer,HSE06,fundamental_quasiparticle,2D_monolayer_vdW,10.1103/PhysRevB.94.035125,Ozcelik PRB 2016 HSE06 monolayers (Table I)
InP_b,SiGe_b,InP_b,1.16,0.55,1.16,-1.05,0.0,Type I,Type I,DFT_HSE06_monolayer,HSE06,fundamental_quasiparticle,2D_monolayer_vdW,10.1103/PhysRevB.94.035125,Ozcelik PRB 2016 HSE06 monolayers (Table I)
InP_b,SiSn_b,InP_b,1.16,0.59,1.16,-0.86,0.0,Type I,Type I,DFT_HSE06_monolayer,HSE06,fundamental_quasiparticle,2D_monolayer_vdW,10.1103/PhysRevB.94.035125,Ozcelik PRB 2016 HSE06 monolayers (Table I)
InP_b,GeSn_b,InP_b,1.16,0.46,1.16,-0.87,0.0,Type I,Type I,DFT_HSE06_monolayer,HSE06,fundamental_quasiparticle,2D_monolayer_vdW,10.1103/PhysRevB.94.035125,Ozcelik PRB 2016 HSE06 monolayers (Table I)
InP_b,P_b,InP_b,1.16,2.73,1.16,-0.61,0.0,Type I,Type I,DFT_HSE06_monolayer,HSE06,fundamental_quasiparticle,2D_monolayer_vdW,10.1103/PhysRevB.94.035125,Ozcelik PRB 2016 HSE06 monolayers (Table I)
InP_b,P_w,InP_b,1.16,1.53,1.16,-0.78,0.0,Type I,Type I,DFT_HSE06_monolayer,HSE06,fundamental_quasiparticle,2D_monolayer_vdW,10.1103/PhysRevB.94.035125,Ozcelik PRB 2016 HSE06 monolayers (Table I)
InP_b,As_b,InP_b,1.16,2.06,1.16,-0.28,0.0,Type I,Type I,DFT_HSE06_monolayer,HSE06,fundamental_quasiparticle,2D_monolayer_vdW,10.1103/PhysRevB.94.035125,Ozcelik PRB 2016 HSE06 monolayers (Table I)
InP_b,As_w,InP_b,1.16,1.25,1.16,-0.51,0.0,Type I,Type I,DFT_HSE06_monolayer,HSE06,fundamental_quasiparticle,2D_monolayer_vdW,10.1103/PhysRevB.94.035125,Ozcelik PRB 2016 HSE06 monolayers (Table I)
InP_b,Sb_b,InP_b,1.16,1.22,1.16,-0.06,0.0,Type I,Type I,DFT_HSE06_monolayer,HSE06,fundamental_quasiparticle,2D_monolayer_vdW,10.1103/PhysRevB.94.035125,Ozcelik PRB 2016 HSE06 monolayers (Table I)
InP_b,2H-MoS2,InP_b,1.16,2.15,1.16,-0.98,0.0,Type I,Type I,DFT_HSE06_monolayer,HSE06,fundamental_quasiparticle,2D_monolayer_vdW,10.1103/PhysRevB.94.035125,Ozcelik PRB 2016 HSE06 monolayers (Table I)
InP_b,2H-MoSe2,InP_b,1.16,1.87,1.16,-0.47,0.0,Type I,Type I,DFT_HSE06_monolayer,HSE06,fundamental_quasiparticle,2D_monolayer_vdW,10.1103/PhysRevB.94.035125,Ozcelik PRB 2016 HSE06 monolayers (Table I)
InP_b,2H-MoTe2,InP_b,1.16,1.47,1.16,-0.42,0.0,Type I,Type I,DFT_HSE06_monolayer,HSE06,fundamental_quasiparticle,2D_monolayer_vdW,10.1103/PhysRevB.94.035125,Ozcelik PRB 2016 HSE06 monolayers (Table I)
InP_b,2H-WS2,InP_b,1.16,2.09,1.16,-0.57,0.0,Type I,Type I,DFT_HSE06_monolayer,HSE06,fundamental_quasiparticle,2D_monolayer_vdW,10.1103/PhysRevB.94.035125,Ozcelik PRB 2016 HSE06 monolayers (Table I)
InP_b,2H-WSe2,InP_b,1.16,1.75,1.16,-0.17,0.0,Type I,Type I,DFT_HSE06_monolayer,HSE06,fundamental_quasiparticle,2D_monolayer_vdW,10.1103/PhysRevB.94.035125,Ozcelik PRB 2016 HSE06 monolayers (Table I)
InP_b,2H-WTe2,InP_b,1.16,1.21,1.16,-0.05,0.0,Type I,Type I,DFT_HSE06_monolayer,HSE06,fundamental_quasiparticle,2D_monolayer_vdW,10.1103/PhysRevB.94.035125,Ozcelik PRB 2016 HSE06 monolayers (Table I)
InP_b,1T-HfS2,InP_b,1.16,1.99,1.16,-1.55,0.0,Type I,Type I,DFT_HSE06_monolayer,HSE06,fundamental_quasiparticle,2D_monolayer_vdW,10.1103/PhysRevB.94.035125,Ozcelik PRB 2016 HSE06 monolayers (Table I)
InP_b,1T-HfSe2,InP_b,1.16,1.02,1.16,-1.54,0.0,Type I,Type I,DFT_HSE06_monolayer,HSE06,fundamental_quasiparticle,2D_monolayer_vdW,10.1103/PhysRevB.94.035125,Ozcelik PRB 2016 HSE06 monolayers (Table I)
InP_b,1T_d-ReS2,InP_b,1.16,1.96,1.16,-1.08,0.0,Type I,Type I,DFT_HSE06_monolayer,HSE06,fundamental_quasiparticle,2D_monolayer_vdW,10.1103/PhysRevB.94.035125,Ozcelik PRB 2016 HSE06 monolayers (Table I)
InP_b,1T_d-ReSe2,InP_b,1.16,1.7,1.16,-0.6,0.0,Type I,Type I,DFT_HSE06_monolayer,HSE06,fundamental_quasiparticle,2D_monolayer_vdW,10.1103/PhysRevB.94.035125,Ozcelik PRB 2016 HSE06 monolayers (Table I)
InAs_b,BP,InAs_b,1.04,1.59,1.04,-0.79,0.0,Type I,Type I,DFT_HSE06_monolayer,HSE06,fundamental_quasiparticle,2D_monolayer_vdW,10.1103/PhysRevB.94.035125,Ozcelik PRB 2016 HSE06 monolayers (Table I)
InAs_b,BAs,InAs_b,1.04,1.43,1.04,-0.73,0.0,Type I,Type I,DFT_HSE06_monolayer,HSE06,fundamental_quasiparticle,2D_monolayer_vdW,10.1103/PhysRevB.94.035125,Ozcelik PRB 2016 HSE06 monolayers (Table I)
InAs_b,BSb,InAs_b,1.04,0.91,1.04,-0.87,0.0,Type I,Type I,DFT_HSE06_monolayer,HSE06,fundamental_quasiparticle,2D_monolayer_vdW,10.1103/PhysRevB.94.035125,Ozcelik PRB 2016 HSE06 monolayers (Table I)
InAs_b,AlAs,InAs_b,1.04,2.35,1.04,-0.18,0.0,Type I,Type I,DFT_HSE06_monolayer,HSE06,fundamental_quasiparticle,2D_monolayer_vdW,10.1103/PhysRevB.94.035125,Ozcelik PRB 2016 HSE06 monolayers (Table I)
InAs_b,GaAs_b,InAs_b,1.04,1.88,1.04,-0.71,0.0,Type I,Type I,DFT_HSE06_monolayer,HSE06,fundamental_quasiparticle,2D_monolayer_vdW,10.1103/PhysRevB.94.035125,Ozcelik PRB 2016 HSE06 monolayers (Table I)
InAs_b,GaSb_b,InAs_b,1.04,1.13,1.04,-0.19,0.0,Type I,Type I,DFT_HSE06_monolayer,HSE06,fundamental_quasiparticle,2D_monolayer_vdW,10.1103/PhysRevB.94.035125,Ozcelik PRB 2016 HSE06 monolayers (Table I)
InAs_b,InN,InAs_b,1.04,1.35,1.04,-0.71,0.0,Type I,Type I,DFT_HSE06_monolayer,HSE06,fundamental_quasiparticle,2D_monolayer_vdW,10.1103/PhysRevB.94.035125,Ozcelik PRB 2016 HSE06 monolayers (Table I)
InAs_b,InP_b,InAs_b,1.04,1.16,1.04,-0.15,0.0,Type I,Type I,DFT_HSE06_monolayer,HSE06,fundamental_quasiparticle,2D_monolayer_vdW,10.1103/PhysRevB.94.035125,Ozcelik PRB 2016 HSE06 monolayers (Table I)
InAs_b,InSb_b,InAs_b,1.04,0.97,1.04,-0.07,0.0,Type I,Type I,DFT_HSE06_monolayer,HSE06,fundamental_quasiparticle,2D_monolayer_vdW,10.1103/PhysRevB.94.035125,Ozcelik PRB 2016 HSE06 monolayers (Table I)
InAs_b,SiGe_b,InAs_b,1.04,0.55,1.04,-1.2,0.0,Type I,Type I,DFT_HSE06_monolayer,HSE06,fundamental_quasiparticle,2D_monolayer_vdW,10.1103/PhysRevB.94.035125,Ozcelik PRB 2016 HSE06 monolayers (Table I)
InAs_b,SiSn_b,InAs_b,1.04,0.59,1.04,-1.01,0.0,Type I,Type I,DFT_HSE06_monolayer,HSE06,fundamental_quasiparticle,2D_monolayer_vdW,10.1103/PhysRevB.94.035125,Ozcelik PRB 2016 HSE06 monolayers (Table I)
InAs_b,GeSn_b,InAs_b,1.04,0.46,1.04,-1.02,0.0,Type I,Type I,DFT_HSE06_monolayer,HSE06,fundamental_quasiparticle,2D_monolayer_vdW,10.1103/PhysRevB.94.035125,Ozcelik PRB 2016 HSE06 monolayers (Table I)
InAs_b,P_b,InAs_b,1.04,2.73,1.04,-0.76,0.0,Type I,Type I,DFT_HSE06_monolayer,HSE06,fundamental_quasiparticle,2D_monolayer_vdW,10.1103/PhysRevB.94.035125,Ozcelik PRB 2016 HSE06 monolayers (Table I)
InAs_b,P_w,InAs_b,1.04,1.53,1.04,-0.93,0.0,Type I,Type I,DFT_HSE06_monolayer,HSE06,fundamental_quasiparticle,2D_monolayer_vdW,10.1103/PhysRevB.94.035125,Ozcelik PRB 2016 HSE06 monolayers (Table I)
InAs_b,As_b,InAs_b,1.04,2.06,1.04,-0.43,0.0,Type I,Type I,DFT_HSE06_monolayer,HSE06,fundamental_quasiparticle,2D_monolayer_vdW,10.1103/PhysRevB.94.035125,Ozcelik PRB 2016 HSE06 monolayers (Table I)
InAs_b,As_w,InAs_b,1.04,1.25,1.04,-0.66,0.0,Type I,Type I,DFT_HSE06_monolayer,HSE06,fundamental_quasiparticle,2D_monolayer_vdW,10.1103/PhysRevB.94.035125,Ozcelik PRB 2016 HSE06 monolayers (Table I)
InAs_b,Sb_b,InAs_b,1.04,1.22,1.04,-0.21,0.0,Type I,Type I,DFT_HSE06_monolayer,HSE06,fundamental_quasiparticle,2D_monolayer_vdW,10.1103/PhysRevB.94.035125,Ozcelik PRB 2016 HSE06 monolayers (Table I)
InAs_b,2H-MoS2,InAs_b,1.04,2.15,1.04,-1.13,0.0,Type I,Type I,DFT_HSE06_monolayer,HSE06,fundamental_quasiparticle,2D_monolayer_vdW,10.1103/PhysRevB.94.035125,Ozcelik PRB 2016 HSE06 monolayers (Table I)
InAs_b,2H-MoSe2,InAs_b,1.04,1.87,1.04,-0.62,0.0,Type I,Type I,DFT_HSE06_monolayer,HSE06,fundamental_quasiparticle,2D_monolayer_vdW,10.1103/PhysRevB.94.035125,Ozcelik PRB 2016 HSE06 monolayers (Table I)
InAs_b,2H-MoTe2,InAs_b,1.04,1.47,1.04,-0.57,0.0,Type I,Type I,DFT_HSE06_monolayer,HSE06,fundamental_quasiparticle,2D_monolayer_vdW,10.1103/PhysRevB.94.035125,Ozcelik PRB 2016 HSE06 monolayers (Table I)
InAs_b,2H-WS2,InAs_b,1.04,2.09,1.04,-0.72,0.0,Type I,Type I,DFT_HSE06_monolayer,HSE06,fundamental_quasiparticle,2D_monolayer_vdW,10.1103/PhysRevB.94.035125,Ozcelik PRB 2016 HSE06 monolayers (Table I)
InAs_b,2H-WSe2,InAs_b,1.04,1.75,1.04,-0.32,0.0,Type I,Type I,DFT_HSE06_monolayer,HSE06,fundamental_quasiparticle,2D_monolayer_vdW,10.1103/PhysRevB.94.035125,Ozcelik PRB 2016 HSE06 monolayers (Table I)
InAs_b,2H-WTe2,InAs_b,1.04,1.21,1.04,-0.2,0.0,Type I,Type I,DFT_HSE06_monolayer,HSE06,fundamental_quasiparticle,2D_monolayer_vdW,10.1103/PhysRevB.94.035125,Ozcelik PRB 2016 HSE06 monolayers (Table I)
InAs_b,1T-HfS2,InAs_b,1.04,1.99,1.04,-1.7,0.0,Type I,Type I,DFT_HSE06_monolayer,HSE06,fundamental_quasiparticle,2D_monolayer_vdW,10.1103/PhysRevB.94.035125,Ozcelik PRB 2016 HSE06 monolayers (Table I)
InAs_b,1T-HfSe2,InAs_b,1.04,1.02,1.04,-1.69,0.0,Type I,Type I,DFT_HSE06_monolayer,HSE06,fundamental_quasiparticle,2D_monolayer_vdW,10.1103/PhysRevB.94.035125,Ozcelik PRB 2016 HSE06 monolayers (Table I)
InAs_b,1T_d-ReS2,InAs_b,1.04,1.96,1.04,-1.23,0.0,Type I,Type I,DFT_HSE06_monolayer,HSE06,fundamental_quasiparticle,2D_monolayer_vdW,10.1103/PhysRevB.94.035125,Ozcelik PRB 2016 HSE06 monolayers (Table I)
InAs_b,1T_d-ReSe2,InAs_b,1.04,1.7,1.04,-0.75,0.0,Type I,Type I,DFT_HSE06_monolayer,HSE06,fundamental_quasiparticle,2D_monolayer_vdW,10.1103/PhysRevB.94.035125,Ozcelik PRB 2016 HSE06 monolayers (Table I)
InAs_b,TiS3,InAs_b,1.04,1.04,1.04,-0.24,0.0,Type I,Type I,DFT_HSE06_monolayer,HSE06,fundamental_quasiparticle,2D_monolayer_vdW,10.1103/PhysRevB.94.035125,Ozcelik PRB 2016 HSE06 monolayers (Table I)
InAs_b,HfSe3,InAs_b,1.04,0.98,1.04,-0.27,0.0,Type I,Type I,DFT_HSE06_monolayer,HSE06,fundamental_quasiparticle,2D_monolayer_vdW,10.1103/PhysRevB.94.035125,Ozcelik PRB 2016 HSE06 monolayers (Table I)
InAs_b,ZrSe3,InAs_b,1.04,0.95,1.04,-0.21,0.0,Type I,Type I,DFT_HSE06_monolayer,HSE06,fundamental_quasiparticle,2D_monolayer_vdW,10.1103/PhysRevB.94.035125,Ozcelik PRB 2016 HSE06 monolayers (Table I)
InSb_b,BP,InSb_b,0.97,1.59,0.97,-0.72,0.0,Type I,Type I,DFT_HSE06_monolayer,HSE06,fundamental_quasiparticle,2D_monolayer_vdW,10.1103/PhysRevB.94.035125,Ozcelik PRB 2016 HSE06 monolayers (Table I)
InSb_b,BAs,InSb_b,0.97,1.43,0.97,-0.66,0.0,Type I,Type I,DFT_HSE06_monolayer,HSE06,fundamental_quasiparticle,2D_monolayer_vdW,10.1103/PhysRevB.94.035125,Ozcelik PRB 2016 HSE06 monolayers (Table I)
InSb_b,BSb,InSb_b,0.97,0.91,0.97,-0.8,0.0,Type I,Type I,DFT_HSE06_monolayer,HSE06,fundamental_quasiparticle,2D_monolayer_vdW,10.1103/PhysRevB.94.035125,Ozcelik PRB 2016 HSE06 monolayers (Table I)
InSb_b,AlAs,InSb_b,0.97,2.35,0.97,-0.11,0.0,Type I,Type I,DFT_HSE06_monolayer,HSE06,fundamental_quasiparticle,2D_monolayer_vdW,10.1103/PhysRevB.94.035125,Ozcelik PRB 2016 HSE06 monolayers (Table I)
InSb_b,GaAs_b,InSb_b,0.97,1.88,0.97,-0.64,0.0,Type I,Type I,DFT_HSE06_monolayer,HSE06,fundamental_quasiparticle,2D_monolayer_vdW,10.1103/PhysRevB.94.035125,Ozcelik PRB 2016 HSE06 monolayers (Table I)
InSb_b,GaSb_b,InSb_b,0.97,1.13,0.97,-0.12,0.0,Type I,Type I,DFT_HSE06_monolayer,HSE06,fundamental_quasiparticle,2D_monolayer_vdW,10.1103/PhysRevB.94.035125,Ozcelik PRB 2016 HSE06 monolayers (Table I)
InSb_b,InN,InSb_b,0.97,1.35,0.97,-0.64,0.0,Type I,Type I,DFT_HSE06_monolayer,HSE06,fundamental_quasiparticle,2D_monolayer_vdW,10.1103/PhysRevB.94.035125,Ozcelik PRB 2016 HSE06 monolayers (Table I)
InSb_b,InP_b,InSb_b,0.97,1.16,0.97,-0.08,0.0,Type I,Type I,DFT_HSE06_monolayer,HSE06,fundamental_quasiparticle,2D_monolayer_vdW,10.1103/PhysRevB.94.035125,Ozcelik PRB 2016 HSE06 monolayers (Table I)
InSb_b,InAs_b,InSb_b,0.97,1.04,0.97,0.07,0.0,Type I,Type I,DFT_HSE06_monolayer,HSE06,fundamental_quasiparticle,2D_monolayer_vdW,10.1103/PhysRevB.94.035125,Ozcelik PRB 2016 HSE06 monolayers (Table I)
InSb_b,SiGe_b,InSb_b,0.97,0.55,0.97,-1.13,0.0,Type I,Type I,DFT_HSE06_monolayer,HSE06,fundamental_quasiparticle,2D_monolayer_vdW,10.1103/PhysRevB.94.035125,Ozcelik PRB 2016 HSE06 monolayers (Table I)
InSb_b,SiSn_b,InSb_b,0.97,0.59,0.97,-0.94,0.0,Type I,Type I,DFT_HSE06_monolayer,HSE06,fundamental_quasiparticle,2D_monolayer_vdW,10.1103/PhysRevB.94.035125,Ozcelik PRB 2016 HSE06 monolayers (Table I)
InSb_b,GeSn_b,InSb_b,0.97,0.46,0.97,-0.95,0.0,Type I,Type I,DFT_HSE06_monolayer,HSE06,fundamental_quasiparticle,2D_monolayer_vdW,10.1103/PhysRevB.94.035125,Ozcelik PRB 2016 HSE06 monolayers (Table I)
InSb_b,P_b,InSb_b,0.97,2.73,0.97,-0.69,0.0,Type I,Type I,DFT_HSE06_monolayer,HSE06,fundamental_quasiparticle,2D_monolayer_vdW,10.1103/PhysRevB.94.035125,Ozcelik PRB 2016 HSE06 monolayers (Table I)
InSb_b,P_w,InSb_b,0.97,1.53,0.97,-0.86,0.0,Type I,Type I,DFT_HSE06_monolayer,HSE06,fundamental_quasiparticle,2D_monolayer_vdW,10.1103/PhysRevB.94.035125,Ozcelik PRB 2016 HSE06 monolayers (Table I)
InSb_b,As_b,InSb_b,0.97,2.06,0.97,-0.36,0.0,Type I,Type I,DFT_HSE06_monolayer,HSE06,fundamental_quasiparticle,2D_monolayer_vdW,10.1103/PhysRevB.94.035125,Ozcelik PRB 2016 HSE06 monolayers (Table I)
InSb_b,As_w,InSb_b,0.97,1.25,0.97,-0.59,0.0,Type I,Type I,DFT_HSE06_monolayer,HSE06,fundamental_quasiparticle,2D_monolayer_vdW,10.1103/PhysRevB.94.035125,Ozcelik PRB 2016 HSE06 monolayers (Table I)
InSb_b,Sb_b,InSb_b,0.97,1.22,0.97,-0.14,0.0,Type I,Type I,DFT_HSE06_monolayer,HSE06,fundamental_quasiparticle,2D_monolayer_vdW,10.1103/PhysRevB.94.035125,Ozcelik PRB 2016 HSE06 monolayers (Table I)
InSb_b,2H-MoS2,InSb_b,0.97,2.15,0.97,-1.06,0.0,Type I,Type I,DFT_HSE06_monolayer,HSE06,fundamental_quasiparticle,2D_monolayer_vdW,10.1103/PhysRevB.94.035125,Ozcelik PRB 2016 HSE06 monolayers (Table I)
InSb_b,2H-MoSe2,InSb_b,0.97,1.87,0.97,-0.55,0.0,Type I,Type I,DFT_HSE06_monolayer,HSE06,fundamental_quasiparticle,2D_monolayer_vdW,10.1103/PhysRevB.94.035125,Ozcelik PRB 2016 HSE06 monolayers (Table I)
InSb_b,2H-MoTe2,InSb_b,0.97,1.47,0.97,-0.5,0.0,Type I,Type I,DFT_HSE06_monolayer,HSE06,fundamental_quasiparticle,2D_monolayer_vdW,10.1103/PhysRevB.94.035125,Ozcelik PRB 2016 HSE06 monolayers (Table I)
InSb_b,2H-WS2,InSb_b,0.97,2.09,0.97,-0.65,0.0,Type I,Type I,DFT_HSE06_monolayer,HSE06,fundamental_quasiparticle,2D_monolayer_vdW,10.1103/PhysRevB.94.035125,Ozcelik PRB 2016 HSE06 monolayers (Table I)
InSb_b,2H-WSe2,InSb_b,0.97,1.75,0.97,-0.25,0.0,Type I,Type I,DFT_HSE06_monolayer,HSE06,fundamental_quasiparticle,2D_monolayer_vdW,10.1103/PhysRevB.94.035125,Ozcelik PRB 2016 HSE06 monolayers (Table I)
InSb_b,2H-WTe2,InSb_b,0.97,1.21,0.97,-0.13,0.0,Type I,Type I,DFT_HSE06_monolayer,HSE06,fundamental_quasiparticle,2D_monolayer_vdW,10.1103/PhysRevB.94.035125,Ozcelik PRB 2016 HSE06 monolayers (Table I)
InSb_b,1T-HfS2,InSb_b,0.97,1.99,0.97,-1.63,0.0,Type I,Type I,DFT_HSE06_monolayer,HSE06,fundamental_quasiparticle,2D_monolayer_vdW,10.1103/PhysRevB.94.035125,Ozcelik PRB 2016 HSE06 monolayers (Table I)
InSb_b,1T-HfSe2,InSb_b,0.97,1.02,0.97,-1.62,0.0,Type I,Type I,DFT_HSE06_monolayer,HSE06,fundamental_quasiparticle,2D_monolayer_vdW,10.1103/PhysRevB.94.035125,Ozcelik PRB 2016 HSE06 monolayers (Table I)
InSb_b,1T_d-ReS2,InSb_b,0.97,1.96,0.97,-1.16,0.0,Type I,Type I,DFT_HSE06_monolayer,HSE06,fundamental_quasiparticle,2D_monolayer_vdW,10.1103/PhysRevB.94.035125,Ozcelik PRB 2016 HSE06 monolayers (Table I)
InSb_b,1T_d-ReSe2,InSb_b,0.97,1.7,0.97,-0.68,0.0,Type I,Type I,DFT_HSE06_monolayer,HSE06,fundamental_quasiparticle,2D_monolayer_vdW,10.1103/PhysRevB.94.035125,Ozcelik PRB 2016 HSE06 monolayers (Table I)
InSb_b,TiS3,InSb_b,0.97,1.04,0.97,-0.17,0.0,Type I,Type I,DFT_HSE06_monolayer,HSE06,fundamental_quasiparticle,2D_monolayer_vdW,10.1103/PhysRevB.94.035125,Ozcelik PRB 2016 HSE06 monolayers (Table I)
InSb_b,HfSe3,InSb_b,0.97,0.98,0.97,-0.2,0.0,Type I,Type I,DFT_HSE06_monolayer,HSE06,fundamental_quasiparticle,2D_monolayer_vdW,10.1103/PhysRevB.94.035125,Ozcelik PRB 2016 HSE06 monolayers (Table I)
InSb_b,ZrSe3,InSb_b,0.97,0.95,0.97,-0.14,0.0,Type I,Type I,DFT_HSE06_monolayer,HSE06,fundamental_quasiparticle,2D_monolayer_vdW,10.1103/PhysRevB.94.035125,Ozcelik PRB 2016 HSE06 monolayers (Table I)
SiC,AlP,SiC,3.27,3.14,3.27,-0.43,0.0,Type I,Type I,DFT_HSE06_monolayer,HSE06,fundamental_quasiparticle,2D_monolayer_vdW,10.1103/PhysRevB.94.035125,Ozcelik PRB 2016 HSE06 monolayers (Table I)
SiC,AlAs,SiC,3.27,2.35,3.27,-1.04,0.0,Type I,Type I,DFT_HSE06_monolayer,HSE06,fundamental_quasiparticle,2D_monolayer_vdW,10.1103/PhysRevB.94.035125,Ozcelik PRB 2016 HSE06 monolayers (Table I)
SiC,GaN,SiC,3.27,3.23,3.27,-0.61,0.0,Type I,Type I,DFT_HSE06_monolayer,HSE06,fundamental_quasiparticle,2D_monolayer_vdW,10.1103/PhysRevB.94.035125,Ozcelik PRB 2016 HSE06 monolayers (Table I)
SiC,GaP_b,SiC,3.27,2.49,3.27,0.39,0.0,Type I,Type I,DFT_HSE06_monolayer,HSE06,fundamental_quasiparticle,2D_monolayer_vdW,10.1103/PhysRevB.94.035125,Ozcelik PRB 2016 HSE06 monolayers (Table I)
SiC,GaAs_b,SiC,3.27,1.88,3.27,-1.57,0.0,Type I,Type I,DFT_HSE06_monolayer,HSE06,fundamental_quasiparticle,2D_monolayer_vdW,10.1103/PhysRevB.94.035125,Ozcelik PRB 2016 HSE06 monolayers (Table I)
SiC,N_b,SiC,3.27,6.01,3.27,-0.48,0.0,Type I,Type I,DFT_HSE06_monolayer,HSE06,fundamental_quasiparticle,2D_monolayer_vdW,10.1103/PhysRevB.94.035125,Ozcelik PRB 2016 HSE06 monolayers (Table I)
SiC,P_b,SiC,3.27,2.73,3.27,-1.62,0.0,Type I,Type I,DFT_HSE06_monolayer,HSE06,fundamental_quasiparticle,2D_monolayer_vdW,10.1103/PhysRevB.94.035125,Ozcelik PRB 2016 HSE06 monolayers (Table I)
SiC,P_w,SiC,3.27,1.53,3.27,-1.79,0.0,Type I,Type I,DFT_HSE06_monolayer,HSE06,fundamental_quasiparticle,2D_monolayer_vdW,10.1103/PhysRevB.94.035125,Ozcelik PRB 2016 HSE06 monolayers (Table I)
SiC,As_b,SiC,3.27,2.06,3.27,-1.29,0.0,Type I,Type I,DFT_HSE06_monolayer,HSE06,fundamental_quasiparticle,2D_monolayer_vdW,10.1103/PhysRevB.94.035125,Ozcelik PRB 2016 HSE06 monolayers (Table I)
SiC,2H-MoS2,SiC,3.27,2.15,3.27,-1.99,0.0,Type I,Type I,DFT_HSE06_monolayer,HSE06,fundamental_quasiparticle,2D_monolayer_vdW,10.1103/PhysRevB.94.035125,Ozcelik PRB 2016 HSE06 monolayers (Table I)
SiC,2H-MoSe2,SiC,3.27,1.87,3.27,-1.48,0.0,Type I,Type I,DFT_HSE06_monolayer,HSE06,fundamental_quasiparticle,2D_monolayer_vdW,10.1103/PhysRevB.94.035125,Ozcelik PRB 2016 HSE06 monolayers (Table I)
SiC,2H-WS2,SiC,3.27,2.09,3.27,-1.58,0.0,Type I,Type I,DFT_HSE06_monolayer,HSE06,fundamental_quasiparticle,2D_monolayer_vdW,10.1103/PhysRevB.94.035125,Ozcelik PRB 2016 HSE06 monolayers (Table I)
SiC,1T-HfS2,SiC,3.27,1.99,3.27,-2.56,0.0,Type I,Type I,DFT_HSE06_monolayer,HSE06,fundamental_quasiparticle,2D_monolayer_vdW,10.1103/PhysRevB.94.035125,Ozcelik PRB 2016 HSE06 monolayers (Table I)
SiC,1T-HfSe2,SiC,3.27,1.02,3.27,-2.55,0.0,Type I,Type I,DFT_HSE06_monolayer,HSE06,fundamental_quasiparticle,2D_monolayer_vdW,10.1103/PhysRevB.94.035125,Ozcelik PRB 2016 HSE06 monolayers (Table I)
SiC,1T_d-ReS2,SiC,3.27,1.96,3.27,-2.09,0.0,Type I,Type I,DFT_HSE06_monolayer,HSE06,fundamental_quasiparticle,2D_monolayer_vdW,10.1103/PhysRevB.94.035125,Ozcelik PRB 2016 HSE06 monolayers (Table I)
SiC,1T_d-ReSe2,SiC,3.27,1.7,3.27,-1.61,0.0,Type I,Type I,DFT_HSE06_monolayer,HSE06,fundamental_quasiparticle,2D_monolayer_vdW,10.1103/PhysRevB.94.035125,Ozcelik PRB 2016 HSE06 monolayers (Table I)
SiGe_b,AlSb_b,SiGe_b,0.55,2.09,0.55,1.96,0.0,Type I,Type I,DFT_HSE06_monolayer,HSE06,fundamental_quasiparticle,2D_monolayer_vdW,10.1103/PhysRevB.94.035125,Ozcelik PRB 2016 HSE06 monolayers (Table I)
SiGe_b,GaP_b,SiGe_b,0.55,2.49,0.55,2.45,0.0,Type I,Type I,DFT_HSE06_monolayer,HSE06,fundamental_quasiparticle,2D_monolayer_vdW,10.1103/PhysRevB.94.035125,Ozcelik PRB 2016 HSE06 monolayers (Table I)
SiGe_b,GaSb_b,SiGe_b,0.55,1.13,0.55,1.01,0.0,Type I,Type I,DFT_HSE06_monolayer,HSE06,fundamental_quasiparticle,2D_monolayer_vdW,10.1103/PhysRevB.94.035125,Ozcelik PRB 2016 HSE06 monolayers (Table I)
SiGe_b,InP_b,SiGe_b,0.55,1.16,0.55,1.05,0.0,Type I,Type I,DFT_HSE06_monolayer,HSE06,fundamental_quasiparticle,2D_monolayer_vdW,10.1103/PhysRevB.94.035125,Ozcelik PRB 2016 HSE06 monolayers (Table I)
SiGe_b,InAs_b,SiGe_b,0.55,1.04,0.55,1.2,0.0,Type I,Type I,DFT_HSE06_monolayer,HSE06,fundamental_quasiparticle,2D_monolayer_vdW,10.1103/PhysRevB.94.035125,Ozcelik PRB 2016 HSE06 monolayers (Table I)
SiGe_b,InSb_b,SiGe_b,0.55,0.97,0.55,1.13,0.0,Type I,Type I,DFT_HSE06_monolayer,HSE06,fundamental_quasiparticle,2D_monolayer_vdW,10.1103/PhysRevB.94.035125,Ozcelik PRB 2016 HSE06 monolayers (Table I)
SiGe_b,SiSn_b,SiGe_b,0.55,0.59,0.55,0.19,0.0,Type I,Type I,DFT_HSE06_monolayer,HSE06,fundamental_quasiparticle,2D_monolayer_vdW,10.1103/PhysRevB.94.035125,Ozcelik PRB 2016 HSE06 monolayers (Table I)
SiGe_b,GeSn_b,SiGe_b,0.55,0.46,0.55,0.18,0.0,Type I,Type I,DFT_HSE06_monolayer,HSE06,fundamental_quasiparticle,2D_monolayer_vdW,10.1103/PhysRevB.94.035125,Ozcelik PRB 2016 HSE06 monolayers (Table I)
SiGe_b,Sb_b,SiGe_b,0.55,1.22,0.55,0.99,0.0,Type I,Type I,DFT_HSE06_monolayer,HSE06,fundamental_quasiparticle,2D_monolayer_vdW,10.1103/PhysRevB.94.035125,Ozcelik PRB 2016 HSE06 monolayers (Table I)
SiGe_b,2H-WTe2,SiGe_b,0.55,1.21,0.55,1.0,0.0,Type I,Type I,DFT_HSE06_monolayer,HSE06,fundamental_quasiparticle,2D_monolayer_vdW,10.1103/PhysRevB.94.035125,Ozcelik PRB 2016 HSE06 monolayers (Table I)
SiGe_b,1T-HfS2,SiGe_b,0.55,1.99,0.55,-0.5,0.0,Type I,Type I,DFT_HSE06_monolayer,HSE06,fundamental_quasiparticle,2D_monolayer_vdW,10.1103/PhysRevB.94.035125,Ozcelik PRB 2016 HSE06 monolayers (Table I)
SiGe_b,1T-HfSe2,SiGe_b,0.55,1.02,0.55,-0.49,0.0,Type I,Type I,DFT_HSE06_monolayer,HSE06,fundamental_quasiparticle,2D_monolayer_vdW,10.1103/PhysRevB.94.035125,Ozcelik PRB 2016 HSE06 monolayers (Table I)
SiGe_b,1T_d-ReS2,SiGe_b,0.55,1.96,0.55,-0.03,0.0,Type I,Type I,DFT_HSE06_monolayer,HSE06,fundamental_quasiparticle,2D_monolayer_vdW,10.1103/PhysRevB.94.035125,Ozcelik PRB 2016 HSE06 monolayers (Table I)
SiGe_b,TiS3,SiGe_b,0.55,1.04,0.55,0.96,0.0,Type I,Type I,DFT_HSE06_monolayer,HSE06,fundamental_quasiparticle,2D_monolayer_vdW,10.1103/PhysRevB.94.035125,Ozcelik PRB 2016 HSE06 monolayers (Table I)
SiGe_b,HfS3,SiGe_b,0.55,1.87,0.55,1.53,0.0,Type I,Type I,DFT_HSE06_monolayer,HSE06,fundamental_quasiparticle,2D_monolayer_vdW,10.1103/PhysRevB.94.035125,Ozcelik PRB 2016 HSE06 monolayers (Table I)
SiGe_b,HfSe3,SiGe_b,0.55,0.98,0.55,0.93,0.0,Type I,Type I,DFT_HSE06_monolayer,HSE06,fundamental_quasiparticle,2D_monolayer_vdW,10.1103/PhysRevB.94.035125,Ozcelik PRB 2016 HSE06 monolayers (Table I)
SiGe_b,ZrS3,SiGe_b,0.55,1.89,0.55,1.68,0.0,Type I,Type I,DFT_HSE06_monolayer,HSE06,fundamental_quasiparticle,2D_monolayer_vdW,10.1103/PhysRevB.94.035125,Ozcelik PRB 2016 HSE06 monolayers (Table I)
SiGe_b,ZrSe3,SiGe_b,0.55,0.95,0.55,0.99,0.0,Type I,Type I,DFT_HSE06_monolayer,HSE06,fundamental_quasiparticle,2D_monolayer_vdW,10.1103/PhysRevB.94.035125,Ozcelik PRB 2016 HSE06 monolayers (Table I)
SiSn_b,AlSb_b,SiSn_b,0.59,2.09,0.59,1.77,0.0,Type I,Type I,DFT_HSE06_monolayer,HSE06,fundamental_quasiparticle,2D_monolayer_vdW,10.1103/PhysRevB.94.035125,Ozcelik PRB 2016 HSE06 monolayers (Table I)
SiSn_b,GaP_b,SiSn_b,0.59,2.49,0.59,2.26,0.0,Type I,Type I,DFT_HSE06_monolayer,HSE06,fundamental_quasiparticle,2D_monolayer_vdW,10.1103/PhysRevB.94.035125,Ozcelik PRB 2016 HSE06 monolayers (Table I)
SiSn_b,GaSb_b,SiSn_b,0.59,1.13,0.59,0.82,0.0,Type I,Type I,DFT_HSE06_monolayer,HSE06,fundamental_quasiparticle,2D_monolayer_vdW,10.1103/PhysRevB.94.035125,Ozcelik PRB 2016 HSE06 monolayers (Table I)
SiSn_b,InP_b,SiSn_b,0.59,1.16,0.59,0.86,0.0,Type I,Type I,DFT_HSE06_monolayer,HSE06,fundamental_quasiparticle,2D_monolayer_vdW,10.1103/PhysRevB.94.035125,Ozcelik PRB 2016 HSE06 monolayers (Table I)
SiSn_b,InAs_b,SiSn_b,0.59,1.04,0.59,1.01,0.0,Type I,Type I,DFT_HSE06_monolayer,HSE06,fundamental_quasiparticle,2D_monolayer_vdW,10.1103/PhysRevB.94.035125,Ozcelik PRB 2016 HSE06 monolayers (Table I)
SiSn_b,InSb_b,SiSn_b,0.59,0.97,0.59,0.94,0.0,Type I,Type I,DFT_HSE06_monolayer,HSE06,fundamental_quasiparticle,2D_monolayer_vdW,10.1103/PhysRevB.94.035125,Ozcelik PRB 2016 HSE06 monolayers (Table I)
SiSn_b,SiGe_b,SiSn_b,0.59,0.55,0.59,-0.19,0.0,Type I,Type I,DFT_HSE06_monolayer,HSE06,fundamental_quasiparticle,2D_monolayer_vdW,10.1103/PhysRevB.94.035125,Ozcelik PRB 2016 HSE06 monolayers (Table I)
SiSn_b,Sb_b,SiSn_b,0.59,1.22,0.59,0.8,0.0,Type I,Type I,DFT_HSE06_monolayer,HSE06,fundamental_quasiparticle,2D_monolayer_vdW,10.1103/PhysRevB.94.035125,Ozcelik PRB 2016 HSE06 monolayers (Table I)
SiSn_b,2H-MoS2,SiSn_b,0.59,2.15,0.59,-0.12,0.0,Type I,Type I,DFT_HSE06_monolayer,HSE06,fundamental_quasiparticle,2D_monolayer_vdW,10.1103/PhysRevB.94.035125,Ozcelik PRB 2016 HSE06 monolayers (Table I)
SiSn_b,2H-WTe2,SiSn_b,0.59,1.21,0.59,0.81,0.0,Type I,Type I,DFT_HSE06_monolayer,HSE06,fundamental_quasiparticle,2D_monolayer_vdW,10.1103/PhysRevB.94.035125,Ozcelik PRB 2016 HSE06 monolayers (Table I)
SiSn_b,1T-HfS2,SiSn_b,0.59,1.99,0.59,-0.69,0.0,Type I,Type I,DFT_HSE06_monolayer,HSE06,fundamental_quasiparticle,2D_monolayer_vdW,10.1103/PhysRevB.94.035125,Ozcelik PRB 2016 HSE06 monolayers (Table I)
SiSn_b,1T-HfSe2,SiSn_b,0.59,1.02,0.59,-0.68,0.0,Type I,Type I,DFT_HSE06_monolayer,HSE06,fundamental_quasiparticle,2D_monolayer_vdW,10.1103/PhysRevB.94.035125,Ozcelik PRB 2016 HSE06 monolayers (Table I)
SiSn_b,1T_d-ReS2,SiSn_b,0.59,1.96,0.59,-0.22,0.0,Type I,Type I,DFT_HSE06_monolayer,HSE06,fundamental_quasiparticle,2D_monolayer_vdW,10.1103/PhysRevB.94.035125,Ozcelik PRB 2016 HSE06 monolayers (Table I)
SiSn_b,TiS3,SiSn_b,0.59,1.04,0.59,0.77,0.0,Type I,Type I,DFT_HSE06_monolayer,HSE06,fundamental_quasiparticle,2D_monolayer_vdW,10.1103/PhysRevB.94.035125,Ozcelik PRB 2016 HSE06 monolayers (Table I)
SiSn_b,HfS3,SiSn_b,0.59,1.87,0.59,1.34,0.0,Type I,Type I,DFT_HSE06_monolayer,HSE06,fundamental_quasiparticle,2D_monolayer_vdW,10.1103/PhysRevB.94.035125,Ozcelik PRB 2016 HSE06 monolayers (Table I)
SiSn_b,HfSe3,SiSn_b,0.59,0.98,0.59,0.74,0.0,Type I,Type I,DFT_HSE06_monolayer,HSE06,fundamental_quasiparticle,2D_monolayer_vdW,10.1103/PhysRevB.94.035125,Ozcelik PRB 2016 HSE06 monolayers (Table I)
SiSn_b,ZrS3,SiSn_b,0.59,1.89,0.59,1.49,0.0,Type I,Type I,DFT_HSE06_monolayer,HSE06,fundamental_quasiparticle,2D_monolayer_vdW,10.1103/PhysRevB.94.035125,Ozcelik PRB 2016 HSE06 monolayers (Table I)
SiSn_b,ZrSe3,SiSn_b,0.59,0.95,0.59,0.8,0.0,Type I,Type I,DFT_HSE06_monolayer,HSE06,fundamental_quasiparticle,2D_monolayer_vdW,10.1103/PhysRevB.94.035125,Ozcelik PRB 2016 HSE06 monolayers (Table I)
GeC,BP,GeC,2.91,1.59,2.91,-1.5,0.0,Type I,Type I,DFT_HSE06_monolayer,HSE06,fundamental_quasiparticle,2D_monolayer_vdW,10.1103/PhysRevB.94.035125,Ozcelik PRB 2016 HSE06 monolayers (Table I)
GeC,AlP,GeC,2.91,3.14,2.91,-0.28,0.0,Type I,Type I,DFT_HSE06_monolayer,HSE06,fundamental_quasiparticle,2D_monolayer_vdW,10.1103/PhysRevB.94.035125,Ozcelik PRB 2016 HSE06 monolayers (Table I)
GeC,AlAs,GeC,2.91,2.35,2.91,-0.89,0.0,Type I,Type I,DFT_HSE06_monolayer,HSE06,fundamental_quasiparticle,2D_monolayer_vdW,10.1103/PhysRevB.94.035125,Ozcelik PRB 2016 HSE06 monolayers (Table I)
GeC,AlSb_b,GeC,2.91,2.09,2.91,0.05,0.0,Type I,Type I,DFT_HSE06_monolayer,HSE06,fundamental_quasiparticle,2D_monolayer_vdW,10.1103/PhysRevB.94.035125,Ozcelik PRB 2016 HSE06 monolayers (Table I)
GeC,GaN,GeC,2.91,3.23,2.91,-0.46,0.0,Type I,Type I,DFT_HSE06_monolayer,HSE06,fundamental_quasiparticle,2D_monolayer_vdW,10.1103/PhysRevB.94.035125,Ozcelik PRB 2016 HSE06 monolayers (Table I)
GeC,GaP_b,GeC,2.91,2.49,2.91,0.54,0.0,Type I,Type I,DFT_HSE06_monolayer,HSE06,fundamental_quasiparticle,2D_monolayer_vdW,10.1103/PhysRevB.94.035125,Ozcelik PRB 2016 HSE06 monolayers (Table I)
GeC,GaAs_b,GeC,2.91,1.88,2.91,-1.42,0.0,Type I,Type I,DFT_HSE06_monolayer,HSE06,fundamental_quasiparticle,2D_monolayer_vdW,10.1103/PhysRevB.94.035125,Ozcelik PRB 2016 HSE06 monolayers (Table I)
GeC,N_b,GeC,2.91,6.01,2.91,-0.33,0.0,Type I,Type I,DFT_HSE06_monolayer,HSE06,fundamental_quasiparticle,2D_monolayer_vdW,10.1103/PhysRevB.94.035125,Ozcelik PRB 2016 HSE06 monolayers (Table I)
GeC,P_b,GeC,2.91,2.73,2.91,-1.47,0.0,Type I,Type I,DFT_HSE06_monolayer,HSE06,fundamental_quasiparticle,2D_monolayer_vdW,10.1103/PhysRevB.94.035125,Ozcelik PRB 2016 HSE06 monolayers (Table I)
GeC,P_w,GeC,2.91,1.53,2.91,-1.64,0.0,Type I,Type I,DFT_HSE06_monolayer,HSE06,fundamental_quasiparticle,2D_monolayer_vdW,10.1103/PhysRevB.94.035125,Ozcelik PRB 2016 HSE06 monolayers (Table I)
GeC,As_b,GeC,2.91,2.06,2.91,-1.14,0.0,Type I,Type I,DFT_HSE06_monolayer,HSE06,fundamental_quasiparticle,2D_monolayer_vdW,10.1103/PhysRevB.94.035125,Ozcelik PRB 2016 HSE06 monolayers (Table I)
GeC,2H-MoS2,GeC,2.91,2.15,2.91,-1.84,0.0,Type I,Type I,DFT_HSE06_monolayer,HSE06,fundamental_quasiparticle,2D_monolayer_vdW,10.1103/PhysRevB.94.035125,Ozcelik PRB 2016 HSE06 monolayers (Table I)
GeC,2H-MoSe2,GeC,2.91,1.87,2.91,-1.33,0.0,Type I,Type I,DFT_HSE06_monolayer,HSE06,fundamental_quasiparticle,2D_monolayer_vdW,10.1103/PhysRevB.94.035125,Ozcelik PRB 2016 HSE06 monolayers (Table I)
GeC,2H-WS2,GeC,2.91,2.09,2.91,-1.43,0.0,Type I,Type I,DFT_HSE06_monolayer,HSE06,fundamental_quasiparticle,2D_monolayer_vdW,10.1103/PhysRevB.94.035125,Ozcelik PRB 2016 HSE06 monolayers (Table I)
GeC,1T-HfS2,GeC,2.91,1.99,2.91,-2.41,0.0,Type I,Type I,DFT_HSE06_monolayer,HSE06,fundamental_quasiparticle,2D_monolayer_vdW,10.1103/PhysRevB.94.035125,Ozcelik PRB 2016 HSE06 monolayers (Table I)
GeC,1T-HfSe2,GeC,2.91,1.02,2.91,-2.4,0.0,Type I,Type I,DFT_HSE06_monolayer,HSE06,fundamental_quasiparticle,2D_monolayer_vdW,10.1103/PhysRevB.94.035125,Ozcelik PRB 2016 HSE06 monolayers (Table I)
GeC,1T_d-ReS2,GeC,2.91,1.96,2.91,-1.94,0.0,Type I,Type I,DFT_HSE06_monolayer,HSE06,fundamental_quasiparticle,2D_monolayer_vdW,10.1103/PhysRevB.94.035125,Ozcelik PRB 2016 HSE06 monolayers (Table I)
GeC,1T_d-ReSe2,GeC,2.91,1.7,2.91,-1.46,0.0,Type I,Type I,DFT_HSE06_monolayer,HSE06,fundamental_quasiparticle,2D_monolayer_vdW,10.1103/PhysRevB.94.035125,Ozcelik PRB 2016 HSE06 monolayers (Table I)
GeSn_b,AlSb_b,GeSn_b,0.46,2.09,0.46,1.78,0.0,Type I,Type I,DFT_HSE06_monolayer,HSE06,fundamental_quasiparticle,2D_monolayer_vdW,10.1103/PhysRevB.94.035125,Ozcelik PRB 2016 HSE06 monolayers (Table I)
GeSn_b,GaP_b,GeSn_b,0.46,2.49,0.46,2.27,0.0,Type I,Type I,DFT_HSE06_monolayer,HSE06,fundamental_quasiparticle,2D_monolayer_vdW,10.1103/PhysRevB.94.035125,Ozcelik PRB 2016 HSE06 monolayers (Table I)
GeSn_b,GaSb_b,GeSn_b,0.46,1.13,0.46,0.83,0.0,Type I,Type I,DFT_HSE06_monolayer,HSE06,fundamental_quasiparticle,2D_monolayer_vdW,10.1103/PhysRevB.94.035125,Ozcelik PRB 2016 HSE06 monolayers (Table I)
GeSn_b,InP_b,GeSn_b,0.46,1.16,0.46,0.87,0.0,Type I,Type I,DFT_HSE06_monolayer,HSE06,fundamental_quasiparticle,2D_monolayer_vdW,10.1103/PhysRevB.94.035125,Ozcelik PRB 2016 HSE06 monolayers (Table I)
GeSn_b,InAs_b,GeSn_b,0.46,1.04,0.46,1.02,0.0,Type I,Type I,DFT_HSE06_monolayer,HSE06,fundamental_quasiparticle,2D_monolayer_vdW,10.1103/PhysRevB.94.035125,Ozcelik PRB 2016 HSE06 monolayers (Table I)
GeSn_b,InSb_b,GeSn_b,0.46,0.97,0.46,0.95,0.0,Type I,Type I,DFT_HSE06_monolayer,HSE06,fundamental_quasiparticle,2D_monolayer_vdW,10.1103/PhysRevB.94.035125,Ozcelik PRB 2016 HSE06 monolayers (Table I)
GeSn_b,SiGe_b,GeSn_b,0.46,0.55,0.46,-0.18,0.0,Type I,Type I,DFT_HSE06_monolayer,HSE06,fundamental_quasiparticle,2D_monolayer_vdW,10.1103/PhysRevB.94.035125,Ozcelik PRB 2016 HSE06 monolayers (Table I)
GeSn_b,Sb_b,GeSn_b,0.46,1.22,0.46,0.81,0.0,Type I,Type I,DFT_HSE06_monolayer,HSE06,fundamental_quasiparticle,2D_monolayer_vdW,10.1103/PhysRevB.94.035125,Ozcelik PRB 2016 HSE06 monolayers (Table I)
GeSn_b,2H-MoS2,GeSn_b,0.46,2.15,0.46,-0.11,0.0,Type I,Type I,DFT_HSE06_monolayer,HSE06,fundamental_quasiparticle,2D_monolayer_vdW,10.1103/PhysRevB.94.035125,Ozcelik PRB 2016 HSE06 monolayers (Table I)
GeSn_b,2H-WTe2,GeSn_b,0.46,1.21,0.46,0.82,0.0,Type I,Type I,DFT_HSE06_monolayer,HSE06,fundamental_quasiparticle,2D_monolayer_vdW,10.1103/PhysRevB.94.035125,Ozcelik PRB 2016 HSE06 monolayers (Table I)
GeSn_b,1T-HfS2,GeSn_b,0.46,1.99,0.46,-0.68,0.0,Type I,Type I,DFT_HSE06_monolayer,HSE06,fundamental_quasiparticle,2D_monolayer_vdW,10.1103/PhysRevB.94.035125,Ozcelik PRB 2016 HSE06 monolayers (Table I)
GeSn_b,1T-HfSe2,GeSn_b,0.46,1.02,0.46,-0.67,0.0,Type I,Type I,DFT_HSE06_monolayer,HSE06,fundamental_quasiparticle,2D_monolayer_vdW,10.1103/PhysRevB.94.035125,Ozcelik PRB 2016 HSE06 monolayers (Table I)
GeSn_b,1T_d-ReS2,GeSn_b,0.46,1.96,0.46,-0.21,0.0,Type I,Type I,DFT_HSE06_monolayer,HSE06,fundamental_quasiparticle,2D_monolayer_vdW,10.1103/PhysRevB.94.035125,Ozcelik PRB 2016 HSE06 monolayers (Table I)
GeSn_b,TiS3,GeSn_b,0.46,1.04,0.46,0.78,0.0,Type I,Type I,DFT_HSE06_monolayer,HSE06,fundamental_quasiparticle,2D_monolayer_vdW,10.1103/PhysRevB.94.035125,Ozcelik PRB 2016 HSE06 monolayers (Table I)
GeSn_b,HfSe3,GeSn_b,0.46,0.98,0.46,0.75,0.0,Type I,Type I,DFT_HSE06_monolayer,HSE06,fundamental_quasiparticle,2D_monolayer_vdW,10.1103/PhysRevB.94.035125,Ozcelik PRB 2016 HSE06 monolayers (Table I)
GeSn_b,ZrS3,GeSn_b,0.46,1.89,0.46,1.5,0.0,Type I,Type I,DFT_HSE06_monolayer,HSE06,fundamental_quasiparticle,2D_monolayer_vdW,10.1103/PhysRevB.94.035125,Ozcelik PRB 2016 HSE06 monolayers (Table I)
GeSn_b,ZrSe3,GeSn_b,0.46,0.95,0.46,0.81,0.0,Type I,Type I,DFT_HSE06_monolayer,HSE06,fundamental_quasiparticle,2D_monolayer_vdW,10.1103/PhysRevB.94.035125,Ozcelik PRB 2016 HSE06 monolayers (Table I)
SnC,BP,SnC,1.85,1.59,1.85,-0.84,0.0,Type I,Type I,DFT_HSE06_monolayer,HSE06,fundamental_quasiparticle,2D_monolayer_vdW,10.1103/PhysRevB.94.035125,Ozcelik PRB 2016 HSE06 monolayers (Table I)
SnC,BAs,SnC,1.85,1.43,1.85,-0.78,0.0,Type I,Type I,DFT_HSE06_monolayer,HSE06,fundamental_quasiparticle,2D_monolayer_vdW,10.1103/PhysRevB.94.035125,Ozcelik PRB 2016 HSE06 monolayers (Table I)
SnC,AlAs,SnC,1.85,2.35,1.85,-0.23,0.0,Type I,Type I,DFT_HSE06_monolayer,HSE06,fundamental_quasiparticle,2D_monolayer_vdW,10.1103/PhysRevB.94.035125,Ozcelik PRB 2016 HSE06 monolayers (Table I)
SnC,AlSb_b,SnC,1.85,2.09,1.85,0.71,0.0,Type I,Type I,DFT_HSE06_monolayer,HSE06,fundamental_quasiparticle,2D_monolayer_vdW,10.1103/PhysRevB.94.035125,Ozcelik PRB 2016 HSE06 monolayers (Table I)
SnC,GaP_b,SnC,1.85,2.49,1.85,1.2,0.0,Type I,Type I,DFT_HSE06_monolayer,HSE06,fundamental_quasiparticle,2D_monolayer_vdW,10.1103/PhysRevB.94.035125,Ozcelik PRB 2016 HSE06 monolayers (Table I)
SnC,GaAs_b,SnC,1.85,1.88,1.85,-0.76,0.0,Type I,Type I,DFT_HSE06_monolayer,HSE06,fundamental_quasiparticle,2D_monolayer_vdW,10.1103/PhysRevB.94.035125,Ozcelik PRB 2016 HSE06 monolayers (Table I)
SnC,InN,SnC,1.85,1.35,1.85,-0.76,0.0,Type I,Type I,DFT_HSE06_monolayer,HSE06,fundamental_quasiparticle,2D_monolayer_vdW,10.1103/PhysRevB.94.035125,Ozcelik PRB 2016 HSE06 monolayers (Table I)
SnC,P_b,SnC,1.85,2.73,1.85,-0.81,0.0,Type I,Type I,DFT_HSE06_monolayer,HSE06,fundamental_quasiparticle,2D_monolayer_vdW,10.1103/PhysRevB.94.035125,Ozcelik PRB 2016 HSE06 monolayers (Table I)
SnC,P_w,SnC,1.85,1.53,1.85,-0.98,0.0,Type I,Type I,DFT_HSE06_monolayer,HSE06,fundamental_quasiparticle,2D_monolayer_vdW,10.1103/PhysRevB.94.035125,Ozcelik PRB 2016 HSE06 monolayers (Table I)
SnC,As_b,SnC,1.85,2.06,1.85,-0.48,0.0,Type I,Type I,DFT_HSE06_monolayer,HSE06,fundamental_quasiparticle,2D_monolayer_vdW,10.1103/PhysRevB.94.035125,Ozcelik PRB 2016 HSE06 monolayers (Table I)
SnC,As_w,SnC,1.85,1.25,1.85,-0.71,0.0,Type I,Type I,DFT_HSE06_monolayer,HSE06,fundamental_quasiparticle,2D_monolayer_vdW,10.1103/PhysRevB.94.035125,Ozcelik PRB 2016 HSE06 monolayers (Table I)
SnC,2H-MoS2,SnC,1.85,2.15,1.85,-1.18,0.0,Type I,Type I,DFT_HSE06_monolayer,HSE06,fundamental_quasiparticle,2D_monolayer_vdW,10.1103/PhysRevB.94.035125,Ozcelik PRB 2016 HSE06 monolayers (Table I)
SnC,2H-MoSe2,SnC,1.85,1.87,1.85,-0.67,0.0,Type I,Type I,DFT_HSE06_monolayer,HSE06,fundamental_quasiparticle,2D_monolayer_vdW,10.1103/PhysRevB.94.035125,Ozcelik PRB 2016 HSE06 monolayers (Table I)
SnC,2H-MoTe2,SnC,1.85,1.47,1.85,-0.62,0.0,Type I,Type I,DFT_HSE06_monolayer,HSE06,fundamental_quasiparticle,2D_monolayer_vdW,10.1103/PhysRevB.94.035125,Ozcelik PRB 2016 HSE06 monolayers (Table I)
SnC,2H-WS2,SnC,1.85,2.09,1.85,-0.77,0.0,Type I,Type I,DFT_HSE06_monolayer,HSE06,fundamental_quasiparticle,2D_monolayer_vdW,10.1103/PhysRevB.94.035125,Ozcelik PRB 2016 HSE06 monolayers (Table I)
SnC,2H-WSe2,SnC,1.85,1.75,1.85,-0.37,0.0,Type I,Type I,DFT_HSE06_monolayer,HSE06,fundamental_quasiparticle,2D_monolayer_vdW,10.1103/PhysRevB.94.035125,Ozcelik PRB 2016 HSE06 monolayers (Table I)
SnC,1T-HfS2,SnC,1.85,1.99,1.85,-1.75,0.0,Type I,Type I,DFT_HSE06_monolayer,HSE06,fundamental_quasiparticle,2D_monolayer_vdW,10.1103/PhysRevB.94.035125,Ozcelik PRB 2016 HSE06 monolayers (Table I)
SnC,1T-HfSe2,SnC,1.85,1.02,1.85,-1.74,0.0,Type I,Type I,DFT_HSE06_monolayer,HSE06,fundamental_quasiparticle,2D_monolayer_vdW,10.1103/PhysRevB.94.035125,Ozcelik PRB 2016 HSE06 monolayers (Table I)
SnC,1T_d-ReS2,SnC,1.85,1.96,1.85,-1.28,0.0,Type I,Type I,DFT_HSE06_monolayer,HSE06,fundamental_quasiparticle,2D_monolayer_vdW,10.1103/PhysRevB.94.035125,Ozcelik PRB 2016 HSE06 monolayers (Table I)
SnC,1T_d-ReSe2,SnC,1.85,1.7,1.85,-0.8,0.0,Type I,Type I,DFT_HSE06_monolayer,HSE06,fundamental_quasiparticle,2D_monolayer_vdW,10.1103/PhysRevB.94.035125,Ozcelik PRB 2016 HSE06 monolayers (Table I)
SnC,HfS3,SnC,1.85,1.87,1.85,0.28,0.0,Type I,Type I,DFT_HSE06_monolayer,HSE06,fundamental_quasiparticle,2D_monolayer_vdW,10.1103/PhysRevB.94.035125,Ozcelik PRB 2016 HSE06 monolayers (Table I)
SnC,ZrS3,SnC,1.85,1.89,1.85,0.43,0.0,Type I,Type I,DFT_HSE06_monolayer,HSE06,fundamental_quasiparticle,2D_monolayer_vdW,10.1103/PhysRevB.94.035125,Ozcelik PRB 2016 HSE06 monolayers (Table I)
N_b,BN,N_b,6.01,5.68,6.01,1.79,0.0,Type I,Type I,DFT_HSE06_monolayer,HSE06,fundamental_quasiparticle,2D_monolayer_vdW,10.1103/PhysRevB.94.035125,Ozcelik PRB 2016 HSE06 monolayers (Table I)
N_b,AlN,N_b,6.01,4.04,6.01,0.71,0.0,Type I,Type I,DFT_HSE06_monolayer,HSE06,fundamental_quasiparticle,2D_monolayer_vdW,10.1103/PhysRevB.94.035125,Ozcelik PRB 2016 HSE06 monolayers (Table I)
N_b,AlP,N_b,6.01,3.14,6.01,0.05,0.0,Type I,Type I,DFT_HSE06_monolayer,HSE06,fundamental_quasiparticle,2D_monolayer_vdW,10.1103/PhysRevB.94.035125,Ozcelik PRB 2016 HSE06 monolayers (Table I)
N_b,AlSb_b,N_b,6.01,2.09,6.01,0.38,0.0,Type I,Type I,DFT_HSE06_monolayer,HSE06,fundamental_quasiparticle,2D_monolayer_vdW,10.1103/PhysRevB.94.035125,Ozcelik PRB 2016 HSE06 monolayers (Table I)
N_b,GaP_b,N_b,6.01,2.49,6.01,0.87,0.0,Type I,Type I,DFT_HSE06_monolayer,HSE06,fundamental_quasiparticle,2D_monolayer_vdW,10.1103/PhysRevB.94.035125,Ozcelik PRB 2016 HSE06 monolayers (Table I)
N_b,SiC,N_b,6.01,3.27,6.01,0.48,0.0,Type I,Type I,DFT_HSE06_monolayer,HSE06,fundamental_quasiparticle,2D_monolayer_vdW,10.1103/PhysRevB.94.035125,Ozcelik PRB 2016 HSE06 monolayers (Table I)
N_b,GeC,N_b,6.01,2.91,6.01,0.33,0.0,Type I,Type I,DFT_HSE06_monolayer,HSE06,fundamental_quasiparticle,2D_monolayer_vdW,10.1103/PhysRevB.94.035125,Ozcelik PRB 2016 HSE06 monolayers (Table I)
N_b,ZrS3,N_b,6.01,1.89,6.01,0.1,0.0,Type I,Type I,DFT_HSE06_monolayer,HSE06,fundamental_quasiparticle,2D_monolayer_vdW,10.1103/PhysRevB.94.035125,Ozcelik PRB 2016 HSE06 monolayers (Table I)
P_b,BAs,P_b,2.73,1.43,2.73,0.03,0.0,Type I,Type I,DFT_HSE06_monolayer,HSE06,fundamental_quasiparticle,2D_monolayer_vdW,10.1103/PhysRevB.94.035125,Ozcelik PRB 2016 HSE06 monolayers (Table I)
P_b,AlN,P_b,2.73,4.04,2.73,1.85,0.0,Type I,Type I,DFT_HSE06_monolayer,HSE06,fundamental_quasiparticle,2D_monolayer_vdW,10.1103/PhysRevB.94.035125,Ozcelik PRB 2016 HSE06 monolayers (Table I)
P_b,AlP,P_b,2.73,3.14,2.73,1.19,0.0,Type I,Type I,DFT_HSE06_monolayer,HSE06,fundamental_quasiparticle,2D_monolayer_vdW,10.1103/PhysRevB.94.035125,Ozcelik PRB 2016 HSE06 monolayers (Table I)
P_b,AlAs,P_b,2.73,2.35,2.73,0.58,0.0,Type I,Type I,DFT_HSE06_monolayer,HSE06,fundamental_quasiparticle,2D_monolayer_vdW,10.1103/PhysRevB.94.035125,Ozcelik PRB 2016 HSE06 monolayers (Table I)
P_b,AlSb_b,P_b,2.73,2.09,2.73,1.52,0.0,Type I,Type I,DFT_HSE06_monolayer,HSE06,fundamental_quasiparticle,2D_monolayer_vdW,10.1103/PhysRevB.94.035125,Ozcelik PRB 2016 HSE06 monolayers (Table I)
P_b,GaN,P_b,2.73,3.23,2.73,1.01,0.0,Type I,Type I,DFT_HSE06_monolayer,HSE06,fundamental_quasiparticle,2D_monolayer_vdW,10.1103/PhysRevB.94.035125,Ozcelik PRB 2016 HSE06 monolayers (Table I)
P_b,GaP_b,P_b,2.73,2.49,2.73,2.01,0.0,Type I,Type I,DFT_HSE06_monolayer,HSE06,fundamental_quasiparticle,2D_monolayer_vdW,10.1103/PhysRevB.94.035125,Ozcelik PRB 2016 HSE06 monolayers (Table I)
P_b,GaAs_b,P_b,2.73,1.88,2.73,0.05,0.0,Type I,Type I,DFT_HSE06_monolayer,HSE06,fundamental_quasiparticle,2D_monolayer_vdW,10.1103/PhysRevB.94.035125,Ozcelik PRB 2016 HSE06 monolayers (Table I)
P_b,GaSb_b,P_b,2.73,1.13,2.73,0.57,0.0,Type I,Type I,DFT_HSE06_monolayer,HSE06,fundamental_quasiparticle,2D_monolayer_vdW,10.1103/PhysRevB.94.035125,Ozcelik PRB 2016 HSE06 monolayers (Table I)
P_b,InN,P_b,2.73,1.35,2.73,0.05,0.0,Type I,Type I,DFT_HSE06_monolayer,HSE06,fundamental_quasiparticle,2D_monolayer_vdW,10.1103/PhysRevB.94.035125,Ozcelik PRB 2016 HSE06 monolayers (Table I)
P_b,InP_b,P_b,2.73,1.16,2.73,0.61,0.0,Type I,Type I,DFT_HSE06_monolayer,HSE06,fundamental_quasiparticle,2D_monolayer_vdW,10.1103/PhysRevB.94.035125,Ozcelik PRB 2016 HSE06 monolayers (Table I)
P_b,InAs_b,P_b,2.73,1.04,2.73,0.76,0.0,Type I,Type I,DFT_HSE06_monolayer,HSE06,fundamental_quasiparticle,2D_monolayer_vdW,10.1103/PhysRevB.94.035125,Ozcelik PRB 2016 HSE06 monolayers (Table I)
P_b,InSb_b,P_b,2.73,0.97,2.73,0.69,0.0,Type I,Type I,DFT_HSE06_monolayer,HSE06,fundamental_quasiparticle,2D_monolayer_vdW,10.1103/PhysRevB.94.035125,Ozcelik PRB 2016 HSE06 monolayers (Table I)
P_b,SiC,P_b,2.73,3.27,2.73,1.62,0.0,Type I,Type I,DFT_HSE06_monolayer,HSE06,fundamental_quasiparticle,2D_monolayer_vdW,10.1103/PhysRevB.94.035125,Ozcelik PRB 2016 HSE06 monolayers (Table I)
P_b,GeC,P_b,2.73,2.91,2.73,1.47,0.0,Type I,Type I,DFT_HSE06_monolayer,HSE06,fundamental_quasiparticle,2D_monolayer_vdW,10.1103/PhysRevB.94.035125,Ozcelik PRB 2016 HSE06 monolayers (Table I)
P_b,SnC,P_b,2.73,1.85,2.73,0.81,0.0,Type I,Type I,DFT_HSE06_monolayer,HSE06,fundamental_quasiparticle,2D_monolayer_vdW,10.1103/PhysRevB.94.035125,Ozcelik PRB 2016 HSE06 monolayers (Table I)
P_b,As_b,P_b,2.73,2.06,2.73,0.33,0.0,Type I,Type I,DFT_HSE06_monolayer,HSE06,fundamental_quasiparticle,2D_monolayer_vdW,10.1103/PhysRevB.94.035125,Ozcelik PRB 2016 HSE06 monolayers (Table I)
P_b,As_w,P_b,2.73,1.25,2.73,0.1,0.0,Type I,Type I,DFT_HSE06_monolayer,HSE06,fundamental_quasiparticle,2D_monolayer_vdW,10.1103/PhysRevB.94.035125,Ozcelik PRB 2016 HSE06 monolayers (Table I)
P_b,Sb_b,P_b,2.73,1.22,2.73,0.55,0.0,Type I,Type I,DFT_HSE06_monolayer,HSE06,fundamental_quasiparticle,2D_monolayer_vdW,10.1103/PhysRevB.94.035125,Ozcelik PRB 2016 HSE06 monolayers (Table I)
P_b,2H-MoSe2,P_b,2.73,1.87,2.73,0.14,0.0,Type I,Type I,DFT_HSE06_monolayer,HSE06,fundamental_quasiparticle,2D_monolayer_vdW,10.1103/PhysRevB.94.035125,Ozcelik PRB 2016 HSE06 monolayers (Table I)
P_b,2H-MoTe2,P_b,2.73,1.47,2.73,0.19,0.0,Type I,Type I,DFT_HSE06_monolayer,HSE06,fundamental_quasiparticle,2D_monolayer_vdW,10.1103/PhysRevB.94.035125,Ozcelik PRB 2016 HSE06 monolayers (Table I)
P_b,2H-WS2,P_b,2.73,2.09,2.73,0.04,0.0,Type I,Type I,DFT_HSE06_monolayer,HSE06,fundamental_quasiparticle,2D_monolayer_vdW,10.1103/PhysRevB.94.035125,Ozcelik PRB 2016 HSE06 monolayers (Table I)
P_b,2H-WSe2,P_b,2.73,1.75,2.73,0.44,0.0,Type I,Type I,DFT_HSE06_monolayer,HSE06,fundamental_quasiparticle,2D_monolayer_vdW,10.1103/PhysRevB.94.035125,Ozcelik PRB 2016 HSE06 monolayers (Table I)
P_b,2H-WTe2,P_b,2.73,1.21,2.73,0.56,0.0,Type I,Type I,DFT_HSE06_monolayer,HSE06,fundamental_quasiparticle,2D_monolayer_vdW,10.1103/PhysRevB.94.035125,Ozcelik PRB 2016 HSE06 monolayers (Table I)
P_b,1T-HfS2,P_b,2.73,1.99,2.73,-0.94,0.0,Type I,Type I,DFT_HSE06_monolayer,HSE06,fundamental_quasiparticle,2D_monolayer_vdW,10.1103/PhysRevB.94.035125,Ozcelik PRB 2016 HSE06 monolayers (Table I)
P_b,1T_d-ReSe2,P_b,2.73,1.7,2.73,0.01,0.0,Type I,Type I,DFT_HSE06_monolayer,HSE06,fundamental_quasiparticle,2D_monolayer_vdW,10.1103/PhysRevB.94.035125,Ozcelik PRB 2016 HSE06 monolayers (Table I)
P_b,TiS3,P_b,2.73,1.04,2.73,0.52,0.0,Type I,Type I,DFT_HSE06_monolayer,HSE06,fundamental_quasiparticle,2D_monolayer_vdW,10.1103/PhysRevB.94.035125,Ozcelik PRB 2016 HSE06 monolayers (Table I)
P_b,HfS3,P_b,2.73,1.87,2.73,1.09,0.0,Type I,Type I,DFT_HSE06_monolayer,HSE06,fundamental_quasiparticle,2D_monolayer_vdW,10.1103/PhysRevB.94.035125,Ozcelik PRB 2016 HSE06 monolayers (Table I)
P_b,HfSe3,P_b,2.73,0.98,2.73,0.49,0.0,Type I,Type I,DFT_HSE06_monolayer,HSE06,fundamental_quasiparticle,2D_monolayer_vdW,10.1103/PhysRevB.94.035125,Ozcelik PRB 2016 HSE06 monolayers (Table I)
P_b,ZrS3,P_b,2.73,1.89,2.73,1.24,0.0,Type I,Type I,DFT_HSE06_monolayer,HSE06,fundamental_quasiparticle,2D_monolayer_vdW,10.1103/PhysRevB.94.035125,Ozcelik PRB 2016 HSE06 monolayers (Table I)
P_b,ZrSe3,P_b,2.73,0.95,2.73,0.55,0.0,Type I,Type I,DFT_HSE06_monolayer,HSE06,fundamental_quasiparticle,2D_monolayer_vdW,10.1103/PhysRevB.94.035125,Ozcelik PRB 2016 HSE06 monolayers (Table I)
P_w,BP,P_w,1.53,1.59,1.53,0.14,0.0,Type I,Type I,DFT_HSE06_monolayer,HSE06,fundamental_quasiparticle,2D_monolayer_vdW,10.1103/PhysRevB.94.035125,Ozcelik PRB 2016 HSE06 monolayers (Table I)
P_w,BAs,P_w,1.53,1.43,1.53,0.2,0.0,Type I,Type I,DFT_HSE06_monolayer,HSE06,fundamental_quasiparticle,2D_monolayer_vdW,10.1103/PhysRevB.94.035125,Ozcelik PRB 2016 HSE06 monolayers (Table I)
P_w,BSb,P_w,1.53,0.91,1.53,0.06,0.0,Type I,Type I,DFT_HSE06_monolayer,HSE06,fundamental_quasiparticle,2D_monolayer_vdW,10.1103/PhysRevB.94.035125,Ozcelik PRB 2016 HSE06 monolayers (Table I)
P_w,AlSb_b,P_w,1.53,2.09,1.53,1.69,0.0,Type I,Type I,DFT_HSE06_monolayer,HSE06,fundamental_quasiparticle,2D_monolayer_vdW,10.1103/PhysRevB.94.035125,Ozcelik PRB 2016 HSE06 monolayers (Table I)
P_w,GaP_b,P_w,1.53,2.49,1.53,2.18,0.0,Type I,Type I,DFT_HSE06_monolayer,HSE06,fundamental_quasiparticle,2D_monolayer_vdW,10.1103/PhysRevB.94.035125,Ozcelik PRB 2016 HSE06 monolayers (Table I)
P_w,GaSb_b,P_w,1.53,1.13,1.53,0.74,0.0,Type I,Type I,DFT_HSE06_monolayer,HSE06,fundamental_quasiparticle,2D_monolayer_vdW,10.1103/PhysRevB.94.035125,Ozcelik PRB 2016 HSE06 monolayers (Table I)
P_w,InN,P_w,1.53,1.35,1.53,0.22,0.0,Type I,Type I,DFT_HSE06_monolayer,HSE06,fundamental_quasiparticle,2D_monolayer_vdW,10.1103/PhysRevB.94.035125,Ozcelik PRB 2016 HSE06 monolayers (Table I)
P_w,InP_b,P_w,1.53,1.16,1.53,0.78,0.0,Type I,Type I,DFT_HSE06_monolayer,HSE06,fundamental_quasiparticle,2D_monolayer_vdW,10.1103/PhysRevB.94.035125,Ozcelik PRB 2016 HSE06 monolayers (Table I)
P_w,InAs_b,P_w,1.53,1.04,1.53,0.93,0.0,Type I,Type I,DFT_HSE06_monolayer,HSE06,fundamental_quasiparticle,2D_monolayer_vdW,10.1103/PhysRevB.94.035125,Ozcelik PRB 2016 HSE06 monolayers (Table I)
P_w,InSb_b,P_w,1.53,0.97,1.53,0.86,0.0,Type I,Type I,DFT_HSE06_monolayer,HSE06,fundamental_quasiparticle,2D_monolayer_vdW,10.1103/PhysRevB.94.035125,Ozcelik PRB 2016 HSE06 monolayers (Table I)
P_w,SiC,P_w,1.53,3.27,1.53,1.79,0.0,Type I,Type I,DFT_HSE06_monolayer,HSE06,fundamental_quasiparticle,2D_monolayer_vdW,10.1103/PhysRevB.94.035125,Ozcelik PRB 2016 HSE06 monolayers (Table I)
P_w,GeC,P_w,1.53,2.91,1.53,1.64,0.0,Type I,Type I,DFT_HSE06_monolayer,HSE06,fundamental_quasiparticle,2D_monolayer_vdW,10.1103/PhysRevB.94.035125,Ozcelik PRB 2016 HSE06 monolayers (Table I)
P_w,SnC,P_w,1.53,1.85,1.53,0.98,0.0,Type I,Type I,DFT_HSE06_monolayer,HSE06,fundamental_quasiparticle,2D_monolayer_vdW,10.1103/PhysRevB.94.035125,Ozcelik PRB 2016 HSE06 monolayers (Table I)
P_w,As_w,P_w,1.53,1.25,1.53,0.27,0.0,Type I,Type I,DFT_HSE06_monolayer,HSE06,fundamental_quasiparticle,2D_monolayer_vdW,10.1103/PhysRevB.94.035125,Ozcelik PRB 2016 HSE06 monolayers (Table I)
P_w,Sb_b,P_w,1.53,1.22,1.53,0.72,0.0,Type I,Type I,DFT_HSE06_monolayer,HSE06,fundamental_quasiparticle,2D_monolayer_vdW,10.1103/PhysRevB.94.035125,Ozcelik PRB 2016 HSE06 monolayers (Table I)
P_w,2H-MoS2,P_w,1.53,2.15,1.53,-0.2,0.0,Type I,Type I,DFT_HSE06_monolayer,HSE06,fundamental_quasiparticle,2D_monolayer_vdW,10.1103/PhysRevB.94.035125,Ozcelik PRB 2016 HSE06 monolayers (Table I)
P_w,2H-MoTe2,P_w,1.53,1.47,1.53,0.36,0.0,Type I,Type I,DFT_HSE06_monolayer,HSE06,fundamental_quasiparticle,2D_monolayer_vdW,10.1103/PhysRevB.94.035125,Ozcelik PRB 2016 HSE06 monolayers (Table I)
P_w,2H-WSe2,P_w,1.53,1.75,1.53,0.61,0.0,Type I,Type I,DFT_HSE06_monolayer,HSE06,fundamental_quasiparticle,2D_monolayer_vdW,10.1103/PhysRevB.94.035125,Ozcelik PRB 2016 HSE06 monolayers (Table I)
P_w,2H-WTe2,P_w,1.53,1.21,1.53,0.73,0.0,Type I,Type I,DFT_HSE06_monolayer,HSE06,fundamental_quasiparticle,2D_monolayer_vdW,10.1103/PhysRevB.94.035125,Ozcelik PRB 2016 HSE06 monolayers (Table I)
P_w,1T-HfS2,P_w,1.53,1.99,1.53,-0.77,0.0,Type I,Type I,DFT_HSE06_monolayer,HSE06,fundamental_quasiparticle,2D_monolayer_vdW,10.1103/PhysRevB.94.035125,Ozcelik PRB 2016 HSE06 monolayers (Table I)
P_w,1T-HfSe2,P_w,1.53,1.02,1.53,-0.76,0.0,Type I,Type I,DFT_HSE06_monolayer,HSE06,fundamental_quasiparticle,2D_monolayer_vdW,10.1103/PhysRevB.94.035125,Ozcelik PRB 2016 HSE06 monolayers (Table I)
P_w,1T_d-ReS2,P_w,1.53,1.96,1.53,-0.3,0.0,Type I,Type I,DFT_HSE06_monolayer,HSE06,fundamental_quasiparticle,2D_monolayer_vdW,10.1103/PhysRevB.94.035125,Ozcelik PRB 2016 HSE06 monolayers (Table I)
P_w,1T_d-ReSe2,P_w,1.53,1.7,1.53,0.18,0.0,Type I,Type I,DFT_HSE06_monolayer,HSE06,fundamental_quasiparticle,2D_monolayer_vdW,10.1103/PhysRevB.94.035125,Ozcelik PRB 2016 HSE06 monolayers (Table I)
P_w,TiS3,P_w,1.53,1.04,1.53,0.69,0.0,Type I,Type I,DFT_HSE06_monolayer,HSE06,fundamental_quasiparticle,2D_monolayer_vdW,10.1103/PhysRevB.94.035125,Ozcelik PRB 2016 HSE06 monolayers (Table I)
P_w,HfS3,P_w,1.53,1.87,1.53,1.26,0.0,Type I,Type I,DFT_HSE06_monolayer,HSE06,fundamental_quasiparticle,2D_monolayer_vdW,10.1103/PhysRevB.94.035125,Ozcelik PRB 2016 HSE06 monolayers (Table I)
P_w,HfSe3,P_w,1.53,0.98,1.53,0.66,0.0,Type I,Type I,DFT_HSE06_monolayer,HSE06,fundamental_quasiparticle,2D_monolayer_vdW,10.1103/PhysRevB.94.035125,Ozcelik PRB 2016 HSE06 monolayers (Table I)
P_w,ZrS3,P_w,1.53,1.89,1.53,1.41,0.0,Type I,Type I,DFT_HSE06_monolayer,HSE06,fundamental_quasiparticle,2D_monolayer_vdW,10.1103/PhysRevB.94.035125,Ozcelik PRB 2016 HSE06 monolayers (Table I)
P_w,ZrSe3,P_w,1.53,0.95,1.53,0.72,0.0,Type I,Type I,DFT_HSE06_monolayer,HSE06,fundamental_quasiparticle,2D_monolayer_vdW,10.1103/PhysRevB.94.035125,Ozcelik PRB 2016 HSE06 monolayers (Table I)
As_b,AlSb_b,As_b,2.06,2.09,2.06,1.19,0.0,Type I,Type I,DFT_HSE06_monolayer,HSE06,fundamental_quasiparticle,2D_monolayer_vdW,10.1103/PhysRevB.94.035125,Ozcelik PRB 2016 HSE06 monolayers (Table I)
As_b,GaP_b,As_b,2.06,2.49,2.06,1.68,0.0,Type I,Type I,DFT_HSE06_monolayer,HSE06,fundamental_quasiparticle,2D_monolayer_vdW,10.1103/PhysRevB.94.035125,Ozcelik PRB 2016 HSE06 monolayers (Table I)
As_b,GaAs_b,As_b,2.06,1.88,2.06,-0.28,0.0,Type I,Type I,DFT_HSE06_monolayer,HSE06,fundamental_quasiparticle,2D_monolayer_vdW,10.1103/PhysRevB.94.035125,Ozcelik PRB 2016 HSE06 monolayers (Table I)
As_b,GaSb_b,As_b,2.06,1.13,2.06,0.24,0.0,Type I,Type I,DFT_HSE06_monolayer,HSE06,fundamental_quasiparticle,2D_monolayer_vdW,10.1103/PhysRevB.94.035125,Ozcelik PRB 2016 HSE06 monolayers (Table I)
As_b,InP_b,As_b,2.06,1.16,2.06,0.28,0.0,Type I,Type I,DFT_HSE06_monolayer,HSE06,fundamental_quasiparticle,2D_monolayer_vdW,10.1103/PhysRevB.94.035125,Ozcelik PRB 2016 HSE06 monolayers (Table I)
As_b,InAs_b,As_b,2.06,1.04,2.06,0.43,0.0,Type I,Type I,DFT_HSE06_monolayer,HSE06,fundamental_quasiparticle,2D_monolayer_vdW,10.1103/PhysRevB.94.035125,Ozcelik PRB 2016 HSE06 monolayers (Table I)
As_b,InSb_b,As_b,2.06,0.97,2.06,0.36,0.0,Type I,Type I,DFT_HSE06_monolayer,HSE06,fundamental_quasiparticle,2D_monolayer_vdW,10.1103/PhysRevB.94.035125,Ozcelik PRB 2016 HSE06 monolayers (Table I)
As_b,SiC,As_b,2.06,3.27,2.06,1.29,0.0,Type I,Type I,DFT_HSE06_monolayer,HSE06,fundamental_quasiparticle,2D_monolayer_vdW,10.1103/PhysRevB.94.035125,Ozcelik PRB 2016 HSE06 monolayers (Table I)
As_b,GeC,As_b,2.06,2.91,2.06,1.14,0.0,Type I,Type I,DFT_HSE06_monolayer,HSE06,fundamental_quasiparticle,2D_monolayer_vdW,10.1103/PhysRevB.94.035125,Ozcelik PRB 2016 HSE06 monolayers (Table I)
As_b,SnC,As_b,2.06,1.85,2.06,0.48,0.0,Type I,Type I,DFT_HSE06_monolayer,HSE06,fundamental_quasiparticle,2D_monolayer_vdW,10.1103/PhysRevB.94.035125,Ozcelik PRB 2016 HSE06 monolayers (Table I)
As_b,P_b,As_b,2.06,2.73,2.06,-0.33,0.0,Type I,Type I,DFT_HSE06_monolayer,HSE06,fundamental_quasiparticle,2D_monolayer_vdW,10.1103/PhysRevB.94.035125,Ozcelik PRB 2016 HSE06 monolayers (Table I)
As_b,Sb_b,As_b,2.06,1.22,2.06,0.22,0.0,Type I,Type I,DFT_HSE06_monolayer,HSE06,fundamental_quasiparticle,2D_monolayer_vdW,10.1103/PhysRevB.94.035125,Ozcelik PRB 2016 HSE06 monolayers (Table I)
As_b,2H-MoS2,As_b,2.06,2.15,2.06,-0.7,0.0,Type I,Type I,DFT_HSE06_monolayer,HSE06,fundamental_quasiparticle,2D_monolayer_vdW,10.1103/PhysRevB.94.035125,Ozcelik PRB 2016 HSE06 monolayers (Table I)
As_b,2H-MoSe2,As_b,2.06,1.87,2.06,-0.19,0.0,Type I,Type I,DFT_HSE06_monolayer,HSE06,fundamental_quasiparticle,2D_monolayer_vdW,10.1103/PhysRevB.94.035125,Ozcelik PRB 2016 HSE06 monolayers (Table I)
As_b,2H-WS2,As_b,2.06,2.09,2.06,-0.29,0.0,Type I,Type I,DFT_HSE06_monolayer,HSE06,fundamental_quasiparticle,2D_monolayer_vdW,10.1103/PhysRevB.94.035125,Ozcelik PRB 2016 HSE06 monolayers (Table I)
As_b,2H-WSe2,As_b,2.06,1.75,2.06,0.11,0.0,Type I,Type I,DFT_HSE06_monolayer,HSE06,fundamental_quasiparticle,2D_monolayer_vdW,10.1103/PhysRevB.94.035125,Ozcelik PRB 2016 HSE06 monolayers (Table I)
As_b,2H-WTe2,As_b,2.06,1.21,2.06,0.23,0.0,Type I,Type I,DFT_HSE06_monolayer,HSE06,fundamental_quasiparticle,2D_monolayer_vdW,10.1103/PhysRevB.94.035125,Ozcelik PRB 2016 HSE06 monolayers (Table I)
As_b,1T-HfS2,As_b,2.06,1.99,2.06,-1.27,0.0,Type I,Type I,DFT_HSE06_monolayer,HSE06,fundamental_quasiparticle,2D_monolayer_vdW,10.1103/PhysRevB.94.035125,Ozcelik PRB 2016 HSE06 monolayers (Table I)
As_b,1T-HfSe2,As_b,2.06,1.02,2.06,-1.26,0.0,Type I,Type I,DFT_HSE06_monolayer,HSE06,fundamental_quasiparticle,2D_monolayer_vdW,10.1103/PhysRevB.94.035125,Ozcelik PRB 2016 HSE06 monolayers (Table I)
As_b,1T_d-ReS2,As_b,2.06,1.96,2.06,-0.8,0.0,Type I,Type I,DFT_HSE06_monolayer,HSE06,fundamental_quasiparticle,2D_monolayer_vdW,10.1103/PhysRevB.94.035125,Ozcelik PRB 2016 HSE06 monolayers (Table I)
As_b,TiS3,As_b,2.06,1.04,2.06,0.19,0.0,Type I,Type I,DFT_HSE06_monolayer,HSE06,fundamental_quasiparticle,2D_monolayer_vdW,10.1103/PhysRevB.94.035125,Ozcelik PRB 2016 HSE06 monolayers (Table I)
As_b,HfS3,As_b,2.06,1.87,2.06,0.76,0.0,Type I,Type I,DFT_HSE06_monolayer,HSE06,fundamental_quasiparticle,2D_monolayer_vdW,10.1103/PhysRevB.94.035125,Ozcelik PRB 2016 HSE06 monolayers (Table I)
As_b,HfSe3,As_b,2.06,0.98,2.06,0.16,0.0,Type I,Type I,DFT_HSE06_monolayer,HSE06,fundamental_quasiparticle,2D_monolayer_vdW,10.1103/PhysRevB.94.035125,Ozcelik PRB 2016 HSE06 monolayers (Table I)
As_b,ZrS3,As_b,2.06,1.89,2.06,0.91,0.0,Type I,Type I,DFT_HSE06_monolayer,HSE06,fundamental_quasiparticle,2D_monolayer_vdW,10.1103/PhysRevB.94.035125,Ozcelik PRB 2016 HSE06 monolayers (Table I)
As_b,ZrSe3,As_b,2.06,0.95,2.06,0.22,0.0,Type I,Type I,DFT_HSE06_monolayer,HSE06,fundamental_quasiparticle,2D_monolayer_vdW,10.1103/PhysRevB.94.035125,Ozcelik PRB 2016 HSE06 monolayers (Table I)
As_w,BP,As_w,1.25,1.59,1.25,-0.13,0.0,Type I,Type I,DFT_HSE06_monolayer,HSE06,fundamental_quasiparticle,2D_monolayer_vdW,10.1103/PhysRevB.94.035125,Ozcelik PRB 2016 HSE06 monolayers (Table I)
As_w,BAs,As_w,1.25,1.43,1.25,-0.07,0.0,Type I,Type I,DFT_HSE06_monolayer,HSE06,fundamental_quasiparticle,2D_monolayer_vdW,10.1103/PhysRevB.94.035125,Ozcelik PRB 2016 HSE06 monolayers (Table I)
As_w,AlSb_b,As_w,1.25,2.09,1.25,1.42,0.0,Type I,Type I,DFT_HSE06_monolayer,HSE06,fundamental_quasiparticle,2D_monolayer_vdW,10.1103/PhysRevB.94.035125,Ozcelik PRB 2016 HSE06 monolayers (Table I)
As_w,GaP_b,As_w,1.25,2.49,1.25,1.91,0.0,Type I,Type I,DFT_HSE06_monolayer,HSE06,fundamental_quasiparticle,2D_monolayer_vdW,10.1103/PhysRevB.94.035125,Ozcelik PRB 2016 HSE06 monolayers (Table I)
As_w,GaAs_b,As_w,1.25,1.88,1.25,-0.05,0.0,Type I,Type I,DFT_HSE06_monolayer,HSE06,fundamental_quasiparticle,2D_monolayer_vdW,10.1103/PhysRevB.94.035125,Ozcelik PRB 2016 HSE06 monolayers (Table I)
As_w,GaSb_b,As_w,1.25,1.13,1.25,0.47,0.0,Type I,Type I,DFT_HSE06_monolayer,HSE06,fundamental_quasiparticle,2D_monolayer_vdW,10.1103/PhysRevB.94.035125,Ozcelik PRB 2016 HSE06 monolayers (Table I)
As_w,InN,As_w,1.25,1.35,1.25,-0.05,0.0,Type I,Type I,DFT_HSE06_monolayer,HSE06,fundamental_quasiparticle,2D_monolayer_vdW,10.1103/PhysRevB.94.035125,Ozcelik PRB 2016 HSE06 monolayers (Table I)
As_w,InP_b,As_w,1.25,1.16,1.25,0.51,0.0,Type I,Type I,DFT_HSE06_monolayer,HSE06,fundamental_quasiparticle,2D_monolayer_vdW,10.1103/PhysRevB.94.035125,Ozcelik PRB 2016 HSE06 monolayers (Table I)
As_w,InAs_b,As_w,1.25,1.04,1.25,0.66,0.0,Type I,Type I,DFT_HSE06_monolayer,HSE06,fundamental_quasiparticle,2D_monolayer_vdW,10.1103/PhysRevB.94.035125,Ozcelik PRB 2016 HSE06 monolayers (Table I)
As_w,InSb_b,As_w,1.25,0.97,1.25,0.59,0.0,Type I,Type I,DFT_HSE06_monolayer,HSE06,fundamental_quasiparticle,2D_monolayer_vdW,10.1103/PhysRevB.94.035125,Ozcelik PRB 2016 HSE06 monolayers (Table I)
As_w,SnC,As_w,1.25,1.85,1.25,0.71,0.0,Type I,Type I,DFT_HSE06_monolayer,HSE06,fundamental_quasiparticle,2D_monolayer_vdW,10.1103/PhysRevB.94.035125,Ozcelik PRB 2016 HSE06 monolayers (Table I)
As_w,P_b,As_w,1.25,2.73,1.25,-0.1,0.0,Type I,Type I,DFT_HSE06_monolayer,HSE06,fundamental_quasiparticle,2D_monolayer_vdW,10.1103/PhysRevB.94.035125,Ozcelik PRB 2016 HSE06 monolayers (Table I)
As_w,P_w,As_w,1.25,1.53,1.25,-0.27,0.0,Type I,Type I,DFT_HSE06_monolayer,HSE06,fundamental_quasiparticle,2D_monolayer_vdW,10.1103/PhysRevB.94.035125,Ozcelik PRB 2016 HSE06 monolayers (Table I)
As_w,Sb_b,As_w,1.25,1.22,1.25,0.45,0.0,Type I,Type I,DFT_HSE06_monolayer,HSE06,fundamental_quasiparticle,2D_monolayer_vdW,10.1103/PhysRevB.94.035125,Ozcelik PRB 2016 HSE06 monolayers (Table I)
As_w,2H-MoS2,As_w,1.25,2.15,1.25,-0.47,0.0,Type I,Type I,DFT_HSE06_monolayer,HSE06,fundamental_quasiparticle,2D_monolayer_vdW,10.1103/PhysRevB.94.035125,Ozcelik PRB 2016 HSE06 monolayers (Table I)
As_w,2H-WS2,As_w,1.25,2.09,1.25,-0.06,0.0,Type I,Type I,DFT_HSE06_monolayer,HSE06,fundamental_quasiparticle,2D_monolayer_vdW,10.1103/PhysRevB.94.035125,Ozcelik PRB 2016 HSE06 monolayers (Table I)
As_w,2H-WTe2,As_w,1.25,1.21,1.25,0.46,0.0,Type I,Type I,DFT_HSE06_monolayer,HSE06,fundamental_quasiparticle,2D_monolayer_vdW,10.1103/PhysRevB.94.035125,Ozcelik PRB 2016 HSE06 monolayers (Table I)
As_w,1T-HfS2,As_w,1.25,1.99,1.25,-1.04,0.0,Type I,Type I,DFT_HSE06_monolayer,HSE06,fundamental_quasiparticle,2D_monolayer_vdW,10.1103/PhysRevB.94.035125,Ozcelik PRB 2016 HSE06 monolayers (Table I)
As_w,1T-HfSe2,As_w,1.25,1.02,1.25,-1.03,0.0,Type I,Type I,DFT_HSE06_monolayer,HSE06,fundamental_quasiparticle,2D_monolayer_vdW,10.1103/PhysRevB.94.035125,Ozcelik PRB 2016 HSE06 monolayers (Table I)
As_w,1T_d-ReS2,As_w,1.25,1.96,1.25,-0.57,0.0,Type I,Type I,DFT_HSE06_monolayer,HSE06,fundamental_quasiparticle,2D_monolayer_vdW,10.1103/PhysRevB.94.035125,Ozcelik PRB 2016 HSE06 monolayers (Table I)
As_w,1T_d-ReSe2,As_w,1.25,1.7,1.25,-0.09,0.0,Type I,Type I,DFT_HSE06_monolayer,HSE06,fundamental_quasiparticle,2D_monolayer_vdW,10.1103/PhysRevB.94.035125,Ozcelik PRB 2016 HSE06 monolayers (Table I)
As_w,TiS3,As_w,1.25,1.04,1.25,0.42,0.0,Type I,Type I,DFT_HSE06_monolayer,HSE06,fundamental_quasiparticle,2D_monolayer_vdW,10.1103/PhysRevB.94.035125,Ozcelik PRB 2016 HSE06 monolayers (Table I)
As_w,HfS3,As_w,1.25,1.87,1.25,0.99,0.0,Type I,Type I,DFT_HSE06_monolayer,HSE06,fundamental_quasiparticle,2D_monolayer_vdW,10.1103/PhysRevB.94.035125,Ozcelik PRB 2016 HSE06 monolayers (Table I)
As_w,HfSe3,As_w,1.25,0.98,1.25,0.39,0.0,Type I,Type I,DFT_HSE06_monolayer,HSE06,fundamental_quasiparticle,2D_monolayer_vdW,10.1103/PhysRevB.94.035125,Ozcelik PRB 2016 HSE06 monolayers (Table I)
As_w,ZrS3,As_w,1.25,1.89,1.25,1.14,0.0,Type I,Type I,DFT_HSE06_monolayer,HSE06,fundamental_quasiparticle,2D_monolayer_vdW,10.1103/PhysRevB.94.035125,Ozcelik PRB 2016 HSE06 monolayers (Table I)
As_w,ZrSe3,As_w,1.25,0.95,1.25,0.45,0.0,Type I,Type I,DFT_HSE06_monolayer,HSE06,fundamental_quasiparticle,2D_monolayer_vdW,10.1103/PhysRevB.94.035125,Ozcelik PRB 2016 HSE06 monolayers (Table I)
Sb_b,BP,Sb_b,1.22,1.59,1.22,-0.58,0.0,Type I,Type I,DFT_HSE06_monolayer,HSE06,fundamental_quasiparticle,2D_monolayer_vdW,10.1103/PhysRevB.94.035125,Ozcelik PRB 2016 HSE06 monolayers (Table I)
Sb_b,BAs,Sb_b,1.22,1.43,1.22,-0.52,0.0,Type I,Type I,DFT_HSE06_monolayer,HSE06,fundamental_quasiparticle,2D_monolayer_vdW,10.1103/PhysRevB.94.035125,Ozcelik PRB 2016 HSE06 monolayers (Table I)
Sb_b,BSb,Sb_b,1.22,0.91,1.22,-0.66,0.0,Type I,Type I,DFT_HSE06_monolayer,HSE06,fundamental_quasiparticle,2D_monolayer_vdW,10.1103/PhysRevB.94.035125,Ozcelik PRB 2016 HSE06 monolayers (Table I)
Sb_b,AlSb_b,Sb_b,1.22,2.09,1.22,0.97,0.0,Type I,Type I,DFT_HSE06_monolayer,HSE06,fundamental_quasiparticle,2D_monolayer_vdW,10.1103/PhysRevB.94.035125,Ozcelik PRB 2016 HSE06 monolayers (Table I)
Sb_b,GaP_b,Sb_b,1.22,2.49,1.22,1.46,0.0,Type I,Type I,DFT_HSE06_monolayer,HSE06,fundamental_quasiparticle,2D_monolayer_vdW,10.1103/PhysRevB.94.035125,Ozcelik PRB 2016 HSE06 monolayers (Table I)
Sb_b,GaAs_b,Sb_b,1.22,1.88,1.22,-0.5,0.0,Type I,Type I,DFT_HSE06_monolayer,HSE06,fundamental_quasiparticle,2D_monolayer_vdW,10.1103/PhysRevB.94.035125,Ozcelik PRB 2016 HSE06 monolayers (Table I)
Sb_b,GaSb_b,Sb_b,1.22,1.13,1.22,0.02,0.0,Type I,Type I,DFT_HSE06_monolayer,HSE06,fundamental_quasiparticle,2D_monolayer_vdW,10.1103/PhysRevB.94.035125,Ozcelik PRB 2016 HSE06 monolayers (Table I)
Sb_b,InN,Sb_b,1.22,1.35,1.22,-0.5,0.0,Type I,Type I,DFT_HSE06_monolayer,HSE06,fundamental_quasiparticle,2D_monolayer_vdW,10.1103/PhysRevB.94.035125,Ozcelik PRB 2016 HSE06 monolayers (Table I)
Sb_b,InP_b,Sb_b,1.22,1.16,1.22,0.06,0.0,Type I,Type I,DFT_HSE06_monolayer,HSE06,fundamental_quasiparticle,2D_monolayer_vdW,10.1103/PhysRevB.94.035125,Ozcelik PRB 2016 HSE06 monolayers (Table I)
Sb_b,InAs_b,Sb_b,1.22,1.04,1.22,0.21,0.0,Type I,Type I,DFT_HSE06_monolayer,HSE06,fundamental_quasiparticle,2D_monolayer_vdW,10.1103/PhysRevB.94.035125,Ozcelik PRB 2016 HSE06 monolayers (Table I)
Sb_b,InSb_b,Sb_b,1.22,0.97,1.22,0.14,0.0,Type I,Type I,DFT_HSE06_monolayer,HSE06,fundamental_quasiparticle,2D_monolayer_vdW,10.1103/PhysRevB.94.035125,Ozcelik PRB 2016 HSE06 monolayers (Table I)
Sb_b,SiGe_b,Sb_b,1.22,0.55,1.22,-0.99,0.0,Type I,Type I,DFT_HSE06_monolayer,HSE06,fundamental_quasiparticle,2D_monolayer_vdW,10.1103/PhysRevB.94.035125,Ozcelik PRB 2016 HSE06 monolayers (Table I)
Sb_b,SiSn_b,Sb_b,1.22,0.59,1.22,-0.8,0.0,Type I,Type I,DFT_HSE06_monolayer,HSE06,fundamental_quasiparticle,2D_monolayer_vdW,10.1103/PhysRevB.94.035125,Ozcelik PRB 2016 HSE06 monolayers (Table I)
Sb_b,GeSn_b,Sb_b,1.22,0.46,1.22,-0.81,0.0,Type I,Type I,DFT_HSE06_monolayer,HSE06,fundamental_quasiparticle,2D_monolayer_vdW,10.1103/PhysRevB.94.035125,Ozcelik PRB 2016 HSE06 monolayers (Table I)
Sb_b,P_b,Sb_b,1.22,2.73,1.22,-0.55,0.0,Type I,Type I,DFT_HSE06_monolayer,HSE06,fundamental_quasiparticle,2D_monolayer_vdW,10.1103/PhysRevB.94.035125,Ozcelik PRB 2016 HSE06 monolayers (Table I)
Sb_b,P_w,Sb_b,1.22,1.53,1.22,-0.72,0.0,Type I,Type I,DFT_HSE06_monolayer,HSE06,fundamental_quasiparticle,2D_monolayer_vdW,10.1103/PhysRevB.94.035125,Ozcelik PRB 2016 HSE06 monolayers (Table I)
Sb_b,As_b,Sb_b,1.22,2.06,1.22,-0.22,0.0,Type I,Type I,DFT_HSE06_monolayer,HSE06,fundamental_quasiparticle,2D_monolayer_vdW,10.1103/PhysRevB.94.035125,Ozcelik PRB 2016 HSE06 monolayers (Table I)
Sb_b,As_w,Sb_b,1.22,1.25,1.22,-0.45,0.0,Type I,Type I,DFT_HSE06_monolayer,HSE06,fundamental_quasiparticle,2D_monolayer_vdW,10.1103/PhysRevB.94.035125,Ozcelik PRB 2016 HSE06 monolayers (Table I)
Sb_b,2H-MoS2,Sb_b,1.22,2.15,1.22,-0.92,0.0,Type I,Type I,DFT_HSE06_monolayer,HSE06,fundamental_quasiparticle,2D_monolayer_vdW,10.1103/PhysRevB.94.035125,Ozcelik PRB 2016 HSE06 monolayers (Table I)
Sb_b,2H-MoSe2,Sb_b,1.22,1.87,1.22,-0.41,0.0,Type I,Type I,DFT_HSE06_monolayer,HSE06,fundamental_quasiparticle,2D_monolayer_vdW,10.1103/PhysRevB.94.035125,Ozcelik PRB 2016 HSE06 monolayers (Table I)
Sb_b,2H-MoTe2,Sb_b,1.22,1.47,1.22,-0.36,0.0,Type I,Type I,DFT_HSE06_monolayer,HSE06,fundamental_quasiparticle,2D_monolayer_vdW,10.1103/PhysRevB.94.035125,Ozcelik PRB 2016 HSE06 monolayers (Table I)
Sb_b,2H-WS2,Sb_b,1.22,2.09,1.22,-0.51,0.0,Type I,Type I,DFT_HSE06_monolayer,HSE06,fundamental_quasiparticle,2D_monolayer_vdW,10.1103/PhysRevB.94.035125,Ozcelik PRB 2016 HSE06 monolayers (Table I)
Sb_b,2H-WSe2,Sb_b,1.22,1.75,1.22,-0.11,0.0,Type I,Type I,DFT_HSE06_monolayer,HSE06,fundamental_quasiparticle,2D_monolayer_vdW,10.1103/PhysRevB.94.035125,Ozcelik PRB 2016 HSE06 monolayers (Table I)
Sb_b,2H-WTe2,Sb_b,1.22,1.21,1.22,0.01,0.0,Type I,Type I,DFT_HSE06_monolayer,HSE06,fundamental_quasiparticle,2D_monolayer_vdW,10.1103/PhysRevB.94.035125,Ozcelik PRB 2016 HSE06 monolayers (Table I)
Sb_b,1T-HfS2,Sb_b,1.22,1.99,1.22,-1.49,0.0,Type I,Type I,DFT_HSE06_monolayer,HSE06,fundamental_quasiparticle,2D_monolayer_vdW,10.1103/PhysRevB.94.035125,Ozcelik PRB 2016 HSE06 monolayers (Table I)
Sb_b,1T-HfSe2,Sb_b,1.22,1.02,1.22,-1.48,0.0,Type I,Type I,DFT_HSE06_monolayer,HSE06,fundamental_quasiparticle,2D_monolayer_vdW,10.1103/PhysRevB.94.035125,Ozcelik PRB 2016 HSE06 monolayers (Table I)
Sb_b,1T_d-ReS2,Sb_b,1.22,1.96,1.22,-1.02,0.0,Type I,Type I,DFT_HSE06_monolayer,HSE06,fundamental_quasiparticle,2D_monolayer_vdW,10.1103/PhysRevB.94.035125,Ozcelik PRB 2016 HSE06 monolayers (Table I)
Sb_b,1T_d-ReSe2,Sb_b,1.22,1.7,1.22,-0.54,0.0,Type I,Type I,DFT_HSE06_monolayer,HSE06,fundamental_quasiparticle,2D_monolayer_vdW,10.1103/PhysRevB.94.035125,Ozcelik PRB 2016 HSE06 monolayers (Table I)
Sb_b,ZrS3,Sb_b,1.22,1.89,1.22,0.69,0.0,Type I,Type I,DFT_HSE06_monolayer,HSE06,fundamental_quasiparticle,2D_monolayer_vdW,10.1103/PhysRevB.94.035125,Ozcelik PRB 2016 HSE06 monolayers (Table I)
Sb_b,ZrSe3,Sb_b,1.22,0.95,1.22,0.0,0.0,Type I,Type I,DFT_HSE06_monolayer,HSE06,fundamental_quasiparticle,2D_monolayer_vdW,10.1103/PhysRevB.94.035125,Ozcelik PRB 2016 HSE06 monolayers (Table I)
2H-MoS2,BP,2H-MoS2,2.15,1.59,2.15,0.34,0.0,Type I,Type I,DFT_HSE06_monolayer,HSE06,fundamental_quasiparticle,2D_monolayer_vdW,10.1103/PhysRevB.94.035125,Ozcelik PRB 2016 HSE06 monolayers (Table I)
2H-MoS2,BAs,2H-MoS2,2.15,1.43,2.15,0.4,0.0,Type I,Type I,DFT_HSE06_monolayer,HSE06,fundamental_quasiparticle,2D_monolayer_vdW,10.1103/PhysRevB.94.035125,Ozcelik PRB 2016 HSE06 monolayers (Table I)
2H-MoS2,BSb,2H-MoS2,2.15,0.91,2.15,0.26,0.0,Type I,Type I,DFT_HSE06_monolayer,HSE06,fundamental_quasiparticle,2D_monolayer_vdW,10.1103/PhysRevB.94.035125,Ozcelik PRB 2016 HSE06 monolayers (Table I)
2H-MoS2,AlN,2H-MoS2,2.15,4.04,2.15,2.22,0.0,Type I,Type I,DFT_HSE06_monolayer,HSE06,fundamental_quasiparticle,2D_monolayer_vdW,10.1103/PhysRevB.94.035125,Ozcelik PRB 2016 HSE06 monolayers (Table I)
2H-MoS2,AlP,2H-MoS2,2.15,3.14,2.15,1.56,0.0,Type I,Type I,DFT_HSE06_monolayer,HSE06,fundamental_quasiparticle,2D_monolayer_vdW,10.1103/PhysRevB.94.035125,Ozcelik PRB 2016 HSE06 monolayers (Table I)
2H-MoS2,AlAs,2H-MoS2,2.15,2.35,2.15,0.95,0.0,Type I,Type I,DFT_HSE06_monolayer,HSE06,fundamental_quasiparticle,2D_monolayer_vdW,10.1103/PhysRevB.94.035125,Ozcelik PRB 2016 HSE06 monolayers (Table I)
2H-MoS2,AlSb_b,2H-MoS2,2.15,2.09,2.15,1.89,0.0,Type I,Type I,DFT_HSE06_monolayer,HSE06,fundamental_quasiparticle,2D_monolayer_vdW,10.1103/PhysRevB.94.035125,Ozcelik PRB 2016 HSE06 monolayers (Table I)
2H-MoS2,GaN,2H-MoS2,2.15,3.23,2.15,1.38,0.0,Type I,Type I,DFT_HSE06_monolayer,HSE06,fundamental_quasiparticle,2D_monolayer_vdW,10.1103/PhysRevB.94.035125,Ozcelik PRB 2016 HSE06 monolayers (Table I)
2H-MoS2,GaP_b,2H-MoS2,2.15,2.49,2.15,2.38,0.0,Type I,Type I,DFT_HSE06_monolayer,HSE06,fundamental_quasiparticle,2D_monolayer_vdW,10.1103/PhysRevB.94.035125,Ozcelik PRB 2016 HSE06 monolayers (Table I)
2H-MoS2,GaAs_b,2H-MoS2,2.15,1.88,2.15,0.42,0.0,Type I,Type I,DFT_HSE06_monolayer,HSE06,fundamental_quasiparticle,2D_monolayer_vdW,10.1103/PhysRevB.94.035125,Ozcelik PRB 2016 HSE06 monolayers (Table I)
2H-MoS2,GaSb_b,2H-MoS2,2.15,1.13,2.15,0.94,0.0,Type I,Type I,DFT_HSE06_monolayer,HSE06,fundamental_quasiparticle,2D_monolayer_vdW,10.1103/PhysRevB.94.035125,Ozcelik PRB 2016 HSE06 monolayers (Table I)
2H-MoS2,InN,2H-MoS2,2.15,1.35,2.15,0.42,0.0,Type I,Type I,DFT_HSE06_monolayer,HSE06,fundamental_quasiparticle,2D_monolayer_vdW,10.1103/PhysRevB.94.035125,Ozcelik PRB 2016 HSE06 monolayers (Table I)
2H-MoS2,InP_b,2H-MoS2,2.15,1.16,2.15,0.98,0.0,Type I,Type I,DFT_HSE06_monolayer,HSE06,fundamental_quasiparticle,2D_monolayer_vdW,10.1103/PhysRevB.94.035125,Ozcelik PRB 2016 HSE06 monolayers (Table I)
2H-MoS2,InAs_b,2H-MoS2,2.15,1.04,2.15,1.13,0.0,Type I,Type I,DFT_HSE06_monolayer,HSE06,fundamental_quasiparticle,2D_monolayer_vdW,10.1103/PhysRevB.94.035125,Ozcelik PRB 2016 HSE06 monolayers (Table I)
2H-MoS2,InSb_b,2H-MoS2,2.15,0.97,2.15,1.06,0.0,Type I,Type I,DFT_HSE06_monolayer,HSE06,fundamental_quasiparticle,2D_monolayer_vdW,10.1103/PhysRevB.94.035125,Ozcelik PRB 2016 HSE06 monolayers (Table I)
2H-MoS2,SiC,2H-MoS2,2.15,3.27,2.15,1.99,0.0,Type I,Type I,DFT_HSE06_monolayer,HSE06,fundamental_quasiparticle,2D_monolayer_vdW,10.1103/PhysRevB.94.035125,Ozcelik PRB 2016 HSE06 monolayers (Table I)
2H-MoS2,SiSn_b,2H-MoS2,2.15,0.59,2.15,0.12,0.0,Type I,Type I,DFT_HSE06_monolayer,HSE06,fundamental_quasiparticle,2D_monolayer_vdW,10.1103/PhysRevB.94.035125,Ozcelik PRB 2016 HSE06 monolayers (Table I)
2H-MoS2,GeC,2H-MoS2,2.15,2.91,2.15,1.84,0.0,Type I,Type I,DFT_HSE06_monolayer,HSE06,fundamental_quasiparticle,2D_monolayer_vdW,10.1103/PhysRevB.94.035125,Ozcelik PRB 2016 HSE06 monolayers (Table I)
2H-MoS2,GeSn_b,2H-MoS2,2.15,0.46,2.15,0.11,0.0,Type I,Type I,DFT_HSE06_monolayer,HSE06,fundamental_quasiparticle,2D_monolayer_vdW,10.1103/PhysRevB.94.035125,Ozcelik PRB 2016 HSE06 monolayers (Table I)
2H-MoS2,SnC,2H-MoS2,2.15,1.85,2.15,1.18,0.0,Type I,Type I,DFT_HSE06_monolayer,HSE06,fundamental_quasiparticle,2D_monolayer_vdW,10.1103/PhysRevB.94.035125,Ozcelik PRB 2016 HSE06 monolayers (Table I)
2H-MoS2,P_w,2H-MoS2,2.15,1.53,2.15,0.2,0.0,Type I,Type I,DFT_HSE06_monolayer,HSE06,fundamental_quasiparticle,2D_monolayer_vdW,10.1103/PhysRevB.94.035125,Ozcelik PRB 2016 HSE06 monolayers (Table I)
2H-MoS2,As_b,2H-MoS2,2.15,2.06,2.15,0.7,0.0,Type I,Type I,DFT_HSE06_monolayer,HSE06,fundamental_quasiparticle,2D_monolayer_vdW,10.1103/PhysRevB.94.035125,Ozcelik PRB 2016 HSE06 monolayers (Table I)
2H-MoS2,As_w,2H-MoS2,2.15,1.25,2.15,0.47,0.0,Type I,Type I,DFT_HSE06_monolayer,HSE06,fundamental_quasiparticle,2D_monolayer_vdW,10.1103/PhysRevB.94.035125,Ozcelik PRB 2016 HSE06 monolayers (Table I)
2H-MoS2,Sb_b,2H-MoS2,2.15,1.22,2.15,0.92,0.0,Type I,Type I,DFT_HSE06_monolayer,HSE06,fundamental_quasiparticle,2D_monolayer_vdW,10.1103/PhysRevB.94.035125,Ozcelik PRB 2016 HSE06 monolayers (Table I)
2H-MoS2,2H-MoSe2,2H-MoS2,2.15,1.87,2.15,0.51,0.0,Type I,Type I,DFT_HSE06_monolayer,HSE06,fundamental_quasiparticle,2D_monolayer_vdW,10.1103/PhysRevB.94.035125,Ozcelik PRB 2016 HSE06 monolayers (Table I)
2H-MoS2,2H-MoTe2,2H-MoS2,2.15,1.47,2.15,0.56,0.0,Type I,Type I,DFT_HSE06_monolayer,HSE06,fundamental_quasiparticle,2D_monolayer_vdW,10.1103/PhysRevB.94.035125,Ozcelik PRB 2016 HSE06 monolayers (Table I)
2H-MoS2,2H-WS2,2H-MoS2,2.15,2.09,2.15,0.41,0.0,Type I,Type I,DFT_HSE06_monolayer,HSE06,fundamental_quasiparticle,2D_monolayer_vdW,10.1103/PhysRevB.94.035125,Ozcelik PRB 2016 HSE06 monolayers (Table I)
2H-MoS2,2H-WSe2,2H-MoS2,2.15,1.75,2.15,0.81,0.0,Type I,Type I,DFT_HSE06_monolayer,HSE06,fundamental_quasiparticle,2D_monolayer_vdW,10.1103/PhysRevB.94.035125,Ozcelik PRB 2016 HSE06 monolayers (Table I)
2H-MoS2,2H-WTe2,2H-MoS2,2.15,1.21,2.15,0.93,0.0,Type I,Type I,DFT_HSE06_monolayer,HSE06,fundamental_quasiparticle,2D_monolayer_vdW,10.1103/PhysRevB.94.035125,Ozcelik PRB 2016 HSE06 monolayers (Table I)
2H-MoS2,1T-HfS2,2H-MoS2,2.15,1.99,2.15,-0.57,0.0,Type I,Type I,DFT_HSE06_monolayer,HSE06,fundamental_quasiparticle,2D_monolayer_vdW,10.1103/PhysRevB.94.035125,Ozcelik PRB 2016 HSE06 monolayers (Table I)
2H-MoS2,1T_d-ReSe2,2H-MoS2,2.15,1.7,2.15,0.38,0.0,Type I,Type I,DFT_HSE06_monolayer,HSE06,fundamental_quasiparticle,2D_monolayer_vdW,10.1103/PhysRevB.94.035125,Ozcelik PRB 2016 HSE06 monolayers (Table I)
2H-MoS2,TiS3,2H-MoS2,2.15,1.04,2.15,0.89,0.0,Type I,Type I,DFT_HSE06_monolayer,HSE06,fundamental_quasiparticle,2D_monolayer_vdW,10.1103/PhysRevB.94.035125,Ozcelik PRB 2016 HSE06 monolayers (Table I)
2H-MoS2,HfS3,2H-MoS2,2.15,1.87,2.15,1.46,0.0,Type I,Type I,DFT_HSE06_monolayer,HSE06,fundamental_quasiparticle,2D_monolayer_vdW,10.1103/PhysRevB.94.035125,Ozcelik PRB 2016 HSE06 monolayers (Table I)
2H-MoS2,HfSe3,2H-MoS2,2.15,0.98,2.15,0.86,0.0,Type I,Type I,DFT_HSE06_monolayer,HSE06,fundamental_quasiparticle,2D_monolayer_vdW,10.1103/PhysRevB.94.035125,Ozcelik PRB 2016 HSE06 monolayers (Table I)
2H-MoS2,ZrS3,2H-MoS2,2.15,1.89,2.15,1.61,0.0,Type I,Type I,DFT_HSE06_monolayer,HSE06,fundamental_quasiparticle,2D_monolayer_vdW,10.1103/PhysRevB.94.035125,Ozcelik PRB 2016 HSE06 monolayers (Table I)
2H-MoS2,ZrSe3,2H-MoS2,2.15,0.95,2.15,0.92,0.0,Type I,Type I,DFT_HSE06_monolayer,HSE06,fundamental_quasiparticle,2D_monolayer_vdW,10.1103/PhysRevB.94.035125,Ozcelik PRB 2016 HSE06 monolayers (Table I)
2H-MoSe2,AlSb_b,2H-MoSe2,1.87,2.09,1.87,1.38,0.0,Type I,Type I,DFT_HSE06_monolayer,HSE06,fundamental_quasiparticle,2D_monolayer_vdW,10.1103/PhysRevB.94.035125,Ozcelik PRB 2016 HSE06 monolayers (Table I)
2H-MoSe2,GaP_b,2H-MoSe2,1.87,2.49,1.87,1.87,0.0,Type I,Type I,DFT_HSE06_monolayer,HSE06,fundamental_quasiparticle,2D_monolayer_vdW,10.1103/PhysRevB.94.035125,Ozcelik PRB 2016 HSE06 monolayers (Table I)
2H-MoSe2,GaAs_b,2H-MoSe2,1.87,1.88,1.87,-0.09,0.0,Type I,Type I,DFT_HSE06_monolayer,HSE06,fundamental_quasiparticle,2D_monolayer_vdW,10.1103/PhysRevB.94.035125,Ozcelik PRB 2016 HSE06 monolayers (Table I)
2H-MoSe2,GaSb_b,2H-MoSe2,1.87,1.13,1.87,0.43,0.0,Type I,Type I,DFT_HSE06_monolayer,HSE06,fundamental_quasiparticle,2D_monolayer_vdW,10.1103/PhysRevB.94.035125,Ozcelik PRB 2016 HSE06 monolayers (Table I)
2H-MoSe2,InP_b,2H-MoSe2,1.87,1.16,1.87,0.47,0.0,Type I,Type I,DFT_HSE06_monolayer,HSE06,fundamental_quasiparticle,2D_monolayer_vdW,10.1103/PhysRevB.94.035125,Ozcelik PRB 2016 HSE06 monolayers (Table I)
2H-MoSe2,InAs_b,2H-MoSe2,1.87,1.04,1.87,0.62,0.0,Type I,Type I,DFT_HSE06_monolayer,HSE06,fundamental_quasiparticle,2D_monolayer_vdW,10.1103/PhysRevB.94.035125,Ozcelik PRB 2016 HSE06 monolayers (Table I)
2H-MoSe2,InSb_b,2H-MoSe2,1.87,0.97,1.87,0.55,0.0,Type I,Type I,DFT_HSE06_monolayer,HSE06,fundamental_quasiparticle,2D_monolayer_vdW,10.1103/PhysRevB.94.035125,Ozcelik PRB 2016 HSE06 monolayers (Table I)
2H-MoSe2,SiC,2H-MoSe2,1.87,3.27,1.87,1.48,0.0,Type I,Type I,DFT_HSE06_monolayer,HSE06,fundamental_quasiparticle,2D_monolayer_vdW,10.1103/PhysRevB.94.035125,Ozcelik PRB 2016 HSE06 monolayers (Table I)
2H-MoSe2,GeC,2H-MoSe2,1.87,2.91,1.87,1.33,0.0,Type I,Type I,DFT_HSE06_monolayer,HSE06,fundamental_quasiparticle,2D_monolayer_vdW,10.1103/PhysRevB.94.035125,Ozcelik PRB 2016 HSE06 monolayers (Table I)
2H-MoSe2,SnC,2H-MoSe2,1.87,1.85,1.87,0.67,0.0,Type I,Type I,DFT_HSE06_monolayer,HSE06,fundamental_quasiparticle,2D_monolayer_vdW,10.1103/PhysRevB.94.035125,Ozcelik PRB 2016 HSE06 monolayers (Table I)
2H-MoSe2,P_b,2H-MoSe2,1.87,2.73,1.87,-0.14,0.0,Type I,Type I,DFT_HSE06_monolayer,HSE06,fundamental_quasiparticle,2D_monolayer_vdW,10.1103/PhysRevB.94.035125,Ozcelik PRB 2016 HSE06 monolayers (Table I)
2H-MoSe2,As_b,2H-MoSe2,1.87,2.06,1.87,0.19,0.0,Type I,Type I,DFT_HSE06_monolayer,HSE06,fundamental_quasiparticle,2D_monolayer_vdW,10.1103/PhysRevB.94.035125,Ozcelik PRB 2016 HSE06 monolayers (Table I)
2H-MoSe2,Sb_b,2H-MoSe2,1.87,1.22,1.87,0.41,0.0,Type I,Type I,DFT_HSE06_monolayer,HSE06,fundamental_quasiparticle,2D_monolayer_vdW,10.1103/PhysRevB.94.035125,Ozcelik PRB 2016 HSE06 monolayers (Table I)
2H-MoSe2,2H-MoS2,2H-MoSe2,1.87,2.15,1.87,-0.51,0.0,Type I,Type I,DFT_HSE06_monolayer,HSE06,fundamental_quasiparticle,2D_monolayer_vdW,10.1103/PhysRevB.94.035125,Ozcelik PRB 2016 HSE06 monolayers (Table I)
2H-MoSe2,2H-MoTe2,2H-MoSe2,1.87,1.47,1.87,0.05,0.0,Type I,Type I,DFT_HSE06_monolayer,HSE06,fundamental_quasiparticle,2D_monolayer_vdW,10.1103/PhysRevB.94.035125,Ozcelik PRB 2016 HSE06 monolayers (Table I)
2H-MoSe2,2H-WS2,2H-MoSe2,1.87,2.09,1.87,-0.1,0.0,Type I,Type I,DFT_HSE06_monolayer,HSE06,fundamental_quasiparticle,2D_monolayer_vdW,10.1103/PhysRevB.94.035125,Ozcelik PRB 2016 HSE06 monolayers (Table I)
2H-MoSe2,2H-WSe2,2H-MoSe2,1.87,1.75,1.87,0.3,0.0,Type I,Type I,DFT_HSE06_monolayer,HSE06,fundamental_quasiparticle,2D_monolayer_vdW,10.1103/PhysRevB.94.035125,Ozcelik PRB 2016 HSE06 monolayers (Table I)
2H-MoSe2,2H-WTe2,2H-MoSe2,1.87,1.21,1.87,0.42,0.0,Type I,Type I,DFT_HSE06_monolayer,HSE06,fundamental_quasiparticle,2D_monolayer_vdW,10.1103/PhysRevB.94.035125,Ozcelik PRB 2016 HSE06 monolayers (Table I)
2H-MoSe2,1T-HfS2,2H-MoSe2,1.87,1.99,1.87,-1.08,0.0,Type I,Type I,DFT_HSE06_monolayer,HSE06,fundamental_quasiparticle,2D_monolayer_vdW,10.1103/PhysRevB.94.035125,Ozcelik PRB 2016 HSE06 monolayers (Table I)
2H-MoSe2,1T-HfSe2,2H-MoSe2,1.87,1.02,1.87,-1.07,0.0,Type I,Type I,DFT_HSE06_monolayer,HSE06,fundamental_quasiparticle,2D_monolayer_vdW,10.1103/PhysRevB.94.035125,Ozcelik PRB 2016 HSE06 monolayers (Table I)
2H-MoSe2,1T_d-ReS2,2H-MoSe2,1.87,1.96,1.87,-0.61,0.0,Type I,Type I,DFT_HSE06_monolayer,HSE06,fundamental_quasiparticle,2D_monolayer_vdW,10.1103/PhysRevB.94.035125,Ozcelik PRB 2016 HSE06 monolayers (Table I)
2H-MoSe2,TiS3,2H-MoSe2,1.87,1.04,1.87,0.38,0.0,Type I,Type I,DFT_HSE06_monolayer,HSE06,fundamental_quasiparticle,2D_monolayer_vdW,10.1103/PhysRevB.94.035125,Ozcelik PRB 2016 HSE06 monolayers (Table I)
2H-MoSe2,HfS3,2H-MoSe2,1.87,1.87,1.87,0.95,0.0,Type I,Type I,DFT_HSE06_monolayer,HSE06,fundamental_quasiparticle,2D_monolayer_vdW,10.1103/PhysRevB.94.035125,Ozcelik PRB 2016 HSE06 monolayers (Table I)
2H-MoSe2,HfSe3,2H-MoSe2,1.87,0.98,1.87,0.35,0.0,Type I,Type I,DFT_HSE06_monolayer,HSE06,fundamental_quasiparticle,2D_monolayer_vdW,10.1103/PhysRevB.94.035125,Ozcelik PRB 2016 HSE06 monolayers (Table I)
2H-MoSe2,ZrS3,2H-MoSe2,1.87,1.89,1.87,1.1,0.0,Type I,Type I,DFT_HSE06_monolayer,HSE06,fundamental_quasiparticle,2D_monolayer_vdW,10.1103/PhysRevB.94.035125,Ozcelik PRB 2016 HSE06 monolayers (Table I)
2H-MoSe2,ZrSe3,2H-MoSe2,1.87,0.95,1.87,0.41,0.0,Type I,Type I,DFT_HSE06_monolayer,HSE06,fundamental_quasiparticle,2D_monolayer_vdW,10.1103/PhysRevB.94.035125,Ozcelik PRB 2016 HSE06 monolayers (Table I)
2H-MoTe2,BP,2H-MoTe2,1.47,1.59,1.47,-0.22,0.0,Type I,Type I,DFT_HSE06_monolayer,HSE06,fundamental_quasiparticle,2D_monolayer_vdW,10.1103/PhysRevB.94.035125,Ozcelik PRB 2016 HSE06 monolayers (Table I)
2H-MoTe2,BAs,2H-MoTe2,1.47,1.43,1.47,-0.16,0.0,Type I,Type I,DFT_HSE06_monolayer,HSE06,fundamental_quasiparticle,2D_monolayer_vdW,10.1103/PhysRevB.94.035125,Ozcelik PRB 2016 HSE06 monolayers (Table I)
2H-MoTe2,AlSb_b,2H-MoTe2,1.47,2.09,1.47,1.33,0.0,Type I,Type I,DFT_HSE06_monolayer,HSE06,fundamental_quasiparticle,2D_monolayer_vdW,10.1103/PhysRevB.94.035125,Ozcelik PRB 2016 HSE06 monolayers (Table I)
2H-MoTe2,GaP_b,2H-MoTe2,1.47,2.49,1.47,1.82,0.0,Type I,Type I,DFT_HSE06_monolayer,HSE06,fundamental_quasiparticle,2D_monolayer_vdW,10.1103/PhysRevB.94.035125,Ozcelik PRB 2016 HSE06 monolayers (Table I)
2H-MoTe2,GaAs_b,2H-MoTe2,1.47,1.88,1.47,-0.14,0.0,Type I,Type I,DFT_HSE06_monolayer,HSE06,fundamental_quasiparticle,2D_monolayer_vdW,10.1103/PhysRevB.94.035125,Ozcelik PRB 2016 HSE06 monolayers (Table I)
2H-MoTe2,GaSb_b,2H-MoTe2,1.47,1.13,1.47,0.38,0.0,Type I,Type I,DFT_HSE06_monolayer,HSE06,fundamental_quasiparticle,2D_monolayer_vdW,10.1103/PhysRevB.94.035125,Ozcelik PRB 2016 HSE06 monolayers (Table I)
2H-MoTe2,InN,2H-MoTe2,1.47,1.35,1.47,-0.14,0.0,Type I,Type I,DFT_HSE06_monolayer,HSE06,fundamental_quasiparticle,2D_monolayer_vdW,10.1103/PhysRevB.94.035125,Ozcelik PRB 2016 HSE06 monolayers (Table I)
2H-MoTe2,InP_b,2H-MoTe2,1.47,1.16,1.47,0.42,0.0,Type I,Type I,DFT_HSE06_monolayer,HSE06,fundamental_quasiparticle,2D_monolayer_vdW,10.1103/PhysRevB.94.035125,Ozcelik PRB 2016 HSE06 monolayers (Table I)
2H-MoTe2,InAs_b,2H-MoTe2,1.47,1.04,1.47,0.57,0.0,Type I,Type I,DFT_HSE06_monolayer,HSE06,fundamental_quasiparticle,2D_monolayer_vdW,10.1103/PhysRevB.94.035125,Ozcelik PRB 2016 HSE06 monolayers (Table I)
2H-MoTe2,InSb_b,2H-MoTe2,1.47,0.97,1.47,0.5,0.0,Type I,Type I,DFT_HSE06_monolayer,HSE06,fundamental_quasiparticle,2D_monolayer_vdW,10.1103/PhysRevB.94.035125,Ozcelik PRB 2016 HSE06 monolayers (Table I)
2H-MoTe2,SnC,2H-MoTe2,1.47,1.85,1.47,0.62,0.0,Type I,Type I,DFT_HSE06_monolayer,HSE06,fundamental_quasiparticle,2D_monolayer_vdW,10.1103/PhysRevB.94.035125,Ozcelik PRB 2016 HSE06 monolayers (Table I)
2H-MoTe2,P_b,2H-MoTe2,1.47,2.73,1.47,-0.19,0.0,Type I,Type I,DFT_HSE06_monolayer,HSE06,fundamental_quasiparticle,2D_monolayer_vdW,10.1103/PhysRevB.94.035125,Ozcelik PRB 2016 HSE06 monolayers (Table I)
2H-MoTe2,P_w,2H-MoTe2,1.47,1.53,1.47,-0.36,0.0,Type I,Type I,DFT_HSE06_monolayer,HSE06,fundamental_quasiparticle,2D_monolayer_vdW,10.1103/PhysRevB.94.035125,Ozcelik PRB 2016 HSE06 monolayers (Table I)
2H-MoTe2,Sb_b,2H-MoTe2,1.47,1.22,1.47,0.36,0.0,Type I,Type I,DFT_HSE06_monolayer,HSE06,fundamental_quasiparticle,2D_monolayer_vdW,10.1103/PhysRevB.94.035125,Ozcelik PRB 2016 HSE06 monolayers (Table I)
2H-MoTe2,2H-MoS2,2H-MoTe2,1.47,2.15,1.47,-0.56,0.0,Type I,Type I,DFT_HSE06_monolayer,HSE06,fundamental_quasiparticle,2D_monolayer_vdW,10.1103/PhysRevB.94.035125,Ozcelik PRB 2016 HSE06 monolayers (Table I)
2H-MoTe2,2H-MoSe2,2H-MoTe2,1.47,1.87,1.47,-0.05,0.0,Type I,Type I,DFT_HSE06_monolayer,HSE06,fundamental_quasiparticle,2D_monolayer_vdW,10.1103/PhysRevB.94.035125,Ozcelik PRB 2016 HSE06 monolayers (Table I)
2H-MoTe2,2H-WS2,2H-MoTe2,1.47,2.09,1.47,-0.15,0.0,Type I,Type I,DFT_HSE06_monolayer,HSE06,fundamental_quasiparticle,2D_monolayer_vdW,10.1103/PhysRevB.94.035125,Ozcelik PRB 2016 HSE06 monolayers (Table I)
2H-MoTe2,2H-WTe2,2H-MoTe2,1.47,1.21,1.47,0.37,0.0,Type I,Type I,DFT_HSE06_monolayer,HSE06,fundamental_quasiparticle,2D_monolayer_vdW,10.1103/PhysRevB.94.035125,Ozcelik PRB 2016 HSE06 monolayers (Table I)
2H-MoTe2,1T-HfS2,2H-MoTe2,1.47,1.99,1.47,-1.13,0.0,Type I,Type I,DFT_HSE06_monolayer,HSE06,fundamental_quasiparticle,2D_monolayer_vdW,10.1103/PhysRevB.94.035125,Ozcelik PRB 2016 HSE06 monolayers (Table I)
2H-MoTe2,1T-HfSe2,2H-MoTe2,1.47,1.02,1.47,-1.12,0.0,Type I,Type I,DFT_HSE06_monolayer,HSE06,fundamental_quasiparticle,2D_monolayer_vdW,10.1103/PhysRevB.94.035125,Ozcelik PRB 2016 HSE06 monolayers (Table I)
2H-MoTe2,1T_d-ReS2,2H-MoTe2,1.47,1.96,1.47,-0.66,0.0,Type I,Type I,DFT_HSE06_monolayer,HSE06,fundamental_quasiparticle,2D_monolayer_vdW,10.1103/PhysRevB.94.035125,Ozcelik PRB 2016 HSE06 monolayers (Table I)
2H-MoTe2,1T_d-ReSe2,2H-MoTe2,1.47,1.7,1.47,-0.18,0.0,Type I,Type I,DFT_HSE06_monolayer,HSE06,fundamental_quasiparticle,2D_monolayer_vdW,10.1103/PhysRevB.94.035125,Ozcelik PRB 2016 HSE06 monolayers (Table I)
2H-MoTe2,TiS3,2H-MoTe2,1.47,1.04,1.47,0.33,0.0,Type I,Type I,DFT_HSE06_monolayer,HSE06,fundamental_quasiparticle,2D_monolayer_vdW,10.1103/PhysRevB.94.035125,Ozcelik PRB 2016 HSE06 monolayers (Table I)
2H-MoTe2,HfS3,2H-MoTe2,1.47,1.87,1.47,0.9,0.0,Type I,Type I,DFT_HSE06_monolayer,HSE06,fundamental_quasiparticle,2D_monolayer_vdW,10.1103/PhysRevB.94.035125,Ozcelik PRB 2016 HSE06 monolayers (Table I)
2H-MoTe2,HfSe3,2H-MoTe2,1.47,0.98,1.47,0.3,0.0,Type I,Type I,DFT_HSE06_monolayer,HSE06,fundamental_quasiparticle,2D_monolayer_vdW,10.1103/PhysRevB.94.035125,Ozcelik PRB 2016 HSE06 monolayers (Table I)
2H-MoTe2,ZrS3,2H-MoTe2,1.47,1.89,1.47,1.05,0.0,Type I,Type I,DFT_HSE06_monolayer,HSE06,fundamental_quasiparticle,2D_monolayer_vdW,10.1103/PhysRevB.94.035125,Ozcelik PRB 2016 HSE06 monolayers (Table I)
2H-MoTe2,ZrSe3,2H-MoTe2,1.47,0.95,1.47,0.36,0.0,Type I,Type I,DFT_HSE06_monolayer,HSE06,fundamental_quasiparticle,2D_monolayer_vdW,10.1103/PhysRevB.94.035125,Ozcelik PRB 2016 HSE06 monolayers (Table I)
2H-WS2,AlP,2H-WS2,2.09,3.14,2.09,1.15,0.0,Type I,Type I,DFT_HSE06_monolayer,HSE06,fundamental_quasiparticle,2D_monolayer_vdW,10.1103/PhysRevB.94.035125,Ozcelik PRB 2016 HSE06 monolayers (Table I)
2H-WS2,AlAs,2H-WS2,2.09,2.35,2.09,0.54,0.0,Type I,Type I,DFT_HSE06_monolayer,HSE06,fundamental_quasiparticle,2D_monolayer_vdW,10.1103/PhysRevB.94.035125,Ozcelik PRB 2016 HSE06 monolayers (Table I)
2H-WS2,AlSb_b,2H-WS2,2.09,2.09,2.09,1.48,0.0,Type I,Type I,DFT_HSE06_monolayer,HSE06,fundamental_quasiparticle,2D_monolayer_vdW,10.1103/PhysRevB.94.035125,Ozcelik PRB 2016 HSE06 monolayers (Table I)
2H-WS2,GaP_b,2H-WS2,2.09,2.49,2.09,1.97,0.0,Type I,Type I,DFT_HSE06_monolayer,HSE06,fundamental_quasiparticle,2D_monolayer_vdW,10.1103/PhysRevB.94.035125,Ozcelik PRB 2016 HSE06 monolayers (Table I)
2H-WS2,GaAs_b,2H-WS2,2.09,1.88,2.09,0.01,0.0,Type I,Type I,DFT_HSE06_monolayer,HSE06,fundamental_quasiparticle,2D_monolayer_vdW,10.1103/PhysRevB.94.035125,Ozcelik PRB 2016 HSE06 monolayers (Table I)
2H-WS2,GaSb_b,2H-WS2,2.09,1.13,2.09,0.53,0.0,Type I,Type I,DFT_HSE06_monolayer,HSE06,fundamental_quasiparticle,2D_monolayer_vdW,10.1103/PhysRevB.94.035125,Ozcelik PRB 2016 HSE06 monolayers (Table I)
2H-WS2,InN,2H-WS2,2.09,1.35,2.09,0.01,0.0,Type I,Type I,DFT_HSE06_monolayer,HSE06,fundamental_quasiparticle,2D_monolayer_vdW,10.1103/PhysRevB.94.035125,Ozcelik PRB 2016 HSE06 monolayers (Table I)
2H-WS2,InP_b,2H-WS2,2.09,1.16,2.09,0.57,0.0,Type I,Type I,DFT_HSE06_monolayer,HSE06,fundamental_quasiparticle,2D_monolayer_vdW,10.1103/PhysRevB.94.035125,Ozcelik PRB 2016 HSE06 monolayers (Table I)
2H-WS2,InAs_b,2H-WS2,2.09,1.04,2.09,0.72,0.0,Type I,Type I,DFT_HSE06_monolayer,HSE06,fundamental_quasiparticle,2D_monolayer_vdW,10.1103/PhysRevB.94.035125,Ozcelik PRB 2016 HSE06 monolayers (Table I)
2H-WS2,InSb_b,2H-WS2,2.09,0.97,2.09,0.65,0.0,Type I,Type I,DFT_HSE06_monolayer,HSE06,fundamental_quasiparticle,2D_monolayer_vdW,10.1103/PhysRevB.94.035125,Ozcelik PRB 2016 HSE06 monolayers (Table I)
2H-WS2,SiC,2H-WS2,2.09,3.27,2.09,1.58,0.0,Type I,Type I,DFT_HSE06_monolayer,HSE06,fundamental_quasiparticle,2D_monolayer_vdW,10.1103/PhysRevB.94.035125,Ozcelik PRB 2016 HSE06 monolayers (Table I)
2H-WS2,GeC,2H-WS2,2.09,2.91,2.09,1.43,0.0,Type I,Type I,DFT_HSE06_monolayer,HSE06,fundamental_quasiparticle,2D_monolayer_vdW,10.1103/PhysRevB.94.035125,Ozcelik PRB 2016 HSE06 monolayers (Table I)
2H-WS2,SnC,2H-WS2,2.09,1.85,2.09,0.77,0.0,Type I,Type I,DFT_HSE06_monolayer,HSE06,fundamental_quasiparticle,2D_monolayer_vdW,10.1103/PhysRevB.94.035125,Ozcelik PRB 2016 HSE06 monolayers (Table I)
2H-WS2,P_b,2H-WS2,2.09,2.73,2.09,-0.04,0.0,Type I,Type I,DFT_HSE06_monolayer,HSE06,fundamental_quasiparticle,2D_monolayer_vdW,10.1103/PhysRevB.94.035125,Ozcelik PRB 2016 HSE06 monolayers (Table I)
2H-WS2,As_b,2H-WS2,2.09,2.06,2.09,0.29,0.0,Type I,Type I,DFT_HSE06_monolayer,HSE06,fundamental_quasiparticle,2D_monolayer_vdW,10.1103/PhysRevB.94.035125,Ozcelik PRB 2016 HSE06 monolayers (Table I)
2H-WS2,As_w,2H-WS2,2.09,1.25,2.09,0.06,0.0,Type I,Type I,DFT_HSE06_monolayer,HSE06,fundamental_quasiparticle,2D_monolayer_vdW,10.1103/PhysRevB.94.035125,Ozcelik PRB 2016 HSE06 monolayers (Table I)
2H-WS2,Sb_b,2H-WS2,2.09,1.22,2.09,0.51,0.0,Type I,Type I,DFT_HSE06_monolayer,HSE06,fundamental_quasiparticle,2D_monolayer_vdW,10.1103/PhysRevB.94.035125,Ozcelik PRB 2016 HSE06 monolayers (Table I)
2H-WS2,2H-MoS2,2H-WS2,2.09,2.15,2.09,-0.41,0.0,Type I,Type I,DFT_HSE06_monolayer,HSE06,fundamental_quasiparticle,2D_monolayer_vdW,10.1103/PhysRevB.94.035125,Ozcelik PRB 2016 HSE06 monolayers (Table I)
2H-WS2,2H-MoSe2,2H-WS2,2.09,1.87,2.09,0.1,0.0,Type I,Type I,DFT_HSE06_monolayer,HSE06,fundamental_quasiparticle,2D_monolayer_vdW,10.1103/PhysRevB.94.035125,Ozcelik PRB 2016 HSE06 monolayers (Table I)
2H-WS2,2H-MoTe2,2H-WS2,2.09,1.47,2.09,0.15,0.0,Type I,Type I,DFT_HSE06_monolayer,HSE06,fundamental_quasiparticle,2D_monolayer_vdW,10.1103/PhysRevB.94.035125,Ozcelik PRB 2016 HSE06 monolayers (Table I)
2H-WS2,2H-WSe2,2H-WS2,2.09,1.75,2.09,0.4,0.0,Type I,Type I,DFT_HSE06_monolayer,HSE06,fundamental_quasiparticle,2D_monolayer_vdW,10.1103/PhysRevB.94.035125,Ozcelik PRB 2016 HSE06 monolayers (Table I)
2H-WS2,2H-WTe2,2H-WS2,2.09,1.21,2.09,0.52,0.0,Type I,Type I,DFT_HSE06_monolayer,HSE06,fundamental_quasiparticle,2D_monolayer_vdW,10.1103/PhysRevB.94.035125,Ozcelik PRB 2016 HSE06 monolayers (Table I)
2H-WS2,1T-HfS2,2H-WS2,2.09,1.99,2.09,-0.98,0.0,Type I,Type I,DFT_HSE06_monolayer,HSE06,fundamental_quasiparticle,2D_monolayer_vdW,10.1103/PhysRevB.94.035125,Ozcelik PRB 2016 HSE06 monolayers (Table I)
2H-WS2,1T_d-ReS2,2H-WS2,2.09,1.96,2.09,-0.51,0.0,Type I,Type I,DFT_HSE06_monolayer,HSE06,fundamental_quasiparticle,2D_monolayer_vdW,10.1103/PhysRevB.94.035125,Ozcelik PRB 2016 HSE06 monolayers (Table I)
2H-WS2,TiS3,2H-WS2,2.09,1.04,2.09,0.48,0.0,Type I,Type I,DFT_HSE06_monolayer,HSE06,fundamental_quasiparticle,2D_monolayer_vdW,10.1103/PhysRevB.94.035125,Ozcelik PRB 2016 HSE06 monolayers (Table I)
2H-WS2,HfS3,2H-WS2,2.09,1.87,2.09,1.05,0.0,Type I,Type I,DFT_HSE06_monolayer,HSE06,fundamental_quasiparticle,2D_monolayer_vdW,10.1103/PhysRevB.94.035125,Ozcelik PRB 2016 HSE06 monolayers (Table I)
2H-WS2,HfSe3,2H-WS2,2.09,0.98,2.09,0.45,0.0,Type I,Type I,DFT_HSE06_monolayer,HSE06,fundamental_quasiparticle,2D_monolayer_vdW,10.1103/PhysRevB.94.035125,Ozcelik PRB 2016 HSE06 monolayers (Table I)
2H-WS2,ZrS3,2H-WS2,2.09,1.89,2.09,1.2,0.0,Type I,Type I,DFT_HSE06_monolayer,HSE06,fundamental_quasiparticle,2D_monolayer_vdW,10.1103/PhysRevB.94.035125,Ozcelik PRB 2016 HSE06 monolayers (Table I)
2H-WS2,ZrSe3,2H-WS2,2.09,0.95,2.09,0.51,0.0,Type I,Type I,DFT_HSE06_monolayer,HSE06,fundamental_quasiparticle,2D_monolayer_vdW,10.1103/PhysRevB.94.035125,Ozcelik PRB 2016 HSE06 monolayers (Table I)
2H-WSe2,BP,2H-WSe2,1.75,1.59,1.75,-0.47,0.0,Type I,Type I,DFT_HSE06_monolayer,HSE06,fundamental_quasiparticle,2D_monolayer_vdW,10.1103/PhysRevB.94.035125,Ozcelik PRB 2016 HSE06 monolayers (Table I)
2H-WSe2,BAs,2H-WSe2,1.75,1.43,1.75,-0.41,0.0,Type I,Type I,DFT_HSE06_monolayer,HSE06,fundamental_quasiparticle,2D_monolayer_vdW,10.1103/PhysRevB.94.035125,Ozcelik PRB 2016 HSE06 monolayers (Table I)
2H-WSe2,AlSb_b,2H-WSe2,1.75,2.09,1.75,1.08,0.0,Type I,Type I,DFT_HSE06_monolayer,HSE06,fundamental_quasiparticle,2D_monolayer_vdW,10.1103/PhysRevB.94.035125,Ozcelik PRB 2016 HSE06 monolayers (Table I)
2H-WSe2,GaP_b,2H-WSe2,1.75,2.49,1.75,1.57,0.0,Type I,Type I,DFT_HSE06_monolayer,HSE06,fundamental_quasiparticle,2D_monolayer_vdW,10.1103/PhysRevB.94.035125,Ozcelik PRB 2016 HSE06 monolayers (Table I)
2H-WSe2,GaAs_b,2H-WSe2,1.75,1.88,1.75,-0.39,0.0,Type I,Type I,DFT_HSE06_monolayer,HSE06,fundamental_quasiparticle,2D_monolayer_vdW,10.1103/PhysRevB.94.035125,Ozcelik PRB 2016 HSE06 monolayers (Table I)
2H-WSe2,GaSb_b,2H-WSe2,1.75,1.13,1.75,0.13,0.0,Type I,Type I,DFT_HSE06_monolayer,HSE06,fundamental_quasiparticle,2D_monolayer_vdW,10.1103/PhysRevB.94.035125,Ozcelik PRB 2016 HSE06 monolayers (Table I)
2H-WSe2,InP_b,2H-WSe2,1.75,1.16,1.75,0.17,0.0,Type I,Type I,DFT_HSE06_monolayer,HSE06,fundamental_quasiparticle,2D_monolayer_vdW,10.1103/PhysRevB.94.035125,Ozcelik PRB 2016 HSE06 monolayers (Table I)
2H-WSe2,InAs_b,2H-WSe2,1.75,1.04,1.75,0.32,0.0,Type I,Type I,DFT_HSE06_monolayer,HSE06,fundamental_quasiparticle,2D_monolayer_vdW,10.1103/PhysRevB.94.035125,Ozcelik PRB 2016 HSE06 monolayers (Table I)
2H-WSe2,InSb_b,2H-WSe2,1.75,0.97,1.75,0.25,0.0,Type I,Type I,DFT_HSE06_monolayer,HSE06,fundamental_quasiparticle,2D_monolayer_vdW,10.1103/PhysRevB.94.035125,Ozcelik PRB 2016 HSE06 monolayers (Table I)
2H-WSe2,SnC,2H-WSe2,1.75,1.85,1.75,0.37,0.0,Type I,Type I,DFT_HSE06_monolayer,HSE06,fundamental_quasiparticle,2D_monolayer_vdW,10.1103/PhysRevB.94.035125,Ozcelik PRB 2016 HSE06 monolayers (Table I)
2H-WSe2,P_b,2H-WSe2,1.75,2.73,1.75,-0.44,0.0,Type I,Type I,DFT_HSE06_monolayer,HSE06,fundamental_quasiparticle,2D_monolayer_vdW,10.1103/PhysRevB.94.035125,Ozcelik PRB 2016 HSE06 monolayers (Table I)
2H-WSe2,P_w,2H-WSe2,1.75,1.53,1.75,-0.61,0.0,Type I,Type I,DFT_HSE06_monolayer,HSE06,fundamental_quasiparticle,2D_monolayer_vdW,10.1103/PhysRevB.94.035125,Ozcelik PRB 2016 HSE06 monolayers (Table I)
2H-WSe2,As_b,2H-WSe2,1.75,2.06,1.75,-0.11,0.0,Type I,Type I,DFT_HSE06_monolayer,HSE06,fundamental_quasiparticle,2D_monolayer_vdW,10.1103/PhysRevB.94.035125,Ozcelik PRB 2016 HSE06 monolayers (Table I)
2H-WSe2,Sb_b,2H-WSe2,1.75,1.22,1.75,0.11,0.0,Type I,Type I,DFT_HSE06_monolayer,HSE06,fundamental_quasiparticle,2D_monolayer_vdW,10.1103/PhysRevB.94.035125,Ozcelik PRB 2016 HSE06 monolayers (Table I)
2H-WSe2,2H-MoS2,2H-WSe2,1.75,2.15,1.75,-0.81,0.0,Type I,Type I,DFT_HSE06_monolayer,HSE06,fundamental_quasiparticle,2D_monolayer_vdW,10.1103/PhysRevB.94.035125,Ozcelik PRB 2016 HSE06 monolayers (Table I)
2H-WSe2,2H-MoSe2,2H-WSe2,1.75,1.87,1.75,-0.3,0.0,Type I,Type I,DFT_HSE06_monolayer,HSE06,fundamental_quasiparticle,2D_monolayer_vdW,10.1103/PhysRevB.94.035125,Ozcelik PRB 2016 HSE06 monolayers (Table I)
2H-WSe2,2H-WS2,2H-WSe2,1.75,2.09,1.75,-0.4,0.0,Type I,Type I,DFT_HSE06_monolayer,HSE06,fundamental_quasiparticle,2D_monolayer_vdW,10.1103/PhysRevB.94.035125,Ozcelik PRB 2016 HSE06 monolayers (Table I)
2H-WSe2,2H-WTe2,2H-WSe2,1.75,1.21,1.75,0.12,0.0,Type I,Type I,DFT_HSE06_monolayer,HSE06,fundamental_quasiparticle,2D_monolayer_vdW,10.1103/PhysRevB.94.035125,Ozcelik PRB 2016 HSE06 monolayers (Table I)
2H-WSe2,1T-HfS2,2H-WSe2,1.75,1.99,1.75,-1.38,0.0,Type I,Type I,DFT_HSE06_monolayer,HSE06,fundamental_quasiparticle,2D_monolayer_vdW,10.1103/PhysRevB.94.035125,Ozcelik PRB 2016 HSE06 monolayers (Table I)
2H-WSe2,1T-HfSe2,2H-WSe2,1.75,1.02,1.75,-1.37,0.0,Type I,Type I,DFT_HSE06_monolayer,HSE06,fundamental_quasiparticle,2D_monolayer_vdW,10.1103/PhysRevB.94.035125,Ozcelik PRB 2016 HSE06 monolayers (Table I)
2H-WSe2,1T_d-ReS2,2H-WSe2,1.75,1.96,1.75,-0.91,0.0,Type I,Type I,DFT_HSE06_monolayer,HSE06,fundamental_quasiparticle,2D_monolayer_vdW,10.1103/PhysRevB.94.035125,Ozcelik PRB 2016 HSE06 monolayers (Table I)
2H-WSe2,1T_d-ReSe2,2H-WSe2,1.75,1.7,1.75,-0.43,0.0,Type I,Type I,DFT_HSE06_monolayer,HSE06,fundamental_quasiparticle,2D_monolayer_vdW,10.1103/PhysRevB.94.035125,Ozcelik PRB 2016 HSE06 monolayers (Table I)
2H-WSe2,TiS3,2H-WSe2,1.75,1.04,1.75,0.08,0.0,Type I,Type I,DFT_HSE06_monolayer,HSE06,fundamental_quasiparticle,2D_monolayer_vdW,10.1103/PhysRevB.94.035125,Ozcelik PRB 2016 HSE06 monolayers (Table I)
2H-WSe2,HfS3,2H-WSe2,1.75,1.87,1.75,0.65,0.0,Type I,Type I,DFT_HSE06_monolayer,HSE06,fundamental_quasiparticle,2D_monolayer_vdW,10.1103/PhysRevB.94.035125,Ozcelik PRB 2016 HSE06 monolayers (Table I)
2H-WSe2,HfSe3,2H-WSe2,1.75,0.98,1.75,0.05,0.0,Type I,Type I,DFT_HSE06_monolayer,HSE06,fundamental_quasiparticle,2D_monolayer_vdW,10.1103/PhysRevB.94.035125,Ozcelik PRB 2016 HSE06 monolayers (Table I)
2H-WSe2,ZrS3,2H-WSe2,1.75,1.89,1.75,0.8,0.0,Type I,Type I,DFT_HSE06_monolayer,HSE06,fundamental_quasiparticle,2D_monolayer_vdW,10.1103/PhysRevB.94.035125,Ozcelik PRB 2016 HSE06 monolayers (Table I)
2H-WSe2,ZrSe3,2H-WSe2,1.75,0.95,1.75,0.11,0.0,Type I,Type I,DFT_HSE06_monolayer,HSE06,fundamental_quasiparticle,2D_monolayer_vdW,10.1103/PhysRevB.94.035125,Ozcelik PRB 2016 HSE06 monolayers (Table I)
2H-WTe2,BP,2H-WTe2,1.21,1.59,1.21,-0.59,0.0,Type I,Type I,DFT_HSE06_monolayer,HSE06,fundamental_quasiparticle,2D_monolayer_vdW,10.1103/PhysRevB.94.035125,Ozcelik PRB 2016 HSE06 monolayers (Table I)
2H-WTe2,BAs,2H-WTe2,1.21,1.43,1.21,-0.53,0.0,Type I,Type I,DFT_HSE06_monolayer,HSE06,fundamental_quasiparticle,2D_monolayer_vdW,10.1103/PhysRevB.94.035125,Ozcelik PRB 2016 HSE06 monolayers (Table I)
2H-WTe2,BSb,2H-WTe2,1.21,0.91,1.21,-0.67,0.0,Type I,Type I,DFT_HSE06_monolayer,HSE06,fundamental_quasiparticle,2D_monolayer_vdW,10.1103/PhysRevB.94.035125,Ozcelik PRB 2016 HSE06 monolayers (Table I)
2H-WTe2,AlSb_b,2H-WTe2,1.21,2.09,1.21,0.96,0.0,Type I,Type I,DFT_HSE06_monolayer,HSE06,fundamental_quasiparticle,2D_monolayer_vdW,10.1103/PhysRevB.94.035125,Ozcelik PRB 2016 HSE06 monolayers (Table I)
2H-WTe2,GaP_b,2H-WTe2,1.21,2.49,1.21,1.45,0.0,Type I,Type I,DFT_HSE06_monolayer,HSE06,fundamental_quasiparticle,2D_monolayer_vdW,10.1103/PhysRevB.94.035125,Ozcelik PRB 2016 HSE06 monolayers (Table I)
2H-WTe2,GaAs_b,2H-WTe2,1.21,1.88,1.21,-0.51,0.0,Type I,Type I,DFT_HSE06_monolayer,HSE06,fundamental_quasiparticle,2D_monolayer_vdW,10.1103/PhysRevB.94.035125,Ozcelik PRB 2016 HSE06 monolayers (Table I)
2H-WTe2,GaSb_b,2H-WTe2,1.21,1.13,1.21,0.01,0.0,Type I,Type I,DFT_HSE06_monolayer,HSE06,fundamental_quasiparticle,2D_monolayer_vdW,10.1103/PhysRevB.94.035125,Ozcelik PRB 2016 HSE06 monolayers (Table I)
2H-WTe2,InN,2H-WTe2,1.21,1.35,1.21,-0.51,0.0,Type I,Type I,DFT_HSE06_monolayer,HSE06,fundamental_quasiparticle,2D_monolayer_vdW,10.1103/PhysRevB.94.035125,Ozcelik PRB 2016 HSE06 monolayers (Table I)
2H-WTe2,InP_b,2H-WTe2,1.21,1.16,1.21,0.05,0.0,Type I,Type I,DFT_HSE06_monolayer,HSE06,fundamental_quasiparticle,2D_monolayer_vdW,10.1103/PhysRevB.94.035125,Ozcelik PRB 2016 HSE06 monolayers (Table I)
2H-WTe2,InAs_b,2H-WTe2,1.21,1.04,1.21,0.2,0.0,Type I,Type I,DFT_HSE06_monolayer,HSE06,fundamental_quasiparticle,2D_monolayer_vdW,10.1103/PhysRevB.94.035125,Ozcelik PRB 2016 HSE06 monolayers (Table I)
2H-WTe2,InSb_b,2H-WTe2,1.21,0.97,1.21,0.13,0.0,Type I,Type I,DFT_HSE06_monolayer,HSE06,fundamental_quasiparticle,2D_monolayer_vdW,10.1103/PhysRevB.94.035125,Ozcelik PRB 2016 HSE06 monolayers (Table I)
2H-WTe2,SiGe_b,2H-WTe2,1.21,0.55,1.21,-1.0,0.0,Type I,Type I,DFT_HSE06_monolayer,HSE06,fundamental_quasiparticle,2D_monolayer_vdW,10.1103/PhysRevB.94.035125,Ozcelik PRB 2016 HSE06 monolayers (Table I)
2H-WTe2,SiSn_b,2H-WTe2,1.21,0.59,1.21,-0.81,0.0,Type I,Type I,DFT_HSE06_monolayer,HSE06,fundamental_quasiparticle,2D_monolayer_vdW,10.1103/PhysRevB.94.035125,Ozcelik PRB 2016 HSE06 monolayers (Table I)
2H-WTe2,GeSn_b,2H-WTe2,1.21,0.46,1.21,-0.82,0.0,Type I,Type I,DFT_HSE06_monolayer,HSE06,fundamental_quasiparticle,2D_monolayer_vdW,10.1103/PhysRevB.94.035125,Ozcelik PRB 2016 HSE06 monolayers (Table I)
2H-WTe2,P_b,2H-WTe2,1.21,2.73,1.21,-0.56,0.0,Type I,Type I,DFT_HSE06_monolayer,HSE06,fundamental_quasiparticle,2D_monolayer_vdW,10.1103/PhysRevB.94.035125,Ozcelik PRB 2016 HSE06 monolayers (Table I)
2H-WTe2,P_w,2H-WTe2,1.21,1.53,1.21,-0.73,0.0,Type I,Type I,DFT_HSE06_monolayer,HSE06,fundamental_quasiparticle,2D_monolayer_vdW,10.1103/PhysRevB.94.035125,Ozcelik PRB 2016 HSE06 monolayers (Table I)
2H-WTe2,As_b,2H-WTe2,1.21,2.06,1.21,-0.23,0.0,Type I,Type I,DFT_HSE06_monolayer,HSE06,fundamental_quasiparticle,2D_monolayer_vdW,10.1103/PhysRevB.94.035125,Ozcelik PRB 2016 HSE06 monolayers (Table I)
2H-WTe2,As_w,2H-WTe2,1.21,1.25,1.21,-0.46,0.0,Type I,Type I,DFT_HSE06_monolayer,HSE06,fundamental_quasiparticle,2D_monolayer_vdW,10.1103/PhysRevB.94.035125,Ozcelik PRB 2016 HSE06 monolayers (Table I)
2H-WTe2,Sb_b,2H-WTe2,1.21,1.22,1.21,-0.01,0.0,Type I,Type I,DFT_HSE06_monolayer,HSE06,fundamental_quasiparticle,2D_monolayer_vdW,10.1103/PhysRevB.94.035125,Ozcelik PRB 2016 HSE06 monolayers (Table I)
2H-WTe2,2H-MoS2,2H-WTe2,1.21,2.15,1.21,-0.93,0.0,Type I,Type I,DFT_HSE06_monolayer,HSE06,fundamental_quasiparticle,2D_monolayer_vdW,10.1103/PhysRevB.94.035125,Ozcelik PRB 2016 HSE06 monolayers (Table I)
2H-WTe2,2H-MoSe2,2H-WTe2,1.21,1.87,1.21,-0.42,0.0,Type I,Type I,DFT_HSE06_monolayer,HSE06,fundamental_quasiparticle,2D_monolayer_vdW,10.1103/PhysRevB.94.035125,Ozcelik PRB 2016 HSE06 monolayers (Table I)
2H-WTe2,2H-MoTe2,2H-WTe2,1.21,1.47,1.21,-0.37,0.0,Type I,Type I,DFT_HSE06_monolayer,HSE06,fundamental_quasiparticle,2D_monolayer_vdW,10.1103/PhysRevB.94.035125,Ozcelik PRB 2016 HSE06 monolayers (Table I)
2H-WTe2,2H-WS2,2H-WTe2,1.21,2.09,1.21,-0.52,0.0,Type I,Type I,DFT_HSE06_monolayer,HSE06,fundamental_quasiparticle,2D_monolayer_vdW,10.1103/PhysRevB.94.035125,Ozcelik PRB 2016 HSE06 monolayers (Table I)
2H-WTe2,2H-WSe2,2H-WTe2,1.21,1.75,1.21,-0.12,0.0,Type I,Type I,DFT_HSE06_monolayer,HSE06,fundamental_quasiparticle,2D_monolayer_vdW,10.1103/PhysRevB.94.035125,Ozcelik PRB 2016 HSE06 monolayers (Table I)
2H-WTe2,1T-HfS2,2H-WTe2,1.21,1.99,1.21,-1.5,0.0,Type I,Type I,DFT_HSE06_monolayer,HSE06,fundamental_quasiparticle,2D_monolayer_vdW,10.1103/PhysRevB.94.035125,Ozcelik PRB 2016 HSE06 monolayers (Table I)
2H-WTe2,1T-HfSe2,2H-WTe2,1.21,1.02,1.21,-1.49,0.0,Type I,Type I,DFT_HSE06_monolayer,HSE06,fundamental_quasiparticle,2D_monolayer_vdW,10.1103/PhysRevB.94.035125,Ozcelik PRB 2016 HSE06 monolayers (Table I)
2H-WTe2,1T_d-ReS2,2H-WTe2,1.21,1.96,1.21,-1.03,0.0,Type I,Type I,DFT_HSE06_monolayer,HSE06,fundamental_quasiparticle,2D_monolayer_vdW,10.1103/PhysRevB.94.035125,Ozcelik PRB 2016 HSE06 monolayers (Table I)
2H-WTe2,1T_d-ReSe2,2H-WTe2,1.21,1.7,1.21,-0.55,0.0,Type I,Type I,DFT_HSE06_monolayer,HSE06,fundamental_quasiparticle,2D_monolayer_vdW,10.1103/PhysRevB.94.035125,Ozcelik PRB 2016 HSE06 monolayers (Table I)
2H-WTe2,ZrS3,2H-WTe2,1.21,1.89,1.21,0.68,0.0,Type I,Type I,DFT_HSE06_monolayer,HSE06,fundamental_quasiparticle,2D_monolayer_vdW,10.1103/PhysRevB.94.035125,Ozcelik PRB 2016 HSE06 monolayers (Table I)
1T-HfS2,BN,1T-HfS2,1.99,5.68,1.99,3.87,0.0,Type I,Type I,DFT_HSE06_monolayer,HSE06,fundamental_quasiparticle,2D_monolayer_vdW,10.1103/PhysRevB.94.035125,Ozcelik PRB 2016 HSE06 monolayers (Table I)
1T-HfS2,BP,1T-HfS2,1.99,1.59,1.99,0.91,0.0,Type I,Type I,DFT_HSE06_monolayer,HSE06,fundamental_quasiparticle,2D_monolayer_vdW,10.1103/PhysRevB.94.035125,Ozcelik PRB 2016 HSE06 monolayers (Table I)
1T-HfS2,BAs,1T-HfS2,1.99,1.43,1.99,0.97,0.0,Type I,Type I,DFT_HSE06_monolayer,HSE06,fundamental_quasiparticle,2D_monolayer_vdW,10.1103/PhysRevB.94.035125,Ozcelik PRB 2016 HSE06 monolayers (Table I)
1T-HfS2,BSb,1T-HfS2,1.99,0.91,1.99,0.83,0.0,Type I,Type I,DFT_HSE06_monolayer,HSE06,fundamental_quasiparticle,2D_monolayer_vdW,10.1103/PhysRevB.94.035125,Ozcelik PRB 2016 HSE06 monolayers (Table I)
1T-HfS2,AlN,1T-HfS2,1.99,4.04,1.99,2.79,0.0,Type I,Type I,DFT_HSE06_monolayer,HSE06,fundamental_quasiparticle,2D_monolayer_vdW,10.1103/PhysRevB.94.035125,Ozcelik PRB 2016 HSE06 monolayers (Table I)
1T-HfS2,AlP,1T-HfS2,1.99,3.14,1.99,2.13,0.0,Type I,Type I,DFT_HSE06_monolayer,HSE06,fundamental_quasiparticle,2D_monolayer_vdW,10.1103/PhysRevB.94.035125,Ozcelik PRB 2016 HSE06 monolayers (Table I)
1T-HfS2,AlAs,1T-HfS2,1.99,2.35,1.99,1.52,0.0,Type I,Type I,DFT_HSE06_monolayer,HSE06,fundamental_quasiparticle,2D_monolayer_vdW,10.1103/PhysRevB.94.035125,Ozcelik PRB 2016 HSE06 monolayers (Table I)
1T-HfS2,AlSb_b,1T-HfS2,1.99,2.09,1.99,2.46,0.0,Type I,Type I,DFT_HSE06_monolayer,HSE06,fundamental_quasiparticle,2D_monolayer_vdW,10.1103/PhysRevB.94.035125,Ozcelik PRB 2016 HSE06 monolayers (Table I)
1T-HfS2,GaN,1T-HfS2,1.99,3.23,1.99,1.95,0.0,Type I,Type I,DFT_HSE06_monolayer,HSE06,fundamental_quasiparticle,2D_monolayer_vdW,10.1103/PhysRevB.94.035125,Ozcelik PRB 2016 HSE06 monolayers (Table I)
1T-HfS2,GaP_b,1T-HfS2,1.99,2.49,1.99,2.95,0.0,Type I,Type I,DFT_HSE06_monolayer,HSE06,fundamental_quasiparticle,2D_monolayer_vdW,10.1103/PhysRevB.94.035125,Ozcelik PRB 2016 HSE06 monolayers (Table I)
1T-HfS2,GaAs_b,1T-HfS2,1.99,1.88,1.99,0.99,0.0,Type I,Type I,DFT_HSE06_monolayer,HSE06,fundamental_quasiparticle,2D_monolayer_vdW,10.1103/PhysRevB.94.035125,Ozcelik PRB 2016 HSE06 monolayers (Table I)
1T-HfS2,GaSb_b,1T-HfS2,1.99,1.13,1.99,1.51,0.0,Type I,Type I,DFT_HSE06_monolayer,HSE06,fundamental_quasiparticle,2D_monolayer_vdW,10.1103/PhysRevB.94.035125,Ozcelik PRB 2016 HSE06 monolayers (Table I)
1T-HfS2,InN,1T-HfS2,1.99,1.35,1.99,0.99,0.0,Type I,Type I,DFT_HSE06_monolayer,HSE06,fundamental_quasiparticle,2D_monolayer_vdW,10.1103/PhysRevB.94.035125,Ozcelik PRB 2016 HSE06 monolayers (Table I)
1T-HfS2,InP_b,1T-HfS2,1.99,1.16,1.99,1.55,0.0,Type I,Type I,DFT_HSE06_monolayer,HSE06,fundamental_quasiparticle,2D_monolayer_vdW,10.1103/PhysRevB.94.035125,Ozcelik PRB 2016 HSE06 monolayers (Table I)
1T-HfS2,InAs_b,1T-HfS2,1.99,1.04,1.99,1.7,0.0,Type I,Type I,DFT_HSE06_monolayer,HSE06,fundamental_quasiparticle,2D_monolayer_vdW,10.1103/PhysRevB.94.035125,Ozcelik PRB 2016 HSE06 monolayers (Table I)
1T-HfS2,InSb_b,1T-HfS2,1.99,0.97,1.99,1.63,0.0,Type I,Type I,DFT_HSE06_monolayer,HSE06,fundamental_quasiparticle,2D_monolayer_vdW,10.1103/PhysRevB.94.035125,Ozcelik PRB 2016 HSE06 monolayers (Table I)
1T-HfS2,SiC,1T-HfS2,1.99,3.27,1.99,2.56,0.0,Type I,Type I,DFT_HSE06_monolayer,HSE06,fundamental_quasiparticle,2D_monolayer_vdW,10.1103/PhysRevB.94.035125,Ozcelik PRB 2016 HSE06 monolayers (Table I)
1T-HfS2,SiGe_b,1T-HfS2,1.99,0.55,1.99,0.5,0.0,Type I,Type I,DFT_HSE06_monolayer,HSE06,fundamental_quasiparticle,2D_monolayer_vdW,10.1103/PhysRevB.94.035125,Ozcelik PRB 2016 HSE06 monolayers (Table I)
1T-HfS2,SiSn_b,1T-HfS2,1.99,0.59,1.99,0.69,0.0,Type I,Type I,DFT_HSE06_monolayer,HSE06,fundamental_quasiparticle,2D_monolayer_vdW,10.1103/PhysRevB.94.035125,Ozcelik PRB 2016 HSE06 monolayers (Table I)
1T-HfS2,GeC,1T-HfS2,1.99,2.91,1.99,2.41,0.0,Type I,Type I,DFT_HSE06_monolayer,HSE06,fundamental_quasiparticle,2D_monolayer_vdW,10.1103/PhysRevB.94.035125,Ozcelik PRB 2016 HSE06 monolayers (Table I)
1T-HfS2,GeSn_b,1T-HfS2,1.99,0.46,1.99,0.68,0.0,Type I,Type I,DFT_HSE06_monolayer,HSE06,fundamental_quasiparticle,2D_monolayer_vdW,10.1103/PhysRevB.94.035125,Ozcelik PRB 2016 HSE06 monolayers (Table I)
1T-HfS2,SnC,1T-HfS2,1.99,1.85,1.99,1.75,0.0,Type I,Type I,DFT_HSE06_monolayer,HSE06,fundamental_quasiparticle,2D_monolayer_vdW,10.1103/PhysRevB.94.035125,Ozcelik PRB 2016 HSE06 monolayers (Table I)
1T-HfS2,P_b,1T-HfS2,1.99,2.73,1.99,0.94,0.0,Type I,Type I,DFT_HSE06_monolayer,HSE06,fundamental_quasiparticle,2D_monolayer_vdW,10.1103/PhysRevB.94.035125,Ozcelik PRB 2016 HSE06 monolayers (Table I)
1T-HfS2,P_w,1T-HfS2,1.99,1.53,1.99,0.77,0.0,Type I,Type I,DFT_HSE06_monolayer,HSE06,fundamental_quasiparticle,2D_monolayer_vdW,10.1103/PhysRevB.94.035125,Ozcelik PRB 2016 HSE06 monolayers (Table I)
1T-HfS2,As_b,1T-HfS2,1.99,2.06,1.99,1.27,0.0,Type I,Type I,DFT_HSE06_monolayer,HSE06,fundamental_quasiparticle,2D_monolayer_vdW,10.1103/PhysRevB.94.035125,Ozcelik PRB 2016 HSE06 monolayers (Table I)
1T-HfS2,As_w,1T-HfS2,1.99,1.25,1.99,1.04,0.0,Type I,Type I,DFT_HSE06_monolayer,HSE06,fundamental_quasiparticle,2D_monolayer_vdW,10.1103/PhysRevB.94.035125,Ozcelik PRB 2016 HSE06 monolayers (Table I)
1T-HfS2,Sb_b,1T-HfS2,1.99,1.22,1.99,1.49,0.0,Type I,Type I,DFT_HSE06_monolayer,HSE06,fundamental_quasiparticle,2D_monolayer_vdW,10.1103/PhysRevB.94.035125,Ozcelik PRB 2016 HSE06 monolayers (Table I)
1T-HfS2,2H-MoS2,1T-HfS2,1.99,2.15,1.99,0.57,0.0,Type I,Type I,DFT_HSE06_monolayer,HSE06,fundamental_quasiparticle,2D_monolayer_vdW,10.1103/PhysRevB.94.035125,Ozcelik PRB 2016 HSE06 monolayers (Table I)
1T-HfS2,2H-MoSe2,1T-HfS2,1.99,1.87,1.99,1.08,0.0,Type I,Type I,DFT_HSE06_monolayer,HSE06,fundamental_quasiparticle,2D_monolayer_vdW,10.1103/PhysRevB.94.035125,Ozcelik PRB 2016 HSE06 monolayers (Table I)
1T-HfS2,2H-MoTe2,1T-HfS2,1.99,1.47,1.99,1.13,0.0,Type I,Type I,DFT_HSE06_monolayer,HSE06,fundamental_quasiparticle,2D_monolayer_vdW,10.1103/PhysRevB.94.035125,Ozcelik PRB 2016 HSE06 monolayers (Table I)
1T-HfS2,2H-WS2,1T-HfS2,1.99,2.09,1.99,0.98,0.0,Type I,Type I,DFT_HSE06_monolayer,HSE06,fundamental_quasiparticle,2D_monolayer_vdW,10.1103/PhysRevB.94.035125,Ozcelik PRB 2016 HSE06 monolayers (Table I)
1T-HfS2,2H-WSe2,1T-HfS2,1.99,1.75,1.99,1.38,0.0,Type I,Type I,DFT_HSE06_monolayer,HSE06,fundamental_quasiparticle,2D_monolayer_vdW,10.1103/PhysRevB.94.035125,Ozcelik PRB 2016 HSE06 monolayers (Table I)
1T-HfS2,2H-WTe2,1T-HfS2,1.99,1.21,1.99,1.5,0.0,Type I,Type I,DFT_HSE06_monolayer,HSE06,fundamental_quasiparticle,2D_monolayer_vdW,10.1103/PhysRevB.94.035125,Ozcelik PRB 2016 HSE06 monolayers (Table I)
1T-HfS2,1T-HfSe2,1T-HfS2,1.99,1.02,1.99,0.01,0.0,Type I,Type I,DFT_HSE06_monolayer,HSE06,fundamental_quasiparticle,2D_monolayer_vdW,10.1103/PhysRevB.94.035125,Ozcelik PRB 2016 HSE06 monolayers (Table I)
1T-HfS2,1T_d-ReS2,1T-HfS2,1.99,1.96,1.99,0.47,0.0,Type I,Type I,DFT_HSE06_monolayer,HSE06,fundamental_quasiparticle,2D_monolayer_vdW,10.1103/PhysRevB.94.035125,Ozcelik PRB 2016 HSE06 monolayers (Table I)
1T-HfS2,1T_d-ReSe2,1T-HfS2,1.99,1.7,1.99,0.95,0.0,Type I,Type I,DFT_HSE06_monolayer,HSE06,fundamental_quasiparticle,2D_monolayer_vdW,10.1103/PhysRevB.94.035125,Ozcelik PRB 2016 HSE06 monolayers (Table I)
1T-HfS2,TiS3,1T-HfS2,1.99,1.04,1.99,1.46,0.0,Type I,Type I,DFT_HSE06_monolayer,HSE06,fundamental_quasiparticle,2D_monolayer_vdW,10.1103/PhysRevB.94.035125,Ozcelik PRB 2016 HSE06 monolayers (Table I)
1T-HfS2,HfS3,1T-HfS2,1.99,1.87,1.99,2.03,0.0,Type I,Type I,DFT_HSE06_monolayer,HSE06,fundamental_quasiparticle,2D_monolayer_vdW,10.1103/PhysRevB.94.035125,Ozcelik PRB 2016 HSE06 monolayers (Table I)
1T-HfS2,HfSe3,1T-HfS2,1.99,0.98,1.99,1.43,0.0,Type I,Type I,DFT_HSE06_monolayer,HSE06,fundamental_quasiparticle,2D_monolayer_vdW,10.1103/PhysRevB.94.035125,Ozcelik PRB 2016 HSE06 monolayers (Table I)
1T-HfS2,ZrS3,1T-HfS2,1.99,1.89,1.99,2.18,0.0,Type I,Type I,DFT_HSE06_monolayer,HSE06,fundamental_quasiparticle,2D_monolayer_vdW,10.1103/PhysRevB.94.035125,Ozcelik PRB 2016 HSE06 monolayers (Table I)
1T-HfS2,ZrSe3,1T-HfS2,1.99,0.95,1.99,1.49,0.0,Type I,Type I,DFT_HSE06_monolayer,HSE06,fundamental_quasiparticle,2D_monolayer_vdW,10.1103/PhysRevB.94.035125,Ozcelik PRB 2016 HSE06 monolayers (Table I)
1T-HfSe2,BP,1T-HfSe2,1.02,1.59,1.02,0.9,0.0,Type I,Type I,DFT_HSE06_monolayer,HSE06,fundamental_quasiparticle,2D_monolayer_vdW,10.1103/PhysRevB.94.035125,Ozcelik PRB 2016 HSE06 monolayers (Table I)
1T-HfSe2,BAs,1T-HfSe2,1.02,1.43,1.02,0.96,0.0,Type I,Type I,DFT_HSE06_monolayer,HSE06,fundamental_quasiparticle,2D_monolayer_vdW,10.1103/PhysRevB.94.035125,Ozcelik PRB 2016 HSE06 monolayers (Table I)
1T-HfSe2,BSb,1T-HfSe2,1.02,0.91,1.02,0.82,0.0,Type I,Type I,DFT_HSE06_monolayer,HSE06,fundamental_quasiparticle,2D_monolayer_vdW,10.1103/PhysRevB.94.035125,Ozcelik PRB 2016 HSE06 monolayers (Table I)
1T-HfSe2,AlP,1T-HfSe2,1.02,3.14,1.02,2.12,0.0,Type I,Type I,DFT_HSE06_monolayer,HSE06,fundamental_quasiparticle,2D_monolayer_vdW,10.1103/PhysRevB.94.035125,Ozcelik PRB 2016 HSE06 monolayers (Table I)
1T-HfSe2,AlAs,1T-HfSe2,1.02,2.35,1.02,1.51,0.0,Type I,Type I,DFT_HSE06_monolayer,HSE06,fundamental_quasiparticle,2D_monolayer_vdW,10.1103/PhysRevB.94.035125,Ozcelik PRB 2016 HSE06 monolayers (Table I)
1T-HfSe2,AlSb_b,1T-HfSe2,1.02,2.09,1.02,2.45,0.0,Type I,Type I,DFT_HSE06_monolayer,HSE06,fundamental_quasiparticle,2D_monolayer_vdW,10.1103/PhysRevB.94.035125,Ozcelik PRB 2016 HSE06 monolayers (Table I)
1T-HfSe2,GaP_b,1T-HfSe2,1.02,2.49,1.02,2.94,0.0,Type I,Type I,DFT_HSE06_monolayer,HSE06,fundamental_quasiparticle,2D_monolayer_vdW,10.1103/PhysRevB.94.035125,Ozcelik PRB 2016 HSE06 monolayers (Table I)
1T-HfSe2,GaAs_b,1T-HfSe2,1.02,1.88,1.02,0.98,0.0,Type I,Type I,DFT_HSE06_monolayer,HSE06,fundamental_quasiparticle,2D_monolayer_vdW,10.1103/PhysRevB.94.035125,Ozcelik PRB 2016 HSE06 monolayers (Table I)
1T-HfSe2,GaSb_b,1T-HfSe2,1.02,1.13,1.02,1.5,0.0,Type I,Type I,DFT_HSE06_monolayer,HSE06,fundamental_quasiparticle,2D_monolayer_vdW,10.1103/PhysRevB.94.035125,Ozcelik PRB 2016 HSE06 monolayers (Table I)
1T-HfSe2,InN,1T-HfSe2,1.02,1.35,1.02,0.98,0.0,Type I,Type I,DFT_HSE06_monolayer,HSE06,fundamental_quasiparticle,2D_monolayer_vdW,10.1103/PhysRevB.94.035125,Ozcelik PRB 2016 HSE06 monolayers (Table I)
1T-HfSe2,InP_b,1T-HfSe2,1.02,1.16,1.02,1.54,0.0,Type I,Type I,DFT_HSE06_monolayer,HSE06,fundamental_quasiparticle,2D_monolayer_vdW,10.1103/PhysRevB.94.035125,Ozcelik PRB 2016 HSE06 monolayers (Table I)
1T-HfSe2,InAs_b,1T-HfSe2,1.02,1.04,1.02,1.69,0.0,Type I,Type I,DFT_HSE06_monolayer,HSE06,fundamental_quasiparticle,2D_monolayer_vdW,10.1103/PhysRevB.94.035125,Ozcelik PRB 2016 HSE06 monolayers (Table I)
1T-HfSe2,InSb_b,1T-HfSe2,1.02,0.97,1.02,1.62,0.0,Type I,Type I,DFT_HSE06_monolayer,HSE06,fundamental_quasiparticle,2D_monolayer_vdW,10.1103/PhysRevB.94.035125,Ozcelik PRB 2016 HSE06 monolayers (Table I)
1T-HfSe2,SiC,1T-HfSe2,1.02,3.27,1.02,2.55,0.0,Type I,Type I,DFT_HSE06_monolayer,HSE06,fundamental_quasiparticle,2D_monolayer_vdW,10.1103/PhysRevB.94.035125,Ozcelik PRB 2016 HSE06 monolayers (Table I)
1T-HfSe2,SiGe_b,1T-HfSe2,1.02,0.55,1.02,0.49,0.0,Type I,Type I,DFT_HSE06_monolayer,HSE06,fundamental_quasiparticle,2D_monolayer_vdW,10.1103/PhysRevB.94.035125,Ozcelik PRB 2016 HSE06 monolayers (Table I)
1T-HfSe2,SiSn_b,1T-HfSe2,1.02,0.59,1.02,0.68,0.0,Type I,Type I,DFT_HSE06_monolayer,HSE06,fundamental_quasiparticle,2D_monolayer_vdW,10.1103/PhysRevB.94.035125,Ozcelik PRB 2016 HSE06 monolayers (Table I)
1T-HfSe2,GeC,1T-HfSe2,1.02,2.91,1.02,2.4,0.0,Type I,Type I,DFT_HSE06_monolayer,HSE06,fundamental_quasiparticle,2D_monolayer_vdW,10.1103/PhysRevB.94.035125,Ozcelik PRB 2016 HSE06 monolayers (Table I)
1T-HfSe2,GeSn_b,1T-HfSe2,1.02,0.46,1.02,0.67,0.0,Type I,Type I,DFT_HSE06_monolayer,HSE06,fundamental_quasiparticle,2D_monolayer_vdW,10.1103/PhysRevB.94.035125,Ozcelik PRB 2016 HSE06 monolayers (Table I)
1T-HfSe2,SnC,1T-HfSe2,1.02,1.85,1.02,1.74,0.0,Type I,Type I,DFT_HSE06_monolayer,HSE06,fundamental_quasiparticle,2D_monolayer_vdW,10.1103/PhysRevB.94.035125,Ozcelik PRB 2016 HSE06 monolayers (Table I)
1T-HfSe2,P_w,1T-HfSe2,1.02,1.53,1.02,0.76,0.0,Type I,Type I,DFT_HSE06_monolayer,HSE06,fundamental_quasiparticle,2D_monolayer_vdW,10.1103/PhysRevB.94.035125,Ozcelik PRB 2016 HSE06 monolayers (Table I)
1T-HfSe2,As_b,1T-HfSe2,1.02,2.06,1.02,1.26,0.0,Type I,Type I,DFT_HSE06_monolayer,HSE06,fundamental_quasiparticle,2D_monolayer_vdW,10.1103/PhysRevB.94.035125,Ozcelik PRB 2016 HSE06 monolayers (Table I)
1T-HfSe2,As_w,1T-HfSe2,1.02,1.25,1.02,1.03,0.0,Type I,Type I,DFT_HSE06_monolayer,HSE06,fundamental_quasiparticle,2D_monolayer_vdW,10.1103/PhysRevB.94.035125,Ozcelik PRB 2016 HSE06 monolayers (Table I)
1T-HfSe2,Sb_b,1T-HfSe2,1.02,1.22,1.02,1.48,0.0,Type I,Type I,DFT_HSE06_monolayer,HSE06,fundamental_quasiparticle,2D_monolayer_vdW,10.1103/PhysRevB.94.035125,Ozcelik PRB 2016 HSE06 monolayers (Table I)
1T-HfSe2,2H-MoSe2,1T-HfSe2,1.02,1.87,1.02,1.07,0.0,Type I,Type I,DFT_HSE06_monolayer,HSE06,fundamental_quasiparticle,2D_monolayer_vdW,10.1103/PhysRevB.94.035125,Ozcelik PRB 2016 HSE06 monolayers (Table I)
1T-HfSe2,2H-MoTe2,1T-HfSe2,1.02,1.47,1.02,1.12,0.0,Type I,Type I,DFT_HSE06_monolayer,HSE06,fundamental_quasiparticle,2D_monolayer_vdW,10.1103/PhysRevB.94.035125,Ozcelik PRB 2016 HSE06 monolayers (Table I)
1T-HfSe2,2H-WSe2,1T-HfSe2,1.02,1.75,1.02,1.37,0.0,Type I,Type I,DFT_HSE06_monolayer,HSE06,fundamental_quasiparticle,2D_monolayer_vdW,10.1103/PhysRevB.94.035125,Ozcelik PRB 2016 HSE06 monolayers (Table I)
1T-HfSe2,2H-WTe2,1T-HfSe2,1.02,1.21,1.02,1.49,0.0,Type I,Type I,DFT_HSE06_monolayer,HSE06,fundamental_quasiparticle,2D_monolayer_vdW,10.1103/PhysRevB.94.035125,Ozcelik PRB 2016 HSE06 monolayers (Table I)
1T-HfSe2,1T-HfS2,1T-HfSe2,1.02,1.99,1.02,-0.01,0.0,Type I,Type I,DFT_HSE06_monolayer,HSE06,fundamental_quasiparticle,2D_monolayer_vdW,10.1103/PhysRevB.94.035125,Ozcelik PRB 2016 HSE06 monolayers (Table I)
1T-HfSe2,1T_d-ReSe2,1T-HfSe2,1.02,1.7,1.02,0.94,0.0,Type I,Type I,DFT_HSE06_monolayer,HSE06,fundamental_quasiparticle,2D_monolayer_vdW,10.1103/PhysRevB.94.035125,Ozcelik PRB 2016 HSE06 monolayers (Table I)
1T-HfSe2,TiS3,1T-HfSe2,1.02,1.04,1.02,1.45,0.0,Type I,Type I,DFT_HSE06_monolayer,HSE06,fundamental_quasiparticle,2D_monolayer_vdW,10.1103/PhysRevB.94.035125,Ozcelik PRB 2016 HSE06 monolayers (Table I)
1T-HfSe2,HfS3,1T-HfSe2,1.02,1.87,1.02,2.02,0.0,Type I,Type I,DFT_HSE06_monolayer,HSE06,fundamental_quasiparticle,2D_monolayer_vdW,10.1103/PhysRevB.94.035125,Ozcelik PRB 2016 HSE06 monolayers (Table I)
1T-HfSe2,HfSe3,1T-HfSe2,1.02,0.98,1.02,1.42,0.0,Type I,Type I,DFT_HSE06_monolayer,HSE06,fundamental_quasiparticle,2D_monolayer_vdW,10.1103/PhysRevB.94.035125,Ozcelik PRB 2016 HSE06 monolayers (Table I)
1T-HfSe2,ZrS3,1T-HfSe2,1.02,1.89,1.02,2.17,0.0,Type I,Type I,DFT_HSE06_monolayer,HSE06,fundamental_quasiparticle,2D_monolayer_vdW,10.1103/PhysRevB.94.035125,Ozcelik PRB 2016 HSE06 monolayers (Table I)
1T-HfSe2,ZrSe3,1T-HfSe2,1.02,0.95,1.02,1.48,0.0,Type I,Type I,DFT_HSE06_monolayer,HSE06,fundamental_quasiparticle,2D_monolayer_vdW,10.1103/PhysRevB.94.035125,Ozcelik PRB 2016 HSE06 monolayers (Table I)
1T_d-ReS2,BP,1T_d-ReS2,1.96,1.59,1.96,0.44,0.0,Type I,Type I,DFT_HSE06_monolayer,HSE06,fundamental_quasiparticle,2D_monolayer_vdW,10.1103/PhysRevB.94.035125,Ozcelik PRB 2016 HSE06 monolayers (Table I)
1T_d-ReS2,BAs,1T_d-ReS2,1.96,1.43,1.96,0.5,0.0,Type I,Type I,DFT_HSE06_monolayer,HSE06,fundamental_quasiparticle,2D_monolayer_vdW,10.1103/PhysRevB.94.035125,Ozcelik PRB 2016 HSE06 monolayers (Table I)
1T_d-ReS2,BSb,1T_d-ReS2,1.96,0.91,1.96,0.36,0.0,Type I,Type I,DFT_HSE06_monolayer,HSE06,fundamental_quasiparticle,2D_monolayer_vdW,10.1103/PhysRevB.94.035125,Ozcelik PRB 2016 HSE06 monolayers (Table I)
1T_d-ReS2,AlN,1T_d-ReS2,1.96,4.04,1.96,2.32,0.0,Type I,Type I,DFT_HSE06_monolayer,HSE06,fundamental_quasiparticle,2D_monolayer_vdW,10.1103/PhysRevB.94.035125,Ozcelik PRB 2016 HSE06 monolayers (Table I)
1T_d-ReS2,AlP,1T_d-ReS2,1.96,3.14,1.96,1.66,0.0,Type I,Type I,DFT_HSE06_monolayer,HSE06,fundamental_quasiparticle,2D_monolayer_vdW,10.1103/PhysRevB.94.035125,Ozcelik PRB 2016 HSE06 monolayers (Table I)
1T_d-ReS2,AlAs,1T_d-ReS2,1.96,2.35,1.96,1.05,0.0,Type I,Type I,DFT_HSE06_monolayer,HSE06,fundamental_quasiparticle,2D_monolayer_vdW,10.1103/PhysRevB.94.035125,Ozcelik PRB 2016 HSE06 monolayers (Table I)
1T_d-ReS2,AlSb_b,1T_d-ReS2,1.96,2.09,1.96,1.99,0.0,Type I,Type I,DFT_HSE06_monolayer,HSE06,fundamental_quasiparticle,2D_monolayer_vdW,10.1103/PhysRevB.94.035125,Ozcelik PRB 2016 HSE06 monolayers (Table I)
1T_d-ReS2,GaN,1T_d-ReS2,1.96,3.23,1.96,1.48,0.0,Type I,Type I,DFT_HSE06_monolayer,HSE06,fundamental_quasiparticle,2D_monolayer_vdW,10.1103/PhysRevB.94.035125,Ozcelik PRB 2016 HSE06 monolayers (Table I)
1T_d-ReS2,GaP_b,1T_d-ReS2,1.96,2.49,1.96,2.48,0.0,Type I,Type I,DFT_HSE06_monolayer,HSE06,fundamental_quasiparticle,2D_monolayer_vdW,10.1103/PhysRevB.94.035125,Ozcelik PRB 2016 HSE06 monolayers (Table I)
1T_d-ReS2,GaAs_b,1T_d-ReS2,1.96,1.88,1.96,0.52,0.0,Type I,Type I,DFT_HSE06_monolayer,HSE06,fundamental_quasiparticle,2D_monolayer_vdW,10.1103/PhysRevB.94.035125,Ozcelik PRB 2016 HSE06 monolayers (Table I)
1T_d-ReS2,GaSb_b,1T_d-ReS2,1.96,1.13,1.96,1.04,0.0,Type I,Type I,DFT_HSE06_monolayer,HSE06,fundamental_quasiparticle,2D_monolayer_vdW,10.1103/PhysRevB.94.035125,Ozcelik PRB 2016 HSE06 monolayers (Table I)
1T_d-ReS2,InN,1T_d-ReS2,1.96,1.35,1.96,0.52,0.0,Type I,Type I,DFT_HSE06_monolayer,HSE06,fundamental_quasiparticle,2D_monolayer_vdW,10.1103/PhysRevB.94.035125,Ozcelik PRB 2016 HSE06 monolayers (Table I)
1T_d-ReS2,InP_b,1T_d-ReS2,1.96,1.16,1.96,1.08,0.0,Type I,Type I,DFT_HSE06_monolayer,HSE06,fundamental_quasiparticle,2D_monolayer_vdW,10.1103/PhysRevB.94.035125,Ozcelik PRB 2016 HSE06 monolayers (Table I)
1T_d-ReS2,InAs_b,1T_d-ReS2,1.96,1.04,1.96,1.23,0.0,Type I,Type I,DFT_HSE06_monolayer,HSE06,fundamental_quasiparticle,2D_monolayer_vdW,10.1103/PhysRevB.94.035125,Ozcelik PRB 2016 HSE06 monolayers (Table I)
1T_d-ReS2,InSb_b,1T_d-ReS2,1.96,0.97,1.96,1.16,0.0,Type I,Type I,DFT_HSE06_monolayer,HSE06,fundamental_quasiparticle,2D_monolayer_vdW,10.1103/PhysRevB.94.035125,Ozcelik PRB 2016 HSE06 monolayers (Table I)
1T_d-ReS2,SiC,1T_d-ReS2,1.96,3.27,1.96,2.09,0.0,Type I,Type I,DFT_HSE06_monolayer,HSE06,fundamental_quasiparticle,2D_monolayer_vdW,10.1103/PhysRevB.94.035125,Ozcelik PRB 2016 HSE06 monolayers (Table I)
1T_d-ReS2,SiGe_b,1T_d-ReS2,1.96,0.55,1.96,0.03,0.0,Type I,Type I,DFT_HSE06_monolayer,HSE06,fundamental_quasiparticle,2D_monolayer_vdW,10.1103/PhysRevB.94.035125,Ozcelik PRB 2016 HSE06 monolayers (Table I)
1T_d-ReS2,SiSn_b,1T_d-ReS2,1.96,0.59,1.96,0.22,0.0,Type I,Type I,DFT_HSE06_monolayer,HSE06,fundamental_quasiparticle,2D_monolayer_vdW,10.1103/PhysRevB.94.035125,Ozcelik PRB 2016 HSE06 monolayers (Table I)
1T_d-ReS2,GeC,1T_d-ReS2,1.96,2.91,1.96,1.94,0.0,Type I,Type I,DFT_HSE06_monolayer,HSE06,fundamental_quasiparticle,2D_monolayer_vdW,10.1103/PhysRevB.94.035125,Ozcelik PRB 2016 HSE06 monolayers (Table I)
1T_d-ReS2,GeSn_b,1T_d-ReS2,1.96,0.46,1.96,0.21,0.0,Type I,Type I,DFT_HSE06_monolayer,HSE06,fundamental_quasiparticle,2D_monolayer_vdW,10.1103/PhysRevB.94.035125,Ozcelik PRB 2016 HSE06 monolayers (Table I)
1T_d-ReS2,SnC,1T_d-ReS2,1.96,1.85,1.96,1.28,0.0,Type I,Type I,DFT_HSE06_monolayer,HSE06,fundamental_quasiparticle,2D_monolayer_vdW,10.1103/PhysRevB.94.035125,Ozcelik PRB 2016 HSE06 monolayers (Table I)
1T_d-ReS2,P_w,1T_d-ReS2,1.96,1.53,1.96,0.3,0.0,Type I,Type I,DFT_HSE06_monolayer,HSE06,fundamental_quasiparticle,2D_monolayer_vdW,10.1103/PhysRevB.94.035125,Ozcelik PRB 2016 HSE06 monolayers (Table I)
1T_d-ReS2,As_b,1T_d-ReS2,1.96,2.06,1.96,0.8,0.0,Type I,Type I,DFT_HSE06_monolayer,HSE06,fundamental_quasiparticle,2D_monolayer_vdW,10.1103/PhysRevB.94.035125,Ozcelik PRB 2016 HSE06 monolayers (Table I)
1T_d-ReS2,As_w,1T_d-ReS2,1.96,1.25,1.96,0.57,0.0,Type I,Type I,DFT_HSE06_monolayer,HSE06,fundamental_quasiparticle,2D_monolayer_vdW,10.1103/PhysRevB.94.035125,Ozcelik PRB 2016 HSE06 monolayers (Table I)
1T_d-ReS2,Sb_b,1T_d-ReS2,1.96,1.22,1.96,1.02,0.0,Type I,Type I,DFT_HSE06_monolayer,HSE06,fundamental_quasiparticle,2D_monolayer_vdW,10.1103/PhysRevB.94.035125,Ozcelik PRB 2016 HSE06 monolayers (Table I)
1T_d-ReS2,2H-MoSe2,1T_d-ReS2,1.96,1.87,1.96,0.61,0.0,Type I,Type I,DFT_HSE06_monolayer,HSE06,fundamental_quasiparticle,2D_monolayer_vdW,10.1103/PhysRevB.94.035125,Ozcelik PRB 2016 HSE06 monolayers (Table I)
1T_d-ReS2,2H-MoTe2,1T_d-ReS2,1.96,1.47,1.96,0.66,0.0,Type I,Type I,DFT_HSE06_monolayer,HSE06,fundamental_quasiparticle,2D_monolayer_vdW,10.1103/PhysRevB.94.035125,Ozcelik PRB 2016 HSE06 monolayers (Table I)
1T_d-ReS2,2H-WS2,1T_d-ReS2,1.96,2.09,1.96,0.51,0.0,Type I,Type I,DFT_HSE06_monolayer,HSE06,fundamental_quasiparticle,2D_monolayer_vdW,10.1103/PhysRevB.94.035125,Ozcelik PRB 2016 HSE06 monolayers (Table I)
1T_d-ReS2,2H-WSe2,1T_d-ReS2,1.96,1.75,1.96,0.91,0.0,Type I,Type I,DFT_HSE06_monolayer,HSE06,fundamental_quasiparticle,2D_monolayer_vdW,10.1103/PhysRevB.94.035125,Ozcelik PRB 2016 HSE06 monolayers (Table I)
1T_d-ReS2,2H-WTe2,1T_d-ReS2,1.96,1.21,1.96,1.03,0.0,Type I,Type I,DFT_HSE06_monolayer,HSE06,fundamental_quasiparticle,2D_monolayer_vdW,10.1103/PhysRevB.94.035125,Ozcelik PRB 2016 HSE06 monolayers (Table I)
1T_d-ReS2,1T-HfS2,1T_d-ReS2,1.96,1.99,1.96,-0.47,0.0,Type I,Type I,DFT_HSE06_monolayer,HSE06,fundamental_quasiparticle,2D_monolayer_vdW,10.1103/PhysRevB.94.035125,Ozcelik PRB 2016 HSE06 monolayers (Table I)
1T_d-ReS2,1T_d-ReSe2,1T_d-ReS2,1.96,1.7,1.96,0.48,0.0,Type I,Type I,DFT_HSE06_monolayer,HSE06,fundamental_quasiparticle,2D_monolayer_vdW,10.1103/PhysRevB.94.035125,Ozcelik PRB 2016 HSE06 monolayers (Table I)
1T_d-ReS2,TiS3,1T_d-ReS2,1.96,1.04,1.96,0.99,0.0,Type I,Type I,DFT_HSE06_monolayer,HSE06,fundamental_quasiparticle,2D_monolayer_vdW,10.1103/PhysRevB.94.035125,Ozcelik PRB 2016 HSE06 monolayers (Table I)
1T_d-ReS2,HfS3,1T_d-ReS2,1.96,1.87,1.96,1.56,0.0,Type I,Type I,DFT_HSE06_monolayer,HSE06,fundamental_quasiparticle,2D_monolayer_vdW,10.1103/PhysRevB.94.035125,Ozcelik PRB 2016 HSE06 monolayers (Table I)
1T_d-ReS2,HfSe3,1T_d-ReS2,1.96,0.98,1.96,0.96,0.0,Type I,Type I,DFT_HSE06_monolayer,HSE06,fundamental_quasiparticle,2D_monolayer_vdW,10.1103/PhysRevB.94.035125,Ozcelik PRB 2016 HSE06 monolayers (Table I)
1T_d-ReS2,ZrS3,1T_d-ReS2,1.96,1.89,1.96,1.71,0.0,Type I,Type I,DFT_HSE06_monolayer,HSE06,fundamental_quasiparticle,2D_monolayer_vdW,10.1103/PhysRevB.94.035125,Ozcelik PRB 2016 HSE06 monolayers (Table I)
1T_d-ReS2,ZrSe3,1T_d-ReS2,1.96,0.95,1.96,1.02,0.0,Type I,Type I,DFT_HSE06_monolayer,HSE06,fundamental_quasiparticle,2D_monolayer_vdW,10.1103/PhysRevB.94.035125,Ozcelik PRB 2016 HSE06 monolayers (Table I)
1T_d-ReSe2,BAs,1T_d-ReSe2,1.7,1.43,1.7,0.02,0.0,Type I,Type I,DFT_HSE06_monolayer,HSE06,fundamental_quasiparticle,2D_monolayer_vdW,10.1103/PhysRevB.94.035125,Ozcelik PRB 2016 HSE06 monolayers (Table I)
1T_d-ReSe2,AlSb_b,1T_d-ReSe2,1.7,2.09,1.7,1.51,0.0,Type I,Type I,DFT_HSE06_monolayer,HSE06,fundamental_quasiparticle,2D_monolayer_vdW,10.1103/PhysRevB.94.035125,Ozcelik PRB 2016 HSE06 monolayers (Table I)
1T_d-ReSe2,GaP_b,1T_d-ReSe2,1.7,2.49,1.7,2.0,0.0,Type I,Type I,DFT_HSE06_monolayer,HSE06,fundamental_quasiparticle,2D_monolayer_vdW,10.1103/PhysRevB.94.035125,Ozcelik PRB 2016 HSE06 monolayers (Table I)
1T_d-ReSe2,GaSb_b,1T_d-ReSe2,1.7,1.13,1.7,0.56,0.0,Type I,Type I,DFT_HSE06_monolayer,HSE06,fundamental_quasiparticle,2D_monolayer_vdW,10.1103/PhysRevB.94.035125,Ozcelik PRB 2016 HSE06 monolayers (Table I)
1T_d-ReSe2,InN,1T_d-ReSe2,1.7,1.35,1.7,0.04,0.0,Type I,Type I,DFT_HSE06_monolayer,HSE06,fundamental_quasiparticle,2D_monolayer_vdW,10.1103/PhysRevB.94.035125,Ozcelik PRB 2016 HSE06 monolayers (Table I)
1T_d-ReSe2,InP_b,1T_d-ReSe2,1.7,1.16,1.7,0.6,0.0,Type I,Type I,DFT_HSE06_monolayer,HSE06,fundamental_quasiparticle,2D_monolayer_vdW,10.1103/PhysRevB.94.035125,Ozcelik PRB 2016 HSE06 monolayers (Table I)
1T_d-ReSe2,InAs_b,1T_d-ReSe2,1.7,1.04,1.7,0.75,0.0,Type I,Type I,DFT_HSE06_monolayer,HSE06,fundamental_quasiparticle,2D_monolayer_vdW,10.1103/PhysRevB.94.035125,Ozcelik PRB 2016 HSE06 monolayers (Table I)
1T_d-ReSe2,InSb_b,1T_d-ReSe2,1.7,0.97,1.7,0.68,0.0,Type I,Type I,DFT_HSE06_monolayer,HSE06,fundamental_quasiparticle,2D_monolayer_vdW,10.1103/PhysRevB.94.035125,Ozcelik PRB 2016 HSE06 monolayers (Table I)
1T_d-ReSe2,SiC,1T_d-ReSe2,1.7,3.27,1.7,1.61,0.0,Type I,Type I,DFT_HSE06_monolayer,HSE06,fundamental_quasiparticle,2D_monolayer_vdW,10.1103/PhysRevB.94.035125,Ozcelik PRB 2016 HSE06 monolayers (Table I)
1T_d-ReSe2,GeC,1T_d-ReSe2,1.7,2.91,1.7,1.46,0.0,Type I,Type I,DFT_HSE06_monolayer,HSE06,fundamental_quasiparticle,2D_monolayer_vdW,10.1103/PhysRevB.94.035125,Ozcelik PRB 2016 HSE06 monolayers (Table I)
1T_d-ReSe2,SnC,1T_d-ReSe2,1.7,1.85,1.7,0.8,0.0,Type I,Type I,DFT_HSE06_monolayer,HSE06,fundamental_quasiparticle,2D_monolayer_vdW,10.1103/PhysRevB.94.035125,Ozcelik PRB 2016 HSE06 monolayers (Table I)
1T_d-ReSe2,P_b,1T_d-ReSe2,1.7,2.73,1.7,-0.01,0.0,Type I,Type I,DFT_HSE06_monolayer,HSE06,fundamental_quasiparticle,2D_monolayer_vdW,10.1103/PhysRevB.94.035125,Ozcelik PRB 2016 HSE06 monolayers (Table I)
1T_d-ReSe2,P_w,1T_d-ReSe2,1.7,1.53,1.7,-0.18,0.0,Type I,Type I,DFT_HSE06_monolayer,HSE06,fundamental_quasiparticle,2D_monolayer_vdW,10.1103/PhysRevB.94.035125,Ozcelik PRB 2016 HSE06 monolayers (Table I)
1T_d-ReSe2,As_w,1T_d-ReSe2,1.7,1.25,1.7,0.09,0.0,Type I,Type I,DFT_HSE06_monolayer,HSE06,fundamental_quasiparticle,2D_monolayer_vdW,10.1103/PhysRevB.94.035125,Ozcelik PRB 2016 HSE06 monolayers (Table I)
1T_d-ReSe2,Sb_b,1T_d-ReSe2,1.7,1.22,1.7,0.54,0.0,Type I,Type I,DFT_HSE06_monolayer,HSE06,fundamental_quasiparticle,2D_monolayer_vdW,10.1103/PhysRevB.94.035125,Ozcelik PRB 2016 HSE06 monolayers (Table I)
1T_d-ReSe2,2H-MoS2,1T_d-ReSe2,1.7,2.15,1.7,-0.38,0.0,Type I,Type I,DFT_HSE06_monolayer,HSE06,fundamental_quasiparticle,2D_monolayer_vdW,10.1103/PhysRevB.94.035125,Ozcelik PRB 2016 HSE06 monolayers (Table I)
1T_d-ReSe2,2H-MoTe2,1T_d-ReSe2,1.7,1.47,1.7,0.18,0.0,Type I,Type I,DFT_HSE06_monolayer,HSE06,fundamental_quasiparticle,2D_monolayer_vdW,10.1103/PhysRevB.94.035125,Ozcelik PRB 2016 HSE06 monolayers (Table I)
1T_d-ReSe2,2H-WSe2,1T_d-ReSe2,1.7,1.75,1.7,0.43,0.0,Type I,Type I,DFT_HSE06_monolayer,HSE06,fundamental_quasiparticle,2D_monolayer_vdW,10.1103/PhysRevB.94.035125,Ozcelik PRB 2016 HSE06 monolayers (Table I)
1T_d-ReSe2,2H-WTe2,1T_d-ReSe2,1.7,1.21,1.7,0.55,0.0,Type I,Type I,DFT_HSE06_monolayer,HSE06,fundamental_quasiparticle,2D_monolayer_vdW,10.1103/PhysRevB.94.035125,Ozcelik PRB 2016 HSE06 monolayers (Table I)
1T_d-ReSe2,1T-HfS2,1T_d-ReSe2,1.7,1.99,1.7,-0.95,0.0,Type I,Type I,DFT_HSE06_monolayer,HSE06,fundamental_quasiparticle,2D_monolayer_vdW,10.1103/PhysRevB.94.035125,Ozcelik PRB 2016 HSE06 monolayers (Table I)
1T_d-ReSe2,1T-HfSe2,1T_d-ReSe2,1.7,1.02,1.7,-0.94,0.0,Type I,Type I,DFT_HSE06_monolayer,HSE06,fundamental_quasiparticle,2D_monolayer_vdW,10.1103/PhysRevB.94.035125,Ozcelik PRB 2016 HSE06 monolayers (Table I)
1T_d-ReSe2,1T_d-ReS2,1T_d-ReSe2,1.7,1.96,1.7,-0.48,0.0,Type I,Type I,DFT_HSE06_monolayer,HSE06,fundamental_quasiparticle,2D_monolayer_vdW,10.1103/PhysRevB.94.035125,Ozcelik PRB 2016 HSE06 monolayers (Table I)
1T_d-ReSe2,TiS3,1T_d-ReSe2,1.7,1.04,1.7,0.51,0.0,Type I,Type I,DFT_HSE06_monolayer,HSE06,fundamental_quasiparticle,2D_monolayer_vdW,10.1103/PhysRevB.94.035125,Ozcelik PRB 2016 HSE06 monolayers (Table I)
1T_d-ReSe2,HfS3,1T_d-ReSe2,1.7,1.87,1.7,1.08,0.0,Type I,Type I,DFT_HSE06_monolayer,HSE06,fundamental_quasiparticle,2D_monolayer_vdW,10.1103/PhysRevB.94.035125,Ozcelik PRB 2016 HSE06 monolayers (Table I)
1T_d-ReSe2,HfSe3,1T_d-ReSe2,1.7,0.98,1.7,0.48,0.0,Type I,Type I,DFT_HSE06_monolayer,HSE06,fundamental_quasiparticle,2D_monolayer_vdW,10.1103/PhysRevB.94.035125,Ozcelik PRB 2016 HSE06 monolayers (Table I)
1T_d-ReSe2,ZrS3,1T_d-ReSe2,1.7,1.89,1.7,1.23,0.0,Type I,Type I,DFT_HSE06_monolayer,HSE06,fundamental_quasiparticle,2D_monolayer_vdW,10.1103/PhysRevB.94.035125,Ozcelik PRB 2016 HSE06 monolayers (Table I)
1T_d-ReSe2,ZrSe3,1T_d-ReSe2,1.7,0.95,1.7,0.54,0.0,Type I,Type I,DFT_HSE06_monolayer,HSE06,fundamental_quasiparticle,2D_monolayer_vdW,10.1103/PhysRevB.94.035125,Ozcelik PRB 2016 HSE06 monolayers (Table I)
TiS3,BP,TiS3,1.04,1.59,1.04,-0.55,0.0,Type I,Type I,DFT_HSE06_monolayer,HSE06,fundamental_quasiparticle,2D_monolayer_vdW,10.1103/PhysRevB.94.035125,Ozcelik PRB 2016 HSE06 monolayers (Table I)
TiS3,BAs,TiS3,1.04,1.43,1.04,-0.49,0.0,Type I,Type I,DFT_HSE06_monolayer,HSE06,fundamental_quasiparticle,2D_monolayer_vdW,10.1103/PhysRevB.94.035125,Ozcelik PRB 2016 HSE06 monolayers (Table I)
TiS3,BSb,TiS3,1.04,0.91,1.04,-0.63,0.0,Type I,Type I,DFT_HSE06_monolayer,HSE06,fundamental_quasiparticle,2D_monolayer_vdW,10.1103/PhysRevB.94.035125,Ozcelik PRB 2016 HSE06 monolayers (Table I)
TiS3,GaP_b,TiS3,1.04,2.49,1.04,1.49,0.0,Type I,Type I,DFT_HSE06_monolayer,HSE06,fundamental_quasiparticle,2D_monolayer_vdW,10.1103/PhysRevB.94.035125,Ozcelik PRB 2016 HSE06 monolayers (Table I)
TiS3,GaAs_b,TiS3,1.04,1.88,1.04,-0.47,0.0,Type I,Type I,DFT_HSE06_monolayer,HSE06,fundamental_quasiparticle,2D_monolayer_vdW,10.1103/PhysRevB.94.035125,Ozcelik PRB 2016 HSE06 monolayers (Table I)
TiS3,InN,TiS3,1.04,1.35,1.04,-0.47,0.0,Type I,Type I,DFT_HSE06_monolayer,HSE06,fundamental_quasiparticle,2D_monolayer_vdW,10.1103/PhysRevB.94.035125,Ozcelik PRB 2016 HSE06 monolayers (Table I)
TiS3,InAs_b,TiS3,1.04,1.04,1.04,0.24,0.0,Type I,Type I,DFT_HSE06_monolayer,HSE06,fundamental_quasiparticle,2D_monolayer_vdW,10.1103/PhysRevB.94.035125,Ozcelik PRB 2016 HSE06 monolayers (Table I)
TiS3,InSb_b,TiS3,1.04,0.97,1.04,0.17,0.0,Type I,Type I,DFT_HSE06_monolayer,HSE06,fundamental_quasiparticle,2D_monolayer_vdW,10.1103/PhysRevB.94.035125,Ozcelik PRB 2016 HSE06 monolayers (Table I)
TiS3,SiGe_b,TiS3,1.04,0.55,1.04,-0.96,0.0,Type I,Type I,DFT_HSE06_monolayer,HSE06,fundamental_quasiparticle,2D_monolayer_vdW,10.1103/PhysRevB.94.035125,Ozcelik PRB 2016 HSE06 monolayers (Table I)
TiS3,SiSn_b,TiS3,1.04,0.59,1.04,-0.77,0.0,Type I,Type I,DFT_HSE06_monolayer,HSE06,fundamental_quasiparticle,2D_monolayer_vdW,10.1103/PhysRevB.94.035125,Ozcelik PRB 2016 HSE06 monolayers (Table I)
TiS3,GeSn_b,TiS3,1.04,0.46,1.04,-0.78,0.0,Type I,Type I,DFT_HSE06_monolayer,HSE06,fundamental_quasiparticle,2D_monolayer_vdW,10.1103/PhysRevB.94.035125,Ozcelik PRB 2016 HSE06 monolayers (Table I)
TiS3,P_b,TiS3,1.04,2.73,1.04,-0.52,0.0,Type I,Type I,DFT_HSE06_monolayer,HSE06,fundamental_quasiparticle,2D_monolayer_vdW,10.1103/PhysRevB.94.035125,Ozcelik PRB 2016 HSE06 monolayers (Table I)
TiS3,P_w,TiS3,1.04,1.53,1.04,-0.69,0.0,Type I,Type I,DFT_HSE06_monolayer,HSE06,fundamental_quasiparticle,2D_monolayer_vdW,10.1103/PhysRevB.94.035125,Ozcelik PRB 2016 HSE06 monolayers (Table I)
TiS3,As_b,TiS3,1.04,2.06,1.04,-0.19,0.0,Type I,Type I,DFT_HSE06_monolayer,HSE06,fundamental_quasiparticle,2D_monolayer_vdW,10.1103/PhysRevB.94.035125,Ozcelik PRB 2016 HSE06 monolayers (Table I)
TiS3,As_w,TiS3,1.04,1.25,1.04,-0.42,0.0,Type I,Type I,DFT_HSE06_monolayer,HSE06,fundamental_quasiparticle,2D_monolayer_vdW,10.1103/PhysRevB.94.035125,Ozcelik PRB 2016 HSE06 monolayers (Table I)
TiS3,2H-MoS2,TiS3,1.04,2.15,1.04,-0.89,0.0,Type I,Type I,DFT_HSE06_monolayer,HSE06,fundamental_quasiparticle,2D_monolayer_vdW,10.1103/PhysRevB.94.035125,Ozcelik PRB 2016 HSE06 monolayers (Table I)
TiS3,2H-MoSe2,TiS3,1.04,1.87,1.04,-0.38,0.0,Type I,Type I,DFT_HSE06_monolayer,HSE06,fundamental_quasiparticle,2D_monolayer_vdW,10.1103/PhysRevB.94.035125,Ozcelik PRB 2016 HSE06 monolayers (Table I)
TiS3,2H-MoTe2,TiS3,1.04,1.47,1.04,-0.33,0.0,Type I,Type I,DFT_HSE06_monolayer,HSE06,fundamental_quasiparticle,2D_monolayer_vdW,10.1103/PhysRevB.94.035125,Ozcelik PRB 2016 HSE06 monolayers (Table I)
TiS3,2H-WS2,TiS3,1.04,2.09,1.04,-0.48,0.0,Type I,Type I,DFT_HSE06_monolayer,HSE06,fundamental_quasiparticle,2D_monolayer_vdW,10.1103/PhysRevB.94.035125,Ozcelik PRB 2016 HSE06 monolayers (Table I)
TiS3,2H-WSe2,TiS3,1.04,1.75,1.04,-0.08,0.0,Type I,Type I,DFT_HSE06_monolayer,HSE06,fundamental_quasiparticle,2D_monolayer_vdW,10.1103/PhysRevB.94.035125,Ozcelik PRB 2016 HSE06 monolayers (Table I)
TiS3,1T-HfS2,TiS3,1.04,1.99,1.04,-1.46,0.0,Type I,Type I,DFT_HSE06_monolayer,HSE06,fundamental_quasiparticle,2D_monolayer_vdW,10.1103/PhysRevB.94.035125,Ozcelik PRB 2016 HSE06 monolayers (Table I)
TiS3,1T-HfSe2,TiS3,1.04,1.02,1.04,-1.45,0.0,Type I,Type I,DFT_HSE06_monolayer,HSE06,fundamental_quasiparticle,2D_monolayer_vdW,10.1103/PhysRevB.94.035125,Ozcelik PRB 2016 HSE06 monolayers (Table I)
TiS3,1T_d-ReS2,TiS3,1.04,1.96,1.04,-0.99,0.0,Type I,Type I,DFT_HSE06_monolayer,HSE06,fundamental_quasiparticle,2D_monolayer_vdW,10.1103/PhysRevB.94.035125,Ozcelik PRB 2016 HSE06 monolayers (Table I)
TiS3,1T_d-ReSe2,TiS3,1.04,1.7,1.04,-0.51,0.0,Type I,Type I,DFT_HSE06_monolayer,HSE06,fundamental_quasiparticle,2D_monolayer_vdW,10.1103/PhysRevB.94.035125,Ozcelik PRB 2016 HSE06 monolayers (Table I)
TiS3,ZrSe3,TiS3,1.04,0.95,1.04,0.03,0.0,Type I,Type I,DFT_HSE06_monolayer,HSE06,fundamental_quasiparticle,2D_monolayer_vdW,10.1103/PhysRevB.94.035125,Ozcelik PRB 2016 HSE06 monolayers (Table I)
HfS3,BP,HfS3,1.87,1.59,1.87,-1.12,0.0,Type I,Type I,DFT_HSE06_monolayer,HSE06,fundamental_quasiparticle,2D_monolayer_vdW,10.1103/PhysRevB.94.035125,Ozcelik PRB 2016 HSE06 monolayers (Table I)
HfS3,BAs,HfS3,1.87,1.43,1.87,-1.06,0.0,Type I,Type I,DFT_HSE06_monolayer,HSE06,fundamental_quasiparticle,2D_monolayer_vdW,10.1103/PhysRevB.94.035125,Ozcelik PRB 2016 HSE06 monolayers (Table I)
HfS3,BSb,HfS3,1.87,0.91,1.87,-1.2,0.0,Type I,Type I,DFT_HSE06_monolayer,HSE06,fundamental_quasiparticle,2D_monolayer_vdW,10.1103/PhysRevB.94.035125,Ozcelik PRB 2016 HSE06 monolayers (Table I)
HfS3,AlAs,HfS3,1.87,2.35,1.87,-0.51,0.0,Type I,Type I,DFT_HSE06_monolayer,HSE06,fundamental_quasiparticle,2D_monolayer_vdW,10.1103/PhysRevB.94.035125,Ozcelik PRB 2016 HSE06 monolayers (Table I)
HfS3,AlSb_b,HfS3,1.87,2.09,1.87,0.43,0.0,Type I,Type I,DFT_HSE06_monolayer,HSE06,fundamental_quasiparticle,2D_monolayer_vdW,10.1103/PhysRevB.94.035125,Ozcelik PRB 2016 HSE06 monolayers (Table I)
HfS3,GaN,HfS3,1.87,3.23,1.87,-0.08,0.0,Type I,Type I,DFT_HSE06_monolayer,HSE06,fundamental_quasiparticle,2D_monolayer_vdW,10.1103/PhysRevB.94.035125,Ozcelik PRB 2016 HSE06 monolayers (Table I)
HfS3,GaP_b,HfS3,1.87,2.49,1.87,0.92,0.0,Type I,Type I,DFT_HSE06_monolayer,HSE06,fundamental_quasiparticle,2D_monolayer_vdW,10.1103/PhysRevB.94.035125,Ozcelik PRB 2016 HSE06 monolayers (Table I)
HfS3,GaAs_b,HfS3,1.87,1.88,1.87,-1.04,0.0,Type I,Type I,DFT_HSE06_monolayer,HSE06,fundamental_quasiparticle,2D_monolayer_vdW,10.1103/PhysRevB.94.035125,Ozcelik PRB 2016 HSE06 monolayers (Table I)
HfS3,InN,HfS3,1.87,1.35,1.87,-1.04,0.0,Type I,Type I,DFT_HSE06_monolayer,HSE06,fundamental_quasiparticle,2D_monolayer_vdW,10.1103/PhysRevB.94.035125,Ozcelik PRB 2016 HSE06 monolayers (Table I)
HfS3,SiGe_b,HfS3,1.87,0.55,1.87,-1.53,0.0,Type I,Type I,DFT_HSE06_monolayer,HSE06,fundamental_quasiparticle,2D_monolayer_vdW,10.1103/PhysRevB.94.035125,Ozcelik PRB 2016 HSE06 monolayers (Table I)
HfS3,SiSn_b,HfS3,1.87,0.59,1.87,-1.34,0.0,Type I,Type I,DFT_HSE06_monolayer,HSE06,fundamental_quasiparticle,2D_monolayer_vdW,10.1103/PhysRevB.94.035125,Ozcelik PRB 2016 HSE06 monolayers (Table I)
HfS3,SnC,HfS3,1.87,1.85,1.87,-0.28,0.0,Type I,Type I,DFT_HSE06_monolayer,HSE06,fundamental_quasiparticle,2D_monolayer_vdW,10.1103/PhysRevB.94.035125,Ozcelik PRB 2016 HSE06 monolayers (Table I)
HfS3,P_b,HfS3,1.87,2.73,1.87,-1.09,0.0,Type I,Type I,DFT_HSE06_monolayer,HSE06,fundamental_quasiparticle,2D_monolayer_vdW,10.1103/PhysRevB.94.035125,Ozcelik PRB 2016 HSE06 monolayers (Table I)
HfS3,P_w,HfS3,1.87,1.53,1.87,-1.26,0.0,Type I,Type I,DFT_HSE06_monolayer,HSE06,fundamental_quasiparticle,2D_monolayer_vdW,10.1103/PhysRevB.94.035125,Ozcelik PRB 2016 HSE06 monolayers (Table I)
HfS3,As_b,HfS3,1.87,2.06,1.87,-0.76,0.0,Type I,Type I,DFT_HSE06_monolayer,HSE06,fundamental_quasiparticle,2D_monolayer_vdW,10.1103/PhysRevB.94.035125,Ozcelik PRB 2016 HSE06 monolayers (Table I)
HfS3,As_w,HfS3,1.87,1.25,1.87,-0.99,0.0,Type I,Type I,DFT_HSE06_monolayer,HSE06,fundamental_quasiparticle,2D_monolayer_vdW,10.1103/PhysRevB.94.035125,Ozcelik PRB 2016 HSE06 monolayers (Table I)
HfS3,2H-MoS2,HfS3,1.87,2.15,1.87,-1.46,0.0,Type I,Type I,DFT_HSE06_monolayer,HSE06,fundamental_quasiparticle,2D_monolayer_vdW,10.1103/PhysRevB.94.035125,Ozcelik PRB 2016 HSE06 monolayers (Table I)
HfS3,2H-MoSe2,HfS3,1.87,1.87,1.87,-0.95,0.0,Type I,Type I,DFT_HSE06_monolayer,HSE06,fundamental_quasiparticle,2D_monolayer_vdW,10.1103/PhysRevB.94.035125,Ozcelik PRB 2016 HSE06 monolayers (Table I)
HfS3,2H-MoTe2,HfS3,1.87,1.47,1.87,-0.9,0.0,Type I,Type I,DFT_HSE06_monolayer,HSE06,fundamental_quasiparticle,2D_monolayer_vdW,10.1103/PhysRevB.94.035125,Ozcelik PRB 2016 HSE06 monolayers (Table I)
HfS3,2H-WS2,HfS3,1.87,2.09,1.87,-1.05,0.0,Type I,Type I,DFT_HSE06_monolayer,HSE06,fundamental_quasiparticle,2D_monolayer_vdW,10.1103/PhysRevB.94.035125,Ozcelik PRB 2016 HSE06 monolayers (Table I)
HfS3,2H-WSe2,HfS3,1.87,1.75,1.87,-0.65,0.0,Type I,Type I,DFT_HSE06_monolayer,HSE06,fundamental_quasiparticle,2D_monolayer_vdW,10.1103/PhysRevB.94.035125,Ozcelik PRB 2016 HSE06 monolayers (Table I)
HfS3,1T-HfS2,HfS3,1.87,1.99,1.87,-2.03,0.0,Type I,Type I,DFT_HSE06_monolayer,HSE06,fundamental_quasiparticle,2D_monolayer_vdW,10.1103/PhysRevB.94.035125,Ozcelik PRB 2016 HSE06 monolayers (Table I)
HfS3,1T-HfSe2,HfS3,1.87,1.02,1.87,-2.02,0.0,Type I,Type I,DFT_HSE06_monolayer,HSE06,fundamental_quasiparticle,2D_monolayer_vdW,10.1103/PhysRevB.94.035125,Ozcelik PRB 2016 HSE06 monolayers (Table I)
HfS3,1T_d-ReS2,HfS3,1.87,1.96,1.87,-1.56,0.0,Type I,Type I,DFT_HSE06_monolayer,HSE06,fundamental_quasiparticle,2D_monolayer_vdW,10.1103/PhysRevB.94.035125,Ozcelik PRB 2016 HSE06 monolayers (Table I)
HfS3,1T_d-ReSe2,HfS3,1.87,1.7,1.87,-1.08,0.0,Type I,Type I,DFT_HSE06_monolayer,HSE06,fundamental_quasiparticle,2D_monolayer_vdW,10.1103/PhysRevB.94.035125,Ozcelik PRB 2016 HSE06 monolayers (Table I)
HfS3,ZrS3,HfS3,1.87,1.89,1.87,0.15,0.0,Type I,Type I,DFT_HSE06_monolayer,HSE06,fundamental_quasiparticle,2D_monolayer_vdW,10.1103/PhysRevB.94.035125,Ozcelik PRB 2016 HSE06 monolayers (Table I)
HfSe3,BP,HfSe3,0.98,1.59,0.98,-0.52,0.0,Type I,Type I,DFT_HSE06_monolayer,HSE06,fundamental_quasiparticle,2D_monolayer_vdW,10.1103/PhysRevB.94.035125,Ozcelik PRB 2016 HSE06 monolayers (Table I)
HfSe3,BAs,HfSe3,0.98,1.43,0.98,-0.46,0.0,Type I,Type I,DFT_HSE06_monolayer,HSE06,fundamental_quasiparticle,2D_monolayer_vdW,10.1103/PhysRevB.94.035125,Ozcelik PRB 2016 HSE06 monolayers (Table I)
HfSe3,BSb,HfSe3,0.98,0.91,0.98,-0.6,0.0,Type I,Type I,DFT_HSE06_monolayer,HSE06,fundamental_quasiparticle,2D_monolayer_vdW,10.1103/PhysRevB.94.035125,Ozcelik PRB 2016 HSE06 monolayers (Table I)
HfSe3,GaP_b,HfSe3,0.98,2.49,0.98,1.52,0.0,Type I,Type I,DFT_HSE06_monolayer,HSE06,fundamental_quasiparticle,2D_monolayer_vdW,10.1103/PhysRevB.94.035125,Ozcelik PRB 2016 HSE06 monolayers (Table I)
HfSe3,GaAs_b,HfSe3,0.98,1.88,0.98,-0.44,0.0,Type I,Type I,DFT_HSE06_monolayer,HSE06,fundamental_quasiparticle,2D_monolayer_vdW,10.1103/PhysRevB.94.035125,Ozcelik PRB 2016 HSE06 monolayers (Table I)
HfSe3,InN,HfSe3,0.98,1.35,0.98,-0.44,0.0,Type I,Type I,DFT_HSE06_monolayer,HSE06,fundamental_quasiparticle,2D_monolayer_vdW,10.1103/PhysRevB.94.035125,Ozcelik PRB 2016 HSE06 monolayers (Table I)
HfSe3,InAs_b,HfSe3,0.98,1.04,0.98,0.27,0.0,Type I,Type I,DFT_HSE06_monolayer,HSE06,fundamental_quasiparticle,2D_monolayer_vdW,10.1103/PhysRevB.94.035125,Ozcelik PRB 2016 HSE06 monolayers (Table I)
HfSe3,InSb_b,HfSe3,0.98,0.97,0.98,0.2,0.0,Type I,Type I,DFT_HSE06_monolayer,HSE06,fundamental_quasiparticle,2D_monolayer_vdW,10.1103/PhysRevB.94.035125,Ozcelik PRB 2016 HSE06 monolayers (Table I)
HfSe3,SiGe_b,HfSe3,0.98,0.55,0.98,-0.93,0.0,Type I,Type I,DFT_HSE06_monolayer,HSE06,fundamental_quasiparticle,2D_monolayer_vdW,10.1103/PhysRevB.94.035125,Ozcelik PRB 2016 HSE06 monolayers (Table I)
HfSe3,SiSn_b,HfSe3,0.98,0.59,0.98,-0.74,0.0,Type I,Type I,DFT_HSE06_monolayer,HSE06,fundamental_quasiparticle,2D_monolayer_vdW,10.1103/PhysRevB.94.035125,Ozcelik PRB 2016 HSE06 monolayers (Table I)
HfSe3,GeSn_b,HfSe3,0.98,0.46,0.98,-0.75,0.0,Type I,Type I,DFT_HSE06_monolayer,HSE06,fundamental_quasiparticle,2D_monolayer_vdW,10.1103/PhysRevB.94.035125,Ozcelik PRB 2016 HSE06 monolayers (Table I)
HfSe3,P_b,HfSe3,0.98,2.73,0.98,-0.49,0.0,Type I,Type I,DFT_HSE06_monolayer,HSE06,fundamental_quasiparticle,2D_monolayer_vdW,10.1103/PhysRevB.94.035125,Ozcelik PRB 2016 HSE06 monolayers (Table I)
HfSe3,P_w,HfSe3,0.98,1.53,0.98,-0.66,0.0,Type I,Type I,DFT_HSE06_monolayer,HSE06,fundamental_quasiparticle,2D_monolayer_vdW,10.1103/PhysRevB.94.035125,Ozcelik PRB 2016 HSE06 monolayers (Table I)
HfSe3,As_b,HfSe3,0.98,2.06,0.98,-0.16,0.0,Type I,Type I,DFT_HSE06_monolayer,HSE06,fundamental_quasiparticle,2D_monolayer_vdW,10.1103/PhysRevB.94.035125,Ozcelik PRB 2016 HSE06 monolayers (Table I)
HfSe3,As_w,HfSe3,0.98,1.25,0.98,-0.39,0.0,Type I,Type I,DFT_HSE06_monolayer,HSE06,fundamental_quasiparticle,2D_monolayer_vdW,10.1103/PhysRevB.94.035125,Ozcelik PRB 2016 HSE06 monolayers (Table I)
HfSe3,2H-MoS2,HfSe3,0.98,2.15,0.98,-0.86,0.0,Type I,Type I,DFT_HSE06_monolayer,HSE06,fundamental_quasiparticle,2D_monolayer_vdW,10.1103/PhysRevB.94.035125,Ozcelik PRB 2016 HSE06 monolayers (Table I)
HfSe3,2H-MoSe2,HfSe3,0.98,1.87,0.98,-0.35,0.0,Type I,Type I,DFT_HSE06_monolayer,HSE06,fundamental_quasiparticle,2D_monolayer_vdW,10.1103/PhysRevB.94.035125,Ozcelik PRB 2016 HSE06 monolayers (Table I)
HfSe3,2H-MoTe2,HfSe3,0.98,1.47,0.98,-0.3,0.0,Type I,Type I,DFT_HSE06_monolayer,HSE06,fundamental_quasiparticle,2D_monolayer_vdW,10.1103/PhysRevB.94.035125,Ozcelik PRB 2016 HSE06 monolayers (Table I)
HfSe3,2H-WS2,HfSe3,0.98,2.09,0.98,-0.45,0.0,Type I,Type I,DFT_HSE06_monolayer,HSE06,fundamental_quasiparticle,2D_monolayer_vdW,10.1103/PhysRevB.94.035125,Ozcelik PRB 2016 HSE06 monolayers (Table I)
HfSe3,2H-WSe2,HfSe3,0.98,1.75,0.98,-0.05,0.0,Type I,Type I,DFT_HSE06_monolayer,HSE06,fundamental_quasiparticle,2D_monolayer_vdW,10.1103/PhysRevB.94.035125,Ozcelik PRB 2016 HSE06 monolayers (Table I)
HfSe3,1T-HfS2,HfSe3,0.98,1.99,0.98,-1.43,0.0,Type I,Type I,DFT_HSE06_monolayer,HSE06,fundamental_quasiparticle,2D_monolayer_vdW,10.1103/PhysRevB.94.035125,Ozcelik PRB 2016 HSE06 monolayers (Table I)
HfSe3,1T-HfSe2,HfSe3,0.98,1.02,0.98,-1.42,0.0,Type I,Type I,DFT_HSE06_monolayer,HSE06,fundamental_quasiparticle,2D_monolayer_vdW,10.1103/PhysRevB.94.035125,Ozcelik PRB 2016 HSE06 monolayers (Table I)
HfSe3,1T_d-ReS2,HfSe3,0.98,1.96,0.98,-0.96,0.0,Type I,Type I,DFT_HSE06_monolayer,HSE06,fundamental_quasiparticle,2D_monolayer_vdW,10.1103/PhysRevB.94.035125,Ozcelik PRB 2016 HSE06 monolayers (Table I)
HfSe3,1T_d-ReSe2,HfSe3,0.98,1.7,0.98,-0.48,0.0,Type I,Type I,DFT_HSE06_monolayer,HSE06,fundamental_quasiparticle,2D_monolayer_vdW,10.1103/PhysRevB.94.035125,Ozcelik PRB 2016 HSE06 monolayers (Table I)
HfSe3,ZrSe3,HfSe3,0.98,0.95,0.98,0.06,0.0,Type I,Type I,DFT_HSE06_monolayer,HSE06,fundamental_quasiparticle,2D_monolayer_vdW,10.1103/PhysRevB.94.035125,Ozcelik PRB 2016 HSE06 monolayers (Table I)
ZrS3,BP,ZrS3,1.89,1.59,1.89,-1.27,0.0,Type I,Type I,DFT_HSE06_monolayer,HSE06,fundamental_quasiparticle,2D_monolayer_vdW,10.1103/PhysRevB.94.035125,Ozcelik PRB 2016 HSE06 monolayers (Table I)
ZrS3,BAs,ZrS3,1.89,1.43,1.89,-1.21,0.0,Type I,Type I,DFT_HSE06_monolayer,HSE06,fundamental_quasiparticle,2D_monolayer_vdW,10.1103/PhysRevB.94.035125,Ozcelik PRB 2016 HSE06 monolayers (Table I)
ZrS3,BSb,ZrS3,1.89,0.91,1.89,-1.35,0.0,Type I,Type I,DFT_HSE06_monolayer,HSE06,fundamental_quasiparticle,2D_monolayer_vdW,10.1103/PhysRevB.94.035125,Ozcelik PRB 2016 HSE06 monolayers (Table I)
ZrS3,AlP,ZrS3,1.89,3.14,1.89,-0.05,0.0,Type I,Type I,DFT_HSE06_monolayer,HSE06,fundamental_quasiparticle,2D_monolayer_vdW,10.1103/PhysRevB.94.035125,Ozcelik PRB 2016 HSE06 monolayers (Table I)
ZrS3,AlAs,ZrS3,1.89,2.35,1.89,-0.66,0.0,Type I,Type I,DFT_HSE06_monolayer,HSE06,fundamental_quasiparticle,2D_monolayer_vdW,10.1103/PhysRevB.94.035125,Ozcelik PRB 2016 HSE06 monolayers (Table I)
ZrS3,AlSb_b,ZrS3,1.89,2.09,1.89,0.28,0.0,Type I,Type I,DFT_HSE06_monolayer,HSE06,fundamental_quasiparticle,2D_monolayer_vdW,10.1103/PhysRevB.94.035125,Ozcelik PRB 2016 HSE06 monolayers (Table I)
ZrS3,GaN,ZrS3,1.89,3.23,1.89,-0.23,0.0,Type I,Type I,DFT_HSE06_monolayer,HSE06,fundamental_quasiparticle,2D_monolayer_vdW,10.1103/PhysRevB.94.035125,Ozcelik PRB 2016 HSE06 monolayers (Table I)
ZrS3,GaP_b,ZrS3,1.89,2.49,1.89,0.77,0.0,Type I,Type I,DFT_HSE06_monolayer,HSE06,fundamental_quasiparticle,2D_monolayer_vdW,10.1103/PhysRevB.94.035125,Ozcelik PRB 2016 HSE06 monolayers (Table I)
ZrS3,GaAs_b,ZrS3,1.89,1.88,1.89,-1.19,0.0,Type I,Type I,DFT_HSE06_monolayer,HSE06,fundamental_quasiparticle,2D_monolayer_vdW,10.1103/PhysRevB.94.035125,Ozcelik PRB 2016 HSE06 monolayers (Table I)
ZrS3,InN,ZrS3,1.89,1.35,1.89,-1.19,0.0,Type I,Type I,DFT_HSE06_monolayer,HSE06,fundamental_quasiparticle,2D_monolayer_vdW,10.1103/PhysRevB.94.035125,Ozcelik PRB 2016 HSE06 monolayers (Table I)
ZrS3,SiGe_b,ZrS3,1.89,0.55,1.89,-1.68,0.0,Type I,Type I,DFT_HSE06_monolayer,HSE06,fundamental_quasiparticle,2D_monolayer_vdW,10.1103/PhysRevB.94.035125,Ozcelik PRB 2016 HSE06 monolayers (Table I)
ZrS3,SiSn_b,ZrS3,1.89,0.59,1.89,-1.49,0.0,Type I,Type I,DFT_HSE06_monolayer,HSE06,fundamental_quasiparticle,2D_monolayer_vdW,10.1103/PhysRevB.94.035125,Ozcelik PRB 2016 HSE06 monolayers (Table I)
ZrS3,GeSn_b,ZrS3,1.89,0.46,1.89,-1.5,0.0,Type I,Type I,DFT_HSE06_monolayer,HSE06,fundamental_quasiparticle,2D_monolayer_vdW,10.1103/PhysRevB.94.035125,Ozcelik PRB 2016 HSE06 monolayers (Table I)
ZrS3,SnC,ZrS3,1.89,1.85,1.89,-0.43,0.0,Type I,Type I,DFT_HSE06_monolayer,HSE06,fundamental_quasiparticle,2D_monolayer_vdW,10.1103/PhysRevB.94.035125,Ozcelik PRB 2016 HSE06 monolayers (Table I)
ZrS3,N_b,ZrS3,1.89,6.01,1.89,-0.1,0.0,Type I,Type I,DFT_HSE06_monolayer,HSE06,fundamental_quasiparticle,2D_monolayer_vdW,10.1103/PhysRevB.94.035125,Ozcelik PRB 2016 HSE06 monolayers (Table I)
ZrS3,P_b,ZrS3,1.89,2.73,1.89,-1.24,0.0,Type I,Type I,DFT_HSE06_monolayer,HSE06,fundamental_quasiparticle,2D_monolayer_vdW,10.1103/PhysRevB.94.035125,Ozcelik PRB 2016 HSE06 monolayers (Table I)
ZrS3,P_w,ZrS3,1.89,1.53,1.89,-1.41,0.0,Type I,Type I,DFT_HSE06_monolayer,HSE06,fundamental_quasiparticle,2D_monolayer_vdW,10.1103/PhysRevB.94.035125,Ozcelik PRB 2016 HSE06 monolayers (Table I)
ZrS3,As_b,ZrS3,1.89,2.06,1.89,-0.91,0.0,Type I,Type I,DFT_HSE06_monolayer,HSE06,fundamental_quasiparticle,2D_monolayer_vdW,10.1103/PhysRevB.94.035125,Ozcelik PRB 2016 HSE06 monolayers (Table I)
ZrS3,As_w,ZrS3,1.89,1.25,1.89,-1.14,0.0,Type I,Type I,DFT_HSE06_monolayer,HSE06,fundamental_quasiparticle,2D_monolayer_vdW,10.1103/PhysRevB.94.035125,Ozcelik PRB 2016 HSE06 monolayers (Table I)
ZrS3,Sb_b,ZrS3,1.89,1.22,1.89,-0.69,0.0,Type I,Type I,DFT_HSE06_monolayer,HSE06,fundamental_quasiparticle,2D_monolayer_vdW,10.1103/PhysRevB.94.035125,Ozcelik PRB 2016 HSE06 monolayers (Table I)
ZrS3,2H-MoS2,ZrS3,1.89,2.15,1.89,-1.61,0.0,Type I,Type I,DFT_HSE06_monolayer,HSE06,fundamental_quasiparticle,2D_monolayer_vdW,10.1103/PhysRevB.94.035125,Ozcelik PRB 2016 HSE06 monolayers (Table I)
ZrS3,2H-MoSe2,ZrS3,1.89,1.87,1.89,-1.1,0.0,Type I,Type I,DFT_HSE06_monolayer,HSE06,fundamental_quasiparticle,2D_monolayer_vdW,10.1103/PhysRevB.94.035125,Ozcelik PRB 2016 HSE06 monolayers (Table I)
ZrS3,2H-MoTe2,ZrS3,1.89,1.47,1.89,-1.05,0.0,Type I,Type I,DFT_HSE06_monolayer,HSE06,fundamental_quasiparticle,2D_monolayer_vdW,10.1103/PhysRevB.94.035125,Ozcelik PRB 2016 HSE06 monolayers (Table I)
ZrS3,2H-WS2,ZrS3,1.89,2.09,1.89,-1.2,0.0,Type I,Type I,DFT_HSE06_monolayer,HSE06,fundamental_quasiparticle,2D_monolayer_vdW,10.1103/PhysRevB.94.035125,Ozcelik PRB 2016 HSE06 monolayers (Table I)
ZrS3,2H-WSe2,ZrS3,1.89,1.75,1.89,-0.8,0.0,Type I,Type I,DFT_HSE06_monolayer,HSE06,fundamental_quasiparticle,2D_monolayer_vdW,10.1103/PhysRevB.94.035125,Ozcelik PRB 2016 HSE06 monolayers (Table I)
ZrS3,2H-WTe2,ZrS3,1.89,1.21,1.89,-0.68,0.0,Type I,Type I,DFT_HSE06_monolayer,HSE06,fundamental_quasiparticle,2D_monolayer_vdW,10.1103/PhysRevB.94.035125,Ozcelik PRB 2016 HSE06 monolayers (Table I)
ZrS3,1T-HfS2,ZrS3,1.89,1.99,1.89,-2.18,0.0,Type I,Type I,DFT_HSE06_monolayer,HSE06,fundamental_quasiparticle,2D_monolayer_vdW,10.1103/PhysRevB.94.035125,Ozcelik PRB 2016 HSE06 monolayers (Table I)
ZrS3,1T-HfSe2,ZrS3,1.89,1.02,1.89,-2.17,0.0,Type I,Type I,DFT_HSE06_monolayer,HSE06,fundamental_quasiparticle,2D_monolayer_vdW,10.1103/PhysRevB.94.035125,Ozcelik PRB 2016 HSE06 monolayers (Table I)
ZrS3,1T_d-ReS2,ZrS3,1.89,1.96,1.89,-1.71,0.0,Type I,Type I,DFT_HSE06_monolayer,HSE06,fundamental_quasiparticle,2D_monolayer_vdW,10.1103/PhysRevB.94.035125,Ozcelik PRB 2016 HSE06 monolayers (Table I)
ZrS3,1T_d-ReSe2,ZrS3,1.89,1.7,1.89,-1.23,0.0,Type I,Type I,DFT_HSE06_monolayer,HSE06,fundamental_quasiparticle,2D_monolayer_vdW,10.1103/PhysRevB.94.035125,Ozcelik PRB 2016 HSE06 monolayers (Table I)
ZrS3,HfS3,ZrS3,1.89,1.87,1.89,-0.15,0.0,Type I,Type I,DFT_HSE06_monolayer,HSE06,fundamental_quasiparticle,2D_monolayer_vdW,10.1103/PhysRevB.94.035125,Ozcelik PRB 2016 HSE06 monolayers (Table I)
ZrSe3,BP,ZrSe3,0.95,1.59,0.95,-0.58,0.0,Type I,Type I,DFT_HSE06_monolayer,HSE06,fundamental_quasiparticle,2D_monolayer_vdW,10.1103/PhysRevB.94.035125,Ozcelik PRB 2016 HSE06 monolayers (Table I)
ZrSe3,BAs,ZrSe3,0.95,1.43,0.95,-0.52,0.0,Type I,Type I,DFT_HSE06_monolayer,HSE06,fundamental_quasiparticle,2D_monolayer_vdW,10.1103/PhysRevB.94.035125,Ozcelik PRB 2016 HSE06 monolayers (Table I)
ZrSe3,BSb,ZrSe3,0.95,0.91,0.95,-0.66,0.0,Type I,Type I,DFT_HSE06_monolayer,HSE06,fundamental_quasiparticle,2D_monolayer_vdW,10.1103/PhysRevB.94.035125,Ozcelik PRB 2016 HSE06 monolayers (Table I)
ZrSe3,GaAs_b,ZrSe3,0.95,1.88,0.95,-0.5,0.0,Type I,Type I,DFT_HSE06_monolayer,HSE06,fundamental_quasiparticle,2D_monolayer_vdW,10.1103/PhysRevB.94.035125,Ozcelik PRB 2016 HSE06 monolayers (Table I)
ZrSe3,InN,ZrSe3,0.95,1.35,0.95,-0.5,0.0,Type I,Type I,DFT_HSE06_monolayer,HSE06,fundamental_quasiparticle,2D_monolayer_vdW,10.1103/PhysRevB.94.035125,Ozcelik PRB 2016 HSE06 monolayers (Table I)
ZrSe3,InAs_b,ZrSe3,0.95,1.04,0.95,0.21,0.0,Type I,Type I,DFT_HSE06_monolayer,HSE06,fundamental_quasiparticle,2D_monolayer_vdW,10.1103/PhysRevB.94.035125,Ozcelik PRB 2016 HSE06 monolayers (Table I)
ZrSe3,InSb_b,ZrSe3,0.95,0.97,0.95,0.14,0.0,Type I,Type I,DFT_HSE06_monolayer,HSE06,fundamental_quasiparticle,2D_monolayer_vdW,10.1103/PhysRevB.94.035125,Ozcelik PRB 2016 HSE06 monolayers (Table I)
ZrSe3,SiGe_b,ZrSe3,0.95,0.55,0.95,-0.99,0.0,Type I,Type I,DFT_HSE06_monolayer,HSE06,fundamental_quasiparticle,2D_monolayer_vdW,10.1103/PhysRevB.94.035125,Ozcelik PRB 2016 HSE06 monolayers (Table I)
ZrSe3,SiSn_b,ZrSe3,0.95,0.59,0.95,-0.8,0.0,Type I,Type I,DFT_HSE06_monolayer,HSE06,fundamental_quasiparticle,2D_monolayer_vdW,10.1103/PhysRevB.94.035125,Ozcelik PRB 2016 HSE06 monolayers (Table I)
ZrSe3,GeSn_b,ZrSe3,0.95,0.46,0.95,-0.81,0.0,Type I,Type I,DFT_HSE06_monolayer,HSE06,fundamental_quasiparticle,2D_monolayer_vdW,10.1103/PhysRevB.94.035125,Ozcelik PRB 2016 HSE06 monolayers (Table I)
ZrSe3,P_b,ZrSe3,0.95,2.73,0.95,-0.55,0.0,Type I,Type I,DFT_HSE06_monolayer,HSE06,fundamental_quasiparticle,2D_monolayer_vdW,10.1103/PhysRevB.94.035125,Ozcelik PRB 2016 HSE06 monolayers (Table I)
ZrSe3,P_w,ZrSe3,0.95,1.53,0.95,-0.72,0.0,Type I,Type I,DFT_HSE06_monolayer,HSE06,fundamental_quasiparticle,2D_monolayer_vdW,10.1103/PhysRevB.94.035125,Ozcelik PRB 2016 HSE06 monolayers (Table I)
ZrSe3,As_b,ZrSe3,0.95,2.06,0.95,-0.22,0.0,Type I,Type I,DFT_HSE06_monolayer,HSE06,fundamental_quasiparticle,2D_monolayer_vdW,10.1103/PhysRevB.94.035125,Ozcelik PRB 2016 HSE06 monolayers (Table I)
ZrSe3,As_w,ZrSe3,0.95,1.25,0.95,-0.45,0.0,Type I,Type I,DFT_HSE06_monolayer,HSE06,fundamental_quasiparticle,2D_monolayer_vdW,10.1103/PhysRevB.94.035125,Ozcelik PRB 2016 HSE06 monolayers (Table I)
ZrSe3,Sb_b,ZrSe3,0.95,1.22,0.95,-0.0,0.0,Type I,Type I,DFT_HSE06_monolayer,HSE06,fundamental_quasiparticle,2D_monolayer_vdW,10.1103/PhysRevB.94.035125,Ozcelik PRB 2016 HSE06 monolayers (Table I)
ZrSe3,2H-MoS2,ZrSe3,0.95,2.15,0.95,-0.92,0.0,Type I,Type I,DFT_HSE06_monolayer,HSE06,fundamental_quasiparticle,2D_monolayer_vdW,10.1103/PhysRevB.94.035125,Ozcelik PRB 2016 HSE06 monolayers (Table I)
ZrSe3,2H-MoSe2,ZrSe3,0.95,1.87,0.95,-0.41,0.0,Type I,Type I,DFT_HSE06_monolayer,HSE06,fundamental_quasiparticle,2D_monolayer_vdW,10.1103/PhysRevB.94.035125,Ozcelik PRB 2016 HSE06 monolayers (Table I)
ZrSe3,2H-MoTe2,ZrSe3,0.95,1.47,0.95,-0.36,0.0,Type I,Type I,DFT_HSE06_monolayer,HSE06,fundamental_quasiparticle,2D_monolayer_vdW,10.1103/PhysRevB.94.035125,Ozcelik PRB 2016 HSE06 monolayers (Table I)
ZrSe3,2H-WS2,ZrSe3,0.95,2.09,0.95,-0.51,0.0,Type I,Type I,DFT_HSE06_monolayer,HSE06,fundamental_quasiparticle,2D_monolayer_vdW,10.1103/PhysRevB.94.035125,Ozcelik PRB 2016 HSE06 monolayers (Table I)
ZrSe3,2H-WSe2,ZrSe3,0.95,1.75,0.95,-0.11,0.0,Type I,Type I,DFT_HSE06_monolayer,HSE06,fundamental_quasiparticle,2D_monolayer_vdW,10.1103/PhysRevB.94.035125,Ozcelik PRB 2016 HSE06 monolayers (Table I)
ZrSe3,1T-HfS2,ZrSe3,0.95,1.99,0.95,-1.49,0.0,Type I,Type I,DFT_HSE06_monolayer,HSE06,fundamental_quasiparticle,2D_monolayer_vdW,10.1103/PhysRevB.94.035125,Ozcelik PRB 2016 HSE06 monolayers (Table I)
ZrSe3,1T-HfSe2,ZrSe3,0.95,1.02,0.95,-1.48,0.0,Type I,Type I,DFT_HSE06_monolayer,HSE06,fundamental_quasiparticle,2D_monolayer_vdW,10.1103/PhysRevB.94.035125,Ozcelik PRB 2016 HSE06 monolayers (Table I)
ZrSe3,1T_d-ReS2,ZrSe3,0.95,1.96,0.95,-1.02,0.0,Type I,Type I,DFT_HSE06_monolayer,HSE06,fundamental_quasiparticle,2D_monolayer_vdW,10.1103/PhysRevB.94.035125,Ozcelik PRB 2016 HSE06 monolayers (Table I)
ZrSe3,1T_d-ReSe2,ZrSe3,0.95,1.7,0.95,-0.54,0.0,Type I,Type I,DFT_HSE06_monolayer,HSE06,fundamental_quasiparticle,2D_monolayer_vdW,10.1103/PhysRevB.94.035125,Ozcelik PRB 2016 HSE06 monolayers (Table I)
ZrSe3,TiS3,ZrSe3,0.95,1.04,0.95,-0.03,0.0,Type I,Type I,DFT_HSE06_monolayer,HSE06,fundamental_quasiparticle,2D_monolayer_vdW,10.1103/PhysRevB.94.035125,Ozcelik PRB 2016 HSE06 monolayers (Table I)
ZrSe3,HfSe3,ZrSe3,0.95,0.98,0.95,-0.06,0.0,Type I,Type I,DFT_HSE06_monolayer,HSE06,fundamental_quasiparticle,2D_monolayer_vdW,10.1103/PhysRevB.94.035125,Ozcelik PRB 2016 HSE06 monolayers (Table I)
