material_absorber,material_etl,material_htl,absorber_band_gap_eV,etl_band_gap_eV,htl_band_gap_eV,cbo_eV,vbo_eV,absorber_etl_type,absorber_htl_type,gap_method,functional,gap_type,material_class,perovskite_family,record_type,combo_mode,source_doi,source_paper
K2TiI6,PC60BM,MWCNTs,1.61,1.8,1.55,-0.2,0.42,Type I,Type I,SCAPS_literature_table,literature_chi_Eg,device_simulation_parameter,bulk_thin_film_device,vacancy_ordered_halide_perovskite,full_stack,pooled_etl_htl,10.1038/s41598-025-98351-y,K2TiI6 SCAPS + pooled contacts
K2TiI6,PC60BM,MoO3,1.61,1.8,3.0,-0.2,0.31,Type I,Type I,SCAPS_literature_table,literature_chi_Eg,device_simulation_parameter,bulk_thin_film_device,vacancy_ordered_halide_perovskite,full_stack,pooled_etl_htl,10.1038/s41598-025-98351-y,K2TiI6 SCAPS + pooled contacts
K2TiI6,PC60BM,PTAA,1.61,1.8,2.96,-0.2,0.35,Type I,Type I,SCAPS_literature_table,literature_chi_Eg,device_simulation_parameter,bulk_thin_film_device,vacancy_ordered_halide_perovskite,full_stack,pooled_etl_htl,10.1038/s41598-025-98351-y,K2TiI6 SCAPS + pooled contacts
K2TiI6,PC60BM,TiO2:N,1.61,1.8,3.0,-0.2,0.41,Type I,Type I,SCAPS_literature_table,literature_chi_Eg,device_simulation_parameter,bulk_thin_film_device,vacancy_ordered_halide_perovskite,full_stack,pooled_etl_htl,10.1038/s41598-025-98351-y,K2TiI6 SCAPS + pooled contacts
K2TiI6,PC60BM,NiCo2O4,1.61,1.8,2.3,-0.2,-0.17,Type I,Type III,SCAPS_literature_table,literature_chi_Eg,device_simulation_parameter,bulk_thin_film_device,vacancy_ordered_halide_perovskite,full_stack,pooled_etl_htl,10.1038/s41598-025-98351-y,K2TiI6 SCAPS + pooled contacts
K2TiI6,PC60BM,C6TBTAPH2,1.61,1.8,1.59,-0.2,0.44,Type I,Type I,SCAPS_literature_table,literature_chi_Eg,device_simulation_parameter,bulk_thin_film_device,vacancy_ordered_halide_perovskite,full_stack,pooled_etl_htl,10.1038/s41598-025-98351-y,K2TiI6 SCAPS + pooled contacts
K2TiI6,PC60BM,nPB,1.61,1.8,2.4,-0.2,0.21,Type I,Type I,SCAPS_literature_table,literature_chi_Eg,device_simulation_parameter,bulk_thin_film_device,vacancy_ordered_halide_perovskite,full_stack,pooled_etl_htl,10.1038/s41598-025-98351-y,K2TiI6 SCAPS + pooled contacts
K2TiI6,PC60BM,C6PcH2,1.61,1.8,1.6,-0.2,0.31,Type I,Type I,SCAPS_literature_table,literature_chi_Eg,device_simulation_parameter,bulk_thin_film_device,vacancy_ordered_halide_perovskite,full_stack,pooled_etl_htl,10.1038/s41598-025-98351-y,K2TiI6 SCAPS + pooled contacts
K2TiI6,PC60BM,CuAlO2,1.61,1.8,3.46,-0.2,-0.35,Type I,Type III,SCAPS_literature_table,literature_chi_Eg,device_simulation_parameter,bulk_thin_film_device,vacancy_ordered_halide_perovskite,full_stack,pooled_etl_htl,10.1038/s41598-025-98351-y,K2TiI6 SCAPS + pooled contacts
K2TiI6,PC60BM,D-PBTTT-14,1.61,1.8,2.16,-0.2,0.25,Type I,Type I,SCAPS_literature_table,literature_chi_Eg,device_simulation_parameter,bulk_thin_film_device,vacancy_ordered_halide_perovskite,full_stack,pooled_etl_htl,10.1038/s41598-025-98351-y,K2TiI6 SCAPS + pooled contacts
K2TiI6,PC60BM,GaAs,1.61,1.8,1.42,-0.2,0.12,Type I,Type III,SCAPS_literature_table,literature_chi_Eg,device_simulation_parameter,bulk_thin_film_device,vacancy_ordered_halide_perovskite,full_stack,pooled_etl_htl,10.1038/s41598-025-98351-y,K2TiI6 SCAPS + pooled contacts
K2TiI6,PC60BM,ZnTe,1.61,1.8,2.25,-0.2,-0.37,Type I,Type III,SCAPS_literature_table,literature_chi_Eg,device_simulation_parameter,bulk_thin_film_device,vacancy_ordered_halide_perovskite,full_stack,pooled_etl_htl,10.1038/s41598-025-98351-y,K2TiI6 SCAPS + pooled contacts
K2TiI6,PC60BM,CNTS,1.61,1.8,1.74,-0.2,0.0,Type I,Type I,SCAPS_literature_table,literature_chi_Eg,device_simulation_parameter,bulk_thin_film_device,vacancy_ordered_halide_perovskite,full_stack,pooled_etl_htl,10.1038/s41598-025-98351-y,K2TiI6 SCAPS + pooled contacts
K2TiI6,PC60BM,MEH-PPV,1.61,1.8,2.1,-0.2,0.71,Type I,Type I,SCAPS_literature_table,literature_chi_Eg,device_simulation_parameter,bulk_thin_film_device,vacancy_ordered_halide_perovskite,full_stack,pooled_etl_htl,10.1038/s41598-025-98351-y,K2TiI6 SCAPS + pooled contacts
K2TiI6,PC60BM,MoS2,1.61,1.8,1.29,-0.2,0.12,Type I,Type III,SCAPS_literature_table,literature_chi_Eg,device_simulation_parameter,bulk_thin_film_device,vacancy_ordered_halide_perovskite,full_stack,pooled_etl_htl,10.1038/s41598-025-98351-y,K2TiI6 SCAPS + pooled contacts
K2TiI6,PC60BM,Cu2Te,1.61,1.8,1.18,-0.2,0.23,Type I,Type III,SCAPS_literature_table,literature_chi_Eg,device_simulation_parameter,bulk_thin_film_device,vacancy_ordered_halide_perovskite,full_stack,pooled_etl_htl,10.1038/s41598-025-98351-y,K2TiI6 SCAPS + pooled contacts
K2TiI6,PC60BM,Zn3P2,1.61,1.8,1.5,-0.2,-0.09,Type I,Type I,SCAPS_literature_table,literature_chi_Eg,device_simulation_parameter,bulk_thin_film_device,vacancy_ordered_halide_perovskite,full_stack,pooled_etl_htl,10.1038/s41598-025-98351-y,K2TiI6 SCAPS + pooled contacts
K2TiI6,PC60BM,CFTS,1.61,1.8,1.3,-0.2,1.01,Type I,Type I,SCAPS_literature_table,literature_chi_Eg,device_simulation_parameter,bulk_thin_film_device,vacancy_ordered_halide_perovskite,full_stack,pooled_etl_htl,10.1038/s41598-025-98351-y,K2TiI6 SCAPS + pooled contacts
K2TiI6,PC60BM,CuI,1.61,1.8,3.1,-0.2,0.41,Type I,Type I,SCAPS_literature_table,literature_chi_Eg,device_simulation_parameter,bulk_thin_film_device,vacancy_ordered_halide_perovskite,full_stack,pooled_etl_htl,10.1038/s41598-025-98351-y,K2TiI6 SCAPS + pooled contacts
K2TiI6,PC60BM,CuSCN,1.61,1.8,3.6,-0.2,0.31,Type I,Type I,SCAPS_literature_table,literature_chi_Eg,device_simulation_parameter,bulk_thin_film_device,vacancy_ordered_halide_perovskite,full_stack,pooled_etl_htl,10.1038/s41598-025-98351-y,K2TiI6 SCAPS + pooled contacts
K2TiI6,PC60BM,NiO,1.61,1.8,3.6,-0.2,0.21,Type I,Type I,SCAPS_literature_table,literature_chi_Eg,device_simulation_parameter,bulk_thin_film_device,vacancy_ordered_halide_perovskite,full_stack,pooled_etl_htl,10.1038/s41598-025-98351-y,K2TiI6 SCAPS + pooled contacts
K2TiI6,PC60BM,V2O5,1.61,1.8,2.2,-0.2,0.01,Type I,Type I,SCAPS_literature_table,literature_chi_Eg,device_simulation_parameter,bulk_thin_film_device,vacancy_ordered_halide_perovskite,full_stack,pooled_etl_htl,10.1038/s41598-025-98351-y,K2TiI6 SCAPS + pooled contacts
K2TiI6,LBSO,MWCNTs,1.61,3.12,1.55,-0.4,0.42,Type I,Type I,SCAPS_literature_table,literature_chi_Eg,device_simulation_parameter,bulk_thin_film_device,vacancy_ordered_halide_perovskite,full_stack,pooled_etl_htl,10.1038/s41598-025-98351-y,K2TiI6 SCAPS + pooled contacts
K2TiI6,LBSO,MoO3,1.61,3.12,3.0,-0.4,0.31,Type I,Type I,SCAPS_literature_table,literature_chi_Eg,device_simulation_parameter,bulk_thin_film_device,vacancy_ordered_halide_perovskite,full_stack,pooled_etl_htl,10.1038/s41598-025-98351-y,K2TiI6 SCAPS + pooled contacts
K2TiI6,LBSO,PTAA,1.61,3.12,2.96,-0.4,0.35,Type I,Type I,SCAPS_literature_table,literature_chi_Eg,device_simulation_parameter,bulk_thin_film_device,vacancy_ordered_halide_perovskite,full_stack,pooled_etl_htl,10.1038/s41598-025-98351-y,K2TiI6 SCAPS + pooled contacts
K2TiI6,LBSO,TiO2:N,1.61,3.12,3.0,-0.4,0.41,Type I,Type I,SCAPS_literature_table,literature_chi_Eg,device_simulation_parameter,bulk_thin_film_device,vacancy_ordered_halide_perovskite,full_stack,pooled_etl_htl,10.1038/s41598-025-98351-y,K2TiI6 SCAPS + pooled contacts
K2TiI6,LBSO,NiCo2O4,1.61,3.12,2.3,-0.4,-0.17,Type I,Type III,SCAPS_literature_table,literature_chi_Eg,device_simulation_parameter,bulk_thin_film_device,vacancy_ordered_halide_perovskite,full_stack,pooled_etl_htl,10.1038/s41598-025-98351-y,K2TiI6 SCAPS + pooled contacts
K2TiI6,LBSO,C6TBTAPH2,1.61,3.12,1.59,-0.4,0.44,Type I,Type I,SCAPS_literature_table,literature_chi_Eg,device_simulation_parameter,bulk_thin_film_device,vacancy_ordered_halide_perovskite,full_stack,pooled_etl_htl,10.1038/s41598-025-98351-y,K2TiI6 SCAPS + pooled contacts
K2TiI6,LBSO,nPB,1.61,3.12,2.4,-0.4,0.21,Type I,Type I,SCAPS_literature_table,literature_chi_Eg,device_simulation_parameter,bulk_thin_film_device,vacancy_ordered_halide_perovskite,full_stack,pooled_etl_htl,10.1038/s41598-025-98351-y,K2TiI6 SCAPS + pooled contacts
K2TiI6,LBSO,C6PcH2,1.61,3.12,1.6,-0.4,0.31,Type I,Type I,SCAPS_literature_table,literature_chi_Eg,device_simulation_parameter,bulk_thin_film_device,vacancy_ordered_halide_perovskite,full_stack,pooled_etl_htl,10.1038/s41598-025-98351-y,K2TiI6 SCAPS + pooled contacts
K2TiI6,LBSO,CuAlO2,1.61,3.12,3.46,-0.4,-0.35,Type I,Type III,SCAPS_literature_table,literature_chi_Eg,device_simulation_parameter,bulk_thin_film_device,vacancy_ordered_halide_perovskite,full_stack,pooled_etl_htl,10.1038/s41598-025-98351-y,K2TiI6 SCAPS + pooled contacts
K2TiI6,LBSO,D-PBTTT-14,1.61,3.12,2.16,-0.4,0.25,Type I,Type I,SCAPS_literature_table,literature_chi_Eg,device_simulation_parameter,bulk_thin_film_device,vacancy_ordered_halide_perovskite,full_stack,pooled_etl_htl,10.1038/s41598-025-98351-y,K2TiI6 SCAPS + pooled contacts
K2TiI6,LBSO,GaAs,1.61,3.12,1.42,-0.4,0.12,Type I,Type III,SCAPS_literature_table,literature_chi_Eg,device_simulation_parameter,bulk_thin_film_device,vacancy_ordered_halide_perovskite,full_stack,pooled_etl_htl,10.1038/s41598-025-98351-y,K2TiI6 SCAPS + pooled contacts
K2TiI6,LBSO,ZnTe,1.61,3.12,2.25,-0.4,-0.37,Type I,Type III,SCAPS_literature_table,literature_chi_Eg,device_simulation_parameter,bulk_thin_film_device,vacancy_ordered_halide_perovskite,full_stack,pooled_etl_htl,10.1038/s41598-025-98351-y,K2TiI6 SCAPS + pooled contacts
K2TiI6,LBSO,CNTS,1.61,3.12,1.74,-0.4,0.0,Type I,Type I,SCAPS_literature_table,literature_chi_Eg,device_simulation_parameter,bulk_thin_film_device,vacancy_ordered_halide_perovskite,full_stack,pooled_etl_htl,10.1038/s41598-025-98351-y,K2TiI6 SCAPS + pooled contacts
K2TiI6,LBSO,MEH-PPV,1.61,3.12,2.1,-0.4,0.71,Type I,Type I,SCAPS_literature_table,literature_chi_Eg,device_simulation_parameter,bulk_thin_film_device,vacancy_ordered_halide_perovskite,full_stack,pooled_etl_htl,10.1038/s41598-025-98351-y,K2TiI6 SCAPS + pooled contacts
K2TiI6,LBSO,MoS2,1.61,3.12,1.29,-0.4,0.12,Type I,Type III,SCAPS_literature_table,literature_chi_Eg,device_simulation_parameter,bulk_thin_film_device,vacancy_ordered_halide_perovskite,full_stack,pooled_etl_htl,10.1038/s41598-025-98351-y,K2TiI6 SCAPS + pooled contacts
K2TiI6,LBSO,Cu2Te,1.61,3.12,1.18,-0.4,0.23,Type I,Type III,SCAPS_literature_table,literature_chi_Eg,device_simulation_parameter,bulk_thin_film_device,vacancy_ordered_halide_perovskite,full_stack,pooled_etl_htl,10.1038/s41598-025-98351-y,K2TiI6 SCAPS + pooled contacts
K2TiI6,LBSO,Zn3P2,1.61,3.12,1.5,-0.4,-0.09,Type I,Type I,SCAPS_literature_table,literature_chi_Eg,device_simulation_parameter,bulk_thin_film_device,vacancy_ordered_halide_perovskite,full_stack,pooled_etl_htl,10.1038/s41598-025-98351-y,K2TiI6 SCAPS + pooled contacts
K2TiI6,LBSO,CFTS,1.61,3.12,1.3,-0.4,1.01,Type I,Type I,SCAPS_literature_table,literature_chi_Eg,device_simulation_parameter,bulk_thin_film_device,vacancy_ordered_halide_perovskite,full_stack,pooled_etl_htl,10.1038/s41598-025-98351-y,K2TiI6 SCAPS + pooled contacts
K2TiI6,LBSO,CuI,1.61,3.12,3.1,-0.4,0.41,Type I,Type I,SCAPS_literature_table,literature_chi_Eg,device_simulation_parameter,bulk_thin_film_device,vacancy_ordered_halide_perovskite,full_stack,pooled_etl_htl,10.1038/s41598-025-98351-y,K2TiI6 SCAPS + pooled contacts
K2TiI6,LBSO,CuSCN,1.61,3.12,3.6,-0.4,0.31,Type I,Type I,SCAPS_literature_table,literature_chi_Eg,device_simulation_parameter,bulk_thin_film_device,vacancy_ordered_halide_perovskite,full_stack,pooled_etl_htl,10.1038/s41598-025-98351-y,K2TiI6 SCAPS + pooled contacts
K2TiI6,LBSO,NiO,1.61,3.12,3.6,-0.4,0.21,Type I,Type I,SCAPS_literature_table,literature_chi_Eg,device_simulation_parameter,bulk_thin_film_device,vacancy_ordered_halide_perovskite,full_stack,pooled_etl_htl,10.1038/s41598-025-98351-y,K2TiI6 SCAPS + pooled contacts
K2TiI6,LBSO,V2O5,1.61,3.12,2.2,-0.4,0.01,Type I,Type I,SCAPS_literature_table,literature_chi_Eg,device_simulation_parameter,bulk_thin_film_device,vacancy_ordered_halide_perovskite,full_stack,pooled_etl_htl,10.1038/s41598-025-98351-y,K2TiI6 SCAPS + pooled contacts
K2TiI6,Nb2O5,MWCNTs,1.61,3.46,1.55,-0.33,0.42,Type I,Type I,SCAPS_literature_table,literature_chi_Eg,device_simulation_parameter,bulk_thin_film_device,vacancy_ordered_halide_perovskite,full_stack,pooled_etl_htl,10.1038/s41598-025-98351-y,K2TiI6 SCAPS + pooled contacts
K2TiI6,Nb2O5,MoO3,1.61,3.46,3.0,-0.33,0.31,Type I,Type I,SCAPS_literature_table,literature_chi_Eg,device_simulation_parameter,bulk_thin_film_device,vacancy_ordered_halide_perovskite,full_stack,pooled_etl_htl,10.1038/s41598-025-98351-y,K2TiI6 SCAPS + pooled contacts
K2TiI6,Nb2O5,PTAA,1.61,3.46,2.96,-0.33,0.35,Type I,Type I,SCAPS_literature_table,literature_chi_Eg,device_simulation_parameter,bulk_thin_film_device,vacancy_ordered_halide_perovskite,full_stack,pooled_etl_htl,10.1038/s41598-025-98351-y,K2TiI6 SCAPS + pooled contacts
K2TiI6,Nb2O5,TiO2:N,1.61,3.46,3.0,-0.33,0.41,Type I,Type I,SCAPS_literature_table,literature_chi_Eg,device_simulation_parameter,bulk_thin_film_device,vacancy_ordered_halide_perovskite,full_stack,pooled_etl_htl,10.1038/s41598-025-98351-y,K2TiI6 SCAPS + pooled contacts
K2TiI6,Nb2O5,NiCo2O4,1.61,3.46,2.3,-0.33,-0.17,Type I,Type III,SCAPS_literature_table,literature_chi_Eg,device_simulation_parameter,bulk_thin_film_device,vacancy_ordered_halide_perovskite,full_stack,pooled_etl_htl,10.1038/s41598-025-98351-y,K2TiI6 SCAPS + pooled contacts
K2TiI6,Nb2O5,C6TBTAPH2,1.61,3.46,1.59,-0.33,0.44,Type I,Type I,SCAPS_literature_table,literature_chi_Eg,device_simulation_parameter,bulk_thin_film_device,vacancy_ordered_halide_perovskite,full_stack,pooled_etl_htl,10.1038/s41598-025-98351-y,K2TiI6 SCAPS + pooled contacts
K2TiI6,Nb2O5,nPB,1.61,3.46,2.4,-0.33,0.21,Type I,Type I,SCAPS_literature_table,literature_chi_Eg,device_simulation_parameter,bulk_thin_film_device,vacancy_ordered_halide_perovskite,full_stack,pooled_etl_htl,10.1038/s41598-025-98351-y,K2TiI6 SCAPS + pooled contacts
K2TiI6,Nb2O5,C6PcH2,1.61,3.46,1.6,-0.33,0.31,Type I,Type I,SCAPS_literature_table,literature_chi_Eg,device_simulation_parameter,bulk_thin_film_device,vacancy_ordered_halide_perovskite,full_stack,pooled_etl_htl,10.1038/s41598-025-98351-y,K2TiI6 SCAPS + pooled contacts
K2TiI6,Nb2O5,CuAlO2,1.61,3.46,3.46,-0.33,-0.35,Type I,Type III,SCAPS_literature_table,literature_chi_Eg,device_simulation_parameter,bulk_thin_film_device,vacancy_ordered_halide_perovskite,full_stack,pooled_etl_htl,10.1038/s41598-025-98351-y,K2TiI6 SCAPS + pooled contacts
K2TiI6,Nb2O5,D-PBTTT-14,1.61,3.46,2.16,-0.33,0.25,Type I,Type I,SCAPS_literature_table,literature_chi_Eg,device_simulation_parameter,bulk_thin_film_device,vacancy_ordered_halide_perovskite,full_stack,pooled_etl_htl,10.1038/s41598-025-98351-y,K2TiI6 SCAPS + pooled contacts
K2TiI6,Nb2O5,GaAs,1.61,3.46,1.42,-0.33,0.12,Type I,Type III,SCAPS_literature_table,literature_chi_Eg,device_simulation_parameter,bulk_thin_film_device,vacancy_ordered_halide_perovskite,full_stack,pooled_etl_htl,10.1038/s41598-025-98351-y,K2TiI6 SCAPS + pooled contacts
K2TiI6,Nb2O5,ZnTe,1.61,3.46,2.25,-0.33,-0.37,Type I,Type III,SCAPS_literature_table,literature_chi_Eg,device_simulation_parameter,bulk_thin_film_device,vacancy_ordered_halide_perovskite,full_stack,pooled_etl_htl,10.1038/s41598-025-98351-y,K2TiI6 SCAPS + pooled contacts
K2TiI6,Nb2O5,CNTS,1.61,3.46,1.74,-0.33,0.0,Type I,Type I,SCAPS_literature_table,literature_chi_Eg,device_simulation_parameter,bulk_thin_film_device,vacancy_ordered_halide_perovskite,full_stack,pooled_etl_htl,10.1038/s41598-025-98351-y,K2TiI6 SCAPS + pooled contacts
K2TiI6,Nb2O5,MEH-PPV,1.61,3.46,2.1,-0.33,0.71,Type I,Type I,SCAPS_literature_table,literature_chi_Eg,device_simulation_parameter,bulk_thin_film_device,vacancy_ordered_halide_perovskite,full_stack,pooled_etl_htl,10.1038/s41598-025-98351-y,K2TiI6 SCAPS + pooled contacts
K2TiI6,Nb2O5,MoS2,1.61,3.46,1.29,-0.33,0.12,Type I,Type III,SCAPS_literature_table,literature_chi_Eg,device_simulation_parameter,bulk_thin_film_device,vacancy_ordered_halide_perovskite,full_stack,pooled_etl_htl,10.1038/s41598-025-98351-y,K2TiI6 SCAPS + pooled contacts
K2TiI6,Nb2O5,Cu2Te,1.61,3.46,1.18,-0.33,0.23,Type I,Type III,SCAPS_literature_table,literature_chi_Eg,device_simulation_parameter,bulk_thin_film_device,vacancy_ordered_halide_perovskite,full_stack,pooled_etl_htl,10.1038/s41598-025-98351-y,K2TiI6 SCAPS + pooled contacts
K2TiI6,Nb2O5,Zn3P2,1.61,3.46,1.5,-0.33,-0.09,Type I,Type I,SCAPS_literature_table,literature_chi_Eg,device_simulation_parameter,bulk_thin_film_device,vacancy_ordered_halide_perovskite,full_stack,pooled_etl_htl,10.1038/s41598-025-98351-y,K2TiI6 SCAPS + pooled contacts
K2TiI6,Nb2O5,CFTS,1.61,3.46,1.3,-0.33,1.01,Type I,Type I,SCAPS_literature_table,literature_chi_Eg,device_simulation_parameter,bulk_thin_film_device,vacancy_ordered_halide_perovskite,full_stack,pooled_etl_htl,10.1038/s41598-025-98351-y,K2TiI6 SCAPS + pooled contacts
K2TiI6,Nb2O5,CuI,1.61,3.46,3.1,-0.33,0.41,Type I,Type I,SCAPS_literature_table,literature_chi_Eg,device_simulation_parameter,bulk_thin_film_device,vacancy_ordered_halide_perovskite,full_stack,pooled_etl_htl,10.1038/s41598-025-98351-y,K2TiI6 SCAPS + pooled contacts
K2TiI6,Nb2O5,CuSCN,1.61,3.46,3.6,-0.33,0.31,Type I,Type I,SCAPS_literature_table,literature_chi_Eg,device_simulation_parameter,bulk_thin_film_device,vacancy_ordered_halide_perovskite,full_stack,pooled_etl_htl,10.1038/s41598-025-98351-y,K2TiI6 SCAPS + pooled contacts
K2TiI6,Nb2O5,NiO,1.61,3.46,3.6,-0.33,0.21,Type I,Type I,SCAPS_literature_table,literature_chi_Eg,device_simulation_parameter,bulk_thin_film_device,vacancy_ordered_halide_perovskite,full_stack,pooled_etl_htl,10.1038/s41598-025-98351-y,K2TiI6 SCAPS + pooled contacts
K2TiI6,Nb2O5,V2O5,1.61,3.46,2.2,-0.33,0.01,Type I,Type I,SCAPS_literature_table,literature_chi_Eg,device_simulation_parameter,bulk_thin_film_device,vacancy_ordered_halide_perovskite,full_stack,pooled_etl_htl,10.1038/s41598-025-98351-y,K2TiI6 SCAPS + pooled contacts
K2TiI6,CdZnS,MWCNTs,1.61,3.2,1.55,-0.2,0.42,Type I,Type I,SCAPS_literature_table,literature_chi_Eg,device_simulation_parameter,bulk_thin_film_device,vacancy_ordered_halide_perovskite,full_stack,pooled_etl_htl,10.1038/s41598-025-98351-y,K2TiI6 SCAPS + pooled contacts
K2TiI6,CdZnS,MoO3,1.61,3.2,3.0,-0.2,0.31,Type I,Type I,SCAPS_literature_table,literature_chi_Eg,device_simulation_parameter,bulk_thin_film_device,vacancy_ordered_halide_perovskite,full_stack,pooled_etl_htl,10.1038/s41598-025-98351-y,K2TiI6 SCAPS + pooled contacts
K2TiI6,CdZnS,PTAA,1.61,3.2,2.96,-0.2,0.35,Type I,Type I,SCAPS_literature_table,literature_chi_Eg,device_simulation_parameter,bulk_thin_film_device,vacancy_ordered_halide_perovskite,full_stack,pooled_etl_htl,10.1038/s41598-025-98351-y,K2TiI6 SCAPS + pooled contacts
K2TiI6,CdZnS,TiO2:N,1.61,3.2,3.0,-0.2,0.41,Type I,Type I,SCAPS_literature_table,literature_chi_Eg,device_simulation_parameter,bulk_thin_film_device,vacancy_ordered_halide_perovskite,full_stack,pooled_etl_htl,10.1038/s41598-025-98351-y,K2TiI6 SCAPS + pooled contacts
K2TiI6,CdZnS,NiCo2O4,1.61,3.2,2.3,-0.2,-0.17,Type I,Type III,SCAPS_literature_table,literature_chi_Eg,device_simulation_parameter,bulk_thin_film_device,vacancy_ordered_halide_perovskite,full_stack,pooled_etl_htl,10.1038/s41598-025-98351-y,K2TiI6 SCAPS + pooled contacts
K2TiI6,CdZnS,C6TBTAPH2,1.61,3.2,1.59,-0.2,0.44,Type I,Type I,SCAPS_literature_table,literature_chi_Eg,device_simulation_parameter,bulk_thin_film_device,vacancy_ordered_halide_perovskite,full_stack,pooled_etl_htl,10.1038/s41598-025-98351-y,K2TiI6 SCAPS + pooled contacts
K2TiI6,CdZnS,nPB,1.61,3.2,2.4,-0.2,0.21,Type I,Type I,SCAPS_literature_table,literature_chi_Eg,device_simulation_parameter,bulk_thin_film_device,vacancy_ordered_halide_perovskite,full_stack,pooled_etl_htl,10.1038/s41598-025-98351-y,K2TiI6 SCAPS + pooled contacts
K2TiI6,CdZnS,C6PcH2,1.61,3.2,1.6,-0.2,0.31,Type I,Type I,SCAPS_literature_table,literature_chi_Eg,device_simulation_parameter,bulk_thin_film_device,vacancy_ordered_halide_perovskite,full_stack,pooled_etl_htl,10.1038/s41598-025-98351-y,K2TiI6 SCAPS + pooled contacts
K2TiI6,CdZnS,CuAlO2,1.61,3.2,3.46,-0.2,-0.35,Type I,Type III,SCAPS_literature_table,literature_chi_Eg,device_simulation_parameter,bulk_thin_film_device,vacancy_ordered_halide_perovskite,full_stack,pooled_etl_htl,10.1038/s41598-025-98351-y,K2TiI6 SCAPS + pooled contacts
K2TiI6,CdZnS,D-PBTTT-14,1.61,3.2,2.16,-0.2,0.25,Type I,Type I,SCAPS_literature_table,literature_chi_Eg,device_simulation_parameter,bulk_thin_film_device,vacancy_ordered_halide_perovskite,full_stack,pooled_etl_htl,10.1038/s41598-025-98351-y,K2TiI6 SCAPS + pooled contacts
K2TiI6,CdZnS,GaAs,1.61,3.2,1.42,-0.2,0.12,Type I,Type III,SCAPS_literature_table,literature_chi_Eg,device_simulation_parameter,bulk_thin_film_device,vacancy_ordered_halide_perovskite,full_stack,pooled_etl_htl,10.1038/s41598-025-98351-y,K2TiI6 SCAPS + pooled contacts
K2TiI6,CdZnS,ZnTe,1.61,3.2,2.25,-0.2,-0.37,Type I,Type III,SCAPS_literature_table,literature_chi_Eg,device_simulation_parameter,bulk_thin_film_device,vacancy_ordered_halide_perovskite,full_stack,pooled_etl_htl,10.1038/s41598-025-98351-y,K2TiI6 SCAPS + pooled contacts
K2TiI6,CdZnS,CNTS,1.61,3.2,1.74,-0.2,0.0,Type I,Type I,SCAPS_literature_table,literature_chi_Eg,device_simulation_parameter,bulk_thin_film_device,vacancy_ordered_halide_perovskite,full_stack,pooled_etl_htl,10.1038/s41598-025-98351-y,K2TiI6 SCAPS + pooled contacts
K2TiI6,CdZnS,MEH-PPV,1.61,3.2,2.1,-0.2,0.71,Type I,Type I,SCAPS_literature_table,literature_chi_Eg,device_simulation_parameter,bulk_thin_film_device,vacancy_ordered_halide_perovskite,full_stack,pooled_etl_htl,10.1038/s41598-025-98351-y,K2TiI6 SCAPS + pooled contacts
K2TiI6,CdZnS,MoS2,1.61,3.2,1.29,-0.2,0.12,Type I,Type III,SCAPS_literature_table,literature_chi_Eg,device_simulation_parameter,bulk_thin_film_device,vacancy_ordered_halide_perovskite,full_stack,pooled_etl_htl,10.1038/s41598-025-98351-y,K2TiI6 SCAPS + pooled contacts
K2TiI6,CdZnS,Cu2Te,1.61,3.2,1.18,-0.2,0.23,Type I,Type III,SCAPS_literature_table,literature_chi_Eg,device_simulation_parameter,bulk_thin_film_device,vacancy_ordered_halide_perovskite,full_stack,pooled_etl_htl,10.1038/s41598-025-98351-y,K2TiI6 SCAPS + pooled contacts
K2TiI6,CdZnS,Zn3P2,1.61,3.2,1.5,-0.2,-0.09,Type I,Type I,SCAPS_literature_table,literature_chi_Eg,device_simulation_parameter,bulk_thin_film_device,vacancy_ordered_halide_perovskite,full_stack,pooled_etl_htl,10.1038/s41598-025-98351-y,K2TiI6 SCAPS + pooled contacts
K2TiI6,CdZnS,CFTS,1.61,3.2,1.3,-0.2,1.01,Type I,Type I,SCAPS_literature_table,literature_chi_Eg,device_simulation_parameter,bulk_thin_film_device,vacancy_ordered_halide_perovskite,full_stack,pooled_etl_htl,10.1038/s41598-025-98351-y,K2TiI6 SCAPS + pooled contacts
K2TiI6,CdZnS,CuI,1.61,3.2,3.1,-0.2,0.41,Type I,Type I,SCAPS_literature_table,literature_chi_Eg,device_simulation_parameter,bulk_thin_film_device,vacancy_ordered_halide_perovskite,full_stack,pooled_etl_htl,10.1038/s41598-025-98351-y,K2TiI6 SCAPS + pooled contacts
K2TiI6,CdZnS,CuSCN,1.61,3.2,3.6,-0.2,0.31,Type I,Type I,SCAPS_literature_table,literature_chi_Eg,device_simulation_parameter,bulk_thin_film_device,vacancy_ordered_halide_perovskite,full_stack,pooled_etl_htl,10.1038/s41598-025-98351-y,K2TiI6 SCAPS + pooled contacts
K2TiI6,CdZnS,NiO,1.61,3.2,3.6,-0.2,0.21,Type I,Type I,SCAPS_literature_table,literature_chi_Eg,device_simulation_parameter,bulk_thin_film_device,vacancy_ordered_halide_perovskite,full_stack,pooled_etl_htl,10.1038/s41598-025-98351-y,K2TiI6 SCAPS + pooled contacts
K2TiI6,CdZnS,V2O5,1.61,3.2,2.2,-0.2,0.01,Type I,Type I,SCAPS_literature_table,literature_chi_Eg,device_simulation_parameter,bulk_thin_film_device,vacancy_ordered_halide_perovskite,full_stack,pooled_etl_htl,10.1038/s41598-025-98351-y,K2TiI6 SCAPS + pooled contacts
K2TiI6,SnS2,MWCNTs,1.61,1.85,1.55,-0.26,0.42,Type I,Type I,SCAPS_literature_table,literature_chi_Eg,device_simulation_parameter,bulk_thin_film_device,vacancy_ordered_halide_perovskite,full_stack,pooled_etl_htl,10.1038/s41598-025-98351-y,K2TiI6 SCAPS + pooled contacts
K2TiI6,SnS2,MoO3,1.61,1.85,3.0,-0.26,0.31,Type I,Type I,SCAPS_literature_table,literature_chi_Eg,device_simulation_parameter,bulk_thin_film_device,vacancy_ordered_halide_perovskite,full_stack,pooled_etl_htl,10.1038/s41598-025-98351-y,K2TiI6 SCAPS + pooled contacts
K2TiI6,SnS2,PTAA,1.61,1.85,2.96,-0.26,0.35,Type I,Type I,SCAPS_literature_table,literature_chi_Eg,device_simulation_parameter,bulk_thin_film_device,vacancy_ordered_halide_perovskite,full_stack,pooled_etl_htl,10.1038/s41598-025-98351-y,K2TiI6 SCAPS + pooled contacts
K2TiI6,SnS2,TiO2:N,1.61,1.85,3.0,-0.26,0.41,Type I,Type I,SCAPS_literature_table,literature_chi_Eg,device_simulation_parameter,bulk_thin_film_device,vacancy_ordered_halide_perovskite,full_stack,pooled_etl_htl,10.1038/s41598-025-98351-y,K2TiI6 SCAPS + pooled contacts
K2TiI6,SnS2,NiCo2O4,1.61,1.85,2.3,-0.26,-0.17,Type I,Type III,SCAPS_literature_table,literature_chi_Eg,device_simulation_parameter,bulk_thin_film_device,vacancy_ordered_halide_perovskite,full_stack,pooled_etl_htl,10.1038/s41598-025-98351-y,K2TiI6 SCAPS + pooled contacts
K2TiI6,SnS2,C6TBTAPH2,1.61,1.85,1.59,-0.26,0.44,Type I,Type I,SCAPS_literature_table,literature_chi_Eg,device_simulation_parameter,bulk_thin_film_device,vacancy_ordered_halide_perovskite,full_stack,pooled_etl_htl,10.1038/s41598-025-98351-y,K2TiI6 SCAPS + pooled contacts
K2TiI6,SnS2,nPB,1.61,1.85,2.4,-0.26,0.21,Type I,Type I,SCAPS_literature_table,literature_chi_Eg,device_simulation_parameter,bulk_thin_film_device,vacancy_ordered_halide_perovskite,full_stack,pooled_etl_htl,10.1038/s41598-025-98351-y,K2TiI6 SCAPS + pooled contacts
K2TiI6,SnS2,C6PcH2,1.61,1.85,1.6,-0.26,0.31,Type I,Type I,SCAPS_literature_table,literature_chi_Eg,device_simulation_parameter,bulk_thin_film_device,vacancy_ordered_halide_perovskite,full_stack,pooled_etl_htl,10.1038/s41598-025-98351-y,K2TiI6 SCAPS + pooled contacts
K2TiI6,SnS2,CuAlO2,1.61,1.85,3.46,-0.26,-0.35,Type I,Type III,SCAPS_literature_table,literature_chi_Eg,device_simulation_parameter,bulk_thin_film_device,vacancy_ordered_halide_perovskite,full_stack,pooled_etl_htl,10.1038/s41598-025-98351-y,K2TiI6 SCAPS + pooled contacts
K2TiI6,SnS2,D-PBTTT-14,1.61,1.85,2.16,-0.26,0.25,Type I,Type I,SCAPS_literature_table,literature_chi_Eg,device_simulation_parameter,bulk_thin_film_device,vacancy_ordered_halide_perovskite,full_stack,pooled_etl_htl,10.1038/s41598-025-98351-y,K2TiI6 SCAPS + pooled contacts
K2TiI6,SnS2,GaAs,1.61,1.85,1.42,-0.26,0.12,Type I,Type III,SCAPS_literature_table,literature_chi_Eg,device_simulation_parameter,bulk_thin_film_device,vacancy_ordered_halide_perovskite,full_stack,pooled_etl_htl,10.1038/s41598-025-98351-y,K2TiI6 SCAPS + pooled contacts
K2TiI6,SnS2,ZnTe,1.61,1.85,2.25,-0.26,-0.37,Type I,Type III,SCAPS_literature_table,literature_chi_Eg,device_simulation_parameter,bulk_thin_film_device,vacancy_ordered_halide_perovskite,full_stack,pooled_etl_htl,10.1038/s41598-025-98351-y,K2TiI6 SCAPS + pooled contacts
K2TiI6,SnS2,CNTS,1.61,1.85,1.74,-0.26,0.0,Type I,Type I,SCAPS_literature_table,literature_chi_Eg,device_simulation_parameter,bulk_thin_film_device,vacancy_ordered_halide_perovskite,full_stack,pooled_etl_htl,10.1038/s41598-025-98351-y,K2TiI6 SCAPS + pooled contacts
K2TiI6,SnS2,MEH-PPV,1.61,1.85,2.1,-0.26,0.71,Type I,Type I,SCAPS_literature_table,literature_chi_Eg,device_simulation_parameter,bulk_thin_film_device,vacancy_ordered_halide_perovskite,full_stack,pooled_etl_htl,10.1038/s41598-025-98351-y,K2TiI6 SCAPS + pooled contacts
K2TiI6,SnS2,MoS2,1.61,1.85,1.29,-0.26,0.12,Type I,Type III,SCAPS_literature_table,literature_chi_Eg,device_simulation_parameter,bulk_thin_film_device,vacancy_ordered_halide_perovskite,full_stack,pooled_etl_htl,10.1038/s41598-025-98351-y,K2TiI6 SCAPS + pooled contacts
K2TiI6,SnS2,Cu2Te,1.61,1.85,1.18,-0.26,0.23,Type I,Type III,SCAPS_literature_table,literature_chi_Eg,device_simulation_parameter,bulk_thin_film_device,vacancy_ordered_halide_perovskite,full_stack,pooled_etl_htl,10.1038/s41598-025-98351-y,K2TiI6 SCAPS + pooled contacts
K2TiI6,SnS2,Zn3P2,1.61,1.85,1.5,-0.26,-0.09,Type I,Type I,SCAPS_literature_table,literature_chi_Eg,device_simulation_parameter,bulk_thin_film_device,vacancy_ordered_halide_perovskite,full_stack,pooled_etl_htl,10.1038/s41598-025-98351-y,K2TiI6 SCAPS + pooled contacts
K2TiI6,SnS2,CFTS,1.61,1.85,1.3,-0.26,1.01,Type I,Type I,SCAPS_literature_table,literature_chi_Eg,device_simulation_parameter,bulk_thin_film_device,vacancy_ordered_halide_perovskite,full_stack,pooled_etl_htl,10.1038/s41598-025-98351-y,K2TiI6 SCAPS + pooled contacts
K2TiI6,SnS2,CuI,1.61,1.85,3.1,-0.26,0.41,Type I,Type I,SCAPS_literature_table,literature_chi_Eg,device_simulation_parameter,bulk_thin_film_device,vacancy_ordered_halide_perovskite,full_stack,pooled_etl_htl,10.1038/s41598-025-98351-y,K2TiI6 SCAPS + pooled contacts
K2TiI6,SnS2,CuSCN,1.61,1.85,3.6,-0.26,0.31,Type I,Type I,SCAPS_literature_table,literature_chi_Eg,device_simulation_parameter,bulk_thin_film_device,vacancy_ordered_halide_perovskite,full_stack,pooled_etl_htl,10.1038/s41598-025-98351-y,K2TiI6 SCAPS + pooled contacts
K2TiI6,SnS2,NiO,1.61,1.85,3.6,-0.26,0.21,Type I,Type I,SCAPS_literature_table,literature_chi_Eg,device_simulation_parameter,bulk_thin_film_device,vacancy_ordered_halide_perovskite,full_stack,pooled_etl_htl,10.1038/s41598-025-98351-y,K2TiI6 SCAPS + pooled contacts
K2TiI6,SnS2,V2O5,1.61,1.85,2.2,-0.26,0.01,Type I,Type I,SCAPS_literature_table,literature_chi_Eg,device_simulation_parameter,bulk_thin_film_device,vacancy_ordered_halide_perovskite,full_stack,pooled_etl_htl,10.1038/s41598-025-98351-y,K2TiI6 SCAPS + pooled contacts
K2TiI6,ZnSe,MWCNTs,1.61,2.81,1.55,-0.09,0.42,Type I,Type I,SCAPS_literature_table,literature_chi_Eg,device_simulation_parameter,bulk_thin_film_device,vacancy_ordered_halide_perovskite,full_stack,pooled_etl_htl,10.1038/s41598-025-98351-y,K2TiI6 SCAPS + pooled contacts
K2TiI6,ZnSe,MoO3,1.61,2.81,3.0,-0.09,0.31,Type I,Type I,SCAPS_literature_table,literature_chi_Eg,device_simulation_parameter,bulk_thin_film_device,vacancy_ordered_halide_perovskite,full_stack,pooled_etl_htl,10.1038/s41598-025-98351-y,K2TiI6 SCAPS + pooled contacts
K2TiI6,ZnSe,PTAA,1.61,2.81,2.96,-0.09,0.35,Type I,Type I,SCAPS_literature_table,literature_chi_Eg,device_simulation_parameter,bulk_thin_film_device,vacancy_ordered_halide_perovskite,full_stack,pooled_etl_htl,10.1038/s41598-025-98351-y,K2TiI6 SCAPS + pooled contacts
K2TiI6,ZnSe,TiO2:N,1.61,2.81,3.0,-0.09,0.41,Type I,Type I,SCAPS_literature_table,literature_chi_Eg,device_simulation_parameter,bulk_thin_film_device,vacancy_ordered_halide_perovskite,full_stack,pooled_etl_htl,10.1038/s41598-025-98351-y,K2TiI6 SCAPS + pooled contacts
K2TiI6,ZnSe,NiCo2O4,1.61,2.81,2.3,-0.09,-0.17,Type I,Type III,SCAPS_literature_table,literature_chi_Eg,device_simulation_parameter,bulk_thin_film_device,vacancy_ordered_halide_perovskite,full_stack,pooled_etl_htl,10.1038/s41598-025-98351-y,K2TiI6 SCAPS + pooled contacts
K2TiI6,ZnSe,C6TBTAPH2,1.61,2.81,1.59,-0.09,0.44,Type I,Type I,SCAPS_literature_table,literature_chi_Eg,device_simulation_parameter,bulk_thin_film_device,vacancy_ordered_halide_perovskite,full_stack,pooled_etl_htl,10.1038/s41598-025-98351-y,K2TiI6 SCAPS + pooled contacts
K2TiI6,ZnSe,nPB,1.61,2.81,2.4,-0.09,0.21,Type I,Type I,SCAPS_literature_table,literature_chi_Eg,device_simulation_parameter,bulk_thin_film_device,vacancy_ordered_halide_perovskite,full_stack,pooled_etl_htl,10.1038/s41598-025-98351-y,K2TiI6 SCAPS + pooled contacts
K2TiI6,ZnSe,C6PcH2,1.61,2.81,1.6,-0.09,0.31,Type I,Type I,SCAPS_literature_table,literature_chi_Eg,device_simulation_parameter,bulk_thin_film_device,vacancy_ordered_halide_perovskite,full_stack,pooled_etl_htl,10.1038/s41598-025-98351-y,K2TiI6 SCAPS + pooled contacts
K2TiI6,ZnSe,CuAlO2,1.61,2.81,3.46,-0.09,-0.35,Type I,Type III,SCAPS_literature_table,literature_chi_Eg,device_simulation_parameter,bulk_thin_film_device,vacancy_ordered_halide_perovskite,full_stack,pooled_etl_htl,10.1038/s41598-025-98351-y,K2TiI6 SCAPS + pooled contacts
K2TiI6,ZnSe,D-PBTTT-14,1.61,2.81,2.16,-0.09,0.25,Type I,Type I,SCAPS_literature_table,literature_chi_Eg,device_simulation_parameter,bulk_thin_film_device,vacancy_ordered_halide_perovskite,full_stack,pooled_etl_htl,10.1038/s41598-025-98351-y,K2TiI6 SCAPS + pooled contacts
K2TiI6,ZnSe,GaAs,1.61,2.81,1.42,-0.09,0.12,Type I,Type III,SCAPS_literature_table,literature_chi_Eg,device_simulation_parameter,bulk_thin_film_device,vacancy_ordered_halide_perovskite,full_stack,pooled_etl_htl,10.1038/s41598-025-98351-y,K2TiI6 SCAPS + pooled contacts
K2TiI6,ZnSe,ZnTe,1.61,2.81,2.25,-0.09,-0.37,Type I,Type III,SCAPS_literature_table,literature_chi_Eg,device_simulation_parameter,bulk_thin_film_device,vacancy_ordered_halide_perovskite,full_stack,pooled_etl_htl,10.1038/s41598-025-98351-y,K2TiI6 SCAPS + pooled contacts
K2TiI6,ZnSe,CNTS,1.61,2.81,1.74,-0.09,0.0,Type I,Type I,SCAPS_literature_table,literature_chi_Eg,device_simulation_parameter,bulk_thin_film_device,vacancy_ordered_halide_perovskite,full_stack,pooled_etl_htl,10.1038/s41598-025-98351-y,K2TiI6 SCAPS + pooled contacts
K2TiI6,ZnSe,MEH-PPV,1.61,2.81,2.1,-0.09,0.71,Type I,Type I,SCAPS_literature_table,literature_chi_Eg,device_simulation_parameter,bulk_thin_film_device,vacancy_ordered_halide_perovskite,full_stack,pooled_etl_htl,10.1038/s41598-025-98351-y,K2TiI6 SCAPS + pooled contacts
K2TiI6,ZnSe,MoS2,1.61,2.81,1.29,-0.09,0.12,Type I,Type III,SCAPS_literature_table,literature_chi_Eg,device_simulation_parameter,bulk_thin_film_device,vacancy_ordered_halide_perovskite,full_stack,pooled_etl_htl,10.1038/s41598-025-98351-y,K2TiI6 SCAPS + pooled contacts
K2TiI6,ZnSe,Cu2Te,1.61,2.81,1.18,-0.09,0.23,Type I,Type III,SCAPS_literature_table,literature_chi_Eg,device_simulation_parameter,bulk_thin_film_device,vacancy_ordered_halide_perovskite,full_stack,pooled_etl_htl,10.1038/s41598-025-98351-y,K2TiI6 SCAPS + pooled contacts
K2TiI6,ZnSe,Zn3P2,1.61,2.81,1.5,-0.09,-0.09,Type I,Type I,SCAPS_literature_table,literature_chi_Eg,device_simulation_parameter,bulk_thin_film_device,vacancy_ordered_halide_perovskite,full_stack,pooled_etl_htl,10.1038/s41598-025-98351-y,K2TiI6 SCAPS + pooled contacts
K2TiI6,ZnSe,CFTS,1.61,2.81,1.3,-0.09,1.01,Type I,Type I,SCAPS_literature_table,literature_chi_Eg,device_simulation_parameter,bulk_thin_film_device,vacancy_ordered_halide_perovskite,full_stack,pooled_etl_htl,10.1038/s41598-025-98351-y,K2TiI6 SCAPS + pooled contacts
K2TiI6,ZnSe,CuI,1.61,2.81,3.1,-0.09,0.41,Type I,Type I,SCAPS_literature_table,literature_chi_Eg,device_simulation_parameter,bulk_thin_film_device,vacancy_ordered_halide_perovskite,full_stack,pooled_etl_htl,10.1038/s41598-025-98351-y,K2TiI6 SCAPS + pooled contacts
K2TiI6,ZnSe,CuSCN,1.61,2.81,3.6,-0.09,0.31,Type I,Type I,SCAPS_literature_table,literature_chi_Eg,device_simulation_parameter,bulk_thin_film_device,vacancy_ordered_halide_perovskite,full_stack,pooled_etl_htl,10.1038/s41598-025-98351-y,K2TiI6 SCAPS + pooled contacts
K2TiI6,ZnSe,NiO,1.61,2.81,3.6,-0.09,0.21,Type I,Type I,SCAPS_literature_table,literature_chi_Eg,device_simulation_parameter,bulk_thin_film_device,vacancy_ordered_halide_perovskite,full_stack,pooled_etl_htl,10.1038/s41598-025-98351-y,K2TiI6 SCAPS + pooled contacts
K2TiI6,ZnSe,V2O5,1.61,2.81,2.2,-0.09,0.01,Type I,Type I,SCAPS_literature_table,literature_chi_Eg,device_simulation_parameter,bulk_thin_film_device,vacancy_ordered_halide_perovskite,full_stack,pooled_etl_htl,10.1038/s41598-025-98351-y,K2TiI6 SCAPS + pooled contacts
K2TiI6,CdS,MWCNTs,1.61,2.4,1.55,-0.18,0.42,Type I,Type I,SCAPS_literature_table,literature_chi_Eg,device_simulation_parameter,bulk_thin_film_device,vacancy_ordered_halide_perovskite,full_stack,pooled_etl_htl,10.1038/s41598-025-98351-y,K2TiI6 SCAPS + pooled contacts
K2TiI6,CdS,MoO3,1.61,2.4,3.0,-0.18,0.31,Type I,Type I,SCAPS_literature_table,literature_chi_Eg,device_simulation_parameter,bulk_thin_film_device,vacancy_ordered_halide_perovskite,full_stack,pooled_etl_htl,10.1038/s41598-025-98351-y,K2TiI6 SCAPS + pooled contacts
K2TiI6,CdS,PTAA,1.61,2.4,2.96,-0.18,0.35,Type I,Type I,SCAPS_literature_table,literature_chi_Eg,device_simulation_parameter,bulk_thin_film_device,vacancy_ordered_halide_perovskite,full_stack,pooled_etl_htl,10.1038/s41598-025-98351-y,K2TiI6 SCAPS + pooled contacts
K2TiI6,CdS,TiO2:N,1.61,2.4,3.0,-0.18,0.41,Type I,Type I,SCAPS_literature_table,literature_chi_Eg,device_simulation_parameter,bulk_thin_film_device,vacancy_ordered_halide_perovskite,full_stack,pooled_etl_htl,10.1038/s41598-025-98351-y,K2TiI6 SCAPS + pooled contacts
K2TiI6,CdS,NiCo2O4,1.61,2.4,2.3,-0.18,-0.17,Type I,Type III,SCAPS_literature_table,literature_chi_Eg,device_simulation_parameter,bulk_thin_film_device,vacancy_ordered_halide_perovskite,full_stack,pooled_etl_htl,10.1038/s41598-025-98351-y,K2TiI6 SCAPS + pooled contacts
K2TiI6,CdS,C6TBTAPH2,1.61,2.4,1.59,-0.18,0.44,Type I,Type I,SCAPS_literature_table,literature_chi_Eg,device_simulation_parameter,bulk_thin_film_device,vacancy_ordered_halide_perovskite,full_stack,pooled_etl_htl,10.1038/s41598-025-98351-y,K2TiI6 SCAPS + pooled contacts
K2TiI6,CdS,nPB,1.61,2.4,2.4,-0.18,0.21,Type I,Type I,SCAPS_literature_table,literature_chi_Eg,device_simulation_parameter,bulk_thin_film_device,vacancy_ordered_halide_perovskite,full_stack,pooled_etl_htl,10.1038/s41598-025-98351-y,K2TiI6 SCAPS + pooled contacts
K2TiI6,CdS,C6PcH2,1.61,2.4,1.6,-0.18,0.31,Type I,Type I,SCAPS_literature_table,literature_chi_Eg,device_simulation_parameter,bulk_thin_film_device,vacancy_ordered_halide_perovskite,full_stack,pooled_etl_htl,10.1038/s41598-025-98351-y,K2TiI6 SCAPS + pooled contacts
K2TiI6,CdS,CuAlO2,1.61,2.4,3.46,-0.18,-0.35,Type I,Type III,SCAPS_literature_table,literature_chi_Eg,device_simulation_parameter,bulk_thin_film_device,vacancy_ordered_halide_perovskite,full_stack,pooled_etl_htl,10.1038/s41598-025-98351-y,K2TiI6 SCAPS + pooled contacts
K2TiI6,CdS,D-PBTTT-14,1.61,2.4,2.16,-0.18,0.25,Type I,Type I,SCAPS_literature_table,literature_chi_Eg,device_simulation_parameter,bulk_thin_film_device,vacancy_ordered_halide_perovskite,full_stack,pooled_etl_htl,10.1038/s41598-025-98351-y,K2TiI6 SCAPS + pooled contacts
K2TiI6,CdS,GaAs,1.61,2.4,1.42,-0.18,0.12,Type I,Type III,SCAPS_literature_table,literature_chi_Eg,device_simulation_parameter,bulk_thin_film_device,vacancy_ordered_halide_perovskite,full_stack,pooled_etl_htl,10.1038/s41598-025-98351-y,K2TiI6 SCAPS + pooled contacts
K2TiI6,CdS,ZnTe,1.61,2.4,2.25,-0.18,-0.37,Type I,Type III,SCAPS_literature_table,literature_chi_Eg,device_simulation_parameter,bulk_thin_film_device,vacancy_ordered_halide_perovskite,full_stack,pooled_etl_htl,10.1038/s41598-025-98351-y,K2TiI6 SCAPS + pooled contacts
K2TiI6,CdS,CNTS,1.61,2.4,1.74,-0.18,0.0,Type I,Type I,SCAPS_literature_table,literature_chi_Eg,device_simulation_parameter,bulk_thin_film_device,vacancy_ordered_halide_perovskite,full_stack,pooled_etl_htl,10.1038/s41598-025-98351-y,K2TiI6 SCAPS + pooled contacts
K2TiI6,CdS,MEH-PPV,1.61,2.4,2.1,-0.18,0.71,Type I,Type I,SCAPS_literature_table,literature_chi_Eg,device_simulation_parameter,bulk_thin_film_device,vacancy_ordered_halide_perovskite,full_stack,pooled_etl_htl,10.1038/s41598-025-98351-y,K2TiI6 SCAPS + pooled contacts
K2TiI6,CdS,MoS2,1.61,2.4,1.29,-0.18,0.12,Type I,Type III,SCAPS_literature_table,literature_chi_Eg,device_simulation_parameter,bulk_thin_film_device,vacancy_ordered_halide_perovskite,full_stack,pooled_etl_htl,10.1038/s41598-025-98351-y,K2TiI6 SCAPS + pooled contacts
K2TiI6,CdS,Cu2Te,1.61,2.4,1.18,-0.18,0.23,Type I,Type III,SCAPS_literature_table,literature_chi_Eg,device_simulation_parameter,bulk_thin_film_device,vacancy_ordered_halide_perovskite,full_stack,pooled_etl_htl,10.1038/s41598-025-98351-y,K2TiI6 SCAPS + pooled contacts
K2TiI6,CdS,Zn3P2,1.61,2.4,1.5,-0.18,-0.09,Type I,Type I,SCAPS_literature_table,literature_chi_Eg,device_simulation_parameter,bulk_thin_film_device,vacancy_ordered_halide_perovskite,full_stack,pooled_etl_htl,10.1038/s41598-025-98351-y,K2TiI6 SCAPS + pooled contacts
K2TiI6,CdS,CFTS,1.61,2.4,1.3,-0.18,1.01,Type I,Type I,SCAPS_literature_table,literature_chi_Eg,device_simulation_parameter,bulk_thin_film_device,vacancy_ordered_halide_perovskite,full_stack,pooled_etl_htl,10.1038/s41598-025-98351-y,K2TiI6 SCAPS + pooled contacts
K2TiI6,CdS,CuI,1.61,2.4,3.1,-0.18,0.41,Type I,Type I,SCAPS_literature_table,literature_chi_Eg,device_simulation_parameter,bulk_thin_film_device,vacancy_ordered_halide_perovskite,full_stack,pooled_etl_htl,10.1038/s41598-025-98351-y,K2TiI6 SCAPS + pooled contacts
K2TiI6,CdS,CuSCN,1.61,2.4,3.6,-0.18,0.31,Type I,Type I,SCAPS_literature_table,literature_chi_Eg,device_simulation_parameter,bulk_thin_film_device,vacancy_ordered_halide_perovskite,full_stack,pooled_etl_htl,10.1038/s41598-025-98351-y,K2TiI6 SCAPS + pooled contacts
K2TiI6,CdS,NiO,1.61,2.4,3.6,-0.18,0.21,Type I,Type I,SCAPS_literature_table,literature_chi_Eg,device_simulation_parameter,bulk_thin_film_device,vacancy_ordered_halide_perovskite,full_stack,pooled_etl_htl,10.1038/s41598-025-98351-y,K2TiI6 SCAPS + pooled contacts
K2TiI6,CdS,V2O5,1.61,2.4,2.2,-0.18,0.01,Type I,Type I,SCAPS_literature_table,literature_chi_Eg,device_simulation_parameter,bulk_thin_film_device,vacancy_ordered_halide_perovskite,full_stack,pooled_etl_htl,10.1038/s41598-025-98351-y,K2TiI6 SCAPS + pooled contacts
K2TiI6,TiO2,MWCNTs,1.61,3.4,1.55,0.0,0.42,Type I,Type I,SCAPS_literature_table,literature_chi_Eg,device_simulation_parameter,bulk_thin_film_device,vacancy_ordered_halide_perovskite,full_stack,pooled_etl_htl,10.1038/s41598-025-98351-y,K2TiI6 SCAPS + pooled contacts
K2TiI6,TiO2,MoO3,1.61,3.4,3.0,0.0,0.31,Type I,Type I,SCAPS_literature_table,literature_chi_Eg,device_simulation_parameter,bulk_thin_film_device,vacancy_ordered_halide_perovskite,full_stack,pooled_etl_htl,10.1038/s41598-025-98351-y,K2TiI6 SCAPS + pooled contacts
K2TiI6,TiO2,PTAA,1.61,3.4,2.96,0.0,0.35,Type I,Type I,SCAPS_literature_table,literature_chi_Eg,device_simulation_parameter,bulk_thin_film_device,vacancy_ordered_halide_perovskite,full_stack,pooled_etl_htl,10.1038/s41598-025-98351-y,K2TiI6 SCAPS + pooled contacts
K2TiI6,TiO2,TiO2:N,1.61,3.4,3.0,0.0,0.41,Type I,Type I,SCAPS_literature_table,literature_chi_Eg,device_simulation_parameter,bulk_thin_film_device,vacancy_ordered_halide_perovskite,full_stack,pooled_etl_htl,10.1038/s41598-025-98351-y,K2TiI6 SCAPS + pooled contacts
K2TiI6,TiO2,NiCo2O4,1.61,3.4,2.3,0.0,-0.17,Type I,Type III,SCAPS_literature_table,literature_chi_Eg,device_simulation_parameter,bulk_thin_film_device,vacancy_ordered_halide_perovskite,full_stack,pooled_etl_htl,10.1038/s41598-025-98351-y,K2TiI6 SCAPS + pooled contacts
K2TiI6,TiO2,C6TBTAPH2,1.61,3.4,1.59,0.0,0.44,Type I,Type I,SCAPS_literature_table,literature_chi_Eg,device_simulation_parameter,bulk_thin_film_device,vacancy_ordered_halide_perovskite,full_stack,pooled_etl_htl,10.1038/s41598-025-98351-y,K2TiI6 SCAPS + pooled contacts
K2TiI6,TiO2,nPB,1.61,3.4,2.4,0.0,0.21,Type I,Type I,SCAPS_literature_table,literature_chi_Eg,device_simulation_parameter,bulk_thin_film_device,vacancy_ordered_halide_perovskite,full_stack,pooled_etl_htl,10.1038/s41598-025-98351-y,K2TiI6 SCAPS + pooled contacts
K2TiI6,TiO2,C6PcH2,1.61,3.4,1.6,0.0,0.31,Type I,Type I,SCAPS_literature_table,literature_chi_Eg,device_simulation_parameter,bulk_thin_film_device,vacancy_ordered_halide_perovskite,full_stack,pooled_etl_htl,10.1038/s41598-025-98351-y,K2TiI6 SCAPS + pooled contacts
K2TiI6,TiO2,CuAlO2,1.61,3.4,3.46,0.0,-0.35,Type I,Type III,SCAPS_literature_table,literature_chi_Eg,device_simulation_parameter,bulk_thin_film_device,vacancy_ordered_halide_perovskite,full_stack,pooled_etl_htl,10.1038/s41598-025-98351-y,K2TiI6 SCAPS + pooled contacts
K2TiI6,TiO2,D-PBTTT-14,1.61,3.4,2.16,0.0,0.25,Type I,Type I,SCAPS_literature_table,literature_chi_Eg,device_simulation_parameter,bulk_thin_film_device,vacancy_ordered_halide_perovskite,full_stack,pooled_etl_htl,10.1038/s41598-025-98351-y,K2TiI6 SCAPS + pooled contacts
K2TiI6,TiO2,GaAs,1.61,3.4,1.42,0.0,0.12,Type I,Type III,SCAPS_literature_table,literature_chi_Eg,device_simulation_parameter,bulk_thin_film_device,vacancy_ordered_halide_perovskite,full_stack,pooled_etl_htl,10.1038/s41598-025-98351-y,K2TiI6 SCAPS + pooled contacts
K2TiI6,TiO2,ZnTe,1.61,3.4,2.25,0.0,-0.37,Type I,Type III,SCAPS_literature_table,literature_chi_Eg,device_simulation_parameter,bulk_thin_film_device,vacancy_ordered_halide_perovskite,full_stack,pooled_etl_htl,10.1038/s41598-025-98351-y,K2TiI6 SCAPS + pooled contacts
K2TiI6,TiO2,CNTS,1.61,3.4,1.74,0.0,0.0,Type I,Type I,SCAPS_literature_table,literature_chi_Eg,device_simulation_parameter,bulk_thin_film_device,vacancy_ordered_halide_perovskite,full_stack,pooled_etl_htl,10.1038/s41598-025-98351-y,K2TiI6 SCAPS + pooled contacts
K2TiI6,TiO2,MEH-PPV,1.61,3.4,2.1,0.0,0.71,Type I,Type I,SCAPS_literature_table,literature_chi_Eg,device_simulation_parameter,bulk_thin_film_device,vacancy_ordered_halide_perovskite,full_stack,pooled_etl_htl,10.1038/s41598-025-98351-y,K2TiI6 SCAPS + pooled contacts
K2TiI6,TiO2,MoS2,1.61,3.4,1.29,0.0,0.12,Type I,Type III,SCAPS_literature_table,literature_chi_Eg,device_simulation_parameter,bulk_thin_film_device,vacancy_ordered_halide_perovskite,full_stack,pooled_etl_htl,10.1038/s41598-025-98351-y,K2TiI6 SCAPS + pooled contacts
K2TiI6,TiO2,Cu2Te,1.61,3.4,1.18,0.0,0.23,Type I,Type III,SCAPS_literature_table,literature_chi_Eg,device_simulation_parameter,bulk_thin_film_device,vacancy_ordered_halide_perovskite,full_stack,pooled_etl_htl,10.1038/s41598-025-98351-y,K2TiI6 SCAPS + pooled contacts
K2TiI6,TiO2,Zn3P2,1.61,3.4,1.5,0.0,-0.09,Type I,Type I,SCAPS_literature_table,literature_chi_Eg,device_simulation_parameter,bulk_thin_film_device,vacancy_ordered_halide_perovskite,full_stack,pooled_etl_htl,10.1038/s41598-025-98351-y,K2TiI6 SCAPS + pooled contacts
K2TiI6,TiO2,CFTS,1.61,3.4,1.3,0.0,1.01,Type I,Type I,SCAPS_literature_table,literature_chi_Eg,device_simulation_parameter,bulk_thin_film_device,vacancy_ordered_halide_perovskite,full_stack,pooled_etl_htl,10.1038/s41598-025-98351-y,K2TiI6 SCAPS + pooled contacts
K2TiI6,TiO2,CuI,1.61,3.4,3.1,0.0,0.41,Type I,Type I,SCAPS_literature_table,literature_chi_Eg,device_simulation_parameter,bulk_thin_film_device,vacancy_ordered_halide_perovskite,full_stack,pooled_etl_htl,10.1038/s41598-025-98351-y,K2TiI6 SCAPS + pooled contacts
K2TiI6,TiO2,CuSCN,1.61,3.4,3.6,0.0,0.31,Type I,Type I,SCAPS_literature_table,literature_chi_Eg,device_simulation_parameter,bulk_thin_film_device,vacancy_ordered_halide_perovskite,full_stack,pooled_etl_htl,10.1038/s41598-025-98351-y,K2TiI6 SCAPS + pooled contacts
K2TiI6,TiO2,NiO,1.61,3.4,3.6,0.0,0.21,Type I,Type I,SCAPS_literature_table,literature_chi_Eg,device_simulation_parameter,bulk_thin_film_device,vacancy_ordered_halide_perovskite,full_stack,pooled_etl_htl,10.1038/s41598-025-98351-y,K2TiI6 SCAPS + pooled contacts
K2TiI6,TiO2,V2O5,1.61,3.4,2.2,0.0,0.01,Type I,Type I,SCAPS_literature_table,literature_chi_Eg,device_simulation_parameter,bulk_thin_film_device,vacancy_ordered_halide_perovskite,full_stack,pooled_etl_htl,10.1038/s41598-025-98351-y,K2TiI6 SCAPS + pooled contacts
K2TiI6,WS2,MWCNTs,1.61,1.8,1.55,0.05,0.42,Type III,Type I,SCAPS_literature_table,literature_chi_Eg,device_simulation_parameter,bulk_thin_film_device,vacancy_ordered_halide_perovskite,full_stack,pooled_etl_htl,10.1038/s41598-025-98351-y,K2TiI6 SCAPS + pooled contacts
K2TiI6,WS2,MoO3,1.61,1.8,3.0,0.05,0.31,Type III,Type I,SCAPS_literature_table,literature_chi_Eg,device_simulation_parameter,bulk_thin_film_device,vacancy_ordered_halide_perovskite,full_stack,pooled_etl_htl,10.1038/s41598-025-98351-y,K2TiI6 SCAPS + pooled contacts
K2TiI6,WS2,PTAA,1.61,1.8,2.96,0.05,0.35,Type III,Type I,SCAPS_literature_table,literature_chi_Eg,device_simulation_parameter,bulk_thin_film_device,vacancy_ordered_halide_perovskite,full_stack,pooled_etl_htl,10.1038/s41598-025-98351-y,K2TiI6 SCAPS + pooled contacts
K2TiI6,WS2,TiO2:N,1.61,1.8,3.0,0.05,0.41,Type III,Type I,SCAPS_literature_table,literature_chi_Eg,device_simulation_parameter,bulk_thin_film_device,vacancy_ordered_halide_perovskite,full_stack,pooled_etl_htl,10.1038/s41598-025-98351-y,K2TiI6 SCAPS + pooled contacts
K2TiI6,WS2,NiCo2O4,1.61,1.8,2.3,0.05,-0.17,Type III,Type III,SCAPS_literature_table,literature_chi_Eg,device_simulation_parameter,bulk_thin_film_device,vacancy_ordered_halide_perovskite,full_stack,pooled_etl_htl,10.1038/s41598-025-98351-y,K2TiI6 SCAPS + pooled contacts
K2TiI6,WS2,C6TBTAPH2,1.61,1.8,1.59,0.05,0.44,Type III,Type I,SCAPS_literature_table,literature_chi_Eg,device_simulation_parameter,bulk_thin_film_device,vacancy_ordered_halide_perovskite,full_stack,pooled_etl_htl,10.1038/s41598-025-98351-y,K2TiI6 SCAPS + pooled contacts
K2TiI6,WS2,nPB,1.61,1.8,2.4,0.05,0.21,Type III,Type I,SCAPS_literature_table,literature_chi_Eg,device_simulation_parameter,bulk_thin_film_device,vacancy_ordered_halide_perovskite,full_stack,pooled_etl_htl,10.1038/s41598-025-98351-y,K2TiI6 SCAPS + pooled contacts
K2TiI6,WS2,C6PcH2,1.61,1.8,1.6,0.05,0.31,Type III,Type I,SCAPS_literature_table,literature_chi_Eg,device_simulation_parameter,bulk_thin_film_device,vacancy_ordered_halide_perovskite,full_stack,pooled_etl_htl,10.1038/s41598-025-98351-y,K2TiI6 SCAPS + pooled contacts
K2TiI6,WS2,CuAlO2,1.61,1.8,3.46,0.05,-0.35,Type III,Type III,SCAPS_literature_table,literature_chi_Eg,device_simulation_parameter,bulk_thin_film_device,vacancy_ordered_halide_perovskite,full_stack,pooled_etl_htl,10.1038/s41598-025-98351-y,K2TiI6 SCAPS + pooled contacts
K2TiI6,WS2,D-PBTTT-14,1.61,1.8,2.16,0.05,0.25,Type III,Type I,SCAPS_literature_table,literature_chi_Eg,device_simulation_parameter,bulk_thin_film_device,vacancy_ordered_halide_perovskite,full_stack,pooled_etl_htl,10.1038/s41598-025-98351-y,K2TiI6 SCAPS + pooled contacts
K2TiI6,WS2,GaAs,1.61,1.8,1.42,0.05,0.12,Type III,Type III,SCAPS_literature_table,literature_chi_Eg,device_simulation_parameter,bulk_thin_film_device,vacancy_ordered_halide_perovskite,full_stack,pooled_etl_htl,10.1038/s41598-025-98351-y,K2TiI6 SCAPS + pooled contacts
K2TiI6,WS2,ZnTe,1.61,1.8,2.25,0.05,-0.37,Type III,Type III,SCAPS_literature_table,literature_chi_Eg,device_simulation_parameter,bulk_thin_film_device,vacancy_ordered_halide_perovskite,full_stack,pooled_etl_htl,10.1038/s41598-025-98351-y,K2TiI6 SCAPS + pooled contacts
K2TiI6,WS2,CNTS,1.61,1.8,1.74,0.05,0.0,Type III,Type I,SCAPS_literature_table,literature_chi_Eg,device_simulation_parameter,bulk_thin_film_device,vacancy_ordered_halide_perovskite,full_stack,pooled_etl_htl,10.1038/s41598-025-98351-y,K2TiI6 SCAPS + pooled contacts
K2TiI6,WS2,MEH-PPV,1.61,1.8,2.1,0.05,0.71,Type III,Type I,SCAPS_literature_table,literature_chi_Eg,device_simulation_parameter,bulk_thin_film_device,vacancy_ordered_halide_perovskite,full_stack,pooled_etl_htl,10.1038/s41598-025-98351-y,K2TiI6 SCAPS + pooled contacts
K2TiI6,WS2,MoS2,1.61,1.8,1.29,0.05,0.12,Type III,Type III,SCAPS_literature_table,literature_chi_Eg,device_simulation_parameter,bulk_thin_film_device,vacancy_ordered_halide_perovskite,full_stack,pooled_etl_htl,10.1038/s41598-025-98351-y,K2TiI6 SCAPS + pooled contacts
K2TiI6,WS2,Cu2Te,1.61,1.8,1.18,0.05,0.23,Type III,Type III,SCAPS_literature_table,literature_chi_Eg,device_simulation_parameter,bulk_thin_film_device,vacancy_ordered_halide_perovskite,full_stack,pooled_etl_htl,10.1038/s41598-025-98351-y,K2TiI6 SCAPS + pooled contacts
K2TiI6,WS2,Zn3P2,1.61,1.8,1.5,0.05,-0.09,Type III,Type I,SCAPS_literature_table,literature_chi_Eg,device_simulation_parameter,bulk_thin_film_device,vacancy_ordered_halide_perovskite,full_stack,pooled_etl_htl,10.1038/s41598-025-98351-y,K2TiI6 SCAPS + pooled contacts
K2TiI6,WS2,CFTS,1.61,1.8,1.3,0.05,1.01,Type III,Type I,SCAPS_literature_table,literature_chi_Eg,device_simulation_parameter,bulk_thin_film_device,vacancy_ordered_halide_perovskite,full_stack,pooled_etl_htl,10.1038/s41598-025-98351-y,K2TiI6 SCAPS + pooled contacts
K2TiI6,WS2,CuI,1.61,1.8,3.1,0.05,0.41,Type III,Type I,SCAPS_literature_table,literature_chi_Eg,device_simulation_parameter,bulk_thin_film_device,vacancy_ordered_halide_perovskite,full_stack,pooled_etl_htl,10.1038/s41598-025-98351-y,K2TiI6 SCAPS + pooled contacts
K2TiI6,WS2,CuSCN,1.61,1.8,3.6,0.05,0.31,Type III,Type I,SCAPS_literature_table,literature_chi_Eg,device_simulation_parameter,bulk_thin_film_device,vacancy_ordered_halide_perovskite,full_stack,pooled_etl_htl,10.1038/s41598-025-98351-y,K2TiI6 SCAPS + pooled contacts
K2TiI6,WS2,NiO,1.61,1.8,3.6,0.05,0.21,Type III,Type I,SCAPS_literature_table,literature_chi_Eg,device_simulation_parameter,bulk_thin_film_device,vacancy_ordered_halide_perovskite,full_stack,pooled_etl_htl,10.1038/s41598-025-98351-y,K2TiI6 SCAPS + pooled contacts
K2TiI6,WS2,V2O5,1.61,1.8,2.2,0.05,0.01,Type III,Type I,SCAPS_literature_table,literature_chi_Eg,device_simulation_parameter,bulk_thin_film_device,vacancy_ordered_halide_perovskite,full_stack,pooled_etl_htl,10.1038/s41598-025-98351-y,K2TiI6 SCAPS + pooled contacts
K2TiI6,SnO2,MWCNTs,1.61,3.6,1.55,0.1,0.42,Type III,Type I,SCAPS_literature_table,literature_chi_Eg,device_simulation_parameter,bulk_thin_film_device,vacancy_ordered_halide_perovskite,full_stack,pooled_etl_htl,10.1038/s41598-025-98351-y,K2TiI6 SCAPS + pooled contacts
K2TiI6,SnO2,MoO3,1.61,3.6,3.0,0.1,0.31,Type III,Type I,SCAPS_literature_table,literature_chi_Eg,device_simulation_parameter,bulk_thin_film_device,vacancy_ordered_halide_perovskite,full_stack,pooled_etl_htl,10.1038/s41598-025-98351-y,K2TiI6 SCAPS + pooled contacts
K2TiI6,SnO2,PTAA,1.61,3.6,2.96,0.1,0.35,Type III,Type I,SCAPS_literature_table,literature_chi_Eg,device_simulation_parameter,bulk_thin_film_device,vacancy_ordered_halide_perovskite,full_stack,pooled_etl_htl,10.1038/s41598-025-98351-y,K2TiI6 SCAPS + pooled contacts
K2TiI6,SnO2,TiO2:N,1.61,3.6,3.0,0.1,0.41,Type III,Type I,SCAPS_literature_table,literature_chi_Eg,device_simulation_parameter,bulk_thin_film_device,vacancy_ordered_halide_perovskite,full_stack,pooled_etl_htl,10.1038/s41598-025-98351-y,K2TiI6 SCAPS + pooled contacts
K2TiI6,SnO2,NiCo2O4,1.61,3.6,2.3,0.1,-0.17,Type III,Type III,SCAPS_literature_table,literature_chi_Eg,device_simulation_parameter,bulk_thin_film_device,vacancy_ordered_halide_perovskite,full_stack,pooled_etl_htl,10.1038/s41598-025-98351-y,K2TiI6 SCAPS + pooled contacts
K2TiI6,SnO2,C6TBTAPH2,1.61,3.6,1.59,0.1,0.44,Type III,Type I,SCAPS_literature_table,literature_chi_Eg,device_simulation_parameter,bulk_thin_film_device,vacancy_ordered_halide_perovskite,full_stack,pooled_etl_htl,10.1038/s41598-025-98351-y,K2TiI6 SCAPS + pooled contacts
K2TiI6,SnO2,nPB,1.61,3.6,2.4,0.1,0.21,Type III,Type I,SCAPS_literature_table,literature_chi_Eg,device_simulation_parameter,bulk_thin_film_device,vacancy_ordered_halide_perovskite,full_stack,pooled_etl_htl,10.1038/s41598-025-98351-y,K2TiI6 SCAPS + pooled contacts
K2TiI6,SnO2,C6PcH2,1.61,3.6,1.6,0.1,0.31,Type III,Type I,SCAPS_literature_table,literature_chi_Eg,device_simulation_parameter,bulk_thin_film_device,vacancy_ordered_halide_perovskite,full_stack,pooled_etl_htl,10.1038/s41598-025-98351-y,K2TiI6 SCAPS + pooled contacts
K2TiI6,SnO2,CuAlO2,1.61,3.6,3.46,0.1,-0.35,Type III,Type III,SCAPS_literature_table,literature_chi_Eg,device_simulation_parameter,bulk_thin_film_device,vacancy_ordered_halide_perovskite,full_stack,pooled_etl_htl,10.1038/s41598-025-98351-y,K2TiI6 SCAPS + pooled contacts
K2TiI6,SnO2,D-PBTTT-14,1.61,3.6,2.16,0.1,0.25,Type III,Type I,SCAPS_literature_table,literature_chi_Eg,device_simulation_parameter,bulk_thin_film_device,vacancy_ordered_halide_perovskite,full_stack,pooled_etl_htl,10.1038/s41598-025-98351-y,K2TiI6 SCAPS + pooled contacts
K2TiI6,SnO2,GaAs,1.61,3.6,1.42,0.1,0.12,Type III,Type III,SCAPS_literature_table,literature_chi_Eg,device_simulation_parameter,bulk_thin_film_device,vacancy_ordered_halide_perovskite,full_stack,pooled_etl_htl,10.1038/s41598-025-98351-y,K2TiI6 SCAPS + pooled contacts
K2TiI6,SnO2,ZnTe,1.61,3.6,2.25,0.1,-0.37,Type III,Type III,SCAPS_literature_table,literature_chi_Eg,device_simulation_parameter,bulk_thin_film_device,vacancy_ordered_halide_perovskite,full_stack,pooled_etl_htl,10.1038/s41598-025-98351-y,K2TiI6 SCAPS + pooled contacts
K2TiI6,SnO2,CNTS,1.61,3.6,1.74,0.1,0.0,Type III,Type I,SCAPS_literature_table,literature_chi_Eg,device_simulation_parameter,bulk_thin_film_device,vacancy_ordered_halide_perovskite,full_stack,pooled_etl_htl,10.1038/s41598-025-98351-y,K2TiI6 SCAPS + pooled contacts
K2TiI6,SnO2,MEH-PPV,1.61,3.6,2.1,0.1,0.71,Type III,Type I,SCAPS_literature_table,literature_chi_Eg,device_simulation_parameter,bulk_thin_film_device,vacancy_ordered_halide_perovskite,full_stack,pooled_etl_htl,10.1038/s41598-025-98351-y,K2TiI6 SCAPS + pooled contacts
K2TiI6,SnO2,MoS2,1.61,3.6,1.29,0.1,0.12,Type III,Type III,SCAPS_literature_table,literature_chi_Eg,device_simulation_parameter,bulk_thin_film_device,vacancy_ordered_halide_perovskite,full_stack,pooled_etl_htl,10.1038/s41598-025-98351-y,K2TiI6 SCAPS + pooled contacts
K2TiI6,SnO2,Cu2Te,1.61,3.6,1.18,0.1,0.23,Type III,Type III,SCAPS_literature_table,literature_chi_Eg,device_simulation_parameter,bulk_thin_film_device,vacancy_ordered_halide_perovskite,full_stack,pooled_etl_htl,10.1038/s41598-025-98351-y,K2TiI6 SCAPS + pooled contacts
K2TiI6,SnO2,Zn3P2,1.61,3.6,1.5,0.1,-0.09,Type III,Type I,SCAPS_literature_table,literature_chi_Eg,device_simulation_parameter,bulk_thin_film_device,vacancy_ordered_halide_perovskite,full_stack,pooled_etl_htl,10.1038/s41598-025-98351-y,K2TiI6 SCAPS + pooled contacts
K2TiI6,SnO2,CFTS,1.61,3.6,1.3,0.1,1.01,Type III,Type I,SCAPS_literature_table,literature_chi_Eg,device_simulation_parameter,bulk_thin_film_device,vacancy_ordered_halide_perovskite,full_stack,pooled_etl_htl,10.1038/s41598-025-98351-y,K2TiI6 SCAPS + pooled contacts
K2TiI6,SnO2,CuI,1.61,3.6,3.1,0.1,0.41,Type III,Type I,SCAPS_literature_table,literature_chi_Eg,device_simulation_parameter,bulk_thin_film_device,vacancy_ordered_halide_perovskite,full_stack,pooled_etl_htl,10.1038/s41598-025-98351-y,K2TiI6 SCAPS + pooled contacts
K2TiI6,SnO2,CuSCN,1.61,3.6,3.6,0.1,0.31,Type III,Type I,SCAPS_literature_table,literature_chi_Eg,device_simulation_parameter,bulk_thin_film_device,vacancy_ordered_halide_perovskite,full_stack,pooled_etl_htl,10.1038/s41598-025-98351-y,K2TiI6 SCAPS + pooled contacts
K2TiI6,SnO2,NiO,1.61,3.6,3.6,0.1,0.21,Type III,Type I,SCAPS_literature_table,literature_chi_Eg,device_simulation_parameter,bulk_thin_film_device,vacancy_ordered_halide_perovskite,full_stack,pooled_etl_htl,10.1038/s41598-025-98351-y,K2TiI6 SCAPS + pooled contacts
K2TiI6,SnO2,V2O5,1.61,3.6,2.2,0.1,0.01,Type III,Type I,SCAPS_literature_table,literature_chi_Eg,device_simulation_parameter,bulk_thin_film_device,vacancy_ordered_halide_perovskite,full_stack,pooled_etl_htl,10.1038/s41598-025-98351-y,K2TiI6 SCAPS + pooled contacts
K2TiI6,PCBM,MWCNTs,1.61,2.0,1.55,0.1,0.42,Type III,Type I,SCAPS_literature_table,literature_chi_Eg,device_simulation_parameter,bulk_thin_film_device,vacancy_ordered_halide_perovskite,full_stack,pooled_etl_htl,10.1038/s41598-025-98351-y,K2TiI6 SCAPS + pooled contacts
K2TiI6,PCBM,MoO3,1.61,2.0,3.0,0.1,0.31,Type III,Type I,SCAPS_literature_table,literature_chi_Eg,device_simulation_parameter,bulk_thin_film_device,vacancy_ordered_halide_perovskite,full_stack,pooled_etl_htl,10.1038/s41598-025-98351-y,K2TiI6 SCAPS + pooled contacts
K2TiI6,PCBM,PTAA,1.61,2.0,2.96,0.1,0.35,Type III,Type I,SCAPS_literature_table,literature_chi_Eg,device_simulation_parameter,bulk_thin_film_device,vacancy_ordered_halide_perovskite,full_stack,pooled_etl_htl,10.1038/s41598-025-98351-y,K2TiI6 SCAPS + pooled contacts
K2TiI6,PCBM,TiO2:N,1.61,2.0,3.0,0.1,0.41,Type III,Type I,SCAPS_literature_table,literature_chi_Eg,device_simulation_parameter,bulk_thin_film_device,vacancy_ordered_halide_perovskite,full_stack,pooled_etl_htl,10.1038/s41598-025-98351-y,K2TiI6 SCAPS + pooled contacts
K2TiI6,PCBM,NiCo2O4,1.61,2.0,2.3,0.1,-0.17,Type III,Type III,SCAPS_literature_table,literature_chi_Eg,device_simulation_parameter,bulk_thin_film_device,vacancy_ordered_halide_perovskite,full_stack,pooled_etl_htl,10.1038/s41598-025-98351-y,K2TiI6 SCAPS + pooled contacts
K2TiI6,PCBM,C6TBTAPH2,1.61,2.0,1.59,0.1,0.44,Type III,Type I,SCAPS_literature_table,literature_chi_Eg,device_simulation_parameter,bulk_thin_film_device,vacancy_ordered_halide_perovskite,full_stack,pooled_etl_htl,10.1038/s41598-025-98351-y,K2TiI6 SCAPS + pooled contacts
K2TiI6,PCBM,nPB,1.61,2.0,2.4,0.1,0.21,Type III,Type I,SCAPS_literature_table,literature_chi_Eg,device_simulation_parameter,bulk_thin_film_device,vacancy_ordered_halide_perovskite,full_stack,pooled_etl_htl,10.1038/s41598-025-98351-y,K2TiI6 SCAPS + pooled contacts
K2TiI6,PCBM,C6PcH2,1.61,2.0,1.6,0.1,0.31,Type III,Type I,SCAPS_literature_table,literature_chi_Eg,device_simulation_parameter,bulk_thin_film_device,vacancy_ordered_halide_perovskite,full_stack,pooled_etl_htl,10.1038/s41598-025-98351-y,K2TiI6 SCAPS + pooled contacts
K2TiI6,PCBM,CuAlO2,1.61,2.0,3.46,0.1,-0.35,Type III,Type III,SCAPS_literature_table,literature_chi_Eg,device_simulation_parameter,bulk_thin_film_device,vacancy_ordered_halide_perovskite,full_stack,pooled_etl_htl,10.1038/s41598-025-98351-y,K2TiI6 SCAPS + pooled contacts
K2TiI6,PCBM,D-PBTTT-14,1.61,2.0,2.16,0.1,0.25,Type III,Type I,SCAPS_literature_table,literature_chi_Eg,device_simulation_parameter,bulk_thin_film_device,vacancy_ordered_halide_perovskite,full_stack,pooled_etl_htl,10.1038/s41598-025-98351-y,K2TiI6 SCAPS + pooled contacts
K2TiI6,PCBM,GaAs,1.61,2.0,1.42,0.1,0.12,Type III,Type III,SCAPS_literature_table,literature_chi_Eg,device_simulation_parameter,bulk_thin_film_device,vacancy_ordered_halide_perovskite,full_stack,pooled_etl_htl,10.1038/s41598-025-98351-y,K2TiI6 SCAPS + pooled contacts
K2TiI6,PCBM,ZnTe,1.61,2.0,2.25,0.1,-0.37,Type III,Type III,SCAPS_literature_table,literature_chi_Eg,device_simulation_parameter,bulk_thin_film_device,vacancy_ordered_halide_perovskite,full_stack,pooled_etl_htl,10.1038/s41598-025-98351-y,K2TiI6 SCAPS + pooled contacts
K2TiI6,PCBM,CNTS,1.61,2.0,1.74,0.1,0.0,Type III,Type I,SCAPS_literature_table,literature_chi_Eg,device_simulation_parameter,bulk_thin_film_device,vacancy_ordered_halide_perovskite,full_stack,pooled_etl_htl,10.1038/s41598-025-98351-y,K2TiI6 SCAPS + pooled contacts
K2TiI6,PCBM,MEH-PPV,1.61,2.0,2.1,0.1,0.71,Type III,Type I,SCAPS_literature_table,literature_chi_Eg,device_simulation_parameter,bulk_thin_film_device,vacancy_ordered_halide_perovskite,full_stack,pooled_etl_htl,10.1038/s41598-025-98351-y,K2TiI6 SCAPS + pooled contacts
K2TiI6,PCBM,MoS2,1.61,2.0,1.29,0.1,0.12,Type III,Type III,SCAPS_literature_table,literature_chi_Eg,device_simulation_parameter,bulk_thin_film_device,vacancy_ordered_halide_perovskite,full_stack,pooled_etl_htl,10.1038/s41598-025-98351-y,K2TiI6 SCAPS + pooled contacts
K2TiI6,PCBM,Cu2Te,1.61,2.0,1.18,0.1,0.23,Type III,Type III,SCAPS_literature_table,literature_chi_Eg,device_simulation_parameter,bulk_thin_film_device,vacancy_ordered_halide_perovskite,full_stack,pooled_etl_htl,10.1038/s41598-025-98351-y,K2TiI6 SCAPS + pooled contacts
K2TiI6,PCBM,Zn3P2,1.61,2.0,1.5,0.1,-0.09,Type III,Type I,SCAPS_literature_table,literature_chi_Eg,device_simulation_parameter,bulk_thin_film_device,vacancy_ordered_halide_perovskite,full_stack,pooled_etl_htl,10.1038/s41598-025-98351-y,K2TiI6 SCAPS + pooled contacts
K2TiI6,PCBM,CFTS,1.61,2.0,1.3,0.1,1.01,Type III,Type I,SCAPS_literature_table,literature_chi_Eg,device_simulation_parameter,bulk_thin_film_device,vacancy_ordered_halide_perovskite,full_stack,pooled_etl_htl,10.1038/s41598-025-98351-y,K2TiI6 SCAPS + pooled contacts
K2TiI6,PCBM,CuI,1.61,2.0,3.1,0.1,0.41,Type III,Type I,SCAPS_literature_table,literature_chi_Eg,device_simulation_parameter,bulk_thin_film_device,vacancy_ordered_halide_perovskite,full_stack,pooled_etl_htl,10.1038/s41598-025-98351-y,K2TiI6 SCAPS + pooled contacts
K2TiI6,PCBM,CuSCN,1.61,2.0,3.6,0.1,0.31,Type III,Type I,SCAPS_literature_table,literature_chi_Eg,device_simulation_parameter,bulk_thin_film_device,vacancy_ordered_halide_perovskite,full_stack,pooled_etl_htl,10.1038/s41598-025-98351-y,K2TiI6 SCAPS + pooled contacts
K2TiI6,PCBM,NiO,1.61,2.0,3.6,0.1,0.21,Type III,Type I,SCAPS_literature_table,literature_chi_Eg,device_simulation_parameter,bulk_thin_film_device,vacancy_ordered_halide_perovskite,full_stack,pooled_etl_htl,10.1038/s41598-025-98351-y,K2TiI6 SCAPS + pooled contacts
K2TiI6,PCBM,V2O5,1.61,2.0,2.2,0.1,0.01,Type III,Type I,SCAPS_literature_table,literature_chi_Eg,device_simulation_parameter,bulk_thin_film_device,vacancy_ordered_halide_perovskite,full_stack,pooled_etl_htl,10.1038/s41598-025-98351-y,K2TiI6 SCAPS + pooled contacts
CsPb0.625Zn0.375IBr2,PC60BM,MWCNTs,1.05,1.8,1.55,0.07,0.13,Type III,Type I,SCAPS_literature_table,literature_chi_Eg,device_simulation_parameter,bulk_thin_film_device,halide_perovskite_alloy,full_stack,pooled_etl_htl,10.1038/s41598-024-81797-x,CsPbZnIBr2 SCAPS + pooled contacts
CsPb0.625Zn0.375IBr2,PC60BM,MoO3,1.05,1.8,3.0,0.07,0.02,Type III,Type I,SCAPS_literature_table,literature_chi_Eg,device_simulation_parameter,bulk_thin_film_device,halide_perovskite_alloy,full_stack,pooled_etl_htl,10.1038/s41598-024-81797-x,CsPbZnIBr2 SCAPS + pooled contacts
CsPb0.625Zn0.375IBr2,PC60BM,PTAA,1.05,1.8,2.96,0.07,0.06,Type III,Type I,SCAPS_literature_table,literature_chi_Eg,device_simulation_parameter,bulk_thin_film_device,halide_perovskite_alloy,full_stack,pooled_etl_htl,10.1038/s41598-024-81797-x,CsPbZnIBr2 SCAPS + pooled contacts
CsPb0.625Zn0.375IBr2,PC60BM,TiO2:N,1.05,1.8,3.0,0.07,0.12,Type III,Type I,SCAPS_literature_table,literature_chi_Eg,device_simulation_parameter,bulk_thin_film_device,halide_perovskite_alloy,full_stack,pooled_etl_htl,10.1038/s41598-024-81797-x,CsPbZnIBr2 SCAPS + pooled contacts
CsPb0.625Zn0.375IBr2,PC60BM,NiCo2O4,1.05,1.8,2.3,0.07,-0.46,Type III,Type III,SCAPS_literature_table,literature_chi_Eg,device_simulation_parameter,bulk_thin_film_device,halide_perovskite_alloy,full_stack,pooled_etl_htl,10.1038/s41598-024-81797-x,CsPbZnIBr2 SCAPS + pooled contacts
CsPb0.625Zn0.375IBr2,PC60BM,C6TBTAPH2,1.05,1.8,1.59,0.07,0.15,Type III,Type I,SCAPS_literature_table,literature_chi_Eg,device_simulation_parameter,bulk_thin_film_device,halide_perovskite_alloy,full_stack,pooled_etl_htl,10.1038/s41598-024-81797-x,CsPbZnIBr2 SCAPS + pooled contacts
CsPb0.625Zn0.375IBr2,PC60BM,nPB,1.05,1.8,2.4,0.07,-0.08,Type III,Type III,SCAPS_literature_table,literature_chi_Eg,device_simulation_parameter,bulk_thin_film_device,halide_perovskite_alloy,full_stack,pooled_etl_htl,10.1038/s41598-024-81797-x,CsPbZnIBr2 SCAPS + pooled contacts
CsPb0.625Zn0.375IBr2,PC60BM,C6PcH2,1.05,1.8,1.6,0.07,0.02,Type III,Type I,SCAPS_literature_table,literature_chi_Eg,device_simulation_parameter,bulk_thin_film_device,halide_perovskite_alloy,full_stack,pooled_etl_htl,10.1038/s41598-024-81797-x,CsPbZnIBr2 SCAPS + pooled contacts
CsPb0.625Zn0.375IBr2,PC60BM,CuAlO2,1.05,1.8,3.46,0.07,-0.64,Type III,Type III,SCAPS_literature_table,literature_chi_Eg,device_simulation_parameter,bulk_thin_film_device,halide_perovskite_alloy,full_stack,pooled_etl_htl,10.1038/s41598-024-81797-x,CsPbZnIBr2 SCAPS + pooled contacts
CsPb0.625Zn0.375IBr2,PC60BM,D-PBTTT-14,1.05,1.8,2.16,0.07,-0.04,Type III,Type III,SCAPS_literature_table,literature_chi_Eg,device_simulation_parameter,bulk_thin_film_device,halide_perovskite_alloy,full_stack,pooled_etl_htl,10.1038/s41598-024-81797-x,CsPbZnIBr2 SCAPS + pooled contacts
CsPb0.625Zn0.375IBr2,PC60BM,GaAs,1.05,1.8,1.42,0.07,-0.17,Type III,Type III,SCAPS_literature_table,literature_chi_Eg,device_simulation_parameter,bulk_thin_film_device,halide_perovskite_alloy,full_stack,pooled_etl_htl,10.1038/s41598-024-81797-x,CsPbZnIBr2 SCAPS + pooled contacts
CsPb0.625Zn0.375IBr2,PC60BM,ZnTe,1.05,1.8,2.25,0.07,-0.66,Type III,Type III,SCAPS_literature_table,literature_chi_Eg,device_simulation_parameter,bulk_thin_film_device,halide_perovskite_alloy,full_stack,pooled_etl_htl,10.1038/s41598-024-81797-x,CsPbZnIBr2 SCAPS + pooled contacts
CsPb0.625Zn0.375IBr2,PC60BM,CNTS,1.05,1.8,1.74,0.07,-0.29,Type III,Type III,SCAPS_literature_table,literature_chi_Eg,device_simulation_parameter,bulk_thin_film_device,halide_perovskite_alloy,full_stack,pooled_etl_htl,10.1038/s41598-024-81797-x,CsPbZnIBr2 SCAPS + pooled contacts
CsPb0.625Zn0.375IBr2,PC60BM,MEH-PPV,1.05,1.8,2.1,0.07,0.42,Type III,Type I,SCAPS_literature_table,literature_chi_Eg,device_simulation_parameter,bulk_thin_film_device,halide_perovskite_alloy,full_stack,pooled_etl_htl,10.1038/s41598-024-81797-x,CsPbZnIBr2 SCAPS + pooled contacts
CsPb0.625Zn0.375IBr2,PC60BM,MoS2,1.05,1.8,1.29,0.07,-0.17,Type III,Type III,SCAPS_literature_table,literature_chi_Eg,device_simulation_parameter,bulk_thin_film_device,halide_perovskite_alloy,full_stack,pooled_etl_htl,10.1038/s41598-024-81797-x,CsPbZnIBr2 SCAPS + pooled contacts
CsPb0.625Zn0.375IBr2,PC60BM,Cu2Te,1.05,1.8,1.18,0.07,-0.06,Type III,Type III,SCAPS_literature_table,literature_chi_Eg,device_simulation_parameter,bulk_thin_film_device,halide_perovskite_alloy,full_stack,pooled_etl_htl,10.1038/s41598-024-81797-x,CsPbZnIBr2 SCAPS + pooled contacts
CsPb0.625Zn0.375IBr2,PC60BM,Zn3P2,1.05,1.8,1.5,0.07,-0.38,Type III,Type III,SCAPS_literature_table,literature_chi_Eg,device_simulation_parameter,bulk_thin_film_device,halide_perovskite_alloy,full_stack,pooled_etl_htl,10.1038/s41598-024-81797-x,CsPbZnIBr2 SCAPS + pooled contacts
CsPb0.625Zn0.375IBr2,PC60BM,CFTS,1.05,1.8,1.3,0.07,0.72,Type III,Type I,SCAPS_literature_table,literature_chi_Eg,device_simulation_parameter,bulk_thin_film_device,halide_perovskite_alloy,full_stack,pooled_etl_htl,10.1038/s41598-024-81797-x,CsPbZnIBr2 SCAPS + pooled contacts
CsPb0.625Zn0.375IBr2,PC60BM,CuI,1.05,1.8,3.1,0.07,0.12,Type III,Type I,SCAPS_literature_table,literature_chi_Eg,device_simulation_parameter,bulk_thin_film_device,halide_perovskite_alloy,full_stack,pooled_etl_htl,10.1038/s41598-024-81797-x,CsPbZnIBr2 SCAPS + pooled contacts
CsPb0.625Zn0.375IBr2,PC60BM,CuSCN,1.05,1.8,3.6,0.07,0.02,Type III,Type I,SCAPS_literature_table,literature_chi_Eg,device_simulation_parameter,bulk_thin_film_device,halide_perovskite_alloy,full_stack,pooled_etl_htl,10.1038/s41598-024-81797-x,CsPbZnIBr2 SCAPS + pooled contacts
CsPb0.625Zn0.375IBr2,PC60BM,NiO,1.05,1.8,3.6,0.07,-0.08,Type III,Type III,SCAPS_literature_table,literature_chi_Eg,device_simulation_parameter,bulk_thin_film_device,halide_perovskite_alloy,full_stack,pooled_etl_htl,10.1038/s41598-024-81797-x,CsPbZnIBr2 SCAPS + pooled contacts
CsPb0.625Zn0.375IBr2,PC60BM,V2O5,1.05,1.8,2.2,0.07,-0.28,Type III,Type III,SCAPS_literature_table,literature_chi_Eg,device_simulation_parameter,bulk_thin_film_device,halide_perovskite_alloy,full_stack,pooled_etl_htl,10.1038/s41598-024-81797-x,CsPbZnIBr2 SCAPS + pooled contacts
CsPb0.625Zn0.375IBr2,LBSO,MWCNTs,1.05,3.12,1.55,-0.13,0.13,Type I,Type I,SCAPS_literature_table,literature_chi_Eg,device_simulation_parameter,bulk_thin_film_device,halide_perovskite_alloy,full_stack,pooled_etl_htl,10.1038/s41598-024-81797-x,CsPbZnIBr2 SCAPS + pooled contacts
CsPb0.625Zn0.375IBr2,LBSO,MoO3,1.05,3.12,3.0,-0.13,0.02,Type I,Type I,SCAPS_literature_table,literature_chi_Eg,device_simulation_parameter,bulk_thin_film_device,halide_perovskite_alloy,full_stack,pooled_etl_htl,10.1038/s41598-024-81797-x,CsPbZnIBr2 SCAPS + pooled contacts
CsPb0.625Zn0.375IBr2,LBSO,PTAA,1.05,3.12,2.96,-0.13,0.06,Type I,Type I,SCAPS_literature_table,literature_chi_Eg,device_simulation_parameter,bulk_thin_film_device,halide_perovskite_alloy,full_stack,pooled_etl_htl,10.1038/s41598-024-81797-x,CsPbZnIBr2 SCAPS + pooled contacts
CsPb0.625Zn0.375IBr2,LBSO,TiO2:N,1.05,3.12,3.0,-0.13,0.12,Type I,Type I,SCAPS_literature_table,literature_chi_Eg,device_simulation_parameter,bulk_thin_film_device,halide_perovskite_alloy,full_stack,pooled_etl_htl,10.1038/s41598-024-81797-x,CsPbZnIBr2 SCAPS + pooled contacts
CsPb0.625Zn0.375IBr2,LBSO,NiCo2O4,1.05,3.12,2.3,-0.13,-0.46,Type I,Type III,SCAPS_literature_table,literature_chi_Eg,device_simulation_parameter,bulk_thin_film_device,halide_perovskite_alloy,full_stack,pooled_etl_htl,10.1038/s41598-024-81797-x,CsPbZnIBr2 SCAPS + pooled contacts
CsPb0.625Zn0.375IBr2,LBSO,C6TBTAPH2,1.05,3.12,1.59,-0.13,0.15,Type I,Type I,SCAPS_literature_table,literature_chi_Eg,device_simulation_parameter,bulk_thin_film_device,halide_perovskite_alloy,full_stack,pooled_etl_htl,10.1038/s41598-024-81797-x,CsPbZnIBr2 SCAPS + pooled contacts
CsPb0.625Zn0.375IBr2,LBSO,nPB,1.05,3.12,2.4,-0.13,-0.08,Type I,Type III,SCAPS_literature_table,literature_chi_Eg,device_simulation_parameter,bulk_thin_film_device,halide_perovskite_alloy,full_stack,pooled_etl_htl,10.1038/s41598-024-81797-x,CsPbZnIBr2 SCAPS + pooled contacts
CsPb0.625Zn0.375IBr2,LBSO,C6PcH2,1.05,3.12,1.6,-0.13,0.02,Type I,Type I,SCAPS_literature_table,literature_chi_Eg,device_simulation_parameter,bulk_thin_film_device,halide_perovskite_alloy,full_stack,pooled_etl_htl,10.1038/s41598-024-81797-x,CsPbZnIBr2 SCAPS + pooled contacts
CsPb0.625Zn0.375IBr2,LBSO,CuAlO2,1.05,3.12,3.46,-0.13,-0.64,Type I,Type III,SCAPS_literature_table,literature_chi_Eg,device_simulation_parameter,bulk_thin_film_device,halide_perovskite_alloy,full_stack,pooled_etl_htl,10.1038/s41598-024-81797-x,CsPbZnIBr2 SCAPS + pooled contacts
CsPb0.625Zn0.375IBr2,LBSO,D-PBTTT-14,1.05,3.12,2.16,-0.13,-0.04,Type I,Type III,SCAPS_literature_table,literature_chi_Eg,device_simulation_parameter,bulk_thin_film_device,halide_perovskite_alloy,full_stack,pooled_etl_htl,10.1038/s41598-024-81797-x,CsPbZnIBr2 SCAPS + pooled contacts
CsPb0.625Zn0.375IBr2,LBSO,GaAs,1.05,3.12,1.42,-0.13,-0.17,Type I,Type III,SCAPS_literature_table,literature_chi_Eg,device_simulation_parameter,bulk_thin_film_device,halide_perovskite_alloy,full_stack,pooled_etl_htl,10.1038/s41598-024-81797-x,CsPbZnIBr2 SCAPS + pooled contacts
CsPb0.625Zn0.375IBr2,LBSO,ZnTe,1.05,3.12,2.25,-0.13,-0.66,Type I,Type III,SCAPS_literature_table,literature_chi_Eg,device_simulation_parameter,bulk_thin_film_device,halide_perovskite_alloy,full_stack,pooled_etl_htl,10.1038/s41598-024-81797-x,CsPbZnIBr2 SCAPS + pooled contacts
CsPb0.625Zn0.375IBr2,LBSO,CNTS,1.05,3.12,1.74,-0.13,-0.29,Type I,Type III,SCAPS_literature_table,literature_chi_Eg,device_simulation_parameter,bulk_thin_film_device,halide_perovskite_alloy,full_stack,pooled_etl_htl,10.1038/s41598-024-81797-x,CsPbZnIBr2 SCAPS + pooled contacts
CsPb0.625Zn0.375IBr2,LBSO,MEH-PPV,1.05,3.12,2.1,-0.13,0.42,Type I,Type I,SCAPS_literature_table,literature_chi_Eg,device_simulation_parameter,bulk_thin_film_device,halide_perovskite_alloy,full_stack,pooled_etl_htl,10.1038/s41598-024-81797-x,CsPbZnIBr2 SCAPS + pooled contacts
CsPb0.625Zn0.375IBr2,LBSO,MoS2,1.05,3.12,1.29,-0.13,-0.17,Type I,Type III,SCAPS_literature_table,literature_chi_Eg,device_simulation_parameter,bulk_thin_film_device,halide_perovskite_alloy,full_stack,pooled_etl_htl,10.1038/s41598-024-81797-x,CsPbZnIBr2 SCAPS + pooled contacts
CsPb0.625Zn0.375IBr2,LBSO,Cu2Te,1.05,3.12,1.18,-0.13,-0.06,Type I,Type III,SCAPS_literature_table,literature_chi_Eg,device_simulation_parameter,bulk_thin_film_device,halide_perovskite_alloy,full_stack,pooled_etl_htl,10.1038/s41598-024-81797-x,CsPbZnIBr2 SCAPS + pooled contacts
CsPb0.625Zn0.375IBr2,LBSO,Zn3P2,1.05,3.12,1.5,-0.13,-0.38,Type I,Type III,SCAPS_literature_table,literature_chi_Eg,device_simulation_parameter,bulk_thin_film_device,halide_perovskite_alloy,full_stack,pooled_etl_htl,10.1038/s41598-024-81797-x,CsPbZnIBr2 SCAPS + pooled contacts
CsPb0.625Zn0.375IBr2,LBSO,CFTS,1.05,3.12,1.3,-0.13,0.72,Type I,Type I,SCAPS_literature_table,literature_chi_Eg,device_simulation_parameter,bulk_thin_film_device,halide_perovskite_alloy,full_stack,pooled_etl_htl,10.1038/s41598-024-81797-x,CsPbZnIBr2 SCAPS + pooled contacts
CsPb0.625Zn0.375IBr2,LBSO,CuI,1.05,3.12,3.1,-0.13,0.12,Type I,Type I,SCAPS_literature_table,literature_chi_Eg,device_simulation_parameter,bulk_thin_film_device,halide_perovskite_alloy,full_stack,pooled_etl_htl,10.1038/s41598-024-81797-x,CsPbZnIBr2 SCAPS + pooled contacts
CsPb0.625Zn0.375IBr2,LBSO,CuSCN,1.05,3.12,3.6,-0.13,0.02,Type I,Type I,SCAPS_literature_table,literature_chi_Eg,device_simulation_parameter,bulk_thin_film_device,halide_perovskite_alloy,full_stack,pooled_etl_htl,10.1038/s41598-024-81797-x,CsPbZnIBr2 SCAPS + pooled contacts
CsPb0.625Zn0.375IBr2,LBSO,NiO,1.05,3.12,3.6,-0.13,-0.08,Type I,Type III,SCAPS_literature_table,literature_chi_Eg,device_simulation_parameter,bulk_thin_film_device,halide_perovskite_alloy,full_stack,pooled_etl_htl,10.1038/s41598-024-81797-x,CsPbZnIBr2 SCAPS + pooled contacts
CsPb0.625Zn0.375IBr2,LBSO,V2O5,1.05,3.12,2.2,-0.13,-0.28,Type I,Type III,SCAPS_literature_table,literature_chi_Eg,device_simulation_parameter,bulk_thin_film_device,halide_perovskite_alloy,full_stack,pooled_etl_htl,10.1038/s41598-024-81797-x,CsPbZnIBr2 SCAPS + pooled contacts
CsPb0.625Zn0.375IBr2,Nb2O5,MWCNTs,1.05,3.46,1.55,-0.06,0.13,Type I,Type I,SCAPS_literature_table,literature_chi_Eg,device_simulation_parameter,bulk_thin_film_device,halide_perovskite_alloy,full_stack,pooled_etl_htl,10.1038/s41598-024-81797-x,CsPbZnIBr2 SCAPS + pooled contacts
CsPb0.625Zn0.375IBr2,Nb2O5,MoO3,1.05,3.46,3.0,-0.06,0.02,Type I,Type I,SCAPS_literature_table,literature_chi_Eg,device_simulation_parameter,bulk_thin_film_device,halide_perovskite_alloy,full_stack,pooled_etl_htl,10.1038/s41598-024-81797-x,CsPbZnIBr2 SCAPS + pooled contacts
CsPb0.625Zn0.375IBr2,Nb2O5,PTAA,1.05,3.46,2.96,-0.06,0.06,Type I,Type I,SCAPS_literature_table,literature_chi_Eg,device_simulation_parameter,bulk_thin_film_device,halide_perovskite_alloy,full_stack,pooled_etl_htl,10.1038/s41598-024-81797-x,CsPbZnIBr2 SCAPS + pooled contacts
CsPb0.625Zn0.375IBr2,Nb2O5,TiO2:N,1.05,3.46,3.0,-0.06,0.12,Type I,Type I,SCAPS_literature_table,literature_chi_Eg,device_simulation_parameter,bulk_thin_film_device,halide_perovskite_alloy,full_stack,pooled_etl_htl,10.1038/s41598-024-81797-x,CsPbZnIBr2 SCAPS + pooled contacts
CsPb0.625Zn0.375IBr2,Nb2O5,NiCo2O4,1.05,3.46,2.3,-0.06,-0.46,Type I,Type III,SCAPS_literature_table,literature_chi_Eg,device_simulation_parameter,bulk_thin_film_device,halide_perovskite_alloy,full_stack,pooled_etl_htl,10.1038/s41598-024-81797-x,CsPbZnIBr2 SCAPS + pooled contacts
CsPb0.625Zn0.375IBr2,Nb2O5,C6TBTAPH2,1.05,3.46,1.59,-0.06,0.15,Type I,Type I,SCAPS_literature_table,literature_chi_Eg,device_simulation_parameter,bulk_thin_film_device,halide_perovskite_alloy,full_stack,pooled_etl_htl,10.1038/s41598-024-81797-x,CsPbZnIBr2 SCAPS + pooled contacts
CsPb0.625Zn0.375IBr2,Nb2O5,nPB,1.05,3.46,2.4,-0.06,-0.08,Type I,Type III,SCAPS_literature_table,literature_chi_Eg,device_simulation_parameter,bulk_thin_film_device,halide_perovskite_alloy,full_stack,pooled_etl_htl,10.1038/s41598-024-81797-x,CsPbZnIBr2 SCAPS + pooled contacts
CsPb0.625Zn0.375IBr2,Nb2O5,C6PcH2,1.05,3.46,1.6,-0.06,0.02,Type I,Type I,SCAPS_literature_table,literature_chi_Eg,device_simulation_parameter,bulk_thin_film_device,halide_perovskite_alloy,full_stack,pooled_etl_htl,10.1038/s41598-024-81797-x,CsPbZnIBr2 SCAPS + pooled contacts
CsPb0.625Zn0.375IBr2,Nb2O5,CuAlO2,1.05,3.46,3.46,-0.06,-0.64,Type I,Type III,SCAPS_literature_table,literature_chi_Eg,device_simulation_parameter,bulk_thin_film_device,halide_perovskite_alloy,full_stack,pooled_etl_htl,10.1038/s41598-024-81797-x,CsPbZnIBr2 SCAPS + pooled contacts
CsPb0.625Zn0.375IBr2,Nb2O5,D-PBTTT-14,1.05,3.46,2.16,-0.06,-0.04,Type I,Type III,SCAPS_literature_table,literature_chi_Eg,device_simulation_parameter,bulk_thin_film_device,halide_perovskite_alloy,full_stack,pooled_etl_htl,10.1038/s41598-024-81797-x,CsPbZnIBr2 SCAPS + pooled contacts
CsPb0.625Zn0.375IBr2,Nb2O5,GaAs,1.05,3.46,1.42,-0.06,-0.17,Type I,Type III,SCAPS_literature_table,literature_chi_Eg,device_simulation_parameter,bulk_thin_film_device,halide_perovskite_alloy,full_stack,pooled_etl_htl,10.1038/s41598-024-81797-x,CsPbZnIBr2 SCAPS + pooled contacts
CsPb0.625Zn0.375IBr2,Nb2O5,ZnTe,1.05,3.46,2.25,-0.06,-0.66,Type I,Type III,SCAPS_literature_table,literature_chi_Eg,device_simulation_parameter,bulk_thin_film_device,halide_perovskite_alloy,full_stack,pooled_etl_htl,10.1038/s41598-024-81797-x,CsPbZnIBr2 SCAPS + pooled contacts
CsPb0.625Zn0.375IBr2,Nb2O5,CNTS,1.05,3.46,1.74,-0.06,-0.29,Type I,Type III,SCAPS_literature_table,literature_chi_Eg,device_simulation_parameter,bulk_thin_film_device,halide_perovskite_alloy,full_stack,pooled_etl_htl,10.1038/s41598-024-81797-x,CsPbZnIBr2 SCAPS + pooled contacts
CsPb0.625Zn0.375IBr2,Nb2O5,MEH-PPV,1.05,3.46,2.1,-0.06,0.42,Type I,Type I,SCAPS_literature_table,literature_chi_Eg,device_simulation_parameter,bulk_thin_film_device,halide_perovskite_alloy,full_stack,pooled_etl_htl,10.1038/s41598-024-81797-x,CsPbZnIBr2 SCAPS + pooled contacts
CsPb0.625Zn0.375IBr2,Nb2O5,MoS2,1.05,3.46,1.29,-0.06,-0.17,Type I,Type III,SCAPS_literature_table,literature_chi_Eg,device_simulation_parameter,bulk_thin_film_device,halide_perovskite_alloy,full_stack,pooled_etl_htl,10.1038/s41598-024-81797-x,CsPbZnIBr2 SCAPS + pooled contacts
CsPb0.625Zn0.375IBr2,Nb2O5,Cu2Te,1.05,3.46,1.18,-0.06,-0.06,Type I,Type III,SCAPS_literature_table,literature_chi_Eg,device_simulation_parameter,bulk_thin_film_device,halide_perovskite_alloy,full_stack,pooled_etl_htl,10.1038/s41598-024-81797-x,CsPbZnIBr2 SCAPS + pooled contacts
CsPb0.625Zn0.375IBr2,Nb2O5,Zn3P2,1.05,3.46,1.5,-0.06,-0.38,Type I,Type III,SCAPS_literature_table,literature_chi_Eg,device_simulation_parameter,bulk_thin_film_device,halide_perovskite_alloy,full_stack,pooled_etl_htl,10.1038/s41598-024-81797-x,CsPbZnIBr2 SCAPS + pooled contacts
CsPb0.625Zn0.375IBr2,Nb2O5,CFTS,1.05,3.46,1.3,-0.06,0.72,Type I,Type I,SCAPS_literature_table,literature_chi_Eg,device_simulation_parameter,bulk_thin_film_device,halide_perovskite_alloy,full_stack,pooled_etl_htl,10.1038/s41598-024-81797-x,CsPbZnIBr2 SCAPS + pooled contacts
CsPb0.625Zn0.375IBr2,Nb2O5,CuI,1.05,3.46,3.1,-0.06,0.12,Type I,Type I,SCAPS_literature_table,literature_chi_Eg,device_simulation_parameter,bulk_thin_film_device,halide_perovskite_alloy,full_stack,pooled_etl_htl,10.1038/s41598-024-81797-x,CsPbZnIBr2 SCAPS + pooled contacts
CsPb0.625Zn0.375IBr2,Nb2O5,CuSCN,1.05,3.46,3.6,-0.06,0.02,Type I,Type I,SCAPS_literature_table,literature_chi_Eg,device_simulation_parameter,bulk_thin_film_device,halide_perovskite_alloy,full_stack,pooled_etl_htl,10.1038/s41598-024-81797-x,CsPbZnIBr2 SCAPS + pooled contacts
CsPb0.625Zn0.375IBr2,Nb2O5,NiO,1.05,3.46,3.6,-0.06,-0.08,Type I,Type III,SCAPS_literature_table,literature_chi_Eg,device_simulation_parameter,bulk_thin_film_device,halide_perovskite_alloy,full_stack,pooled_etl_htl,10.1038/s41598-024-81797-x,CsPbZnIBr2 SCAPS + pooled contacts
CsPb0.625Zn0.375IBr2,Nb2O5,V2O5,1.05,3.46,2.2,-0.06,-0.28,Type I,Type III,SCAPS_literature_table,literature_chi_Eg,device_simulation_parameter,bulk_thin_film_device,halide_perovskite_alloy,full_stack,pooled_etl_htl,10.1038/s41598-024-81797-x,CsPbZnIBr2 SCAPS + pooled contacts
CsPb0.625Zn0.375IBr2,CdZnS,MWCNTs,1.05,3.2,1.55,0.07,0.13,Type III,Type I,SCAPS_literature_table,literature_chi_Eg,device_simulation_parameter,bulk_thin_film_device,halide_perovskite_alloy,full_stack,pooled_etl_htl,10.1038/s41598-024-81797-x,CsPbZnIBr2 SCAPS + pooled contacts
CsPb0.625Zn0.375IBr2,CdZnS,MoO3,1.05,3.2,3.0,0.07,0.02,Type III,Type I,SCAPS_literature_table,literature_chi_Eg,device_simulation_parameter,bulk_thin_film_device,halide_perovskite_alloy,full_stack,pooled_etl_htl,10.1038/s41598-024-81797-x,CsPbZnIBr2 SCAPS + pooled contacts
CsPb0.625Zn0.375IBr2,CdZnS,PTAA,1.05,3.2,2.96,0.07,0.06,Type III,Type I,SCAPS_literature_table,literature_chi_Eg,device_simulation_parameter,bulk_thin_film_device,halide_perovskite_alloy,full_stack,pooled_etl_htl,10.1038/s41598-024-81797-x,CsPbZnIBr2 SCAPS + pooled contacts
CsPb0.625Zn0.375IBr2,CdZnS,TiO2:N,1.05,3.2,3.0,0.07,0.12,Type III,Type I,SCAPS_literature_table,literature_chi_Eg,device_simulation_parameter,bulk_thin_film_device,halide_perovskite_alloy,full_stack,pooled_etl_htl,10.1038/s41598-024-81797-x,CsPbZnIBr2 SCAPS + pooled contacts
CsPb0.625Zn0.375IBr2,CdZnS,NiCo2O4,1.05,3.2,2.3,0.07,-0.46,Type III,Type III,SCAPS_literature_table,literature_chi_Eg,device_simulation_parameter,bulk_thin_film_device,halide_perovskite_alloy,full_stack,pooled_etl_htl,10.1038/s41598-024-81797-x,CsPbZnIBr2 SCAPS + pooled contacts
CsPb0.625Zn0.375IBr2,CdZnS,C6TBTAPH2,1.05,3.2,1.59,0.07,0.15,Type III,Type I,SCAPS_literature_table,literature_chi_Eg,device_simulation_parameter,bulk_thin_film_device,halide_perovskite_alloy,full_stack,pooled_etl_htl,10.1038/s41598-024-81797-x,CsPbZnIBr2 SCAPS + pooled contacts
CsPb0.625Zn0.375IBr2,CdZnS,nPB,1.05,3.2,2.4,0.07,-0.08,Type III,Type III,SCAPS_literature_table,literature_chi_Eg,device_simulation_parameter,bulk_thin_film_device,halide_perovskite_alloy,full_stack,pooled_etl_htl,10.1038/s41598-024-81797-x,CsPbZnIBr2 SCAPS + pooled contacts
CsPb0.625Zn0.375IBr2,CdZnS,C6PcH2,1.05,3.2,1.6,0.07,0.02,Type III,Type I,SCAPS_literature_table,literature_chi_Eg,device_simulation_parameter,bulk_thin_film_device,halide_perovskite_alloy,full_stack,pooled_etl_htl,10.1038/s41598-024-81797-x,CsPbZnIBr2 SCAPS + pooled contacts
CsPb0.625Zn0.375IBr2,CdZnS,CuAlO2,1.05,3.2,3.46,0.07,-0.64,Type III,Type III,SCAPS_literature_table,literature_chi_Eg,device_simulation_parameter,bulk_thin_film_device,halide_perovskite_alloy,full_stack,pooled_etl_htl,10.1038/s41598-024-81797-x,CsPbZnIBr2 SCAPS + pooled contacts
CsPb0.625Zn0.375IBr2,CdZnS,D-PBTTT-14,1.05,3.2,2.16,0.07,-0.04,Type III,Type III,SCAPS_literature_table,literature_chi_Eg,device_simulation_parameter,bulk_thin_film_device,halide_perovskite_alloy,full_stack,pooled_etl_htl,10.1038/s41598-024-81797-x,CsPbZnIBr2 SCAPS + pooled contacts
CsPb0.625Zn0.375IBr2,CdZnS,GaAs,1.05,3.2,1.42,0.07,-0.17,Type III,Type III,SCAPS_literature_table,literature_chi_Eg,device_simulation_parameter,bulk_thin_film_device,halide_perovskite_alloy,full_stack,pooled_etl_htl,10.1038/s41598-024-81797-x,CsPbZnIBr2 SCAPS + pooled contacts
CsPb0.625Zn0.375IBr2,CdZnS,ZnTe,1.05,3.2,2.25,0.07,-0.66,Type III,Type III,SCAPS_literature_table,literature_chi_Eg,device_simulation_parameter,bulk_thin_film_device,halide_perovskite_alloy,full_stack,pooled_etl_htl,10.1038/s41598-024-81797-x,CsPbZnIBr2 SCAPS + pooled contacts
CsPb0.625Zn0.375IBr2,CdZnS,CNTS,1.05,3.2,1.74,0.07,-0.29,Type III,Type III,SCAPS_literature_table,literature_chi_Eg,device_simulation_parameter,bulk_thin_film_device,halide_perovskite_alloy,full_stack,pooled_etl_htl,10.1038/s41598-024-81797-x,CsPbZnIBr2 SCAPS + pooled contacts
CsPb0.625Zn0.375IBr2,CdZnS,MEH-PPV,1.05,3.2,2.1,0.07,0.42,Type III,Type I,SCAPS_literature_table,literature_chi_Eg,device_simulation_parameter,bulk_thin_film_device,halide_perovskite_alloy,full_stack,pooled_etl_htl,10.1038/s41598-024-81797-x,CsPbZnIBr2 SCAPS + pooled contacts
CsPb0.625Zn0.375IBr2,CdZnS,MoS2,1.05,3.2,1.29,0.07,-0.17,Type III,Type III,SCAPS_literature_table,literature_chi_Eg,device_simulation_parameter,bulk_thin_film_device,halide_perovskite_alloy,full_stack,pooled_etl_htl,10.1038/s41598-024-81797-x,CsPbZnIBr2 SCAPS + pooled contacts
CsPb0.625Zn0.375IBr2,CdZnS,Cu2Te,1.05,3.2,1.18,0.07,-0.06,Type III,Type III,SCAPS_literature_table,literature_chi_Eg,device_simulation_parameter,bulk_thin_film_device,halide_perovskite_alloy,full_stack,pooled_etl_htl,10.1038/s41598-024-81797-x,CsPbZnIBr2 SCAPS + pooled contacts
CsPb0.625Zn0.375IBr2,CdZnS,Zn3P2,1.05,3.2,1.5,0.07,-0.38,Type III,Type III,SCAPS_literature_table,literature_chi_Eg,device_simulation_parameter,bulk_thin_film_device,halide_perovskite_alloy,full_stack,pooled_etl_htl,10.1038/s41598-024-81797-x,CsPbZnIBr2 SCAPS + pooled contacts
CsPb0.625Zn0.375IBr2,CdZnS,CFTS,1.05,3.2,1.3,0.07,0.72,Type III,Type I,SCAPS_literature_table,literature_chi_Eg,device_simulation_parameter,bulk_thin_film_device,halide_perovskite_alloy,full_stack,pooled_etl_htl,10.1038/s41598-024-81797-x,CsPbZnIBr2 SCAPS + pooled contacts
CsPb0.625Zn0.375IBr2,CdZnS,CuI,1.05,3.2,3.1,0.07,0.12,Type III,Type I,SCAPS_literature_table,literature_chi_Eg,device_simulation_parameter,bulk_thin_film_device,halide_perovskite_alloy,full_stack,pooled_etl_htl,10.1038/s41598-024-81797-x,CsPbZnIBr2 SCAPS + pooled contacts
CsPb0.625Zn0.375IBr2,CdZnS,CuSCN,1.05,3.2,3.6,0.07,0.02,Type III,Type I,SCAPS_literature_table,literature_chi_Eg,device_simulation_parameter,bulk_thin_film_device,halide_perovskite_alloy,full_stack,pooled_etl_htl,10.1038/s41598-024-81797-x,CsPbZnIBr2 SCAPS + pooled contacts
CsPb0.625Zn0.375IBr2,CdZnS,NiO,1.05,3.2,3.6,0.07,-0.08,Type III,Type III,SCAPS_literature_table,literature_chi_Eg,device_simulation_parameter,bulk_thin_film_device,halide_perovskite_alloy,full_stack,pooled_etl_htl,10.1038/s41598-024-81797-x,CsPbZnIBr2 SCAPS + pooled contacts
CsPb0.625Zn0.375IBr2,CdZnS,V2O5,1.05,3.2,2.2,0.07,-0.28,Type III,Type III,SCAPS_literature_table,literature_chi_Eg,device_simulation_parameter,bulk_thin_film_device,halide_perovskite_alloy,full_stack,pooled_etl_htl,10.1038/s41598-024-81797-x,CsPbZnIBr2 SCAPS + pooled contacts
CsPb0.625Zn0.375IBr2,SnS2,MWCNTs,1.05,1.85,1.55,0.01,0.13,Type III,Type I,SCAPS_literature_table,literature_chi_Eg,device_simulation_parameter,bulk_thin_film_device,halide_perovskite_alloy,full_stack,pooled_etl_htl,10.1038/s41598-024-81797-x,CsPbZnIBr2 SCAPS + pooled contacts
CsPb0.625Zn0.375IBr2,SnS2,MoO3,1.05,1.85,3.0,0.01,0.02,Type III,Type I,SCAPS_literature_table,literature_chi_Eg,device_simulation_parameter,bulk_thin_film_device,halide_perovskite_alloy,full_stack,pooled_etl_htl,10.1038/s41598-024-81797-x,CsPbZnIBr2 SCAPS + pooled contacts
CsPb0.625Zn0.375IBr2,SnS2,PTAA,1.05,1.85,2.96,0.01,0.06,Type III,Type I,SCAPS_literature_table,literature_chi_Eg,device_simulation_parameter,bulk_thin_film_device,halide_perovskite_alloy,full_stack,pooled_etl_htl,10.1038/s41598-024-81797-x,CsPbZnIBr2 SCAPS + pooled contacts
CsPb0.625Zn0.375IBr2,SnS2,TiO2:N,1.05,1.85,3.0,0.01,0.12,Type III,Type I,SCAPS_literature_table,literature_chi_Eg,device_simulation_parameter,bulk_thin_film_device,halide_perovskite_alloy,full_stack,pooled_etl_htl,10.1038/s41598-024-81797-x,CsPbZnIBr2 SCAPS + pooled contacts
CsPb0.625Zn0.375IBr2,SnS2,NiCo2O4,1.05,1.85,2.3,0.01,-0.46,Type III,Type III,SCAPS_literature_table,literature_chi_Eg,device_simulation_parameter,bulk_thin_film_device,halide_perovskite_alloy,full_stack,pooled_etl_htl,10.1038/s41598-024-81797-x,CsPbZnIBr2 SCAPS + pooled contacts
CsPb0.625Zn0.375IBr2,SnS2,C6TBTAPH2,1.05,1.85,1.59,0.01,0.15,Type III,Type I,SCAPS_literature_table,literature_chi_Eg,device_simulation_parameter,bulk_thin_film_device,halide_perovskite_alloy,full_stack,pooled_etl_htl,10.1038/s41598-024-81797-x,CsPbZnIBr2 SCAPS + pooled contacts
CsPb0.625Zn0.375IBr2,SnS2,nPB,1.05,1.85,2.4,0.01,-0.08,Type III,Type III,SCAPS_literature_table,literature_chi_Eg,device_simulation_parameter,bulk_thin_film_device,halide_perovskite_alloy,full_stack,pooled_etl_htl,10.1038/s41598-024-81797-x,CsPbZnIBr2 SCAPS + pooled contacts
CsPb0.625Zn0.375IBr2,SnS2,C6PcH2,1.05,1.85,1.6,0.01,0.02,Type III,Type I,SCAPS_literature_table,literature_chi_Eg,device_simulation_parameter,bulk_thin_film_device,halide_perovskite_alloy,full_stack,pooled_etl_htl,10.1038/s41598-024-81797-x,CsPbZnIBr2 SCAPS + pooled contacts
CsPb0.625Zn0.375IBr2,SnS2,CuAlO2,1.05,1.85,3.46,0.01,-0.64,Type III,Type III,SCAPS_literature_table,literature_chi_Eg,device_simulation_parameter,bulk_thin_film_device,halide_perovskite_alloy,full_stack,pooled_etl_htl,10.1038/s41598-024-81797-x,CsPbZnIBr2 SCAPS + pooled contacts
CsPb0.625Zn0.375IBr2,SnS2,D-PBTTT-14,1.05,1.85,2.16,0.01,-0.04,Type III,Type III,SCAPS_literature_table,literature_chi_Eg,device_simulation_parameter,bulk_thin_film_device,halide_perovskite_alloy,full_stack,pooled_etl_htl,10.1038/s41598-024-81797-x,CsPbZnIBr2 SCAPS + pooled contacts
CsPb0.625Zn0.375IBr2,SnS2,GaAs,1.05,1.85,1.42,0.01,-0.17,Type III,Type III,SCAPS_literature_table,literature_chi_Eg,device_simulation_parameter,bulk_thin_film_device,halide_perovskite_alloy,full_stack,pooled_etl_htl,10.1038/s41598-024-81797-x,CsPbZnIBr2 SCAPS + pooled contacts
CsPb0.625Zn0.375IBr2,SnS2,ZnTe,1.05,1.85,2.25,0.01,-0.66,Type III,Type III,SCAPS_literature_table,literature_chi_Eg,device_simulation_parameter,bulk_thin_film_device,halide_perovskite_alloy,full_stack,pooled_etl_htl,10.1038/s41598-024-81797-x,CsPbZnIBr2 SCAPS + pooled contacts
CsPb0.625Zn0.375IBr2,SnS2,CNTS,1.05,1.85,1.74,0.01,-0.29,Type III,Type III,SCAPS_literature_table,literature_chi_Eg,device_simulation_parameter,bulk_thin_film_device,halide_perovskite_alloy,full_stack,pooled_etl_htl,10.1038/s41598-024-81797-x,CsPbZnIBr2 SCAPS + pooled contacts
CsPb0.625Zn0.375IBr2,SnS2,MEH-PPV,1.05,1.85,2.1,0.01,0.42,Type III,Type I,SCAPS_literature_table,literature_chi_Eg,device_simulation_parameter,bulk_thin_film_device,halide_perovskite_alloy,full_stack,pooled_etl_htl,10.1038/s41598-024-81797-x,CsPbZnIBr2 SCAPS + pooled contacts
CsPb0.625Zn0.375IBr2,SnS2,MoS2,1.05,1.85,1.29,0.01,-0.17,Type III,Type III,SCAPS_literature_table,literature_chi_Eg,device_simulation_parameter,bulk_thin_film_device,halide_perovskite_alloy,full_stack,pooled_etl_htl,10.1038/s41598-024-81797-x,CsPbZnIBr2 SCAPS + pooled contacts
CsPb0.625Zn0.375IBr2,SnS2,Cu2Te,1.05,1.85,1.18,0.01,-0.06,Type III,Type III,SCAPS_literature_table,literature_chi_Eg,device_simulation_parameter,bulk_thin_film_device,halide_perovskite_alloy,full_stack,pooled_etl_htl,10.1038/s41598-024-81797-x,CsPbZnIBr2 SCAPS + pooled contacts
CsPb0.625Zn0.375IBr2,SnS2,Zn3P2,1.05,1.85,1.5,0.01,-0.38,Type III,Type III,SCAPS_literature_table,literature_chi_Eg,device_simulation_parameter,bulk_thin_film_device,halide_perovskite_alloy,full_stack,pooled_etl_htl,10.1038/s41598-024-81797-x,CsPbZnIBr2 SCAPS + pooled contacts
CsPb0.625Zn0.375IBr2,SnS2,CFTS,1.05,1.85,1.3,0.01,0.72,Type III,Type I,SCAPS_literature_table,literature_chi_Eg,device_simulation_parameter,bulk_thin_film_device,halide_perovskite_alloy,full_stack,pooled_etl_htl,10.1038/s41598-024-81797-x,CsPbZnIBr2 SCAPS + pooled contacts
CsPb0.625Zn0.375IBr2,SnS2,CuI,1.05,1.85,3.1,0.01,0.12,Type III,Type I,SCAPS_literature_table,literature_chi_Eg,device_simulation_parameter,bulk_thin_film_device,halide_perovskite_alloy,full_stack,pooled_etl_htl,10.1038/s41598-024-81797-x,CsPbZnIBr2 SCAPS + pooled contacts
CsPb0.625Zn0.375IBr2,SnS2,CuSCN,1.05,1.85,3.6,0.01,0.02,Type III,Type I,SCAPS_literature_table,literature_chi_Eg,device_simulation_parameter,bulk_thin_film_device,halide_perovskite_alloy,full_stack,pooled_etl_htl,10.1038/s41598-024-81797-x,CsPbZnIBr2 SCAPS + pooled contacts
CsPb0.625Zn0.375IBr2,SnS2,NiO,1.05,1.85,3.6,0.01,-0.08,Type III,Type III,SCAPS_literature_table,literature_chi_Eg,device_simulation_parameter,bulk_thin_film_device,halide_perovskite_alloy,full_stack,pooled_etl_htl,10.1038/s41598-024-81797-x,CsPbZnIBr2 SCAPS + pooled contacts
CsPb0.625Zn0.375IBr2,SnS2,V2O5,1.05,1.85,2.2,0.01,-0.28,Type III,Type III,SCAPS_literature_table,literature_chi_Eg,device_simulation_parameter,bulk_thin_film_device,halide_perovskite_alloy,full_stack,pooled_etl_htl,10.1038/s41598-024-81797-x,CsPbZnIBr2 SCAPS + pooled contacts
CsPb0.625Zn0.375IBr2,ZnSe,MWCNTs,1.05,2.81,1.55,0.18,0.13,Type III,Type I,SCAPS_literature_table,literature_chi_Eg,device_simulation_parameter,bulk_thin_film_device,halide_perovskite_alloy,full_stack,pooled_etl_htl,10.1038/s41598-024-81797-x,CsPbZnIBr2 SCAPS + pooled contacts
CsPb0.625Zn0.375IBr2,ZnSe,MoO3,1.05,2.81,3.0,0.18,0.02,Type III,Type I,SCAPS_literature_table,literature_chi_Eg,device_simulation_parameter,bulk_thin_film_device,halide_perovskite_alloy,full_stack,pooled_etl_htl,10.1038/s41598-024-81797-x,CsPbZnIBr2 SCAPS + pooled contacts
CsPb0.625Zn0.375IBr2,ZnSe,PTAA,1.05,2.81,2.96,0.18,0.06,Type III,Type I,SCAPS_literature_table,literature_chi_Eg,device_simulation_parameter,bulk_thin_film_device,halide_perovskite_alloy,full_stack,pooled_etl_htl,10.1038/s41598-024-81797-x,CsPbZnIBr2 SCAPS + pooled contacts
CsPb0.625Zn0.375IBr2,ZnSe,TiO2:N,1.05,2.81,3.0,0.18,0.12,Type III,Type I,SCAPS_literature_table,literature_chi_Eg,device_simulation_parameter,bulk_thin_film_device,halide_perovskite_alloy,full_stack,pooled_etl_htl,10.1038/s41598-024-81797-x,CsPbZnIBr2 SCAPS + pooled contacts
CsPb0.625Zn0.375IBr2,ZnSe,NiCo2O4,1.05,2.81,2.3,0.18,-0.46,Type III,Type III,SCAPS_literature_table,literature_chi_Eg,device_simulation_parameter,bulk_thin_film_device,halide_perovskite_alloy,full_stack,pooled_etl_htl,10.1038/s41598-024-81797-x,CsPbZnIBr2 SCAPS + pooled contacts
CsPb0.625Zn0.375IBr2,ZnSe,C6TBTAPH2,1.05,2.81,1.59,0.18,0.15,Type III,Type I,SCAPS_literature_table,literature_chi_Eg,device_simulation_parameter,bulk_thin_film_device,halide_perovskite_alloy,full_stack,pooled_etl_htl,10.1038/s41598-024-81797-x,CsPbZnIBr2 SCAPS + pooled contacts
CsPb0.625Zn0.375IBr2,ZnSe,nPB,1.05,2.81,2.4,0.18,-0.08,Type III,Type III,SCAPS_literature_table,literature_chi_Eg,device_simulation_parameter,bulk_thin_film_device,halide_perovskite_alloy,full_stack,pooled_etl_htl,10.1038/s41598-024-81797-x,CsPbZnIBr2 SCAPS + pooled contacts
CsPb0.625Zn0.375IBr2,ZnSe,C6PcH2,1.05,2.81,1.6,0.18,0.02,Type III,Type I,SCAPS_literature_table,literature_chi_Eg,device_simulation_parameter,bulk_thin_film_device,halide_perovskite_alloy,full_stack,pooled_etl_htl,10.1038/s41598-024-81797-x,CsPbZnIBr2 SCAPS + pooled contacts
CsPb0.625Zn0.375IBr2,ZnSe,CuAlO2,1.05,2.81,3.46,0.18,-0.64,Type III,Type III,SCAPS_literature_table,literature_chi_Eg,device_simulation_parameter,bulk_thin_film_device,halide_perovskite_alloy,full_stack,pooled_etl_htl,10.1038/s41598-024-81797-x,CsPbZnIBr2 SCAPS + pooled contacts
CsPb0.625Zn0.375IBr2,ZnSe,D-PBTTT-14,1.05,2.81,2.16,0.18,-0.04,Type III,Type III,SCAPS_literature_table,literature_chi_Eg,device_simulation_parameter,bulk_thin_film_device,halide_perovskite_alloy,full_stack,pooled_etl_htl,10.1038/s41598-024-81797-x,CsPbZnIBr2 SCAPS + pooled contacts
CsPb0.625Zn0.375IBr2,ZnSe,GaAs,1.05,2.81,1.42,0.18,-0.17,Type III,Type III,SCAPS_literature_table,literature_chi_Eg,device_simulation_parameter,bulk_thin_film_device,halide_perovskite_alloy,full_stack,pooled_etl_htl,10.1038/s41598-024-81797-x,CsPbZnIBr2 SCAPS + pooled contacts
CsPb0.625Zn0.375IBr2,ZnSe,ZnTe,1.05,2.81,2.25,0.18,-0.66,Type III,Type III,SCAPS_literature_table,literature_chi_Eg,device_simulation_parameter,bulk_thin_film_device,halide_perovskite_alloy,full_stack,pooled_etl_htl,10.1038/s41598-024-81797-x,CsPbZnIBr2 SCAPS + pooled contacts
CsPb0.625Zn0.375IBr2,ZnSe,CNTS,1.05,2.81,1.74,0.18,-0.29,Type III,Type III,SCAPS_literature_table,literature_chi_Eg,device_simulation_parameter,bulk_thin_film_device,halide_perovskite_alloy,full_stack,pooled_etl_htl,10.1038/s41598-024-81797-x,CsPbZnIBr2 SCAPS + pooled contacts
CsPb0.625Zn0.375IBr2,ZnSe,MEH-PPV,1.05,2.81,2.1,0.18,0.42,Type III,Type I,SCAPS_literature_table,literature_chi_Eg,device_simulation_parameter,bulk_thin_film_device,halide_perovskite_alloy,full_stack,pooled_etl_htl,10.1038/s41598-024-81797-x,CsPbZnIBr2 SCAPS + pooled contacts
CsPb0.625Zn0.375IBr2,ZnSe,MoS2,1.05,2.81,1.29,0.18,-0.17,Type III,Type III,SCAPS_literature_table,literature_chi_Eg,device_simulation_parameter,bulk_thin_film_device,halide_perovskite_alloy,full_stack,pooled_etl_htl,10.1038/s41598-024-81797-x,CsPbZnIBr2 SCAPS + pooled contacts
CsPb0.625Zn0.375IBr2,ZnSe,Cu2Te,1.05,2.81,1.18,0.18,-0.06,Type III,Type III,SCAPS_literature_table,literature_chi_Eg,device_simulation_parameter,bulk_thin_film_device,halide_perovskite_alloy,full_stack,pooled_etl_htl,10.1038/s41598-024-81797-x,CsPbZnIBr2 SCAPS + pooled contacts
CsPb0.625Zn0.375IBr2,ZnSe,Zn3P2,1.05,2.81,1.5,0.18,-0.38,Type III,Type III,SCAPS_literature_table,literature_chi_Eg,device_simulation_parameter,bulk_thin_film_device,halide_perovskite_alloy,full_stack,pooled_etl_htl,10.1038/s41598-024-81797-x,CsPbZnIBr2 SCAPS + pooled contacts
CsPb0.625Zn0.375IBr2,ZnSe,CFTS,1.05,2.81,1.3,0.18,0.72,Type III,Type I,SCAPS_literature_table,literature_chi_Eg,device_simulation_parameter,bulk_thin_film_device,halide_perovskite_alloy,full_stack,pooled_etl_htl,10.1038/s41598-024-81797-x,CsPbZnIBr2 SCAPS + pooled contacts
CsPb0.625Zn0.375IBr2,ZnSe,CuI,1.05,2.81,3.1,0.18,0.12,Type III,Type I,SCAPS_literature_table,literature_chi_Eg,device_simulation_parameter,bulk_thin_film_device,halide_perovskite_alloy,full_stack,pooled_etl_htl,10.1038/s41598-024-81797-x,CsPbZnIBr2 SCAPS + pooled contacts
CsPb0.625Zn0.375IBr2,ZnSe,CuSCN,1.05,2.81,3.6,0.18,0.02,Type III,Type I,SCAPS_literature_table,literature_chi_Eg,device_simulation_parameter,bulk_thin_film_device,halide_perovskite_alloy,full_stack,pooled_etl_htl,10.1038/s41598-024-81797-x,CsPbZnIBr2 SCAPS + pooled contacts
CsPb0.625Zn0.375IBr2,ZnSe,NiO,1.05,2.81,3.6,0.18,-0.08,Type III,Type III,SCAPS_literature_table,literature_chi_Eg,device_simulation_parameter,bulk_thin_film_device,halide_perovskite_alloy,full_stack,pooled_etl_htl,10.1038/s41598-024-81797-x,CsPbZnIBr2 SCAPS + pooled contacts
CsPb0.625Zn0.375IBr2,ZnSe,V2O5,1.05,2.81,2.2,0.18,-0.28,Type III,Type III,SCAPS_literature_table,literature_chi_Eg,device_simulation_parameter,bulk_thin_film_device,halide_perovskite_alloy,full_stack,pooled_etl_htl,10.1038/s41598-024-81797-x,CsPbZnIBr2 SCAPS + pooled contacts
CsPb0.625Zn0.375IBr2,CdS,MWCNTs,1.05,2.4,1.55,0.09,0.13,Type III,Type I,SCAPS_literature_table,literature_chi_Eg,device_simulation_parameter,bulk_thin_film_device,halide_perovskite_alloy,full_stack,pooled_etl_htl,10.1038/s41598-024-81797-x,CsPbZnIBr2 SCAPS + pooled contacts
CsPb0.625Zn0.375IBr2,CdS,MoO3,1.05,2.4,3.0,0.09,0.02,Type III,Type I,SCAPS_literature_table,literature_chi_Eg,device_simulation_parameter,bulk_thin_film_device,halide_perovskite_alloy,full_stack,pooled_etl_htl,10.1038/s41598-024-81797-x,CsPbZnIBr2 SCAPS + pooled contacts
CsPb0.625Zn0.375IBr2,CdS,PTAA,1.05,2.4,2.96,0.09,0.06,Type III,Type I,SCAPS_literature_table,literature_chi_Eg,device_simulation_parameter,bulk_thin_film_device,halide_perovskite_alloy,full_stack,pooled_etl_htl,10.1038/s41598-024-81797-x,CsPbZnIBr2 SCAPS + pooled contacts
CsPb0.625Zn0.375IBr2,CdS,TiO2:N,1.05,2.4,3.0,0.09,0.12,Type III,Type I,SCAPS_literature_table,literature_chi_Eg,device_simulation_parameter,bulk_thin_film_device,halide_perovskite_alloy,full_stack,pooled_etl_htl,10.1038/s41598-024-81797-x,CsPbZnIBr2 SCAPS + pooled contacts
CsPb0.625Zn0.375IBr2,CdS,NiCo2O4,1.05,2.4,2.3,0.09,-0.46,Type III,Type III,SCAPS_literature_table,literature_chi_Eg,device_simulation_parameter,bulk_thin_film_device,halide_perovskite_alloy,full_stack,pooled_etl_htl,10.1038/s41598-024-81797-x,CsPbZnIBr2 SCAPS + pooled contacts
CsPb0.625Zn0.375IBr2,CdS,C6TBTAPH2,1.05,2.4,1.59,0.09,0.15,Type III,Type I,SCAPS_literature_table,literature_chi_Eg,device_simulation_parameter,bulk_thin_film_device,halide_perovskite_alloy,full_stack,pooled_etl_htl,10.1038/s41598-024-81797-x,CsPbZnIBr2 SCAPS + pooled contacts
CsPb0.625Zn0.375IBr2,CdS,nPB,1.05,2.4,2.4,0.09,-0.08,Type III,Type III,SCAPS_literature_table,literature_chi_Eg,device_simulation_parameter,bulk_thin_film_device,halide_perovskite_alloy,full_stack,pooled_etl_htl,10.1038/s41598-024-81797-x,CsPbZnIBr2 SCAPS + pooled contacts
CsPb0.625Zn0.375IBr2,CdS,C6PcH2,1.05,2.4,1.6,0.09,0.02,Type III,Type I,SCAPS_literature_table,literature_chi_Eg,device_simulation_parameter,bulk_thin_film_device,halide_perovskite_alloy,full_stack,pooled_etl_htl,10.1038/s41598-024-81797-x,CsPbZnIBr2 SCAPS + pooled contacts
CsPb0.625Zn0.375IBr2,CdS,CuAlO2,1.05,2.4,3.46,0.09,-0.64,Type III,Type III,SCAPS_literature_table,literature_chi_Eg,device_simulation_parameter,bulk_thin_film_device,halide_perovskite_alloy,full_stack,pooled_etl_htl,10.1038/s41598-024-81797-x,CsPbZnIBr2 SCAPS + pooled contacts
CsPb0.625Zn0.375IBr2,CdS,D-PBTTT-14,1.05,2.4,2.16,0.09,-0.04,Type III,Type III,SCAPS_literature_table,literature_chi_Eg,device_simulation_parameter,bulk_thin_film_device,halide_perovskite_alloy,full_stack,pooled_etl_htl,10.1038/s41598-024-81797-x,CsPbZnIBr2 SCAPS + pooled contacts
CsPb0.625Zn0.375IBr2,CdS,GaAs,1.05,2.4,1.42,0.09,-0.17,Type III,Type III,SCAPS_literature_table,literature_chi_Eg,device_simulation_parameter,bulk_thin_film_device,halide_perovskite_alloy,full_stack,pooled_etl_htl,10.1038/s41598-024-81797-x,CsPbZnIBr2 SCAPS + pooled contacts
CsPb0.625Zn0.375IBr2,CdS,ZnTe,1.05,2.4,2.25,0.09,-0.66,Type III,Type III,SCAPS_literature_table,literature_chi_Eg,device_simulation_parameter,bulk_thin_film_device,halide_perovskite_alloy,full_stack,pooled_etl_htl,10.1038/s41598-024-81797-x,CsPbZnIBr2 SCAPS + pooled contacts
CsPb0.625Zn0.375IBr2,CdS,CNTS,1.05,2.4,1.74,0.09,-0.29,Type III,Type III,SCAPS_literature_table,literature_chi_Eg,device_simulation_parameter,bulk_thin_film_device,halide_perovskite_alloy,full_stack,pooled_etl_htl,10.1038/s41598-024-81797-x,CsPbZnIBr2 SCAPS + pooled contacts
CsPb0.625Zn0.375IBr2,CdS,MEH-PPV,1.05,2.4,2.1,0.09,0.42,Type III,Type I,SCAPS_literature_table,literature_chi_Eg,device_simulation_parameter,bulk_thin_film_device,halide_perovskite_alloy,full_stack,pooled_etl_htl,10.1038/s41598-024-81797-x,CsPbZnIBr2 SCAPS + pooled contacts
CsPb0.625Zn0.375IBr2,CdS,MoS2,1.05,2.4,1.29,0.09,-0.17,Type III,Type III,SCAPS_literature_table,literature_chi_Eg,device_simulation_parameter,bulk_thin_film_device,halide_perovskite_alloy,full_stack,pooled_etl_htl,10.1038/s41598-024-81797-x,CsPbZnIBr2 SCAPS + pooled contacts
CsPb0.625Zn0.375IBr2,CdS,Cu2Te,1.05,2.4,1.18,0.09,-0.06,Type III,Type III,SCAPS_literature_table,literature_chi_Eg,device_simulation_parameter,bulk_thin_film_device,halide_perovskite_alloy,full_stack,pooled_etl_htl,10.1038/s41598-024-81797-x,CsPbZnIBr2 SCAPS + pooled contacts
CsPb0.625Zn0.375IBr2,CdS,Zn3P2,1.05,2.4,1.5,0.09,-0.38,Type III,Type III,SCAPS_literature_table,literature_chi_Eg,device_simulation_parameter,bulk_thin_film_device,halide_perovskite_alloy,full_stack,pooled_etl_htl,10.1038/s41598-024-81797-x,CsPbZnIBr2 SCAPS + pooled contacts
CsPb0.625Zn0.375IBr2,CdS,CFTS,1.05,2.4,1.3,0.09,0.72,Type III,Type I,SCAPS_literature_table,literature_chi_Eg,device_simulation_parameter,bulk_thin_film_device,halide_perovskite_alloy,full_stack,pooled_etl_htl,10.1038/s41598-024-81797-x,CsPbZnIBr2 SCAPS + pooled contacts
CsPb0.625Zn0.375IBr2,CdS,CuI,1.05,2.4,3.1,0.09,0.12,Type III,Type I,SCAPS_literature_table,literature_chi_Eg,device_simulation_parameter,bulk_thin_film_device,halide_perovskite_alloy,full_stack,pooled_etl_htl,10.1038/s41598-024-81797-x,CsPbZnIBr2 SCAPS + pooled contacts
CsPb0.625Zn0.375IBr2,CdS,CuSCN,1.05,2.4,3.6,0.09,0.02,Type III,Type I,SCAPS_literature_table,literature_chi_Eg,device_simulation_parameter,bulk_thin_film_device,halide_perovskite_alloy,full_stack,pooled_etl_htl,10.1038/s41598-024-81797-x,CsPbZnIBr2 SCAPS + pooled contacts
CsPb0.625Zn0.375IBr2,CdS,NiO,1.05,2.4,3.6,0.09,-0.08,Type III,Type III,SCAPS_literature_table,literature_chi_Eg,device_simulation_parameter,bulk_thin_film_device,halide_perovskite_alloy,full_stack,pooled_etl_htl,10.1038/s41598-024-81797-x,CsPbZnIBr2 SCAPS + pooled contacts
CsPb0.625Zn0.375IBr2,CdS,V2O5,1.05,2.4,2.2,0.09,-0.28,Type III,Type III,SCAPS_literature_table,literature_chi_Eg,device_simulation_parameter,bulk_thin_film_device,halide_perovskite_alloy,full_stack,pooled_etl_htl,10.1038/s41598-024-81797-x,CsPbZnIBr2 SCAPS + pooled contacts
CsPb0.625Zn0.375IBr2,TiO2,MWCNTs,1.05,3.4,1.55,0.27,0.13,Type III,Type I,SCAPS_literature_table,literature_chi_Eg,device_simulation_parameter,bulk_thin_film_device,halide_perovskite_alloy,full_stack,pooled_etl_htl,10.1038/s41598-024-81797-x,CsPbZnIBr2 SCAPS + pooled contacts
CsPb0.625Zn0.375IBr2,TiO2,MoO3,1.05,3.4,3.0,0.27,0.02,Type III,Type I,SCAPS_literature_table,literature_chi_Eg,device_simulation_parameter,bulk_thin_film_device,halide_perovskite_alloy,full_stack,pooled_etl_htl,10.1038/s41598-024-81797-x,CsPbZnIBr2 SCAPS + pooled contacts
CsPb0.625Zn0.375IBr2,TiO2,PTAA,1.05,3.4,2.96,0.27,0.06,Type III,Type I,SCAPS_literature_table,literature_chi_Eg,device_simulation_parameter,bulk_thin_film_device,halide_perovskite_alloy,full_stack,pooled_etl_htl,10.1038/s41598-024-81797-x,CsPbZnIBr2 SCAPS + pooled contacts
CsPb0.625Zn0.375IBr2,TiO2,TiO2:N,1.05,3.4,3.0,0.27,0.12,Type III,Type I,SCAPS_literature_table,literature_chi_Eg,device_simulation_parameter,bulk_thin_film_device,halide_perovskite_alloy,full_stack,pooled_etl_htl,10.1038/s41598-024-81797-x,CsPbZnIBr2 SCAPS + pooled contacts
CsPb0.625Zn0.375IBr2,TiO2,NiCo2O4,1.05,3.4,2.3,0.27,-0.46,Type III,Type III,SCAPS_literature_table,literature_chi_Eg,device_simulation_parameter,bulk_thin_film_device,halide_perovskite_alloy,full_stack,pooled_etl_htl,10.1038/s41598-024-81797-x,CsPbZnIBr2 SCAPS + pooled contacts
CsPb0.625Zn0.375IBr2,TiO2,C6TBTAPH2,1.05,3.4,1.59,0.27,0.15,Type III,Type I,SCAPS_literature_table,literature_chi_Eg,device_simulation_parameter,bulk_thin_film_device,halide_perovskite_alloy,full_stack,pooled_etl_htl,10.1038/s41598-024-81797-x,CsPbZnIBr2 SCAPS + pooled contacts
CsPb0.625Zn0.375IBr2,TiO2,nPB,1.05,3.4,2.4,0.27,-0.08,Type III,Type III,SCAPS_literature_table,literature_chi_Eg,device_simulation_parameter,bulk_thin_film_device,halide_perovskite_alloy,full_stack,pooled_etl_htl,10.1038/s41598-024-81797-x,CsPbZnIBr2 SCAPS + pooled contacts
CsPb0.625Zn0.375IBr2,TiO2,C6PcH2,1.05,3.4,1.6,0.27,0.02,Type III,Type I,SCAPS_literature_table,literature_chi_Eg,device_simulation_parameter,bulk_thin_film_device,halide_perovskite_alloy,full_stack,pooled_etl_htl,10.1038/s41598-024-81797-x,CsPbZnIBr2 SCAPS + pooled contacts
CsPb0.625Zn0.375IBr2,TiO2,CuAlO2,1.05,3.4,3.46,0.27,-0.64,Type III,Type III,SCAPS_literature_table,literature_chi_Eg,device_simulation_parameter,bulk_thin_film_device,halide_perovskite_alloy,full_stack,pooled_etl_htl,10.1038/s41598-024-81797-x,CsPbZnIBr2 SCAPS + pooled contacts
CsPb0.625Zn0.375IBr2,TiO2,D-PBTTT-14,1.05,3.4,2.16,0.27,-0.04,Type III,Type III,SCAPS_literature_table,literature_chi_Eg,device_simulation_parameter,bulk_thin_film_device,halide_perovskite_alloy,full_stack,pooled_etl_htl,10.1038/s41598-024-81797-x,CsPbZnIBr2 SCAPS + pooled contacts
CsPb0.625Zn0.375IBr2,TiO2,GaAs,1.05,3.4,1.42,0.27,-0.17,Type III,Type III,SCAPS_literature_table,literature_chi_Eg,device_simulation_parameter,bulk_thin_film_device,halide_perovskite_alloy,full_stack,pooled_etl_htl,10.1038/s41598-024-81797-x,CsPbZnIBr2 SCAPS + pooled contacts
CsPb0.625Zn0.375IBr2,TiO2,ZnTe,1.05,3.4,2.25,0.27,-0.66,Type III,Type III,SCAPS_literature_table,literature_chi_Eg,device_simulation_parameter,bulk_thin_film_device,halide_perovskite_alloy,full_stack,pooled_etl_htl,10.1038/s41598-024-81797-x,CsPbZnIBr2 SCAPS + pooled contacts
CsPb0.625Zn0.375IBr2,TiO2,CNTS,1.05,3.4,1.74,0.27,-0.29,Type III,Type III,SCAPS_literature_table,literature_chi_Eg,device_simulation_parameter,bulk_thin_film_device,halide_perovskite_alloy,full_stack,pooled_etl_htl,10.1038/s41598-024-81797-x,CsPbZnIBr2 SCAPS + pooled contacts
CsPb0.625Zn0.375IBr2,TiO2,MEH-PPV,1.05,3.4,2.1,0.27,0.42,Type III,Type I,SCAPS_literature_table,literature_chi_Eg,device_simulation_parameter,bulk_thin_film_device,halide_perovskite_alloy,full_stack,pooled_etl_htl,10.1038/s41598-024-81797-x,CsPbZnIBr2 SCAPS + pooled contacts
CsPb0.625Zn0.375IBr2,TiO2,MoS2,1.05,3.4,1.29,0.27,-0.17,Type III,Type III,SCAPS_literature_table,literature_chi_Eg,device_simulation_parameter,bulk_thin_film_device,halide_perovskite_alloy,full_stack,pooled_etl_htl,10.1038/s41598-024-81797-x,CsPbZnIBr2 SCAPS + pooled contacts
CsPb0.625Zn0.375IBr2,TiO2,Cu2Te,1.05,3.4,1.18,0.27,-0.06,Type III,Type III,SCAPS_literature_table,literature_chi_Eg,device_simulation_parameter,bulk_thin_film_device,halide_perovskite_alloy,full_stack,pooled_etl_htl,10.1038/s41598-024-81797-x,CsPbZnIBr2 SCAPS + pooled contacts
CsPb0.625Zn0.375IBr2,TiO2,Zn3P2,1.05,3.4,1.5,0.27,-0.38,Type III,Type III,SCAPS_literature_table,literature_chi_Eg,device_simulation_parameter,bulk_thin_film_device,halide_perovskite_alloy,full_stack,pooled_etl_htl,10.1038/s41598-024-81797-x,CsPbZnIBr2 SCAPS + pooled contacts
CsPb0.625Zn0.375IBr2,TiO2,CFTS,1.05,3.4,1.3,0.27,0.72,Type III,Type I,SCAPS_literature_table,literature_chi_Eg,device_simulation_parameter,bulk_thin_film_device,halide_perovskite_alloy,full_stack,pooled_etl_htl,10.1038/s41598-024-81797-x,CsPbZnIBr2 SCAPS + pooled contacts
CsPb0.625Zn0.375IBr2,TiO2,CuI,1.05,3.4,3.1,0.27,0.12,Type III,Type I,SCAPS_literature_table,literature_chi_Eg,device_simulation_parameter,bulk_thin_film_device,halide_perovskite_alloy,full_stack,pooled_etl_htl,10.1038/s41598-024-81797-x,CsPbZnIBr2 SCAPS + pooled contacts
CsPb0.625Zn0.375IBr2,TiO2,CuSCN,1.05,3.4,3.6,0.27,0.02,Type III,Type I,SCAPS_literature_table,literature_chi_Eg,device_simulation_parameter,bulk_thin_film_device,halide_perovskite_alloy,full_stack,pooled_etl_htl,10.1038/s41598-024-81797-x,CsPbZnIBr2 SCAPS + pooled contacts
CsPb0.625Zn0.375IBr2,TiO2,NiO,1.05,3.4,3.6,0.27,-0.08,Type III,Type III,SCAPS_literature_table,literature_chi_Eg,device_simulation_parameter,bulk_thin_film_device,halide_perovskite_alloy,full_stack,pooled_etl_htl,10.1038/s41598-024-81797-x,CsPbZnIBr2 SCAPS + pooled contacts
CsPb0.625Zn0.375IBr2,TiO2,V2O5,1.05,3.4,2.2,0.27,-0.28,Type III,Type III,SCAPS_literature_table,literature_chi_Eg,device_simulation_parameter,bulk_thin_film_device,halide_perovskite_alloy,full_stack,pooled_etl_htl,10.1038/s41598-024-81797-x,CsPbZnIBr2 SCAPS + pooled contacts
CsPb0.625Zn0.375IBr2,WS2,MWCNTs,1.05,1.8,1.55,0.32,0.13,Type III,Type I,SCAPS_literature_table,literature_chi_Eg,device_simulation_parameter,bulk_thin_film_device,halide_perovskite_alloy,full_stack,pooled_etl_htl,10.1038/s41598-024-81797-x,CsPbZnIBr2 SCAPS + pooled contacts
CsPb0.625Zn0.375IBr2,WS2,MoO3,1.05,1.8,3.0,0.32,0.02,Type III,Type I,SCAPS_literature_table,literature_chi_Eg,device_simulation_parameter,bulk_thin_film_device,halide_perovskite_alloy,full_stack,pooled_etl_htl,10.1038/s41598-024-81797-x,CsPbZnIBr2 SCAPS + pooled contacts
CsPb0.625Zn0.375IBr2,WS2,PTAA,1.05,1.8,2.96,0.32,0.06,Type III,Type I,SCAPS_literature_table,literature_chi_Eg,device_simulation_parameter,bulk_thin_film_device,halide_perovskite_alloy,full_stack,pooled_etl_htl,10.1038/s41598-024-81797-x,CsPbZnIBr2 SCAPS + pooled contacts
CsPb0.625Zn0.375IBr2,WS2,TiO2:N,1.05,1.8,3.0,0.32,0.12,Type III,Type I,SCAPS_literature_table,literature_chi_Eg,device_simulation_parameter,bulk_thin_film_device,halide_perovskite_alloy,full_stack,pooled_etl_htl,10.1038/s41598-024-81797-x,CsPbZnIBr2 SCAPS + pooled contacts
CsPb0.625Zn0.375IBr2,WS2,NiCo2O4,1.05,1.8,2.3,0.32,-0.46,Type III,Type III,SCAPS_literature_table,literature_chi_Eg,device_simulation_parameter,bulk_thin_film_device,halide_perovskite_alloy,full_stack,pooled_etl_htl,10.1038/s41598-024-81797-x,CsPbZnIBr2 SCAPS + pooled contacts
CsPb0.625Zn0.375IBr2,WS2,C6TBTAPH2,1.05,1.8,1.59,0.32,0.15,Type III,Type I,SCAPS_literature_table,literature_chi_Eg,device_simulation_parameter,bulk_thin_film_device,halide_perovskite_alloy,full_stack,pooled_etl_htl,10.1038/s41598-024-81797-x,CsPbZnIBr2 SCAPS + pooled contacts
CsPb0.625Zn0.375IBr2,WS2,nPB,1.05,1.8,2.4,0.32,-0.08,Type III,Type III,SCAPS_literature_table,literature_chi_Eg,device_simulation_parameter,bulk_thin_film_device,halide_perovskite_alloy,full_stack,pooled_etl_htl,10.1038/s41598-024-81797-x,CsPbZnIBr2 SCAPS + pooled contacts
CsPb0.625Zn0.375IBr2,WS2,C6PcH2,1.05,1.8,1.6,0.32,0.02,Type III,Type I,SCAPS_literature_table,literature_chi_Eg,device_simulation_parameter,bulk_thin_film_device,halide_perovskite_alloy,full_stack,pooled_etl_htl,10.1038/s41598-024-81797-x,CsPbZnIBr2 SCAPS + pooled contacts
CsPb0.625Zn0.375IBr2,WS2,CuAlO2,1.05,1.8,3.46,0.32,-0.64,Type III,Type III,SCAPS_literature_table,literature_chi_Eg,device_simulation_parameter,bulk_thin_film_device,halide_perovskite_alloy,full_stack,pooled_etl_htl,10.1038/s41598-024-81797-x,CsPbZnIBr2 SCAPS + pooled contacts
CsPb0.625Zn0.375IBr2,WS2,D-PBTTT-14,1.05,1.8,2.16,0.32,-0.04,Type III,Type III,SCAPS_literature_table,literature_chi_Eg,device_simulation_parameter,bulk_thin_film_device,halide_perovskite_alloy,full_stack,pooled_etl_htl,10.1038/s41598-024-81797-x,CsPbZnIBr2 SCAPS + pooled contacts
CsPb0.625Zn0.375IBr2,WS2,GaAs,1.05,1.8,1.42,0.32,-0.17,Type III,Type III,SCAPS_literature_table,literature_chi_Eg,device_simulation_parameter,bulk_thin_film_device,halide_perovskite_alloy,full_stack,pooled_etl_htl,10.1038/s41598-024-81797-x,CsPbZnIBr2 SCAPS + pooled contacts
CsPb0.625Zn0.375IBr2,WS2,ZnTe,1.05,1.8,2.25,0.32,-0.66,Type III,Type III,SCAPS_literature_table,literature_chi_Eg,device_simulation_parameter,bulk_thin_film_device,halide_perovskite_alloy,full_stack,pooled_etl_htl,10.1038/s41598-024-81797-x,CsPbZnIBr2 SCAPS + pooled contacts
CsPb0.625Zn0.375IBr2,WS2,CNTS,1.05,1.8,1.74,0.32,-0.29,Type III,Type III,SCAPS_literature_table,literature_chi_Eg,device_simulation_parameter,bulk_thin_film_device,halide_perovskite_alloy,full_stack,pooled_etl_htl,10.1038/s41598-024-81797-x,CsPbZnIBr2 SCAPS + pooled contacts
CsPb0.625Zn0.375IBr2,WS2,MEH-PPV,1.05,1.8,2.1,0.32,0.42,Type III,Type I,SCAPS_literature_table,literature_chi_Eg,device_simulation_parameter,bulk_thin_film_device,halide_perovskite_alloy,full_stack,pooled_etl_htl,10.1038/s41598-024-81797-x,CsPbZnIBr2 SCAPS + pooled contacts
CsPb0.625Zn0.375IBr2,WS2,MoS2,1.05,1.8,1.29,0.32,-0.17,Type III,Type III,SCAPS_literature_table,literature_chi_Eg,device_simulation_parameter,bulk_thin_film_device,halide_perovskite_alloy,full_stack,pooled_etl_htl,10.1038/s41598-024-81797-x,CsPbZnIBr2 SCAPS + pooled contacts
CsPb0.625Zn0.375IBr2,WS2,Cu2Te,1.05,1.8,1.18,0.32,-0.06,Type III,Type III,SCAPS_literature_table,literature_chi_Eg,device_simulation_parameter,bulk_thin_film_device,halide_perovskite_alloy,full_stack,pooled_etl_htl,10.1038/s41598-024-81797-x,CsPbZnIBr2 SCAPS + pooled contacts
CsPb0.625Zn0.375IBr2,WS2,Zn3P2,1.05,1.8,1.5,0.32,-0.38,Type III,Type III,SCAPS_literature_table,literature_chi_Eg,device_simulation_parameter,bulk_thin_film_device,halide_perovskite_alloy,full_stack,pooled_etl_htl,10.1038/s41598-024-81797-x,CsPbZnIBr2 SCAPS + pooled contacts
CsPb0.625Zn0.375IBr2,WS2,CFTS,1.05,1.8,1.3,0.32,0.72,Type III,Type I,SCAPS_literature_table,literature_chi_Eg,device_simulation_parameter,bulk_thin_film_device,halide_perovskite_alloy,full_stack,pooled_etl_htl,10.1038/s41598-024-81797-x,CsPbZnIBr2 SCAPS + pooled contacts
CsPb0.625Zn0.375IBr2,WS2,CuI,1.05,1.8,3.1,0.32,0.12,Type III,Type I,SCAPS_literature_table,literature_chi_Eg,device_simulation_parameter,bulk_thin_film_device,halide_perovskite_alloy,full_stack,pooled_etl_htl,10.1038/s41598-024-81797-x,CsPbZnIBr2 SCAPS + pooled contacts
CsPb0.625Zn0.375IBr2,WS2,CuSCN,1.05,1.8,3.6,0.32,0.02,Type III,Type I,SCAPS_literature_table,literature_chi_Eg,device_simulation_parameter,bulk_thin_film_device,halide_perovskite_alloy,full_stack,pooled_etl_htl,10.1038/s41598-024-81797-x,CsPbZnIBr2 SCAPS + pooled contacts
CsPb0.625Zn0.375IBr2,WS2,NiO,1.05,1.8,3.6,0.32,-0.08,Type III,Type III,SCAPS_literature_table,literature_chi_Eg,device_simulation_parameter,bulk_thin_film_device,halide_perovskite_alloy,full_stack,pooled_etl_htl,10.1038/s41598-024-81797-x,CsPbZnIBr2 SCAPS + pooled contacts
CsPb0.625Zn0.375IBr2,WS2,V2O5,1.05,1.8,2.2,0.32,-0.28,Type III,Type III,SCAPS_literature_table,literature_chi_Eg,device_simulation_parameter,bulk_thin_film_device,halide_perovskite_alloy,full_stack,pooled_etl_htl,10.1038/s41598-024-81797-x,CsPbZnIBr2 SCAPS + pooled contacts
CsPb0.625Zn0.375IBr2,SnO2,MWCNTs,1.05,3.6,1.55,0.37,0.13,Type III,Type I,SCAPS_literature_table,literature_chi_Eg,device_simulation_parameter,bulk_thin_film_device,halide_perovskite_alloy,full_stack,pooled_etl_htl,10.1038/s41598-024-81797-x,CsPbZnIBr2 SCAPS + pooled contacts
CsPb0.625Zn0.375IBr2,SnO2,MoO3,1.05,3.6,3.0,0.37,0.02,Type III,Type I,SCAPS_literature_table,literature_chi_Eg,device_simulation_parameter,bulk_thin_film_device,halide_perovskite_alloy,full_stack,pooled_etl_htl,10.1038/s41598-024-81797-x,CsPbZnIBr2 SCAPS + pooled contacts
CsPb0.625Zn0.375IBr2,SnO2,PTAA,1.05,3.6,2.96,0.37,0.06,Type III,Type I,SCAPS_literature_table,literature_chi_Eg,device_simulation_parameter,bulk_thin_film_device,halide_perovskite_alloy,full_stack,pooled_etl_htl,10.1038/s41598-024-81797-x,CsPbZnIBr2 SCAPS + pooled contacts
CsPb0.625Zn0.375IBr2,SnO2,TiO2:N,1.05,3.6,3.0,0.37,0.12,Type III,Type I,SCAPS_literature_table,literature_chi_Eg,device_simulation_parameter,bulk_thin_film_device,halide_perovskite_alloy,full_stack,pooled_etl_htl,10.1038/s41598-024-81797-x,CsPbZnIBr2 SCAPS + pooled contacts
CsPb0.625Zn0.375IBr2,SnO2,NiCo2O4,1.05,3.6,2.3,0.37,-0.46,Type III,Type III,SCAPS_literature_table,literature_chi_Eg,device_simulation_parameter,bulk_thin_film_device,halide_perovskite_alloy,full_stack,pooled_etl_htl,10.1038/s41598-024-81797-x,CsPbZnIBr2 SCAPS + pooled contacts
CsPb0.625Zn0.375IBr2,SnO2,C6TBTAPH2,1.05,3.6,1.59,0.37,0.15,Type III,Type I,SCAPS_literature_table,literature_chi_Eg,device_simulation_parameter,bulk_thin_film_device,halide_perovskite_alloy,full_stack,pooled_etl_htl,10.1038/s41598-024-81797-x,CsPbZnIBr2 SCAPS + pooled contacts
CsPb0.625Zn0.375IBr2,SnO2,nPB,1.05,3.6,2.4,0.37,-0.08,Type III,Type III,SCAPS_literature_table,literature_chi_Eg,device_simulation_parameter,bulk_thin_film_device,halide_perovskite_alloy,full_stack,pooled_etl_htl,10.1038/s41598-024-81797-x,CsPbZnIBr2 SCAPS + pooled contacts
CsPb0.625Zn0.375IBr2,SnO2,C6PcH2,1.05,3.6,1.6,0.37,0.02,Type III,Type I,SCAPS_literature_table,literature_chi_Eg,device_simulation_parameter,bulk_thin_film_device,halide_perovskite_alloy,full_stack,pooled_etl_htl,10.1038/s41598-024-81797-x,CsPbZnIBr2 SCAPS + pooled contacts
CsPb0.625Zn0.375IBr2,SnO2,CuAlO2,1.05,3.6,3.46,0.37,-0.64,Type III,Type III,SCAPS_literature_table,literature_chi_Eg,device_simulation_parameter,bulk_thin_film_device,halide_perovskite_alloy,full_stack,pooled_etl_htl,10.1038/s41598-024-81797-x,CsPbZnIBr2 SCAPS + pooled contacts
CsPb0.625Zn0.375IBr2,SnO2,D-PBTTT-14,1.05,3.6,2.16,0.37,-0.04,Type III,Type III,SCAPS_literature_table,literature_chi_Eg,device_simulation_parameter,bulk_thin_film_device,halide_perovskite_alloy,full_stack,pooled_etl_htl,10.1038/s41598-024-81797-x,CsPbZnIBr2 SCAPS + pooled contacts
CsPb0.625Zn0.375IBr2,SnO2,GaAs,1.05,3.6,1.42,0.37,-0.17,Type III,Type III,SCAPS_literature_table,literature_chi_Eg,device_simulation_parameter,bulk_thin_film_device,halide_perovskite_alloy,full_stack,pooled_etl_htl,10.1038/s41598-024-81797-x,CsPbZnIBr2 SCAPS + pooled contacts
CsPb0.625Zn0.375IBr2,SnO2,ZnTe,1.05,3.6,2.25,0.37,-0.66,Type III,Type III,SCAPS_literature_table,literature_chi_Eg,device_simulation_parameter,bulk_thin_film_device,halide_perovskite_alloy,full_stack,pooled_etl_htl,10.1038/s41598-024-81797-x,CsPbZnIBr2 SCAPS + pooled contacts
CsPb0.625Zn0.375IBr2,SnO2,CNTS,1.05,3.6,1.74,0.37,-0.29,Type III,Type III,SCAPS_literature_table,literature_chi_Eg,device_simulation_parameter,bulk_thin_film_device,halide_perovskite_alloy,full_stack,pooled_etl_htl,10.1038/s41598-024-81797-x,CsPbZnIBr2 SCAPS + pooled contacts
CsPb0.625Zn0.375IBr2,SnO2,MEH-PPV,1.05,3.6,2.1,0.37,0.42,Type III,Type I,SCAPS_literature_table,literature_chi_Eg,device_simulation_parameter,bulk_thin_film_device,halide_perovskite_alloy,full_stack,pooled_etl_htl,10.1038/s41598-024-81797-x,CsPbZnIBr2 SCAPS + pooled contacts
CsPb0.625Zn0.375IBr2,SnO2,MoS2,1.05,3.6,1.29,0.37,-0.17,Type III,Type III,SCAPS_literature_table,literature_chi_Eg,device_simulation_parameter,bulk_thin_film_device,halide_perovskite_alloy,full_stack,pooled_etl_htl,10.1038/s41598-024-81797-x,CsPbZnIBr2 SCAPS + pooled contacts
CsPb0.625Zn0.375IBr2,SnO2,Cu2Te,1.05,3.6,1.18,0.37,-0.06,Type III,Type III,SCAPS_literature_table,literature_chi_Eg,device_simulation_parameter,bulk_thin_film_device,halide_perovskite_alloy,full_stack,pooled_etl_htl,10.1038/s41598-024-81797-x,CsPbZnIBr2 SCAPS + pooled contacts
CsPb0.625Zn0.375IBr2,SnO2,Zn3P2,1.05,3.6,1.5,0.37,-0.38,Type III,Type III,SCAPS_literature_table,literature_chi_Eg,device_simulation_parameter,bulk_thin_film_device,halide_perovskite_alloy,full_stack,pooled_etl_htl,10.1038/s41598-024-81797-x,CsPbZnIBr2 SCAPS + pooled contacts
CsPb0.625Zn0.375IBr2,SnO2,CFTS,1.05,3.6,1.3,0.37,0.72,Type III,Type I,SCAPS_literature_table,literature_chi_Eg,device_simulation_parameter,bulk_thin_film_device,halide_perovskite_alloy,full_stack,pooled_etl_htl,10.1038/s41598-024-81797-x,CsPbZnIBr2 SCAPS + pooled contacts
CsPb0.625Zn0.375IBr2,SnO2,CuI,1.05,3.6,3.1,0.37,0.12,Type III,Type I,SCAPS_literature_table,literature_chi_Eg,device_simulation_parameter,bulk_thin_film_device,halide_perovskite_alloy,full_stack,pooled_etl_htl,10.1038/s41598-024-81797-x,CsPbZnIBr2 SCAPS + pooled contacts
CsPb0.625Zn0.375IBr2,SnO2,CuSCN,1.05,3.6,3.6,0.37,0.02,Type III,Type I,SCAPS_literature_table,literature_chi_Eg,device_simulation_parameter,bulk_thin_film_device,halide_perovskite_alloy,full_stack,pooled_etl_htl,10.1038/s41598-024-81797-x,CsPbZnIBr2 SCAPS + pooled contacts
CsPb0.625Zn0.375IBr2,SnO2,NiO,1.05,3.6,3.6,0.37,-0.08,Type III,Type III,SCAPS_literature_table,literature_chi_Eg,device_simulation_parameter,bulk_thin_film_device,halide_perovskite_alloy,full_stack,pooled_etl_htl,10.1038/s41598-024-81797-x,CsPbZnIBr2 SCAPS + pooled contacts
CsPb0.625Zn0.375IBr2,SnO2,V2O5,1.05,3.6,2.2,0.37,-0.28,Type III,Type III,SCAPS_literature_table,literature_chi_Eg,device_simulation_parameter,bulk_thin_film_device,halide_perovskite_alloy,full_stack,pooled_etl_htl,10.1038/s41598-024-81797-x,CsPbZnIBr2 SCAPS + pooled contacts
CsPb0.625Zn0.375IBr2,PCBM,MWCNTs,1.05,2.0,1.55,0.37,0.13,Type III,Type I,SCAPS_literature_table,literature_chi_Eg,device_simulation_parameter,bulk_thin_film_device,halide_perovskite_alloy,full_stack,pooled_etl_htl,10.1038/s41598-024-81797-x,CsPbZnIBr2 SCAPS + pooled contacts
CsPb0.625Zn0.375IBr2,PCBM,MoO3,1.05,2.0,3.0,0.37,0.02,Type III,Type I,SCAPS_literature_table,literature_chi_Eg,device_simulation_parameter,bulk_thin_film_device,halide_perovskite_alloy,full_stack,pooled_etl_htl,10.1038/s41598-024-81797-x,CsPbZnIBr2 SCAPS + pooled contacts
CsPb0.625Zn0.375IBr2,PCBM,PTAA,1.05,2.0,2.96,0.37,0.06,Type III,Type I,SCAPS_literature_table,literature_chi_Eg,device_simulation_parameter,bulk_thin_film_device,halide_perovskite_alloy,full_stack,pooled_etl_htl,10.1038/s41598-024-81797-x,CsPbZnIBr2 SCAPS + pooled contacts
CsPb0.625Zn0.375IBr2,PCBM,TiO2:N,1.05,2.0,3.0,0.37,0.12,Type III,Type I,SCAPS_literature_table,literature_chi_Eg,device_simulation_parameter,bulk_thin_film_device,halide_perovskite_alloy,full_stack,pooled_etl_htl,10.1038/s41598-024-81797-x,CsPbZnIBr2 SCAPS + pooled contacts
CsPb0.625Zn0.375IBr2,PCBM,NiCo2O4,1.05,2.0,2.3,0.37,-0.46,Type III,Type III,SCAPS_literature_table,literature_chi_Eg,device_simulation_parameter,bulk_thin_film_device,halide_perovskite_alloy,full_stack,pooled_etl_htl,10.1038/s41598-024-81797-x,CsPbZnIBr2 SCAPS + pooled contacts
CsPb0.625Zn0.375IBr2,PCBM,C6TBTAPH2,1.05,2.0,1.59,0.37,0.15,Type III,Type I,SCAPS_literature_table,literature_chi_Eg,device_simulation_parameter,bulk_thin_film_device,halide_perovskite_alloy,full_stack,pooled_etl_htl,10.1038/s41598-024-81797-x,CsPbZnIBr2 SCAPS + pooled contacts
CsPb0.625Zn0.375IBr2,PCBM,nPB,1.05,2.0,2.4,0.37,-0.08,Type III,Type III,SCAPS_literature_table,literature_chi_Eg,device_simulation_parameter,bulk_thin_film_device,halide_perovskite_alloy,full_stack,pooled_etl_htl,10.1038/s41598-024-81797-x,CsPbZnIBr2 SCAPS + pooled contacts
CsPb0.625Zn0.375IBr2,PCBM,C6PcH2,1.05,2.0,1.6,0.37,0.02,Type III,Type I,SCAPS_literature_table,literature_chi_Eg,device_simulation_parameter,bulk_thin_film_device,halide_perovskite_alloy,full_stack,pooled_etl_htl,10.1038/s41598-024-81797-x,CsPbZnIBr2 SCAPS + pooled contacts
CsPb0.625Zn0.375IBr2,PCBM,CuAlO2,1.05,2.0,3.46,0.37,-0.64,Type III,Type III,SCAPS_literature_table,literature_chi_Eg,device_simulation_parameter,bulk_thin_film_device,halide_perovskite_alloy,full_stack,pooled_etl_htl,10.1038/s41598-024-81797-x,CsPbZnIBr2 SCAPS + pooled contacts
CsPb0.625Zn0.375IBr2,PCBM,D-PBTTT-14,1.05,2.0,2.16,0.37,-0.04,Type III,Type III,SCAPS_literature_table,literature_chi_Eg,device_simulation_parameter,bulk_thin_film_device,halide_perovskite_alloy,full_stack,pooled_etl_htl,10.1038/s41598-024-81797-x,CsPbZnIBr2 SCAPS + pooled contacts
CsPb0.625Zn0.375IBr2,PCBM,GaAs,1.05,2.0,1.42,0.37,-0.17,Type III,Type III,SCAPS_literature_table,literature_chi_Eg,device_simulation_parameter,bulk_thin_film_device,halide_perovskite_alloy,full_stack,pooled_etl_htl,10.1038/s41598-024-81797-x,CsPbZnIBr2 SCAPS + pooled contacts
CsPb0.625Zn0.375IBr2,PCBM,ZnTe,1.05,2.0,2.25,0.37,-0.66,Type III,Type III,SCAPS_literature_table,literature_chi_Eg,device_simulation_parameter,bulk_thin_film_device,halide_perovskite_alloy,full_stack,pooled_etl_htl,10.1038/s41598-024-81797-x,CsPbZnIBr2 SCAPS + pooled contacts
CsPb0.625Zn0.375IBr2,PCBM,CNTS,1.05,2.0,1.74,0.37,-0.29,Type III,Type III,SCAPS_literature_table,literature_chi_Eg,device_simulation_parameter,bulk_thin_film_device,halide_perovskite_alloy,full_stack,pooled_etl_htl,10.1038/s41598-024-81797-x,CsPbZnIBr2 SCAPS + pooled contacts
CsPb0.625Zn0.375IBr2,PCBM,MEH-PPV,1.05,2.0,2.1,0.37,0.42,Type III,Type I,SCAPS_literature_table,literature_chi_Eg,device_simulation_parameter,bulk_thin_film_device,halide_perovskite_alloy,full_stack,pooled_etl_htl,10.1038/s41598-024-81797-x,CsPbZnIBr2 SCAPS + pooled contacts
CsPb0.625Zn0.375IBr2,PCBM,MoS2,1.05,2.0,1.29,0.37,-0.17,Type III,Type III,SCAPS_literature_table,literature_chi_Eg,device_simulation_parameter,bulk_thin_film_device,halide_perovskite_alloy,full_stack,pooled_etl_htl,10.1038/s41598-024-81797-x,CsPbZnIBr2 SCAPS + pooled contacts
CsPb0.625Zn0.375IBr2,PCBM,Cu2Te,1.05,2.0,1.18,0.37,-0.06,Type III,Type III,SCAPS_literature_table,literature_chi_Eg,device_simulation_parameter,bulk_thin_film_device,halide_perovskite_alloy,full_stack,pooled_etl_htl,10.1038/s41598-024-81797-x,CsPbZnIBr2 SCAPS + pooled contacts
CsPb0.625Zn0.375IBr2,PCBM,Zn3P2,1.05,2.0,1.5,0.37,-0.38,Type III,Type III,SCAPS_literature_table,literature_chi_Eg,device_simulation_parameter,bulk_thin_film_device,halide_perovskite_alloy,full_stack,pooled_etl_htl,10.1038/s41598-024-81797-x,CsPbZnIBr2 SCAPS + pooled contacts
CsPb0.625Zn0.375IBr2,PCBM,CFTS,1.05,2.0,1.3,0.37,0.72,Type III,Type I,SCAPS_literature_table,literature_chi_Eg,device_simulation_parameter,bulk_thin_film_device,halide_perovskite_alloy,full_stack,pooled_etl_htl,10.1038/s41598-024-81797-x,CsPbZnIBr2 SCAPS + pooled contacts
CsPb0.625Zn0.375IBr2,PCBM,CuI,1.05,2.0,3.1,0.37,0.12,Type III,Type I,SCAPS_literature_table,literature_chi_Eg,device_simulation_parameter,bulk_thin_film_device,halide_perovskite_alloy,full_stack,pooled_etl_htl,10.1038/s41598-024-81797-x,CsPbZnIBr2 SCAPS + pooled contacts
CsPb0.625Zn0.375IBr2,PCBM,CuSCN,1.05,2.0,3.6,0.37,0.02,Type III,Type I,SCAPS_literature_table,literature_chi_Eg,device_simulation_parameter,bulk_thin_film_device,halide_perovskite_alloy,full_stack,pooled_etl_htl,10.1038/s41598-024-81797-x,CsPbZnIBr2 SCAPS + pooled contacts
CsPb0.625Zn0.375IBr2,PCBM,NiO,1.05,2.0,3.6,0.37,-0.08,Type III,Type III,SCAPS_literature_table,literature_chi_Eg,device_simulation_parameter,bulk_thin_film_device,halide_perovskite_alloy,full_stack,pooled_etl_htl,10.1038/s41598-024-81797-x,CsPbZnIBr2 SCAPS + pooled contacts
CsPb0.625Zn0.375IBr2,PCBM,V2O5,1.05,2.0,2.2,0.37,-0.28,Type III,Type III,SCAPS_literature_table,literature_chi_Eg,device_simulation_parameter,bulk_thin_film_device,halide_perovskite_alloy,full_stack,pooled_etl_htl,10.1038/s41598-024-81797-x,CsPbZnIBr2 SCAPS + pooled contacts
Cs3Sb2Br9,PC60BM,MWCNTs,1.952,1.8,1.55,-0.22,0.742,Type I,Type I,SCAPS_literature_table,literature_chi_Eg,device_simulation_parameter,bulk_thin_film_device,Cs3Sb2X9_perovskite_inspired,full_stack,pooled_etl_htl,10.1016/j.nxmate.2026.102491,Cs3Sb2Br9 SCAPS + pooled contacts
Cs3Sb2Br9,PC60BM,MoO3,1.952,1.8,3.0,-0.22,0.632,Type I,Type I,SCAPS_literature_table,literature_chi_Eg,device_simulation_parameter,bulk_thin_film_device,Cs3Sb2X9_perovskite_inspired,full_stack,pooled_etl_htl,10.1016/j.nxmate.2026.102491,Cs3Sb2Br9 SCAPS + pooled contacts
Cs3Sb2Br9,PC60BM,PTAA,1.952,1.8,2.96,-0.22,0.672,Type I,Type I,SCAPS_literature_table,literature_chi_Eg,device_simulation_parameter,bulk_thin_film_device,Cs3Sb2X9_perovskite_inspired,full_stack,pooled_etl_htl,10.1016/j.nxmate.2026.102491,Cs3Sb2Br9 SCAPS + pooled contacts
Cs3Sb2Br9,PC60BM,TiO2:N,1.952,1.8,3.0,-0.22,0.732,Type I,Type I,SCAPS_literature_table,literature_chi_Eg,device_simulation_parameter,bulk_thin_film_device,Cs3Sb2X9_perovskite_inspired,full_stack,pooled_etl_htl,10.1016/j.nxmate.2026.102491,Cs3Sb2Br9 SCAPS + pooled contacts
Cs3Sb2Br9,PC60BM,NiCo2O4,1.952,1.8,2.3,-0.22,0.152,Type I,Type I,SCAPS_literature_table,literature_chi_Eg,device_simulation_parameter,bulk_thin_film_device,Cs3Sb2X9_perovskite_inspired,full_stack,pooled_etl_htl,10.1016/j.nxmate.2026.102491,Cs3Sb2Br9 SCAPS + pooled contacts
Cs3Sb2Br9,PC60BM,C6TBTAPH2,1.952,1.8,1.59,-0.22,0.762,Type I,Type I,SCAPS_literature_table,literature_chi_Eg,device_simulation_parameter,bulk_thin_film_device,Cs3Sb2X9_perovskite_inspired,full_stack,pooled_etl_htl,10.1016/j.nxmate.2026.102491,Cs3Sb2Br9 SCAPS + pooled contacts
Cs3Sb2Br9,PC60BM,nPB,1.952,1.8,2.4,-0.22,0.532,Type I,Type I,SCAPS_literature_table,literature_chi_Eg,device_simulation_parameter,bulk_thin_film_device,Cs3Sb2X9_perovskite_inspired,full_stack,pooled_etl_htl,10.1016/j.nxmate.2026.102491,Cs3Sb2Br9 SCAPS + pooled contacts
Cs3Sb2Br9,PC60BM,C6PcH2,1.952,1.8,1.6,-0.22,0.632,Type I,Type I,SCAPS_literature_table,literature_chi_Eg,device_simulation_parameter,bulk_thin_film_device,Cs3Sb2X9_perovskite_inspired,full_stack,pooled_etl_htl,10.1016/j.nxmate.2026.102491,Cs3Sb2Br9 SCAPS + pooled contacts
Cs3Sb2Br9,PC60BM,CuAlO2,1.952,1.8,3.46,-0.22,-0.028,Type I,Type III,SCAPS_literature_table,literature_chi_Eg,device_simulation_parameter,bulk_thin_film_device,Cs3Sb2X9_perovskite_inspired,full_stack,pooled_etl_htl,10.1016/j.nxmate.2026.102491,Cs3Sb2Br9 SCAPS + pooled contacts
Cs3Sb2Br9,PC60BM,D-PBTTT-14,1.952,1.8,2.16,-0.22,0.572,Type I,Type I,SCAPS_literature_table,literature_chi_Eg,device_simulation_parameter,bulk_thin_film_device,Cs3Sb2X9_perovskite_inspired,full_stack,pooled_etl_htl,10.1016/j.nxmate.2026.102491,Cs3Sb2Br9 SCAPS + pooled contacts
Cs3Sb2Br9,PC60BM,GaAs,1.952,1.8,1.42,-0.22,0.442,Type I,Type III,SCAPS_literature_table,literature_chi_Eg,device_simulation_parameter,bulk_thin_film_device,Cs3Sb2X9_perovskite_inspired,full_stack,pooled_etl_htl,10.1016/j.nxmate.2026.102491,Cs3Sb2Br9 SCAPS + pooled contacts
Cs3Sb2Br9,PC60BM,ZnTe,1.952,1.8,2.25,-0.22,-0.048,Type I,Type III,SCAPS_literature_table,literature_chi_Eg,device_simulation_parameter,bulk_thin_film_device,Cs3Sb2X9_perovskite_inspired,full_stack,pooled_etl_htl,10.1016/j.nxmate.2026.102491,Cs3Sb2Br9 SCAPS + pooled contacts
Cs3Sb2Br9,PC60BM,CNTS,1.952,1.8,1.74,-0.22,0.322,Type I,Type I,SCAPS_literature_table,literature_chi_Eg,device_simulation_parameter,bulk_thin_film_device,Cs3Sb2X9_perovskite_inspired,full_stack,pooled_etl_htl,10.1016/j.nxmate.2026.102491,Cs3Sb2Br9 SCAPS + pooled contacts
Cs3Sb2Br9,PC60BM,MEH-PPV,1.952,1.8,2.1,-0.22,1.032,Type I,Type I,SCAPS_literature_table,literature_chi_Eg,device_simulation_parameter,bulk_thin_film_device,Cs3Sb2X9_perovskite_inspired,full_stack,pooled_etl_htl,10.1016/j.nxmate.2026.102491,Cs3Sb2Br9 SCAPS + pooled contacts
Cs3Sb2Br9,PC60BM,MoS2,1.952,1.8,1.29,-0.22,0.442,Type I,Type III,SCAPS_literature_table,literature_chi_Eg,device_simulation_parameter,bulk_thin_film_device,Cs3Sb2X9_perovskite_inspired,full_stack,pooled_etl_htl,10.1016/j.nxmate.2026.102491,Cs3Sb2Br9 SCAPS + pooled contacts
Cs3Sb2Br9,PC60BM,Cu2Te,1.952,1.8,1.18,-0.22,0.552,Type I,Type III,SCAPS_literature_table,literature_chi_Eg,device_simulation_parameter,bulk_thin_film_device,Cs3Sb2X9_perovskite_inspired,full_stack,pooled_etl_htl,10.1016/j.nxmate.2026.102491,Cs3Sb2Br9 SCAPS + pooled contacts
Cs3Sb2Br9,PC60BM,Zn3P2,1.952,1.8,1.5,-0.22,0.232,Type I,Type III,SCAPS_literature_table,literature_chi_Eg,device_simulation_parameter,bulk_thin_film_device,Cs3Sb2X9_perovskite_inspired,full_stack,pooled_etl_htl,10.1016/j.nxmate.2026.102491,Cs3Sb2Br9 SCAPS + pooled contacts
Cs3Sb2Br9,PC60BM,CFTS,1.952,1.8,1.3,-0.22,1.332,Type I,Type I,SCAPS_literature_table,literature_chi_Eg,device_simulation_parameter,bulk_thin_film_device,Cs3Sb2X9_perovskite_inspired,full_stack,pooled_etl_htl,10.1016/j.nxmate.2026.102491,Cs3Sb2Br9 SCAPS + pooled contacts
Cs3Sb2Br9,PC60BM,CuI,1.952,1.8,3.1,-0.22,0.732,Type I,Type I,SCAPS_literature_table,literature_chi_Eg,device_simulation_parameter,bulk_thin_film_device,Cs3Sb2X9_perovskite_inspired,full_stack,pooled_etl_htl,10.1016/j.nxmate.2026.102491,Cs3Sb2Br9 SCAPS + pooled contacts
Cs3Sb2Br9,PC60BM,CuSCN,1.952,1.8,3.6,-0.22,0.632,Type I,Type I,SCAPS_literature_table,literature_chi_Eg,device_simulation_parameter,bulk_thin_film_device,Cs3Sb2X9_perovskite_inspired,full_stack,pooled_etl_htl,10.1016/j.nxmate.2026.102491,Cs3Sb2Br9 SCAPS + pooled contacts
Cs3Sb2Br9,PC60BM,NiO,1.952,1.8,3.6,-0.22,0.532,Type I,Type I,SCAPS_literature_table,literature_chi_Eg,device_simulation_parameter,bulk_thin_film_device,Cs3Sb2X9_perovskite_inspired,full_stack,pooled_etl_htl,10.1016/j.nxmate.2026.102491,Cs3Sb2Br9 SCAPS + pooled contacts
Cs3Sb2Br9,PC60BM,V2O5,1.952,1.8,2.2,-0.22,0.332,Type I,Type I,SCAPS_literature_table,literature_chi_Eg,device_simulation_parameter,bulk_thin_film_device,Cs3Sb2X9_perovskite_inspired,full_stack,pooled_etl_htl,10.1016/j.nxmate.2026.102491,Cs3Sb2Br9 SCAPS + pooled contacts
Cs3Sb2Br9,LBSO,MWCNTs,1.952,3.12,1.55,-0.42,0.742,Type I,Type I,SCAPS_literature_table,literature_chi_Eg,device_simulation_parameter,bulk_thin_film_device,Cs3Sb2X9_perovskite_inspired,full_stack,pooled_etl_htl,10.1016/j.nxmate.2026.102491,Cs3Sb2Br9 SCAPS + pooled contacts
Cs3Sb2Br9,LBSO,MoO3,1.952,3.12,3.0,-0.42,0.632,Type I,Type I,SCAPS_literature_table,literature_chi_Eg,device_simulation_parameter,bulk_thin_film_device,Cs3Sb2X9_perovskite_inspired,full_stack,pooled_etl_htl,10.1016/j.nxmate.2026.102491,Cs3Sb2Br9 SCAPS + pooled contacts
Cs3Sb2Br9,LBSO,PTAA,1.952,3.12,2.96,-0.42,0.672,Type I,Type I,SCAPS_literature_table,literature_chi_Eg,device_simulation_parameter,bulk_thin_film_device,Cs3Sb2X9_perovskite_inspired,full_stack,pooled_etl_htl,10.1016/j.nxmate.2026.102491,Cs3Sb2Br9 SCAPS + pooled contacts
Cs3Sb2Br9,LBSO,TiO2:N,1.952,3.12,3.0,-0.42,0.732,Type I,Type I,SCAPS_literature_table,literature_chi_Eg,device_simulation_parameter,bulk_thin_film_device,Cs3Sb2X9_perovskite_inspired,full_stack,pooled_etl_htl,10.1016/j.nxmate.2026.102491,Cs3Sb2Br9 SCAPS + pooled contacts
Cs3Sb2Br9,LBSO,NiCo2O4,1.952,3.12,2.3,-0.42,0.152,Type I,Type I,SCAPS_literature_table,literature_chi_Eg,device_simulation_parameter,bulk_thin_film_device,Cs3Sb2X9_perovskite_inspired,full_stack,pooled_etl_htl,10.1016/j.nxmate.2026.102491,Cs3Sb2Br9 SCAPS + pooled contacts
Cs3Sb2Br9,LBSO,C6TBTAPH2,1.952,3.12,1.59,-0.42,0.762,Type I,Type I,SCAPS_literature_table,literature_chi_Eg,device_simulation_parameter,bulk_thin_film_device,Cs3Sb2X9_perovskite_inspired,full_stack,pooled_etl_htl,10.1016/j.nxmate.2026.102491,Cs3Sb2Br9 SCAPS + pooled contacts
Cs3Sb2Br9,LBSO,nPB,1.952,3.12,2.4,-0.42,0.532,Type I,Type I,SCAPS_literature_table,literature_chi_Eg,device_simulation_parameter,bulk_thin_film_device,Cs3Sb2X9_perovskite_inspired,full_stack,pooled_etl_htl,10.1016/j.nxmate.2026.102491,Cs3Sb2Br9 SCAPS + pooled contacts
Cs3Sb2Br9,LBSO,C6PcH2,1.952,3.12,1.6,-0.42,0.632,Type I,Type I,SCAPS_literature_table,literature_chi_Eg,device_simulation_parameter,bulk_thin_film_device,Cs3Sb2X9_perovskite_inspired,full_stack,pooled_etl_htl,10.1016/j.nxmate.2026.102491,Cs3Sb2Br9 SCAPS + pooled contacts
Cs3Sb2Br9,LBSO,CuAlO2,1.952,3.12,3.46,-0.42,-0.028,Type I,Type III,SCAPS_literature_table,literature_chi_Eg,device_simulation_parameter,bulk_thin_film_device,Cs3Sb2X9_perovskite_inspired,full_stack,pooled_etl_htl,10.1016/j.nxmate.2026.102491,Cs3Sb2Br9 SCAPS + pooled contacts
Cs3Sb2Br9,LBSO,D-PBTTT-14,1.952,3.12,2.16,-0.42,0.572,Type I,Type I,SCAPS_literature_table,literature_chi_Eg,device_simulation_parameter,bulk_thin_film_device,Cs3Sb2X9_perovskite_inspired,full_stack,pooled_etl_htl,10.1016/j.nxmate.2026.102491,Cs3Sb2Br9 SCAPS + pooled contacts
Cs3Sb2Br9,LBSO,GaAs,1.952,3.12,1.42,-0.42,0.442,Type I,Type III,SCAPS_literature_table,literature_chi_Eg,device_simulation_parameter,bulk_thin_film_device,Cs3Sb2X9_perovskite_inspired,full_stack,pooled_etl_htl,10.1016/j.nxmate.2026.102491,Cs3Sb2Br9 SCAPS + pooled contacts
Cs3Sb2Br9,LBSO,ZnTe,1.952,3.12,2.25,-0.42,-0.048,Type I,Type III,SCAPS_literature_table,literature_chi_Eg,device_simulation_parameter,bulk_thin_film_device,Cs3Sb2X9_perovskite_inspired,full_stack,pooled_etl_htl,10.1016/j.nxmate.2026.102491,Cs3Sb2Br9 SCAPS + pooled contacts
Cs3Sb2Br9,LBSO,CNTS,1.952,3.12,1.74,-0.42,0.322,Type I,Type I,SCAPS_literature_table,literature_chi_Eg,device_simulation_parameter,bulk_thin_film_device,Cs3Sb2X9_perovskite_inspired,full_stack,pooled_etl_htl,10.1016/j.nxmate.2026.102491,Cs3Sb2Br9 SCAPS + pooled contacts
Cs3Sb2Br9,LBSO,MEH-PPV,1.952,3.12,2.1,-0.42,1.032,Type I,Type I,SCAPS_literature_table,literature_chi_Eg,device_simulation_parameter,bulk_thin_film_device,Cs3Sb2X9_perovskite_inspired,full_stack,pooled_etl_htl,10.1016/j.nxmate.2026.102491,Cs3Sb2Br9 SCAPS + pooled contacts
Cs3Sb2Br9,LBSO,MoS2,1.952,3.12,1.29,-0.42,0.442,Type I,Type III,SCAPS_literature_table,literature_chi_Eg,device_simulation_parameter,bulk_thin_film_device,Cs3Sb2X9_perovskite_inspired,full_stack,pooled_etl_htl,10.1016/j.nxmate.2026.102491,Cs3Sb2Br9 SCAPS + pooled contacts
Cs3Sb2Br9,LBSO,Cu2Te,1.952,3.12,1.18,-0.42,0.552,Type I,Type III,SCAPS_literature_table,literature_chi_Eg,device_simulation_parameter,bulk_thin_film_device,Cs3Sb2X9_perovskite_inspired,full_stack,pooled_etl_htl,10.1016/j.nxmate.2026.102491,Cs3Sb2Br9 SCAPS + pooled contacts
Cs3Sb2Br9,LBSO,Zn3P2,1.952,3.12,1.5,-0.42,0.232,Type I,Type III,SCAPS_literature_table,literature_chi_Eg,device_simulation_parameter,bulk_thin_film_device,Cs3Sb2X9_perovskite_inspired,full_stack,pooled_etl_htl,10.1016/j.nxmate.2026.102491,Cs3Sb2Br9 SCAPS + pooled contacts
Cs3Sb2Br9,LBSO,CFTS,1.952,3.12,1.3,-0.42,1.332,Type I,Type I,SCAPS_literature_table,literature_chi_Eg,device_simulation_parameter,bulk_thin_film_device,Cs3Sb2X9_perovskite_inspired,full_stack,pooled_etl_htl,10.1016/j.nxmate.2026.102491,Cs3Sb2Br9 SCAPS + pooled contacts
Cs3Sb2Br9,LBSO,CuI,1.952,3.12,3.1,-0.42,0.732,Type I,Type I,SCAPS_literature_table,literature_chi_Eg,device_simulation_parameter,bulk_thin_film_device,Cs3Sb2X9_perovskite_inspired,full_stack,pooled_etl_htl,10.1016/j.nxmate.2026.102491,Cs3Sb2Br9 SCAPS + pooled contacts
Cs3Sb2Br9,LBSO,CuSCN,1.952,3.12,3.6,-0.42,0.632,Type I,Type I,SCAPS_literature_table,literature_chi_Eg,device_simulation_parameter,bulk_thin_film_device,Cs3Sb2X9_perovskite_inspired,full_stack,pooled_etl_htl,10.1016/j.nxmate.2026.102491,Cs3Sb2Br9 SCAPS + pooled contacts
Cs3Sb2Br9,LBSO,NiO,1.952,3.12,3.6,-0.42,0.532,Type I,Type I,SCAPS_literature_table,literature_chi_Eg,device_simulation_parameter,bulk_thin_film_device,Cs3Sb2X9_perovskite_inspired,full_stack,pooled_etl_htl,10.1016/j.nxmate.2026.102491,Cs3Sb2Br9 SCAPS + pooled contacts
Cs3Sb2Br9,LBSO,V2O5,1.952,3.12,2.2,-0.42,0.332,Type I,Type I,SCAPS_literature_table,literature_chi_Eg,device_simulation_parameter,bulk_thin_film_device,Cs3Sb2X9_perovskite_inspired,full_stack,pooled_etl_htl,10.1016/j.nxmate.2026.102491,Cs3Sb2Br9 SCAPS + pooled contacts
Cs3Sb2Br9,Nb2O5,MWCNTs,1.952,3.46,1.55,-0.35,0.742,Type I,Type I,SCAPS_literature_table,literature_chi_Eg,device_simulation_parameter,bulk_thin_film_device,Cs3Sb2X9_perovskite_inspired,full_stack,pooled_etl_htl,10.1016/j.nxmate.2026.102491,Cs3Sb2Br9 SCAPS + pooled contacts
Cs3Sb2Br9,Nb2O5,MoO3,1.952,3.46,3.0,-0.35,0.632,Type I,Type I,SCAPS_literature_table,literature_chi_Eg,device_simulation_parameter,bulk_thin_film_device,Cs3Sb2X9_perovskite_inspired,full_stack,pooled_etl_htl,10.1016/j.nxmate.2026.102491,Cs3Sb2Br9 SCAPS + pooled contacts
Cs3Sb2Br9,Nb2O5,PTAA,1.952,3.46,2.96,-0.35,0.672,Type I,Type I,SCAPS_literature_table,literature_chi_Eg,device_simulation_parameter,bulk_thin_film_device,Cs3Sb2X9_perovskite_inspired,full_stack,pooled_etl_htl,10.1016/j.nxmate.2026.102491,Cs3Sb2Br9 SCAPS + pooled contacts
Cs3Sb2Br9,Nb2O5,TiO2:N,1.952,3.46,3.0,-0.35,0.732,Type I,Type I,SCAPS_literature_table,literature_chi_Eg,device_simulation_parameter,bulk_thin_film_device,Cs3Sb2X9_perovskite_inspired,full_stack,pooled_etl_htl,10.1016/j.nxmate.2026.102491,Cs3Sb2Br9 SCAPS + pooled contacts
Cs3Sb2Br9,Nb2O5,NiCo2O4,1.952,3.46,2.3,-0.35,0.152,Type I,Type I,SCAPS_literature_table,literature_chi_Eg,device_simulation_parameter,bulk_thin_film_device,Cs3Sb2X9_perovskite_inspired,full_stack,pooled_etl_htl,10.1016/j.nxmate.2026.102491,Cs3Sb2Br9 SCAPS + pooled contacts
Cs3Sb2Br9,Nb2O5,C6TBTAPH2,1.952,3.46,1.59,-0.35,0.762,Type I,Type I,SCAPS_literature_table,literature_chi_Eg,device_simulation_parameter,bulk_thin_film_device,Cs3Sb2X9_perovskite_inspired,full_stack,pooled_etl_htl,10.1016/j.nxmate.2026.102491,Cs3Sb2Br9 SCAPS + pooled contacts
Cs3Sb2Br9,Nb2O5,nPB,1.952,3.46,2.4,-0.35,0.532,Type I,Type I,SCAPS_literature_table,literature_chi_Eg,device_simulation_parameter,bulk_thin_film_device,Cs3Sb2X9_perovskite_inspired,full_stack,pooled_etl_htl,10.1016/j.nxmate.2026.102491,Cs3Sb2Br9 SCAPS + pooled contacts
Cs3Sb2Br9,Nb2O5,C6PcH2,1.952,3.46,1.6,-0.35,0.632,Type I,Type I,SCAPS_literature_table,literature_chi_Eg,device_simulation_parameter,bulk_thin_film_device,Cs3Sb2X9_perovskite_inspired,full_stack,pooled_etl_htl,10.1016/j.nxmate.2026.102491,Cs3Sb2Br9 SCAPS + pooled contacts
Cs3Sb2Br9,Nb2O5,CuAlO2,1.952,3.46,3.46,-0.35,-0.028,Type I,Type III,SCAPS_literature_table,literature_chi_Eg,device_simulation_parameter,bulk_thin_film_device,Cs3Sb2X9_perovskite_inspired,full_stack,pooled_etl_htl,10.1016/j.nxmate.2026.102491,Cs3Sb2Br9 SCAPS + pooled contacts
Cs3Sb2Br9,Nb2O5,D-PBTTT-14,1.952,3.46,2.16,-0.35,0.572,Type I,Type I,SCAPS_literature_table,literature_chi_Eg,device_simulation_parameter,bulk_thin_film_device,Cs3Sb2X9_perovskite_inspired,full_stack,pooled_etl_htl,10.1016/j.nxmate.2026.102491,Cs3Sb2Br9 SCAPS + pooled contacts
Cs3Sb2Br9,Nb2O5,GaAs,1.952,3.46,1.42,-0.35,0.442,Type I,Type III,SCAPS_literature_table,literature_chi_Eg,device_simulation_parameter,bulk_thin_film_device,Cs3Sb2X9_perovskite_inspired,full_stack,pooled_etl_htl,10.1016/j.nxmate.2026.102491,Cs3Sb2Br9 SCAPS + pooled contacts
Cs3Sb2Br9,Nb2O5,ZnTe,1.952,3.46,2.25,-0.35,-0.048,Type I,Type III,SCAPS_literature_table,literature_chi_Eg,device_simulation_parameter,bulk_thin_film_device,Cs3Sb2X9_perovskite_inspired,full_stack,pooled_etl_htl,10.1016/j.nxmate.2026.102491,Cs3Sb2Br9 SCAPS + pooled contacts
Cs3Sb2Br9,Nb2O5,CNTS,1.952,3.46,1.74,-0.35,0.322,Type I,Type I,SCAPS_literature_table,literature_chi_Eg,device_simulation_parameter,bulk_thin_film_device,Cs3Sb2X9_perovskite_inspired,full_stack,pooled_etl_htl,10.1016/j.nxmate.2026.102491,Cs3Sb2Br9 SCAPS + pooled contacts
Cs3Sb2Br9,Nb2O5,MEH-PPV,1.952,3.46,2.1,-0.35,1.032,Type I,Type I,SCAPS_literature_table,literature_chi_Eg,device_simulation_parameter,bulk_thin_film_device,Cs3Sb2X9_perovskite_inspired,full_stack,pooled_etl_htl,10.1016/j.nxmate.2026.102491,Cs3Sb2Br9 SCAPS + pooled contacts
Cs3Sb2Br9,Nb2O5,MoS2,1.952,3.46,1.29,-0.35,0.442,Type I,Type III,SCAPS_literature_table,literature_chi_Eg,device_simulation_parameter,bulk_thin_film_device,Cs3Sb2X9_perovskite_inspired,full_stack,pooled_etl_htl,10.1016/j.nxmate.2026.102491,Cs3Sb2Br9 SCAPS + pooled contacts
Cs3Sb2Br9,Nb2O5,Cu2Te,1.952,3.46,1.18,-0.35,0.552,Type I,Type III,SCAPS_literature_table,literature_chi_Eg,device_simulation_parameter,bulk_thin_film_device,Cs3Sb2X9_perovskite_inspired,full_stack,pooled_etl_htl,10.1016/j.nxmate.2026.102491,Cs3Sb2Br9 SCAPS + pooled contacts
Cs3Sb2Br9,Nb2O5,Zn3P2,1.952,3.46,1.5,-0.35,0.232,Type I,Type III,SCAPS_literature_table,literature_chi_Eg,device_simulation_parameter,bulk_thin_film_device,Cs3Sb2X9_perovskite_inspired,full_stack,pooled_etl_htl,10.1016/j.nxmate.2026.102491,Cs3Sb2Br9 SCAPS + pooled contacts
Cs3Sb2Br9,Nb2O5,CFTS,1.952,3.46,1.3,-0.35,1.332,Type I,Type I,SCAPS_literature_table,literature_chi_Eg,device_simulation_parameter,bulk_thin_film_device,Cs3Sb2X9_perovskite_inspired,full_stack,pooled_etl_htl,10.1016/j.nxmate.2026.102491,Cs3Sb2Br9 SCAPS + pooled contacts
Cs3Sb2Br9,Nb2O5,CuI,1.952,3.46,3.1,-0.35,0.732,Type I,Type I,SCAPS_literature_table,literature_chi_Eg,device_simulation_parameter,bulk_thin_film_device,Cs3Sb2X9_perovskite_inspired,full_stack,pooled_etl_htl,10.1016/j.nxmate.2026.102491,Cs3Sb2Br9 SCAPS + pooled contacts
Cs3Sb2Br9,Nb2O5,CuSCN,1.952,3.46,3.6,-0.35,0.632,Type I,Type I,SCAPS_literature_table,literature_chi_Eg,device_simulation_parameter,bulk_thin_film_device,Cs3Sb2X9_perovskite_inspired,full_stack,pooled_etl_htl,10.1016/j.nxmate.2026.102491,Cs3Sb2Br9 SCAPS + pooled contacts
Cs3Sb2Br9,Nb2O5,NiO,1.952,3.46,3.6,-0.35,0.532,Type I,Type I,SCAPS_literature_table,literature_chi_Eg,device_simulation_parameter,bulk_thin_film_device,Cs3Sb2X9_perovskite_inspired,full_stack,pooled_etl_htl,10.1016/j.nxmate.2026.102491,Cs3Sb2Br9 SCAPS + pooled contacts
Cs3Sb2Br9,Nb2O5,V2O5,1.952,3.46,2.2,-0.35,0.332,Type I,Type I,SCAPS_literature_table,literature_chi_Eg,device_simulation_parameter,bulk_thin_film_device,Cs3Sb2X9_perovskite_inspired,full_stack,pooled_etl_htl,10.1016/j.nxmate.2026.102491,Cs3Sb2Br9 SCAPS + pooled contacts
Cs3Sb2Br9,CdZnS,MWCNTs,1.952,3.2,1.55,-0.22,0.742,Type I,Type I,SCAPS_literature_table,literature_chi_Eg,device_simulation_parameter,bulk_thin_film_device,Cs3Sb2X9_perovskite_inspired,full_stack,pooled_etl_htl,10.1016/j.nxmate.2026.102491,Cs3Sb2Br9 SCAPS + pooled contacts
Cs3Sb2Br9,CdZnS,MoO3,1.952,3.2,3.0,-0.22,0.632,Type I,Type I,SCAPS_literature_table,literature_chi_Eg,device_simulation_parameter,bulk_thin_film_device,Cs3Sb2X9_perovskite_inspired,full_stack,pooled_etl_htl,10.1016/j.nxmate.2026.102491,Cs3Sb2Br9 SCAPS + pooled contacts
Cs3Sb2Br9,CdZnS,PTAA,1.952,3.2,2.96,-0.22,0.672,Type I,Type I,SCAPS_literature_table,literature_chi_Eg,device_simulation_parameter,bulk_thin_film_device,Cs3Sb2X9_perovskite_inspired,full_stack,pooled_etl_htl,10.1016/j.nxmate.2026.102491,Cs3Sb2Br9 SCAPS + pooled contacts
Cs3Sb2Br9,CdZnS,TiO2:N,1.952,3.2,3.0,-0.22,0.732,Type I,Type I,SCAPS_literature_table,literature_chi_Eg,device_simulation_parameter,bulk_thin_film_device,Cs3Sb2X9_perovskite_inspired,full_stack,pooled_etl_htl,10.1016/j.nxmate.2026.102491,Cs3Sb2Br9 SCAPS + pooled contacts
Cs3Sb2Br9,CdZnS,NiCo2O4,1.952,3.2,2.3,-0.22,0.152,Type I,Type I,SCAPS_literature_table,literature_chi_Eg,device_simulation_parameter,bulk_thin_film_device,Cs3Sb2X9_perovskite_inspired,full_stack,pooled_etl_htl,10.1016/j.nxmate.2026.102491,Cs3Sb2Br9 SCAPS + pooled contacts
Cs3Sb2Br9,CdZnS,C6TBTAPH2,1.952,3.2,1.59,-0.22,0.762,Type I,Type I,SCAPS_literature_table,literature_chi_Eg,device_simulation_parameter,bulk_thin_film_device,Cs3Sb2X9_perovskite_inspired,full_stack,pooled_etl_htl,10.1016/j.nxmate.2026.102491,Cs3Sb2Br9 SCAPS + pooled contacts
Cs3Sb2Br9,CdZnS,nPB,1.952,3.2,2.4,-0.22,0.532,Type I,Type I,SCAPS_literature_table,literature_chi_Eg,device_simulation_parameter,bulk_thin_film_device,Cs3Sb2X9_perovskite_inspired,full_stack,pooled_etl_htl,10.1016/j.nxmate.2026.102491,Cs3Sb2Br9 SCAPS + pooled contacts
Cs3Sb2Br9,CdZnS,C6PcH2,1.952,3.2,1.6,-0.22,0.632,Type I,Type I,SCAPS_literature_table,literature_chi_Eg,device_simulation_parameter,bulk_thin_film_device,Cs3Sb2X9_perovskite_inspired,full_stack,pooled_etl_htl,10.1016/j.nxmate.2026.102491,Cs3Sb2Br9 SCAPS + pooled contacts
Cs3Sb2Br9,CdZnS,CuAlO2,1.952,3.2,3.46,-0.22,-0.028,Type I,Type III,SCAPS_literature_table,literature_chi_Eg,device_simulation_parameter,bulk_thin_film_device,Cs3Sb2X9_perovskite_inspired,full_stack,pooled_etl_htl,10.1016/j.nxmate.2026.102491,Cs3Sb2Br9 SCAPS + pooled contacts
Cs3Sb2Br9,CdZnS,D-PBTTT-14,1.952,3.2,2.16,-0.22,0.572,Type I,Type I,SCAPS_literature_table,literature_chi_Eg,device_simulation_parameter,bulk_thin_film_device,Cs3Sb2X9_perovskite_inspired,full_stack,pooled_etl_htl,10.1016/j.nxmate.2026.102491,Cs3Sb2Br9 SCAPS + pooled contacts
Cs3Sb2Br9,CdZnS,GaAs,1.952,3.2,1.42,-0.22,0.442,Type I,Type III,SCAPS_literature_table,literature_chi_Eg,device_simulation_parameter,bulk_thin_film_device,Cs3Sb2X9_perovskite_inspired,full_stack,pooled_etl_htl,10.1016/j.nxmate.2026.102491,Cs3Sb2Br9 SCAPS + pooled contacts
Cs3Sb2Br9,CdZnS,ZnTe,1.952,3.2,2.25,-0.22,-0.048,Type I,Type III,SCAPS_literature_table,literature_chi_Eg,device_simulation_parameter,bulk_thin_film_device,Cs3Sb2X9_perovskite_inspired,full_stack,pooled_etl_htl,10.1016/j.nxmate.2026.102491,Cs3Sb2Br9 SCAPS + pooled contacts
Cs3Sb2Br9,CdZnS,CNTS,1.952,3.2,1.74,-0.22,0.322,Type I,Type I,SCAPS_literature_table,literature_chi_Eg,device_simulation_parameter,bulk_thin_film_device,Cs3Sb2X9_perovskite_inspired,full_stack,pooled_etl_htl,10.1016/j.nxmate.2026.102491,Cs3Sb2Br9 SCAPS + pooled contacts
Cs3Sb2Br9,CdZnS,MEH-PPV,1.952,3.2,2.1,-0.22,1.032,Type I,Type I,SCAPS_literature_table,literature_chi_Eg,device_simulation_parameter,bulk_thin_film_device,Cs3Sb2X9_perovskite_inspired,full_stack,pooled_etl_htl,10.1016/j.nxmate.2026.102491,Cs3Sb2Br9 SCAPS + pooled contacts
Cs3Sb2Br9,CdZnS,MoS2,1.952,3.2,1.29,-0.22,0.442,Type I,Type III,SCAPS_literature_table,literature_chi_Eg,device_simulation_parameter,bulk_thin_film_device,Cs3Sb2X9_perovskite_inspired,full_stack,pooled_etl_htl,10.1016/j.nxmate.2026.102491,Cs3Sb2Br9 SCAPS + pooled contacts
Cs3Sb2Br9,CdZnS,Cu2Te,1.952,3.2,1.18,-0.22,0.552,Type I,Type III,SCAPS_literature_table,literature_chi_Eg,device_simulation_parameter,bulk_thin_film_device,Cs3Sb2X9_perovskite_inspired,full_stack,pooled_etl_htl,10.1016/j.nxmate.2026.102491,Cs3Sb2Br9 SCAPS + pooled contacts
Cs3Sb2Br9,CdZnS,Zn3P2,1.952,3.2,1.5,-0.22,0.232,Type I,Type III,SCAPS_literature_table,literature_chi_Eg,device_simulation_parameter,bulk_thin_film_device,Cs3Sb2X9_perovskite_inspired,full_stack,pooled_etl_htl,10.1016/j.nxmate.2026.102491,Cs3Sb2Br9 SCAPS + pooled contacts
Cs3Sb2Br9,CdZnS,CFTS,1.952,3.2,1.3,-0.22,1.332,Type I,Type I,SCAPS_literature_table,literature_chi_Eg,device_simulation_parameter,bulk_thin_film_device,Cs3Sb2X9_perovskite_inspired,full_stack,pooled_etl_htl,10.1016/j.nxmate.2026.102491,Cs3Sb2Br9 SCAPS + pooled contacts
Cs3Sb2Br9,CdZnS,CuI,1.952,3.2,3.1,-0.22,0.732,Type I,Type I,SCAPS_literature_table,literature_chi_Eg,device_simulation_parameter,bulk_thin_film_device,Cs3Sb2X9_perovskite_inspired,full_stack,pooled_etl_htl,10.1016/j.nxmate.2026.102491,Cs3Sb2Br9 SCAPS + pooled contacts
Cs3Sb2Br9,CdZnS,CuSCN,1.952,3.2,3.6,-0.22,0.632,Type I,Type I,SCAPS_literature_table,literature_chi_Eg,device_simulation_parameter,bulk_thin_film_device,Cs3Sb2X9_perovskite_inspired,full_stack,pooled_etl_htl,10.1016/j.nxmate.2026.102491,Cs3Sb2Br9 SCAPS + pooled contacts
Cs3Sb2Br9,CdZnS,NiO,1.952,3.2,3.6,-0.22,0.532,Type I,Type I,SCAPS_literature_table,literature_chi_Eg,device_simulation_parameter,bulk_thin_film_device,Cs3Sb2X9_perovskite_inspired,full_stack,pooled_etl_htl,10.1016/j.nxmate.2026.102491,Cs3Sb2Br9 SCAPS + pooled contacts
Cs3Sb2Br9,CdZnS,V2O5,1.952,3.2,2.2,-0.22,0.332,Type I,Type I,SCAPS_literature_table,literature_chi_Eg,device_simulation_parameter,bulk_thin_film_device,Cs3Sb2X9_perovskite_inspired,full_stack,pooled_etl_htl,10.1016/j.nxmate.2026.102491,Cs3Sb2Br9 SCAPS + pooled contacts
Cs3Sb2Br9,SnS2,MWCNTs,1.952,1.85,1.55,-0.28,0.742,Type I,Type I,SCAPS_literature_table,literature_chi_Eg,device_simulation_parameter,bulk_thin_film_device,Cs3Sb2X9_perovskite_inspired,full_stack,pooled_etl_htl,10.1016/j.nxmate.2026.102491,Cs3Sb2Br9 SCAPS + pooled contacts
Cs3Sb2Br9,SnS2,MoO3,1.952,1.85,3.0,-0.28,0.632,Type I,Type I,SCAPS_literature_table,literature_chi_Eg,device_simulation_parameter,bulk_thin_film_device,Cs3Sb2X9_perovskite_inspired,full_stack,pooled_etl_htl,10.1016/j.nxmate.2026.102491,Cs3Sb2Br9 SCAPS + pooled contacts
Cs3Sb2Br9,SnS2,PTAA,1.952,1.85,2.96,-0.28,0.672,Type I,Type I,SCAPS_literature_table,literature_chi_Eg,device_simulation_parameter,bulk_thin_film_device,Cs3Sb2X9_perovskite_inspired,full_stack,pooled_etl_htl,10.1016/j.nxmate.2026.102491,Cs3Sb2Br9 SCAPS + pooled contacts
Cs3Sb2Br9,SnS2,TiO2:N,1.952,1.85,3.0,-0.28,0.732,Type I,Type I,SCAPS_literature_table,literature_chi_Eg,device_simulation_parameter,bulk_thin_film_device,Cs3Sb2X9_perovskite_inspired,full_stack,pooled_etl_htl,10.1016/j.nxmate.2026.102491,Cs3Sb2Br9 SCAPS + pooled contacts
Cs3Sb2Br9,SnS2,NiCo2O4,1.952,1.85,2.3,-0.28,0.152,Type I,Type I,SCAPS_literature_table,literature_chi_Eg,device_simulation_parameter,bulk_thin_film_device,Cs3Sb2X9_perovskite_inspired,full_stack,pooled_etl_htl,10.1016/j.nxmate.2026.102491,Cs3Sb2Br9 SCAPS + pooled contacts
Cs3Sb2Br9,SnS2,C6TBTAPH2,1.952,1.85,1.59,-0.28,0.762,Type I,Type I,SCAPS_literature_table,literature_chi_Eg,device_simulation_parameter,bulk_thin_film_device,Cs3Sb2X9_perovskite_inspired,full_stack,pooled_etl_htl,10.1016/j.nxmate.2026.102491,Cs3Sb2Br9 SCAPS + pooled contacts
Cs3Sb2Br9,SnS2,nPB,1.952,1.85,2.4,-0.28,0.532,Type I,Type I,SCAPS_literature_table,literature_chi_Eg,device_simulation_parameter,bulk_thin_film_device,Cs3Sb2X9_perovskite_inspired,full_stack,pooled_etl_htl,10.1016/j.nxmate.2026.102491,Cs3Sb2Br9 SCAPS + pooled contacts
Cs3Sb2Br9,SnS2,C6PcH2,1.952,1.85,1.6,-0.28,0.632,Type I,Type I,SCAPS_literature_table,literature_chi_Eg,device_simulation_parameter,bulk_thin_film_device,Cs3Sb2X9_perovskite_inspired,full_stack,pooled_etl_htl,10.1016/j.nxmate.2026.102491,Cs3Sb2Br9 SCAPS + pooled contacts
Cs3Sb2Br9,SnS2,CuAlO2,1.952,1.85,3.46,-0.28,-0.028,Type I,Type III,SCAPS_literature_table,literature_chi_Eg,device_simulation_parameter,bulk_thin_film_device,Cs3Sb2X9_perovskite_inspired,full_stack,pooled_etl_htl,10.1016/j.nxmate.2026.102491,Cs3Sb2Br9 SCAPS + pooled contacts
Cs3Sb2Br9,SnS2,D-PBTTT-14,1.952,1.85,2.16,-0.28,0.572,Type I,Type I,SCAPS_literature_table,literature_chi_Eg,device_simulation_parameter,bulk_thin_film_device,Cs3Sb2X9_perovskite_inspired,full_stack,pooled_etl_htl,10.1016/j.nxmate.2026.102491,Cs3Sb2Br9 SCAPS + pooled contacts
Cs3Sb2Br9,SnS2,GaAs,1.952,1.85,1.42,-0.28,0.442,Type I,Type III,SCAPS_literature_table,literature_chi_Eg,device_simulation_parameter,bulk_thin_film_device,Cs3Sb2X9_perovskite_inspired,full_stack,pooled_etl_htl,10.1016/j.nxmate.2026.102491,Cs3Sb2Br9 SCAPS + pooled contacts
Cs3Sb2Br9,SnS2,ZnTe,1.952,1.85,2.25,-0.28,-0.048,Type I,Type III,SCAPS_literature_table,literature_chi_Eg,device_simulation_parameter,bulk_thin_film_device,Cs3Sb2X9_perovskite_inspired,full_stack,pooled_etl_htl,10.1016/j.nxmate.2026.102491,Cs3Sb2Br9 SCAPS + pooled contacts
Cs3Sb2Br9,SnS2,CNTS,1.952,1.85,1.74,-0.28,0.322,Type I,Type I,SCAPS_literature_table,literature_chi_Eg,device_simulation_parameter,bulk_thin_film_device,Cs3Sb2X9_perovskite_inspired,full_stack,pooled_etl_htl,10.1016/j.nxmate.2026.102491,Cs3Sb2Br9 SCAPS + pooled contacts
Cs3Sb2Br9,SnS2,MEH-PPV,1.952,1.85,2.1,-0.28,1.032,Type I,Type I,SCAPS_literature_table,literature_chi_Eg,device_simulation_parameter,bulk_thin_film_device,Cs3Sb2X9_perovskite_inspired,full_stack,pooled_etl_htl,10.1016/j.nxmate.2026.102491,Cs3Sb2Br9 SCAPS + pooled contacts
Cs3Sb2Br9,SnS2,MoS2,1.952,1.85,1.29,-0.28,0.442,Type I,Type III,SCAPS_literature_table,literature_chi_Eg,device_simulation_parameter,bulk_thin_film_device,Cs3Sb2X9_perovskite_inspired,full_stack,pooled_etl_htl,10.1016/j.nxmate.2026.102491,Cs3Sb2Br9 SCAPS + pooled contacts
Cs3Sb2Br9,SnS2,Cu2Te,1.952,1.85,1.18,-0.28,0.552,Type I,Type III,SCAPS_literature_table,literature_chi_Eg,device_simulation_parameter,bulk_thin_film_device,Cs3Sb2X9_perovskite_inspired,full_stack,pooled_etl_htl,10.1016/j.nxmate.2026.102491,Cs3Sb2Br9 SCAPS + pooled contacts
Cs3Sb2Br9,SnS2,Zn3P2,1.952,1.85,1.5,-0.28,0.232,Type I,Type III,SCAPS_literature_table,literature_chi_Eg,device_simulation_parameter,bulk_thin_film_device,Cs3Sb2X9_perovskite_inspired,full_stack,pooled_etl_htl,10.1016/j.nxmate.2026.102491,Cs3Sb2Br9 SCAPS + pooled contacts
Cs3Sb2Br9,SnS2,CFTS,1.952,1.85,1.3,-0.28,1.332,Type I,Type I,SCAPS_literature_table,literature_chi_Eg,device_simulation_parameter,bulk_thin_film_device,Cs3Sb2X9_perovskite_inspired,full_stack,pooled_etl_htl,10.1016/j.nxmate.2026.102491,Cs3Sb2Br9 SCAPS + pooled contacts
Cs3Sb2Br9,SnS2,CuI,1.952,1.85,3.1,-0.28,0.732,Type I,Type I,SCAPS_literature_table,literature_chi_Eg,device_simulation_parameter,bulk_thin_film_device,Cs3Sb2X9_perovskite_inspired,full_stack,pooled_etl_htl,10.1016/j.nxmate.2026.102491,Cs3Sb2Br9 SCAPS + pooled contacts
Cs3Sb2Br9,SnS2,CuSCN,1.952,1.85,3.6,-0.28,0.632,Type I,Type I,SCAPS_literature_table,literature_chi_Eg,device_simulation_parameter,bulk_thin_film_device,Cs3Sb2X9_perovskite_inspired,full_stack,pooled_etl_htl,10.1016/j.nxmate.2026.102491,Cs3Sb2Br9 SCAPS + pooled contacts
Cs3Sb2Br9,SnS2,NiO,1.952,1.85,3.6,-0.28,0.532,Type I,Type I,SCAPS_literature_table,literature_chi_Eg,device_simulation_parameter,bulk_thin_film_device,Cs3Sb2X9_perovskite_inspired,full_stack,pooled_etl_htl,10.1016/j.nxmate.2026.102491,Cs3Sb2Br9 SCAPS + pooled contacts
Cs3Sb2Br9,SnS2,V2O5,1.952,1.85,2.2,-0.28,0.332,Type I,Type I,SCAPS_literature_table,literature_chi_Eg,device_simulation_parameter,bulk_thin_film_device,Cs3Sb2X9_perovskite_inspired,full_stack,pooled_etl_htl,10.1016/j.nxmate.2026.102491,Cs3Sb2Br9 SCAPS + pooled contacts
Cs3Sb2Br9,ZnSe,MWCNTs,1.952,2.81,1.55,-0.11,0.742,Type I,Type I,SCAPS_literature_table,literature_chi_Eg,device_simulation_parameter,bulk_thin_film_device,Cs3Sb2X9_perovskite_inspired,full_stack,pooled_etl_htl,10.1016/j.nxmate.2026.102491,Cs3Sb2Br9 SCAPS + pooled contacts
Cs3Sb2Br9,ZnSe,MoO3,1.952,2.81,3.0,-0.11,0.632,Type I,Type I,SCAPS_literature_table,literature_chi_Eg,device_simulation_parameter,bulk_thin_film_device,Cs3Sb2X9_perovskite_inspired,full_stack,pooled_etl_htl,10.1016/j.nxmate.2026.102491,Cs3Sb2Br9 SCAPS + pooled contacts
Cs3Sb2Br9,ZnSe,PTAA,1.952,2.81,2.96,-0.11,0.672,Type I,Type I,SCAPS_literature_table,literature_chi_Eg,device_simulation_parameter,bulk_thin_film_device,Cs3Sb2X9_perovskite_inspired,full_stack,pooled_etl_htl,10.1016/j.nxmate.2026.102491,Cs3Sb2Br9 SCAPS + pooled contacts
Cs3Sb2Br9,ZnSe,TiO2:N,1.952,2.81,3.0,-0.11,0.732,Type I,Type I,SCAPS_literature_table,literature_chi_Eg,device_simulation_parameter,bulk_thin_film_device,Cs3Sb2X9_perovskite_inspired,full_stack,pooled_etl_htl,10.1016/j.nxmate.2026.102491,Cs3Sb2Br9 SCAPS + pooled contacts
Cs3Sb2Br9,ZnSe,NiCo2O4,1.952,2.81,2.3,-0.11,0.152,Type I,Type I,SCAPS_literature_table,literature_chi_Eg,device_simulation_parameter,bulk_thin_film_device,Cs3Sb2X9_perovskite_inspired,full_stack,pooled_etl_htl,10.1016/j.nxmate.2026.102491,Cs3Sb2Br9 SCAPS + pooled contacts
Cs3Sb2Br9,ZnSe,C6TBTAPH2,1.952,2.81,1.59,-0.11,0.762,Type I,Type I,SCAPS_literature_table,literature_chi_Eg,device_simulation_parameter,bulk_thin_film_device,Cs3Sb2X9_perovskite_inspired,full_stack,pooled_etl_htl,10.1016/j.nxmate.2026.102491,Cs3Sb2Br9 SCAPS + pooled contacts
Cs3Sb2Br9,ZnSe,nPB,1.952,2.81,2.4,-0.11,0.532,Type I,Type I,SCAPS_literature_table,literature_chi_Eg,device_simulation_parameter,bulk_thin_film_device,Cs3Sb2X9_perovskite_inspired,full_stack,pooled_etl_htl,10.1016/j.nxmate.2026.102491,Cs3Sb2Br9 SCAPS + pooled contacts
Cs3Sb2Br9,ZnSe,C6PcH2,1.952,2.81,1.6,-0.11,0.632,Type I,Type I,SCAPS_literature_table,literature_chi_Eg,device_simulation_parameter,bulk_thin_film_device,Cs3Sb2X9_perovskite_inspired,full_stack,pooled_etl_htl,10.1016/j.nxmate.2026.102491,Cs3Sb2Br9 SCAPS + pooled contacts
Cs3Sb2Br9,ZnSe,CuAlO2,1.952,2.81,3.46,-0.11,-0.028,Type I,Type III,SCAPS_literature_table,literature_chi_Eg,device_simulation_parameter,bulk_thin_film_device,Cs3Sb2X9_perovskite_inspired,full_stack,pooled_etl_htl,10.1016/j.nxmate.2026.102491,Cs3Sb2Br9 SCAPS + pooled contacts
Cs3Sb2Br9,ZnSe,D-PBTTT-14,1.952,2.81,2.16,-0.11,0.572,Type I,Type I,SCAPS_literature_table,literature_chi_Eg,device_simulation_parameter,bulk_thin_film_device,Cs3Sb2X9_perovskite_inspired,full_stack,pooled_etl_htl,10.1016/j.nxmate.2026.102491,Cs3Sb2Br9 SCAPS + pooled contacts
Cs3Sb2Br9,ZnSe,GaAs,1.952,2.81,1.42,-0.11,0.442,Type I,Type III,SCAPS_literature_table,literature_chi_Eg,device_simulation_parameter,bulk_thin_film_device,Cs3Sb2X9_perovskite_inspired,full_stack,pooled_etl_htl,10.1016/j.nxmate.2026.102491,Cs3Sb2Br9 SCAPS + pooled contacts
Cs3Sb2Br9,ZnSe,ZnTe,1.952,2.81,2.25,-0.11,-0.048,Type I,Type III,SCAPS_literature_table,literature_chi_Eg,device_simulation_parameter,bulk_thin_film_device,Cs3Sb2X9_perovskite_inspired,full_stack,pooled_etl_htl,10.1016/j.nxmate.2026.102491,Cs3Sb2Br9 SCAPS + pooled contacts
Cs3Sb2Br9,ZnSe,CNTS,1.952,2.81,1.74,-0.11,0.322,Type I,Type I,SCAPS_literature_table,literature_chi_Eg,device_simulation_parameter,bulk_thin_film_device,Cs3Sb2X9_perovskite_inspired,full_stack,pooled_etl_htl,10.1016/j.nxmate.2026.102491,Cs3Sb2Br9 SCAPS + pooled contacts
Cs3Sb2Br9,ZnSe,MEH-PPV,1.952,2.81,2.1,-0.11,1.032,Type I,Type I,SCAPS_literature_table,literature_chi_Eg,device_simulation_parameter,bulk_thin_film_device,Cs3Sb2X9_perovskite_inspired,full_stack,pooled_etl_htl,10.1016/j.nxmate.2026.102491,Cs3Sb2Br9 SCAPS + pooled contacts
Cs3Sb2Br9,ZnSe,MoS2,1.952,2.81,1.29,-0.11,0.442,Type I,Type III,SCAPS_literature_table,literature_chi_Eg,device_simulation_parameter,bulk_thin_film_device,Cs3Sb2X9_perovskite_inspired,full_stack,pooled_etl_htl,10.1016/j.nxmate.2026.102491,Cs3Sb2Br9 SCAPS + pooled contacts
Cs3Sb2Br9,ZnSe,Cu2Te,1.952,2.81,1.18,-0.11,0.552,Type I,Type III,SCAPS_literature_table,literature_chi_Eg,device_simulation_parameter,bulk_thin_film_device,Cs3Sb2X9_perovskite_inspired,full_stack,pooled_etl_htl,10.1016/j.nxmate.2026.102491,Cs3Sb2Br9 SCAPS + pooled contacts
Cs3Sb2Br9,ZnSe,Zn3P2,1.952,2.81,1.5,-0.11,0.232,Type I,Type III,SCAPS_literature_table,literature_chi_Eg,device_simulation_parameter,bulk_thin_film_device,Cs3Sb2X9_perovskite_inspired,full_stack,pooled_etl_htl,10.1016/j.nxmate.2026.102491,Cs3Sb2Br9 SCAPS + pooled contacts
Cs3Sb2Br9,ZnSe,CFTS,1.952,2.81,1.3,-0.11,1.332,Type I,Type I,SCAPS_literature_table,literature_chi_Eg,device_simulation_parameter,bulk_thin_film_device,Cs3Sb2X9_perovskite_inspired,full_stack,pooled_etl_htl,10.1016/j.nxmate.2026.102491,Cs3Sb2Br9 SCAPS + pooled contacts
Cs3Sb2Br9,ZnSe,CuI,1.952,2.81,3.1,-0.11,0.732,Type I,Type I,SCAPS_literature_table,literature_chi_Eg,device_simulation_parameter,bulk_thin_film_device,Cs3Sb2X9_perovskite_inspired,full_stack,pooled_etl_htl,10.1016/j.nxmate.2026.102491,Cs3Sb2Br9 SCAPS + pooled contacts
Cs3Sb2Br9,ZnSe,CuSCN,1.952,2.81,3.6,-0.11,0.632,Type I,Type I,SCAPS_literature_table,literature_chi_Eg,device_simulation_parameter,bulk_thin_film_device,Cs3Sb2X9_perovskite_inspired,full_stack,pooled_etl_htl,10.1016/j.nxmate.2026.102491,Cs3Sb2Br9 SCAPS + pooled contacts
Cs3Sb2Br9,ZnSe,NiO,1.952,2.81,3.6,-0.11,0.532,Type I,Type I,SCAPS_literature_table,literature_chi_Eg,device_simulation_parameter,bulk_thin_film_device,Cs3Sb2X9_perovskite_inspired,full_stack,pooled_etl_htl,10.1016/j.nxmate.2026.102491,Cs3Sb2Br9 SCAPS + pooled contacts
Cs3Sb2Br9,ZnSe,V2O5,1.952,2.81,2.2,-0.11,0.332,Type I,Type I,SCAPS_literature_table,literature_chi_Eg,device_simulation_parameter,bulk_thin_film_device,Cs3Sb2X9_perovskite_inspired,full_stack,pooled_etl_htl,10.1016/j.nxmate.2026.102491,Cs3Sb2Br9 SCAPS + pooled contacts
Cs3Sb2Br9,CdS,MWCNTs,1.952,2.4,1.55,-0.2,0.742,Type I,Type I,SCAPS_literature_table,literature_chi_Eg,device_simulation_parameter,bulk_thin_film_device,Cs3Sb2X9_perovskite_inspired,full_stack,pooled_etl_htl,10.1016/j.nxmate.2026.102491,Cs3Sb2Br9 SCAPS + pooled contacts
Cs3Sb2Br9,CdS,MoO3,1.952,2.4,3.0,-0.2,0.632,Type I,Type I,SCAPS_literature_table,literature_chi_Eg,device_simulation_parameter,bulk_thin_film_device,Cs3Sb2X9_perovskite_inspired,full_stack,pooled_etl_htl,10.1016/j.nxmate.2026.102491,Cs3Sb2Br9 SCAPS + pooled contacts
Cs3Sb2Br9,CdS,PTAA,1.952,2.4,2.96,-0.2,0.672,Type I,Type I,SCAPS_literature_table,literature_chi_Eg,device_simulation_parameter,bulk_thin_film_device,Cs3Sb2X9_perovskite_inspired,full_stack,pooled_etl_htl,10.1016/j.nxmate.2026.102491,Cs3Sb2Br9 SCAPS + pooled contacts
Cs3Sb2Br9,CdS,TiO2:N,1.952,2.4,3.0,-0.2,0.732,Type I,Type I,SCAPS_literature_table,literature_chi_Eg,device_simulation_parameter,bulk_thin_film_device,Cs3Sb2X9_perovskite_inspired,full_stack,pooled_etl_htl,10.1016/j.nxmate.2026.102491,Cs3Sb2Br9 SCAPS + pooled contacts
Cs3Sb2Br9,CdS,NiCo2O4,1.952,2.4,2.3,-0.2,0.152,Type I,Type I,SCAPS_literature_table,literature_chi_Eg,device_simulation_parameter,bulk_thin_film_device,Cs3Sb2X9_perovskite_inspired,full_stack,pooled_etl_htl,10.1016/j.nxmate.2026.102491,Cs3Sb2Br9 SCAPS + pooled contacts
Cs3Sb2Br9,CdS,C6TBTAPH2,1.952,2.4,1.59,-0.2,0.762,Type I,Type I,SCAPS_literature_table,literature_chi_Eg,device_simulation_parameter,bulk_thin_film_device,Cs3Sb2X9_perovskite_inspired,full_stack,pooled_etl_htl,10.1016/j.nxmate.2026.102491,Cs3Sb2Br9 SCAPS + pooled contacts
Cs3Sb2Br9,CdS,nPB,1.952,2.4,2.4,-0.2,0.532,Type I,Type I,SCAPS_literature_table,literature_chi_Eg,device_simulation_parameter,bulk_thin_film_device,Cs3Sb2X9_perovskite_inspired,full_stack,pooled_etl_htl,10.1016/j.nxmate.2026.102491,Cs3Sb2Br9 SCAPS + pooled contacts
Cs3Sb2Br9,CdS,C6PcH2,1.952,2.4,1.6,-0.2,0.632,Type I,Type I,SCAPS_literature_table,literature_chi_Eg,device_simulation_parameter,bulk_thin_film_device,Cs3Sb2X9_perovskite_inspired,full_stack,pooled_etl_htl,10.1016/j.nxmate.2026.102491,Cs3Sb2Br9 SCAPS + pooled contacts
Cs3Sb2Br9,CdS,CuAlO2,1.952,2.4,3.46,-0.2,-0.028,Type I,Type III,SCAPS_literature_table,literature_chi_Eg,device_simulation_parameter,bulk_thin_film_device,Cs3Sb2X9_perovskite_inspired,full_stack,pooled_etl_htl,10.1016/j.nxmate.2026.102491,Cs3Sb2Br9 SCAPS + pooled contacts
Cs3Sb2Br9,CdS,D-PBTTT-14,1.952,2.4,2.16,-0.2,0.572,Type I,Type I,SCAPS_literature_table,literature_chi_Eg,device_simulation_parameter,bulk_thin_film_device,Cs3Sb2X9_perovskite_inspired,full_stack,pooled_etl_htl,10.1016/j.nxmate.2026.102491,Cs3Sb2Br9 SCAPS + pooled contacts
Cs3Sb2Br9,CdS,GaAs,1.952,2.4,1.42,-0.2,0.442,Type I,Type III,SCAPS_literature_table,literature_chi_Eg,device_simulation_parameter,bulk_thin_film_device,Cs3Sb2X9_perovskite_inspired,full_stack,pooled_etl_htl,10.1016/j.nxmate.2026.102491,Cs3Sb2Br9 SCAPS + pooled contacts
Cs3Sb2Br9,CdS,ZnTe,1.952,2.4,2.25,-0.2,-0.048,Type I,Type III,SCAPS_literature_table,literature_chi_Eg,device_simulation_parameter,bulk_thin_film_device,Cs3Sb2X9_perovskite_inspired,full_stack,pooled_etl_htl,10.1016/j.nxmate.2026.102491,Cs3Sb2Br9 SCAPS + pooled contacts
Cs3Sb2Br9,CdS,CNTS,1.952,2.4,1.74,-0.2,0.322,Type I,Type I,SCAPS_literature_table,literature_chi_Eg,device_simulation_parameter,bulk_thin_film_device,Cs3Sb2X9_perovskite_inspired,full_stack,pooled_etl_htl,10.1016/j.nxmate.2026.102491,Cs3Sb2Br9 SCAPS + pooled contacts
Cs3Sb2Br9,CdS,MEH-PPV,1.952,2.4,2.1,-0.2,1.032,Type I,Type I,SCAPS_literature_table,literature_chi_Eg,device_simulation_parameter,bulk_thin_film_device,Cs3Sb2X9_perovskite_inspired,full_stack,pooled_etl_htl,10.1016/j.nxmate.2026.102491,Cs3Sb2Br9 SCAPS + pooled contacts
Cs3Sb2Br9,CdS,MoS2,1.952,2.4,1.29,-0.2,0.442,Type I,Type III,SCAPS_literature_table,literature_chi_Eg,device_simulation_parameter,bulk_thin_film_device,Cs3Sb2X9_perovskite_inspired,full_stack,pooled_etl_htl,10.1016/j.nxmate.2026.102491,Cs3Sb2Br9 SCAPS + pooled contacts
Cs3Sb2Br9,CdS,Cu2Te,1.952,2.4,1.18,-0.2,0.552,Type I,Type III,SCAPS_literature_table,literature_chi_Eg,device_simulation_parameter,bulk_thin_film_device,Cs3Sb2X9_perovskite_inspired,full_stack,pooled_etl_htl,10.1016/j.nxmate.2026.102491,Cs3Sb2Br9 SCAPS + pooled contacts
Cs3Sb2Br9,CdS,Zn3P2,1.952,2.4,1.5,-0.2,0.232,Type I,Type III,SCAPS_literature_table,literature_chi_Eg,device_simulation_parameter,bulk_thin_film_device,Cs3Sb2X9_perovskite_inspired,full_stack,pooled_etl_htl,10.1016/j.nxmate.2026.102491,Cs3Sb2Br9 SCAPS + pooled contacts
Cs3Sb2Br9,CdS,CFTS,1.952,2.4,1.3,-0.2,1.332,Type I,Type I,SCAPS_literature_table,literature_chi_Eg,device_simulation_parameter,bulk_thin_film_device,Cs3Sb2X9_perovskite_inspired,full_stack,pooled_etl_htl,10.1016/j.nxmate.2026.102491,Cs3Sb2Br9 SCAPS + pooled contacts
Cs3Sb2Br9,CdS,CuI,1.952,2.4,3.1,-0.2,0.732,Type I,Type I,SCAPS_literature_table,literature_chi_Eg,device_simulation_parameter,bulk_thin_film_device,Cs3Sb2X9_perovskite_inspired,full_stack,pooled_etl_htl,10.1016/j.nxmate.2026.102491,Cs3Sb2Br9 SCAPS + pooled contacts
Cs3Sb2Br9,CdS,CuSCN,1.952,2.4,3.6,-0.2,0.632,Type I,Type I,SCAPS_literature_table,literature_chi_Eg,device_simulation_parameter,bulk_thin_film_device,Cs3Sb2X9_perovskite_inspired,full_stack,pooled_etl_htl,10.1016/j.nxmate.2026.102491,Cs3Sb2Br9 SCAPS + pooled contacts
Cs3Sb2Br9,CdS,NiO,1.952,2.4,3.6,-0.2,0.532,Type I,Type I,SCAPS_literature_table,literature_chi_Eg,device_simulation_parameter,bulk_thin_film_device,Cs3Sb2X9_perovskite_inspired,full_stack,pooled_etl_htl,10.1016/j.nxmate.2026.102491,Cs3Sb2Br9 SCAPS + pooled contacts
Cs3Sb2Br9,CdS,V2O5,1.952,2.4,2.2,-0.2,0.332,Type I,Type I,SCAPS_literature_table,literature_chi_Eg,device_simulation_parameter,bulk_thin_film_device,Cs3Sb2X9_perovskite_inspired,full_stack,pooled_etl_htl,10.1016/j.nxmate.2026.102491,Cs3Sb2Br9 SCAPS + pooled contacts
Cs3Sb2Br9,TiO2,MWCNTs,1.952,3.4,1.55,-0.02,0.742,Type I,Type I,SCAPS_literature_table,literature_chi_Eg,device_simulation_parameter,bulk_thin_film_device,Cs3Sb2X9_perovskite_inspired,full_stack,pooled_etl_htl,10.1016/j.nxmate.2026.102491,Cs3Sb2Br9 SCAPS + pooled contacts
Cs3Sb2Br9,TiO2,MoO3,1.952,3.4,3.0,-0.02,0.632,Type I,Type I,SCAPS_literature_table,literature_chi_Eg,device_simulation_parameter,bulk_thin_film_device,Cs3Sb2X9_perovskite_inspired,full_stack,pooled_etl_htl,10.1016/j.nxmate.2026.102491,Cs3Sb2Br9 SCAPS + pooled contacts
Cs3Sb2Br9,TiO2,PTAA,1.952,3.4,2.96,-0.02,0.672,Type I,Type I,SCAPS_literature_table,literature_chi_Eg,device_simulation_parameter,bulk_thin_film_device,Cs3Sb2X9_perovskite_inspired,full_stack,pooled_etl_htl,10.1016/j.nxmate.2026.102491,Cs3Sb2Br9 SCAPS + pooled contacts
Cs3Sb2Br9,TiO2,TiO2:N,1.952,3.4,3.0,-0.02,0.732,Type I,Type I,SCAPS_literature_table,literature_chi_Eg,device_simulation_parameter,bulk_thin_film_device,Cs3Sb2X9_perovskite_inspired,full_stack,pooled_etl_htl,10.1016/j.nxmate.2026.102491,Cs3Sb2Br9 SCAPS + pooled contacts
Cs3Sb2Br9,TiO2,NiCo2O4,1.952,3.4,2.3,-0.02,0.152,Type I,Type I,SCAPS_literature_table,literature_chi_Eg,device_simulation_parameter,bulk_thin_film_device,Cs3Sb2X9_perovskite_inspired,full_stack,pooled_etl_htl,10.1016/j.nxmate.2026.102491,Cs3Sb2Br9 SCAPS + pooled contacts
Cs3Sb2Br9,TiO2,C6TBTAPH2,1.952,3.4,1.59,-0.02,0.762,Type I,Type I,SCAPS_literature_table,literature_chi_Eg,device_simulation_parameter,bulk_thin_film_device,Cs3Sb2X9_perovskite_inspired,full_stack,pooled_etl_htl,10.1016/j.nxmate.2026.102491,Cs3Sb2Br9 SCAPS + pooled contacts
Cs3Sb2Br9,TiO2,nPB,1.952,3.4,2.4,-0.02,0.532,Type I,Type I,SCAPS_literature_table,literature_chi_Eg,device_simulation_parameter,bulk_thin_film_device,Cs3Sb2X9_perovskite_inspired,full_stack,pooled_etl_htl,10.1016/j.nxmate.2026.102491,Cs3Sb2Br9 SCAPS + pooled contacts
Cs3Sb2Br9,TiO2,C6PcH2,1.952,3.4,1.6,-0.02,0.632,Type I,Type I,SCAPS_literature_table,literature_chi_Eg,device_simulation_parameter,bulk_thin_film_device,Cs3Sb2X9_perovskite_inspired,full_stack,pooled_etl_htl,10.1016/j.nxmate.2026.102491,Cs3Sb2Br9 SCAPS + pooled contacts
Cs3Sb2Br9,TiO2,CuAlO2,1.952,3.4,3.46,-0.02,-0.028,Type I,Type III,SCAPS_literature_table,literature_chi_Eg,device_simulation_parameter,bulk_thin_film_device,Cs3Sb2X9_perovskite_inspired,full_stack,pooled_etl_htl,10.1016/j.nxmate.2026.102491,Cs3Sb2Br9 SCAPS + pooled contacts
Cs3Sb2Br9,TiO2,D-PBTTT-14,1.952,3.4,2.16,-0.02,0.572,Type I,Type I,SCAPS_literature_table,literature_chi_Eg,device_simulation_parameter,bulk_thin_film_device,Cs3Sb2X9_perovskite_inspired,full_stack,pooled_etl_htl,10.1016/j.nxmate.2026.102491,Cs3Sb2Br9 SCAPS + pooled contacts
Cs3Sb2Br9,TiO2,GaAs,1.952,3.4,1.42,-0.02,0.442,Type I,Type III,SCAPS_literature_table,literature_chi_Eg,device_simulation_parameter,bulk_thin_film_device,Cs3Sb2X9_perovskite_inspired,full_stack,pooled_etl_htl,10.1016/j.nxmate.2026.102491,Cs3Sb2Br9 SCAPS + pooled contacts
Cs3Sb2Br9,TiO2,ZnTe,1.952,3.4,2.25,-0.02,-0.048,Type I,Type III,SCAPS_literature_table,literature_chi_Eg,device_simulation_parameter,bulk_thin_film_device,Cs3Sb2X9_perovskite_inspired,full_stack,pooled_etl_htl,10.1016/j.nxmate.2026.102491,Cs3Sb2Br9 SCAPS + pooled contacts
Cs3Sb2Br9,TiO2,CNTS,1.952,3.4,1.74,-0.02,0.322,Type I,Type I,SCAPS_literature_table,literature_chi_Eg,device_simulation_parameter,bulk_thin_film_device,Cs3Sb2X9_perovskite_inspired,full_stack,pooled_etl_htl,10.1016/j.nxmate.2026.102491,Cs3Sb2Br9 SCAPS + pooled contacts
Cs3Sb2Br9,TiO2,MEH-PPV,1.952,3.4,2.1,-0.02,1.032,Type I,Type I,SCAPS_literature_table,literature_chi_Eg,device_simulation_parameter,bulk_thin_film_device,Cs3Sb2X9_perovskite_inspired,full_stack,pooled_etl_htl,10.1016/j.nxmate.2026.102491,Cs3Sb2Br9 SCAPS + pooled contacts
Cs3Sb2Br9,TiO2,MoS2,1.952,3.4,1.29,-0.02,0.442,Type I,Type III,SCAPS_literature_table,literature_chi_Eg,device_simulation_parameter,bulk_thin_film_device,Cs3Sb2X9_perovskite_inspired,full_stack,pooled_etl_htl,10.1016/j.nxmate.2026.102491,Cs3Sb2Br9 SCAPS + pooled contacts
Cs3Sb2Br9,TiO2,Cu2Te,1.952,3.4,1.18,-0.02,0.552,Type I,Type III,SCAPS_literature_table,literature_chi_Eg,device_simulation_parameter,bulk_thin_film_device,Cs3Sb2X9_perovskite_inspired,full_stack,pooled_etl_htl,10.1016/j.nxmate.2026.102491,Cs3Sb2Br9 SCAPS + pooled contacts
Cs3Sb2Br9,TiO2,Zn3P2,1.952,3.4,1.5,-0.02,0.232,Type I,Type III,SCAPS_literature_table,literature_chi_Eg,device_simulation_parameter,bulk_thin_film_device,Cs3Sb2X9_perovskite_inspired,full_stack,pooled_etl_htl,10.1016/j.nxmate.2026.102491,Cs3Sb2Br9 SCAPS + pooled contacts
Cs3Sb2Br9,TiO2,CFTS,1.952,3.4,1.3,-0.02,1.332,Type I,Type I,SCAPS_literature_table,literature_chi_Eg,device_simulation_parameter,bulk_thin_film_device,Cs3Sb2X9_perovskite_inspired,full_stack,pooled_etl_htl,10.1016/j.nxmate.2026.102491,Cs3Sb2Br9 SCAPS + pooled contacts
Cs3Sb2Br9,TiO2,CuI,1.952,3.4,3.1,-0.02,0.732,Type I,Type I,SCAPS_literature_table,literature_chi_Eg,device_simulation_parameter,bulk_thin_film_device,Cs3Sb2X9_perovskite_inspired,full_stack,pooled_etl_htl,10.1016/j.nxmate.2026.102491,Cs3Sb2Br9 SCAPS + pooled contacts
Cs3Sb2Br9,TiO2,CuSCN,1.952,3.4,3.6,-0.02,0.632,Type I,Type I,SCAPS_literature_table,literature_chi_Eg,device_simulation_parameter,bulk_thin_film_device,Cs3Sb2X9_perovskite_inspired,full_stack,pooled_etl_htl,10.1016/j.nxmate.2026.102491,Cs3Sb2Br9 SCAPS + pooled contacts
Cs3Sb2Br9,TiO2,NiO,1.952,3.4,3.6,-0.02,0.532,Type I,Type I,SCAPS_literature_table,literature_chi_Eg,device_simulation_parameter,bulk_thin_film_device,Cs3Sb2X9_perovskite_inspired,full_stack,pooled_etl_htl,10.1016/j.nxmate.2026.102491,Cs3Sb2Br9 SCAPS + pooled contacts
Cs3Sb2Br9,TiO2,V2O5,1.952,3.4,2.2,-0.02,0.332,Type I,Type I,SCAPS_literature_table,literature_chi_Eg,device_simulation_parameter,bulk_thin_film_device,Cs3Sb2X9_perovskite_inspired,full_stack,pooled_etl_htl,10.1016/j.nxmate.2026.102491,Cs3Sb2Br9 SCAPS + pooled contacts
Cs3Sb2Br9,WS2,MWCNTs,1.952,1.8,1.55,0.03,0.742,Type I,Type I,SCAPS_literature_table,literature_chi_Eg,device_simulation_parameter,bulk_thin_film_device,Cs3Sb2X9_perovskite_inspired,full_stack,pooled_etl_htl,10.1016/j.nxmate.2026.102491,Cs3Sb2Br9 SCAPS + pooled contacts
Cs3Sb2Br9,WS2,MoO3,1.952,1.8,3.0,0.03,0.632,Type I,Type I,SCAPS_literature_table,literature_chi_Eg,device_simulation_parameter,bulk_thin_film_device,Cs3Sb2X9_perovskite_inspired,full_stack,pooled_etl_htl,10.1016/j.nxmate.2026.102491,Cs3Sb2Br9 SCAPS + pooled contacts
Cs3Sb2Br9,WS2,PTAA,1.952,1.8,2.96,0.03,0.672,Type I,Type I,SCAPS_literature_table,literature_chi_Eg,device_simulation_parameter,bulk_thin_film_device,Cs3Sb2X9_perovskite_inspired,full_stack,pooled_etl_htl,10.1016/j.nxmate.2026.102491,Cs3Sb2Br9 SCAPS + pooled contacts
Cs3Sb2Br9,WS2,TiO2:N,1.952,1.8,3.0,0.03,0.732,Type I,Type I,SCAPS_literature_table,literature_chi_Eg,device_simulation_parameter,bulk_thin_film_device,Cs3Sb2X9_perovskite_inspired,full_stack,pooled_etl_htl,10.1016/j.nxmate.2026.102491,Cs3Sb2Br9 SCAPS + pooled contacts
Cs3Sb2Br9,WS2,NiCo2O4,1.952,1.8,2.3,0.03,0.152,Type I,Type I,SCAPS_literature_table,literature_chi_Eg,device_simulation_parameter,bulk_thin_film_device,Cs3Sb2X9_perovskite_inspired,full_stack,pooled_etl_htl,10.1016/j.nxmate.2026.102491,Cs3Sb2Br9 SCAPS + pooled contacts
Cs3Sb2Br9,WS2,C6TBTAPH2,1.952,1.8,1.59,0.03,0.762,Type I,Type I,SCAPS_literature_table,literature_chi_Eg,device_simulation_parameter,bulk_thin_film_device,Cs3Sb2X9_perovskite_inspired,full_stack,pooled_etl_htl,10.1016/j.nxmate.2026.102491,Cs3Sb2Br9 SCAPS + pooled contacts
Cs3Sb2Br9,WS2,nPB,1.952,1.8,2.4,0.03,0.532,Type I,Type I,SCAPS_literature_table,literature_chi_Eg,device_simulation_parameter,bulk_thin_film_device,Cs3Sb2X9_perovskite_inspired,full_stack,pooled_etl_htl,10.1016/j.nxmate.2026.102491,Cs3Sb2Br9 SCAPS + pooled contacts
Cs3Sb2Br9,WS2,C6PcH2,1.952,1.8,1.6,0.03,0.632,Type I,Type I,SCAPS_literature_table,literature_chi_Eg,device_simulation_parameter,bulk_thin_film_device,Cs3Sb2X9_perovskite_inspired,full_stack,pooled_etl_htl,10.1016/j.nxmate.2026.102491,Cs3Sb2Br9 SCAPS + pooled contacts
Cs3Sb2Br9,WS2,CuAlO2,1.952,1.8,3.46,0.03,-0.028,Type I,Type III,SCAPS_literature_table,literature_chi_Eg,device_simulation_parameter,bulk_thin_film_device,Cs3Sb2X9_perovskite_inspired,full_stack,pooled_etl_htl,10.1016/j.nxmate.2026.102491,Cs3Sb2Br9 SCAPS + pooled contacts
Cs3Sb2Br9,WS2,D-PBTTT-14,1.952,1.8,2.16,0.03,0.572,Type I,Type I,SCAPS_literature_table,literature_chi_Eg,device_simulation_parameter,bulk_thin_film_device,Cs3Sb2X9_perovskite_inspired,full_stack,pooled_etl_htl,10.1016/j.nxmate.2026.102491,Cs3Sb2Br9 SCAPS + pooled contacts
Cs3Sb2Br9,WS2,GaAs,1.952,1.8,1.42,0.03,0.442,Type I,Type III,SCAPS_literature_table,literature_chi_Eg,device_simulation_parameter,bulk_thin_film_device,Cs3Sb2X9_perovskite_inspired,full_stack,pooled_etl_htl,10.1016/j.nxmate.2026.102491,Cs3Sb2Br9 SCAPS + pooled contacts
Cs3Sb2Br9,WS2,ZnTe,1.952,1.8,2.25,0.03,-0.048,Type I,Type III,SCAPS_literature_table,literature_chi_Eg,device_simulation_parameter,bulk_thin_film_device,Cs3Sb2X9_perovskite_inspired,full_stack,pooled_etl_htl,10.1016/j.nxmate.2026.102491,Cs3Sb2Br9 SCAPS + pooled contacts
Cs3Sb2Br9,WS2,CNTS,1.952,1.8,1.74,0.03,0.322,Type I,Type I,SCAPS_literature_table,literature_chi_Eg,device_simulation_parameter,bulk_thin_film_device,Cs3Sb2X9_perovskite_inspired,full_stack,pooled_etl_htl,10.1016/j.nxmate.2026.102491,Cs3Sb2Br9 SCAPS + pooled contacts
Cs3Sb2Br9,WS2,MEH-PPV,1.952,1.8,2.1,0.03,1.032,Type I,Type I,SCAPS_literature_table,literature_chi_Eg,device_simulation_parameter,bulk_thin_film_device,Cs3Sb2X9_perovskite_inspired,full_stack,pooled_etl_htl,10.1016/j.nxmate.2026.102491,Cs3Sb2Br9 SCAPS + pooled contacts
Cs3Sb2Br9,WS2,MoS2,1.952,1.8,1.29,0.03,0.442,Type I,Type III,SCAPS_literature_table,literature_chi_Eg,device_simulation_parameter,bulk_thin_film_device,Cs3Sb2X9_perovskite_inspired,full_stack,pooled_etl_htl,10.1016/j.nxmate.2026.102491,Cs3Sb2Br9 SCAPS + pooled contacts
Cs3Sb2Br9,WS2,Cu2Te,1.952,1.8,1.18,0.03,0.552,Type I,Type III,SCAPS_literature_table,literature_chi_Eg,device_simulation_parameter,bulk_thin_film_device,Cs3Sb2X9_perovskite_inspired,full_stack,pooled_etl_htl,10.1016/j.nxmate.2026.102491,Cs3Sb2Br9 SCAPS + pooled contacts
Cs3Sb2Br9,WS2,Zn3P2,1.952,1.8,1.5,0.03,0.232,Type I,Type III,SCAPS_literature_table,literature_chi_Eg,device_simulation_parameter,bulk_thin_film_device,Cs3Sb2X9_perovskite_inspired,full_stack,pooled_etl_htl,10.1016/j.nxmate.2026.102491,Cs3Sb2Br9 SCAPS + pooled contacts
Cs3Sb2Br9,WS2,CFTS,1.952,1.8,1.3,0.03,1.332,Type I,Type I,SCAPS_literature_table,literature_chi_Eg,device_simulation_parameter,bulk_thin_film_device,Cs3Sb2X9_perovskite_inspired,full_stack,pooled_etl_htl,10.1016/j.nxmate.2026.102491,Cs3Sb2Br9 SCAPS + pooled contacts
Cs3Sb2Br9,WS2,CuI,1.952,1.8,3.1,0.03,0.732,Type I,Type I,SCAPS_literature_table,literature_chi_Eg,device_simulation_parameter,bulk_thin_film_device,Cs3Sb2X9_perovskite_inspired,full_stack,pooled_etl_htl,10.1016/j.nxmate.2026.102491,Cs3Sb2Br9 SCAPS + pooled contacts
Cs3Sb2Br9,WS2,CuSCN,1.952,1.8,3.6,0.03,0.632,Type I,Type I,SCAPS_literature_table,literature_chi_Eg,device_simulation_parameter,bulk_thin_film_device,Cs3Sb2X9_perovskite_inspired,full_stack,pooled_etl_htl,10.1016/j.nxmate.2026.102491,Cs3Sb2Br9 SCAPS + pooled contacts
Cs3Sb2Br9,WS2,NiO,1.952,1.8,3.6,0.03,0.532,Type I,Type I,SCAPS_literature_table,literature_chi_Eg,device_simulation_parameter,bulk_thin_film_device,Cs3Sb2X9_perovskite_inspired,full_stack,pooled_etl_htl,10.1016/j.nxmate.2026.102491,Cs3Sb2Br9 SCAPS + pooled contacts
Cs3Sb2Br9,WS2,V2O5,1.952,1.8,2.2,0.03,0.332,Type I,Type I,SCAPS_literature_table,literature_chi_Eg,device_simulation_parameter,bulk_thin_film_device,Cs3Sb2X9_perovskite_inspired,full_stack,pooled_etl_htl,10.1016/j.nxmate.2026.102491,Cs3Sb2Br9 SCAPS + pooled contacts
Cs3Sb2Br9,SnO2,MWCNTs,1.952,3.6,1.55,0.08,0.742,Type III,Type I,SCAPS_literature_table,literature_chi_Eg,device_simulation_parameter,bulk_thin_film_device,Cs3Sb2X9_perovskite_inspired,full_stack,pooled_etl_htl,10.1016/j.nxmate.2026.102491,Cs3Sb2Br9 SCAPS + pooled contacts
Cs3Sb2Br9,SnO2,MoO3,1.952,3.6,3.0,0.08,0.632,Type III,Type I,SCAPS_literature_table,literature_chi_Eg,device_simulation_parameter,bulk_thin_film_device,Cs3Sb2X9_perovskite_inspired,full_stack,pooled_etl_htl,10.1016/j.nxmate.2026.102491,Cs3Sb2Br9 SCAPS + pooled contacts
Cs3Sb2Br9,SnO2,PTAA,1.952,3.6,2.96,0.08,0.672,Type III,Type I,SCAPS_literature_table,literature_chi_Eg,device_simulation_parameter,bulk_thin_film_device,Cs3Sb2X9_perovskite_inspired,full_stack,pooled_etl_htl,10.1016/j.nxmate.2026.102491,Cs3Sb2Br9 SCAPS + pooled contacts
Cs3Sb2Br9,SnO2,TiO2:N,1.952,3.6,3.0,0.08,0.732,Type III,Type I,SCAPS_literature_table,literature_chi_Eg,device_simulation_parameter,bulk_thin_film_device,Cs3Sb2X9_perovskite_inspired,full_stack,pooled_etl_htl,10.1016/j.nxmate.2026.102491,Cs3Sb2Br9 SCAPS + pooled contacts
Cs3Sb2Br9,SnO2,NiCo2O4,1.952,3.6,2.3,0.08,0.152,Type III,Type I,SCAPS_literature_table,literature_chi_Eg,device_simulation_parameter,bulk_thin_film_device,Cs3Sb2X9_perovskite_inspired,full_stack,pooled_etl_htl,10.1016/j.nxmate.2026.102491,Cs3Sb2Br9 SCAPS + pooled contacts
Cs3Sb2Br9,SnO2,C6TBTAPH2,1.952,3.6,1.59,0.08,0.762,Type III,Type I,SCAPS_literature_table,literature_chi_Eg,device_simulation_parameter,bulk_thin_film_device,Cs3Sb2X9_perovskite_inspired,full_stack,pooled_etl_htl,10.1016/j.nxmate.2026.102491,Cs3Sb2Br9 SCAPS + pooled contacts
Cs3Sb2Br9,SnO2,nPB,1.952,3.6,2.4,0.08,0.532,Type III,Type I,SCAPS_literature_table,literature_chi_Eg,device_simulation_parameter,bulk_thin_film_device,Cs3Sb2X9_perovskite_inspired,full_stack,pooled_etl_htl,10.1016/j.nxmate.2026.102491,Cs3Sb2Br9 SCAPS + pooled contacts
Cs3Sb2Br9,SnO2,C6PcH2,1.952,3.6,1.6,0.08,0.632,Type III,Type I,SCAPS_literature_table,literature_chi_Eg,device_simulation_parameter,bulk_thin_film_device,Cs3Sb2X9_perovskite_inspired,full_stack,pooled_etl_htl,10.1016/j.nxmate.2026.102491,Cs3Sb2Br9 SCAPS + pooled contacts
Cs3Sb2Br9,SnO2,CuAlO2,1.952,3.6,3.46,0.08,-0.028,Type III,Type III,SCAPS_literature_table,literature_chi_Eg,device_simulation_parameter,bulk_thin_film_device,Cs3Sb2X9_perovskite_inspired,full_stack,pooled_etl_htl,10.1016/j.nxmate.2026.102491,Cs3Sb2Br9 SCAPS + pooled contacts
Cs3Sb2Br9,SnO2,D-PBTTT-14,1.952,3.6,2.16,0.08,0.572,Type III,Type I,SCAPS_literature_table,literature_chi_Eg,device_simulation_parameter,bulk_thin_film_device,Cs3Sb2X9_perovskite_inspired,full_stack,pooled_etl_htl,10.1016/j.nxmate.2026.102491,Cs3Sb2Br9 SCAPS + pooled contacts
Cs3Sb2Br9,SnO2,GaAs,1.952,3.6,1.42,0.08,0.442,Type III,Type III,SCAPS_literature_table,literature_chi_Eg,device_simulation_parameter,bulk_thin_film_device,Cs3Sb2X9_perovskite_inspired,full_stack,pooled_etl_htl,10.1016/j.nxmate.2026.102491,Cs3Sb2Br9 SCAPS + pooled contacts
Cs3Sb2Br9,SnO2,ZnTe,1.952,3.6,2.25,0.08,-0.048,Type III,Type III,SCAPS_literature_table,literature_chi_Eg,device_simulation_parameter,bulk_thin_film_device,Cs3Sb2X9_perovskite_inspired,full_stack,pooled_etl_htl,10.1016/j.nxmate.2026.102491,Cs3Sb2Br9 SCAPS + pooled contacts
Cs3Sb2Br9,SnO2,CNTS,1.952,3.6,1.74,0.08,0.322,Type III,Type I,SCAPS_literature_table,literature_chi_Eg,device_simulation_parameter,bulk_thin_film_device,Cs3Sb2X9_perovskite_inspired,full_stack,pooled_etl_htl,10.1016/j.nxmate.2026.102491,Cs3Sb2Br9 SCAPS + pooled contacts
Cs3Sb2Br9,SnO2,MEH-PPV,1.952,3.6,2.1,0.08,1.032,Type III,Type I,SCAPS_literature_table,literature_chi_Eg,device_simulation_parameter,bulk_thin_film_device,Cs3Sb2X9_perovskite_inspired,full_stack,pooled_etl_htl,10.1016/j.nxmate.2026.102491,Cs3Sb2Br9 SCAPS + pooled contacts
Cs3Sb2Br9,SnO2,MoS2,1.952,3.6,1.29,0.08,0.442,Type III,Type III,SCAPS_literature_table,literature_chi_Eg,device_simulation_parameter,bulk_thin_film_device,Cs3Sb2X9_perovskite_inspired,full_stack,pooled_etl_htl,10.1016/j.nxmate.2026.102491,Cs3Sb2Br9 SCAPS + pooled contacts
Cs3Sb2Br9,SnO2,Cu2Te,1.952,3.6,1.18,0.08,0.552,Type III,Type III,SCAPS_literature_table,literature_chi_Eg,device_simulation_parameter,bulk_thin_film_device,Cs3Sb2X9_perovskite_inspired,full_stack,pooled_etl_htl,10.1016/j.nxmate.2026.102491,Cs3Sb2Br9 SCAPS + pooled contacts
Cs3Sb2Br9,SnO2,Zn3P2,1.952,3.6,1.5,0.08,0.232,Type III,Type III,SCAPS_literature_table,literature_chi_Eg,device_simulation_parameter,bulk_thin_film_device,Cs3Sb2X9_perovskite_inspired,full_stack,pooled_etl_htl,10.1016/j.nxmate.2026.102491,Cs3Sb2Br9 SCAPS + pooled contacts
Cs3Sb2Br9,SnO2,CFTS,1.952,3.6,1.3,0.08,1.332,Type III,Type I,SCAPS_literature_table,literature_chi_Eg,device_simulation_parameter,bulk_thin_film_device,Cs3Sb2X9_perovskite_inspired,full_stack,pooled_etl_htl,10.1016/j.nxmate.2026.102491,Cs3Sb2Br9 SCAPS + pooled contacts
Cs3Sb2Br9,SnO2,CuI,1.952,3.6,3.1,0.08,0.732,Type III,Type I,SCAPS_literature_table,literature_chi_Eg,device_simulation_parameter,bulk_thin_film_device,Cs3Sb2X9_perovskite_inspired,full_stack,pooled_etl_htl,10.1016/j.nxmate.2026.102491,Cs3Sb2Br9 SCAPS + pooled contacts
Cs3Sb2Br9,SnO2,CuSCN,1.952,3.6,3.6,0.08,0.632,Type III,Type I,SCAPS_literature_table,literature_chi_Eg,device_simulation_parameter,bulk_thin_film_device,Cs3Sb2X9_perovskite_inspired,full_stack,pooled_etl_htl,10.1016/j.nxmate.2026.102491,Cs3Sb2Br9 SCAPS + pooled contacts
Cs3Sb2Br9,SnO2,NiO,1.952,3.6,3.6,0.08,0.532,Type III,Type I,SCAPS_literature_table,literature_chi_Eg,device_simulation_parameter,bulk_thin_film_device,Cs3Sb2X9_perovskite_inspired,full_stack,pooled_etl_htl,10.1016/j.nxmate.2026.102491,Cs3Sb2Br9 SCAPS + pooled contacts
Cs3Sb2Br9,SnO2,V2O5,1.952,3.6,2.2,0.08,0.332,Type III,Type I,SCAPS_literature_table,literature_chi_Eg,device_simulation_parameter,bulk_thin_film_device,Cs3Sb2X9_perovskite_inspired,full_stack,pooled_etl_htl,10.1016/j.nxmate.2026.102491,Cs3Sb2Br9 SCAPS + pooled contacts
Cs3Sb2Br9,PCBM,MWCNTs,1.952,2.0,1.55,0.08,0.742,Type I,Type I,SCAPS_literature_table,literature_chi_Eg,device_simulation_parameter,bulk_thin_film_device,Cs3Sb2X9_perovskite_inspired,full_stack,pooled_etl_htl,10.1016/j.nxmate.2026.102491,Cs3Sb2Br9 SCAPS + pooled contacts
Cs3Sb2Br9,PCBM,MoO3,1.952,2.0,3.0,0.08,0.632,Type I,Type I,SCAPS_literature_table,literature_chi_Eg,device_simulation_parameter,bulk_thin_film_device,Cs3Sb2X9_perovskite_inspired,full_stack,pooled_etl_htl,10.1016/j.nxmate.2026.102491,Cs3Sb2Br9 SCAPS + pooled contacts
Cs3Sb2Br9,PCBM,PTAA,1.952,2.0,2.96,0.08,0.672,Type I,Type I,SCAPS_literature_table,literature_chi_Eg,device_simulation_parameter,bulk_thin_film_device,Cs3Sb2X9_perovskite_inspired,full_stack,pooled_etl_htl,10.1016/j.nxmate.2026.102491,Cs3Sb2Br9 SCAPS + pooled contacts
Cs3Sb2Br9,PCBM,TiO2:N,1.952,2.0,3.0,0.08,0.732,Type I,Type I,SCAPS_literature_table,literature_chi_Eg,device_simulation_parameter,bulk_thin_film_device,Cs3Sb2X9_perovskite_inspired,full_stack,pooled_etl_htl,10.1016/j.nxmate.2026.102491,Cs3Sb2Br9 SCAPS + pooled contacts
Cs3Sb2Br9,PCBM,NiCo2O4,1.952,2.0,2.3,0.08,0.152,Type I,Type I,SCAPS_literature_table,literature_chi_Eg,device_simulation_parameter,bulk_thin_film_device,Cs3Sb2X9_perovskite_inspired,full_stack,pooled_etl_htl,10.1016/j.nxmate.2026.102491,Cs3Sb2Br9 SCAPS + pooled contacts
Cs3Sb2Br9,PCBM,C6TBTAPH2,1.952,2.0,1.59,0.08,0.762,Type I,Type I,SCAPS_literature_table,literature_chi_Eg,device_simulation_parameter,bulk_thin_film_device,Cs3Sb2X9_perovskite_inspired,full_stack,pooled_etl_htl,10.1016/j.nxmate.2026.102491,Cs3Sb2Br9 SCAPS + pooled contacts
Cs3Sb2Br9,PCBM,nPB,1.952,2.0,2.4,0.08,0.532,Type I,Type I,SCAPS_literature_table,literature_chi_Eg,device_simulation_parameter,bulk_thin_film_device,Cs3Sb2X9_perovskite_inspired,full_stack,pooled_etl_htl,10.1016/j.nxmate.2026.102491,Cs3Sb2Br9 SCAPS + pooled contacts
Cs3Sb2Br9,PCBM,C6PcH2,1.952,2.0,1.6,0.08,0.632,Type I,Type I,SCAPS_literature_table,literature_chi_Eg,device_simulation_parameter,bulk_thin_film_device,Cs3Sb2X9_perovskite_inspired,full_stack,pooled_etl_htl,10.1016/j.nxmate.2026.102491,Cs3Sb2Br9 SCAPS + pooled contacts
Cs3Sb2Br9,PCBM,CuAlO2,1.952,2.0,3.46,0.08,-0.028,Type I,Type III,SCAPS_literature_table,literature_chi_Eg,device_simulation_parameter,bulk_thin_film_device,Cs3Sb2X9_perovskite_inspired,full_stack,pooled_etl_htl,10.1016/j.nxmate.2026.102491,Cs3Sb2Br9 SCAPS + pooled contacts
Cs3Sb2Br9,PCBM,D-PBTTT-14,1.952,2.0,2.16,0.08,0.572,Type I,Type I,SCAPS_literature_table,literature_chi_Eg,device_simulation_parameter,bulk_thin_film_device,Cs3Sb2X9_perovskite_inspired,full_stack,pooled_etl_htl,10.1016/j.nxmate.2026.102491,Cs3Sb2Br9 SCAPS + pooled contacts
Cs3Sb2Br9,PCBM,GaAs,1.952,2.0,1.42,0.08,0.442,Type I,Type III,SCAPS_literature_table,literature_chi_Eg,device_simulation_parameter,bulk_thin_film_device,Cs3Sb2X9_perovskite_inspired,full_stack,pooled_etl_htl,10.1016/j.nxmate.2026.102491,Cs3Sb2Br9 SCAPS + pooled contacts
Cs3Sb2Br9,PCBM,ZnTe,1.952,2.0,2.25,0.08,-0.048,Type I,Type III,SCAPS_literature_table,literature_chi_Eg,device_simulation_parameter,bulk_thin_film_device,Cs3Sb2X9_perovskite_inspired,full_stack,pooled_etl_htl,10.1016/j.nxmate.2026.102491,Cs3Sb2Br9 SCAPS + pooled contacts
Cs3Sb2Br9,PCBM,CNTS,1.952,2.0,1.74,0.08,0.322,Type I,Type I,SCAPS_literature_table,literature_chi_Eg,device_simulation_parameter,bulk_thin_film_device,Cs3Sb2X9_perovskite_inspired,full_stack,pooled_etl_htl,10.1016/j.nxmate.2026.102491,Cs3Sb2Br9 SCAPS + pooled contacts
Cs3Sb2Br9,PCBM,MEH-PPV,1.952,2.0,2.1,0.08,1.032,Type I,Type I,SCAPS_literature_table,literature_chi_Eg,device_simulation_parameter,bulk_thin_film_device,Cs3Sb2X9_perovskite_inspired,full_stack,pooled_etl_htl,10.1016/j.nxmate.2026.102491,Cs3Sb2Br9 SCAPS + pooled contacts
Cs3Sb2Br9,PCBM,MoS2,1.952,2.0,1.29,0.08,0.442,Type I,Type III,SCAPS_literature_table,literature_chi_Eg,device_simulation_parameter,bulk_thin_film_device,Cs3Sb2X9_perovskite_inspired,full_stack,pooled_etl_htl,10.1016/j.nxmate.2026.102491,Cs3Sb2Br9 SCAPS + pooled contacts
Cs3Sb2Br9,PCBM,Cu2Te,1.952,2.0,1.18,0.08,0.552,Type I,Type III,SCAPS_literature_table,literature_chi_Eg,device_simulation_parameter,bulk_thin_film_device,Cs3Sb2X9_perovskite_inspired,full_stack,pooled_etl_htl,10.1016/j.nxmate.2026.102491,Cs3Sb2Br9 SCAPS + pooled contacts
Cs3Sb2Br9,PCBM,Zn3P2,1.952,2.0,1.5,0.08,0.232,Type I,Type III,SCAPS_literature_table,literature_chi_Eg,device_simulation_parameter,bulk_thin_film_device,Cs3Sb2X9_perovskite_inspired,full_stack,pooled_etl_htl,10.1016/j.nxmate.2026.102491,Cs3Sb2Br9 SCAPS + pooled contacts
Cs3Sb2Br9,PCBM,CFTS,1.952,2.0,1.3,0.08,1.332,Type I,Type I,SCAPS_literature_table,literature_chi_Eg,device_simulation_parameter,bulk_thin_film_device,Cs3Sb2X9_perovskite_inspired,full_stack,pooled_etl_htl,10.1016/j.nxmate.2026.102491,Cs3Sb2Br9 SCAPS + pooled contacts
Cs3Sb2Br9,PCBM,CuI,1.952,2.0,3.1,0.08,0.732,Type I,Type I,SCAPS_literature_table,literature_chi_Eg,device_simulation_parameter,bulk_thin_film_device,Cs3Sb2X9_perovskite_inspired,full_stack,pooled_etl_htl,10.1016/j.nxmate.2026.102491,Cs3Sb2Br9 SCAPS + pooled contacts
Cs3Sb2Br9,PCBM,CuSCN,1.952,2.0,3.6,0.08,0.632,Type I,Type I,SCAPS_literature_table,literature_chi_Eg,device_simulation_parameter,bulk_thin_film_device,Cs3Sb2X9_perovskite_inspired,full_stack,pooled_etl_htl,10.1016/j.nxmate.2026.102491,Cs3Sb2Br9 SCAPS + pooled contacts
Cs3Sb2Br9,PCBM,NiO,1.952,2.0,3.6,0.08,0.532,Type I,Type I,SCAPS_literature_table,literature_chi_Eg,device_simulation_parameter,bulk_thin_film_device,Cs3Sb2X9_perovskite_inspired,full_stack,pooled_etl_htl,10.1016/j.nxmate.2026.102491,Cs3Sb2Br9 SCAPS + pooled contacts
Cs3Sb2Br9,PCBM,V2O5,1.952,2.0,2.2,0.08,0.332,Type I,Type I,SCAPS_literature_table,literature_chi_Eg,device_simulation_parameter,bulk_thin_film_device,Cs3Sb2X9_perovskite_inspired,full_stack,pooled_etl_htl,10.1016/j.nxmate.2026.102491,Cs3Sb2Br9 SCAPS + pooled contacts
