material_absorber,absorber_band_gap_eV,phase,a_site,a2_site,b1_site,b2_site,x_site,heat_of_formation_eV_per_atom,gap_method,functional,gap_type,material_class,perovskite_family,record_type,source_doi,source_paper
Cs2AgAlBr6 (cubic),1.0274,cubic,Cs,,Ag,Al,Br,-1.24055807,DFT_indirect_gap,DFT_Paper5,fundamental_quasiparticle,halide_double_perovskite_absorber,A2B1B3X6_halide_double_perovskite,absorber_only,10.1038/s41524-019-0177-0,"Li et al. npj Comput Mater 5, 83 (2019) — DFT indirect gap"
Cs2AgAsBr6 (cubic),0.781,cubic,Cs,,Ag,As,Br,-1.01283278,DFT_indirect_gap,DFT_Paper5,fundamental_quasiparticle,halide_double_perovskite_absorber,A2B1B3X6_halide_double_perovskite,absorber_only,10.1038/s41524-019-0177-0,"Li et al. npj Comput Mater 5, 83 (2019) — DFT indirect gap"
Cs2AgBiBr6 (cubic),1.1399,cubic,Cs,,Ag,Bi,Br,-1.14508968,DFT_indirect_gap,DFT_Paper5,fundamental_quasiparticle,halide_double_perovskite_absorber,A2B1B3X6_halide_double_perovskite,absorber_only,10.1038/s41524-019-0177-0,"Li et al. npj Comput Mater 5, 83 (2019) — DFT indirect gap"
Cs2AgInBr6 (cubic),0.1818,cubic,Cs,,Ag,In,Br,-1.16285904,DFT_indirect_gap,DFT_Paper5,fundamental_quasiparticle,halide_double_perovskite_absorber,A2B1B3X6_halide_double_perovskite,absorber_only,10.1038/s41524-019-0177-0,"Li et al. npj Comput Mater 5, 83 (2019) — DFT indirect gap"
Cs2AgSbBr6 (cubic),0.8519,cubic,Cs,,Ag,Sb,Br,-1.097396247,DFT_indirect_gap,DFT_Paper5,fundamental_quasiparticle,halide_double_perovskite_absorber,A2B1B3X6_halide_double_perovskite,absorber_only,10.1038/s41524-019-0177-0,"Li et al. npj Comput Mater 5, 83 (2019) — DFT indirect gap"
Cs2AuBiBr6 (cubic),0.1284,cubic,Cs,,Au,Bi,Br,-1.04396848,DFT_indirect_gap,DFT_Paper5,fundamental_quasiparticle,halide_double_perovskite_absorber,A2B1B3X6_halide_double_perovskite,absorber_only,10.1038/s41524-019-0177-0,"Li et al. npj Comput Mater 5, 83 (2019) — DFT indirect gap"
Cs2CuAsBr6 (cubic),0.2252,cubic,Cs,,Cu,As,Br,-0.959211105,DFT_indirect_gap,DFT_Paper5,fundamental_quasiparticle,halide_double_perovskite_absorber,A2B1B3X6_halide_double_perovskite,absorber_only,10.1038/s41524-019-0177-0,"Li et al. npj Comput Mater 5, 83 (2019) — DFT indirect gap"
Cs2CuBiBr6 (cubic),0.5649,cubic,Cs,,Cu,Bi,Br,-1.093462005,DFT_indirect_gap,DFT_Paper5,fundamental_quasiparticle,halide_double_perovskite_absorber,A2B1B3X6_halide_double_perovskite,absorber_only,10.1038/s41524-019-0177-0,"Li et al. npj Comput Mater 5, 83 (2019) — DFT indirect gap"
Cs2CuSbBr6 (cubic),0.3254,cubic,Cs,,Cu,Sb,Br,-1.045705172,DFT_indirect_gap,DFT_Paper5,fundamental_quasiparticle,halide_double_perovskite_absorber,A2B1B3X6_halide_double_perovskite,absorber_only,10.1038/s41524-019-0177-0,"Li et al. npj Comput Mater 5, 83 (2019) — DFT indirect gap"
Cs2InAlBr6 (cubic),1.9981,cubic,Cs,,In,Al,Br,-1.325690505,DFT_indirect_gap,DFT_Paper5,fundamental_quasiparticle,halide_double_perovskite_absorber,A2B1B3X6_halide_double_perovskite,absorber_only,10.1038/s41524-019-0177-0,"Li et al. npj Comput Mater 5, 83 (2019) — DFT indirect gap"
Cs2InAsBr6 (cubic),0.1267,cubic,Cs,,In,As,Br,-1.095792715,DFT_indirect_gap,DFT_Paper5,fundamental_quasiparticle,halide_double_perovskite_absorber,A2B1B3X6_halide_double_perovskite,absorber_only,10.1038/s41524-019-0177-0,"Li et al. npj Comput Mater 5, 83 (2019) — DFT indirect gap"
Cs2InGaBr6 (cubic),1.016,cubic,Cs,,In,Ga,Br,-1.221824565,DFT_indirect_gap,DFT_Paper5,fundamental_quasiparticle,halide_double_perovskite_absorber,A2B1B3X6_halide_double_perovskite,absorber_only,10.1038/s41524-019-0177-0,"Li et al. npj Comput Mater 5, 83 (2019) — DFT indirect gap"
Cs2InInBr6 (cubic),0.8082,cubic,Cs,,In,In,Br,-1.240542875,DFT_indirect_gap,DFT_Paper5,fundamental_quasiparticle,halide_double_perovskite_absorber,A2B1B3X6_halide_double_perovskite,absorber_only,10.1038/s41524-019-0177-0,"Li et al. npj Comput Mater 5, 83 (2019) — DFT indirect gap"
Cs2InSbBr6 (cubic),0.087,cubic,Cs,,In,Sb,Br,-1.169661782,DFT_indirect_gap,DFT_Paper5,fundamental_quasiparticle,halide_double_perovskite_absorber,A2B1B3X6_halide_double_perovskite,absorber_only,10.1038/s41524-019-0177-0,"Li et al. npj Comput Mater 5, 83 (2019) — DFT indirect gap"
Cs2TlAlBr6 (cubic),2.6282,cubic,Cs,,Tl,Al,Br,-1.36037836,DFT_indirect_gap,DFT_Paper5,fundamental_quasiparticle,halide_double_perovskite_absorber,A2B1B3X6_halide_double_perovskite,absorber_only,10.1038/s41524-019-0177-0,"Li et al. npj Comput Mater 5, 83 (2019) — DFT indirect gap"
Cs2TlAsBr6 (cubic),0.8269,cubic,Cs,,Tl,As,Br,-1.11457837,DFT_indirect_gap,DFT_Paper5,fundamental_quasiparticle,halide_double_perovskite_absorber,A2B1B3X6_halide_double_perovskite,absorber_only,10.1038/s41524-019-0177-0,"Li et al. npj Comput Mater 5, 83 (2019) — DFT indirect gap"
Cs2TlBiBr6 (cubic),0.6537,cubic,Cs,,Tl,Bi,Br,-1.24036537,DFT_indirect_gap,DFT_Paper5,fundamental_quasiparticle,halide_double_perovskite_absorber,A2B1B3X6_halide_double_perovskite,absorber_only,10.1038/s41524-019-0177-0,"Li et al. npj Comput Mater 5, 83 (2019) — DFT indirect gap"
Cs2TlGaBr6 (cubic),1.4557,cubic,Cs,,Tl,Ga,Br,-1.22460492,DFT_indirect_gap,DFT_Paper5,fundamental_quasiparticle,halide_double_perovskite_absorber,A2B1B3X6_halide_double_perovskite,absorber_only,10.1038/s41524-019-0177-0,"Li et al. npj Comput Mater 5, 83 (2019) — DFT indirect gap"
Cs2TlInBr6 (cubic),1.6335,cubic,Cs,,Tl,In,Br,-1.26826333,DFT_indirect_gap,DFT_Paper5,fundamental_quasiparticle,halide_double_perovskite_absorber,A2B1B3X6_halide_double_perovskite,absorber_only,10.1038/s41524-019-0177-0,"Li et al. npj Comput Mater 5, 83 (2019) — DFT indirect gap"
Cs2TlSbBr6 (cubic),0.6989,cubic,Cs,,Tl,Sb,Br,-1.193051637,DFT_indirect_gap,DFT_Paper5,fundamental_quasiparticle,halide_double_perovskite_absorber,A2B1B3X6_halide_double_perovskite,absorber_only,10.1038/s41524-019-0177-0,"Li et al. npj Comput Mater 5, 83 (2019) — DFT indirect gap"
K2AgAlBr6 (cubic),1.0488,cubic,K,,Ag,Al,Br,-1.17548865,DFT_indirect_gap,DFT_Paper5,fundamental_quasiparticle,halide_double_perovskite_absorber,A2B1B3X6_halide_double_perovskite,absorber_only,10.1038/s41524-019-0177-0,"Li et al. npj Comput Mater 5, 83 (2019) — DFT indirect gap"
K2AgAsBr6 (cubic),0.7009,cubic,K,,Ag,As,Br,-0.93781856,DFT_indirect_gap,DFT_Paper5,fundamental_quasiparticle,halide_double_perovskite_absorber,A2B1B3X6_halide_double_perovskite,absorber_only,10.1038/s41524-019-0177-0,"Li et al. npj Comput Mater 5, 83 (2019) — DFT indirect gap"
K2AgBiBr6 (cubic),1.1002,cubic,K,,Ag,Bi,Br,-1.05289026,DFT_indirect_gap,DFT_Paper5,fundamental_quasiparticle,halide_double_perovskite_absorber,A2B1B3X6_halide_double_perovskite,absorber_only,10.1038/s41524-019-0177-0,"Li et al. npj Comput Mater 5, 83 (2019) — DFT indirect gap"
K2AgInBr6 (cubic),0.131,cubic,K,,Ag,In,Br,-1.08242902,DFT_indirect_gap,DFT_Paper5,fundamental_quasiparticle,halide_double_perovskite_absorber,A2B1B3X6_halide_double_perovskite,absorber_only,10.1038/s41524-019-0177-0,"Li et al. npj Comput Mater 5, 83 (2019) — DFT indirect gap"
K2AgSbBr6 (cubic),0.7905,cubic,K,,Ag,Sb,Br,-1.009351227,DFT_indirect_gap,DFT_Paper5,fundamental_quasiparticle,halide_double_perovskite_absorber,A2B1B3X6_halide_double_perovskite,absorber_only,10.1038/s41524-019-0177-0,"Li et al. npj Comput Mater 5, 83 (2019) — DFT indirect gap"
K2AuBiBr6 (cubic),0.0912,cubic,K,,Au,Bi,Br,-0.95272066,DFT_indirect_gap,DFT_Paper5,fundamental_quasiparticle,halide_double_perovskite_absorber,A2B1B3X6_halide_double_perovskite,absorber_only,10.1038/s41524-019-0177-0,"Li et al. npj Comput Mater 5, 83 (2019) — DFT indirect gap"
K2CuAsBr6 (cubic),0.1748,cubic,K,,Cu,As,Br,-0.901987585,DFT_indirect_gap,DFT_Paper5,fundamental_quasiparticle,halide_double_perovskite_absorber,A2B1B3X6_halide_double_perovskite,absorber_only,10.1038/s41524-019-0177-0,"Li et al. npj Comput Mater 5, 83 (2019) — DFT indirect gap"
K2CuBiBr6 (cubic),0.5536,cubic,K,,Cu,Bi,Br,-1.014436285,DFT_indirect_gap,DFT_Paper5,fundamental_quasiparticle,halide_double_perovskite_absorber,A2B1B3X6_halide_double_perovskite,absorber_only,10.1038/s41524-019-0177-0,"Li et al. npj Comput Mater 5, 83 (2019) — DFT indirect gap"
K2CuSbBr6 (cubic),0.2896,cubic,K,,Cu,Sb,Br,-0.972103152,DFT_indirect_gap,DFT_Paper5,fundamental_quasiparticle,halide_double_perovskite_absorber,A2B1B3X6_halide_double_perovskite,absorber_only,10.1038/s41524-019-0177-0,"Li et al. npj Comput Mater 5, 83 (2019) — DFT indirect gap"
K2InAlBr6 (cubic),1.8402,cubic,K,,In,Al,Br,-1.235024085,DFT_indirect_gap,DFT_Paper5,fundamental_quasiparticle,halide_double_perovskite_absorber,A2B1B3X6_halide_double_perovskite,absorber_only,10.1038/s41524-019-0177-0,"Li et al. npj Comput Mater 5, 83 (2019) — DFT indirect gap"
K2InAsBr6 (cubic),0.1191,cubic,K,,In,As,Br,-1.002699795,DFT_indirect_gap,DFT_Paper5,fundamental_quasiparticle,halide_double_perovskite_absorber,A2B1B3X6_halide_double_perovskite,absorber_only,10.1038/s41524-019-0177-0,"Li et al. npj Comput Mater 5, 83 (2019) — DFT indirect gap"
K2InBiBr6 (cubic),0.1729,cubic,K,,In,Bi,Br,-1.107317995,DFT_indirect_gap,DFT_Paper5,fundamental_quasiparticle,halide_double_perovskite_absorber,A2B1B3X6_halide_double_perovskite,absorber_only,10.1038/s41524-019-0177-0,"Li et al. npj Comput Mater 5, 83 (2019) — DFT indirect gap"
K2InGaBr6 (cubic),0.793,cubic,K,,In,Ga,Br,-1.131587345,DFT_indirect_gap,DFT_Paper5,fundamental_quasiparticle,halide_double_perovskite_absorber,A2B1B3X6_halide_double_perovskite,absorber_only,10.1038/s41524-019-0177-0,"Li et al. npj Comput Mater 5, 83 (2019) — DFT indirect gap"
K2InInBr6 (cubic),0.6186,cubic,K,,In,In,Br,-1.141480155,DFT_indirect_gap,DFT_Paper5,fundamental_quasiparticle,halide_double_perovskite_absorber,A2B1B3X6_halide_double_perovskite,absorber_only,10.1038/s41524-019-0177-0,"Li et al. npj Comput Mater 5, 83 (2019) — DFT indirect gap"
K2InSbBr6 (cubic),0.0877,cubic,K,,In,Sb,Br,-1.065980862,DFT_indirect_gap,DFT_Paper5,fundamental_quasiparticle,halide_double_perovskite_absorber,A2B1B3X6_halide_double_perovskite,absorber_only,10.1038/s41524-019-0177-0,"Li et al. npj Comput Mater 5, 83 (2019) — DFT indirect gap"
K2TlAlBr6 (cubic),2.5609,cubic,K,,Tl,Al,Br,-1.26694424,DFT_indirect_gap,DFT_Paper5,fundamental_quasiparticle,halide_double_perovskite_absorber,A2B1B3X6_halide_double_perovskite,absorber_only,10.1038/s41524-019-0177-0,"Li et al. npj Comput Mater 5, 83 (2019) — DFT indirect gap"
K2TlAsBr6 (cubic),0.6552,cubic,K,,Tl,As,Br,-1.01561165,DFT_indirect_gap,DFT_Paper5,fundamental_quasiparticle,halide_double_perovskite_absorber,A2B1B3X6_halide_double_perovskite,absorber_only,10.1038/s41524-019-0177-0,"Li et al. npj Comput Mater 5, 83 (2019) — DFT indirect gap"
K2TlBiBr6 (cubic),0.5501,cubic,K,,Tl,Bi,Br,-1.13025095,DFT_indirect_gap,DFT_Paper5,fundamental_quasiparticle,halide_double_perovskite_absorber,A2B1B3X6_halide_double_perovskite,absorber_only,10.1038/s41524-019-0177-0,"Li et al. npj Comput Mater 5, 83 (2019) — DFT indirect gap"
K2TlGaBr6 (cubic),1.334,cubic,K,,Tl,Ga,Br,-1.1302742,DFT_indirect_gap,DFT_Paper5,fundamental_quasiparticle,halide_double_perovskite_absorber,A2B1B3X6_halide_double_perovskite,absorber_only,10.1038/s41524-019-0177-0,"Li et al. npj Comput Mater 5, 83 (2019) — DFT indirect gap"
K2TlInBr6 (cubic),1.5368,cubic,K,,Tl,In,Br,-1.16567681,DFT_indirect_gap,DFT_Paper5,fundamental_quasiparticle,halide_double_perovskite_absorber,A2B1B3X6_halide_double_perovskite,absorber_only,10.1038/s41524-019-0177-0,"Li et al. npj Comput Mater 5, 83 (2019) — DFT indirect gap"
K2TlSbBr6 (cubic),0.5557,cubic,K,,Tl,Sb,Br,-1.085567417,DFT_indirect_gap,DFT_Paper5,fundamental_quasiparticle,halide_double_perovskite_absorber,A2B1B3X6_halide_double_perovskite,absorber_only,10.1038/s41524-019-0177-0,"Li et al. npj Comput Mater 5, 83 (2019) — DFT indirect gap"
Rb2AgAlBr6 (cubic),1.045,cubic,Rb,,Ag,Al,Br,-1.20622599,DFT_indirect_gap,DFT_Paper5,fundamental_quasiparticle,halide_double_perovskite_absorber,A2B1B3X6_halide_double_perovskite,absorber_only,10.1038/s41524-019-0177-0,"Li et al. npj Comput Mater 5, 83 (2019) — DFT indirect gap"
Rb2AgAsBr6 (cubic),0.7293,cubic,Rb,,Ag,As,Br,-0.9724668,DFT_indirect_gap,DFT_Paper5,fundamental_quasiparticle,halide_double_perovskite_absorber,A2B1B3X6_halide_double_perovskite,absorber_only,10.1038/s41524-019-0177-0,"Li et al. npj Comput Mater 5, 83 (2019) — DFT indirect gap"
Rb2AgBiBr6 (cubic),1.1156,cubic,Rb,,Ag,Bi,Br,-1.0942299,DFT_indirect_gap,DFT_Paper5,fundamental_quasiparticle,halide_double_perovskite_absorber,A2B1B3X6_halide_double_perovskite,absorber_only,10.1038/s41524-019-0177-0,"Li et al. npj Comput Mater 5, 83 (2019) — DFT indirect gap"
Rb2AgInBr6 (cubic),0.1505,cubic,Rb,,Ag,In,Br,-1.11924146,DFT_indirect_gap,DFT_Paper5,fundamental_quasiparticle,halide_double_perovskite_absorber,A2B1B3X6_halide_double_perovskite,absorber_only,10.1038/s41524-019-0177-0,"Li et al. npj Comput Mater 5, 83 (2019) — DFT indirect gap"
Rb2AgSbBr6 (cubic),0.8142,cubic,Rb,,Ag,Sb,Br,-1.049092367,DFT_indirect_gap,DFT_Paper5,fundamental_quasiparticle,halide_double_perovskite_absorber,A2B1B3X6_halide_double_perovskite,absorber_only,10.1038/s41524-019-0177-0,"Li et al. npj Comput Mater 5, 83 (2019) — DFT indirect gap"
Rb2AuBiBr6 (cubic),0.105,cubic,Rb,,Au,Bi,Br,-0.9937385,DFT_indirect_gap,DFT_Paper5,fundamental_quasiparticle,halide_double_perovskite_absorber,A2B1B3X6_halide_double_perovskite,absorber_only,10.1038/s41524-019-0177-0,"Li et al. npj Comput Mater 5, 83 (2019) — DFT indirect gap"
Rb2CuAsBr6 (cubic),0.195,cubic,Rb,,Cu,As,Br,-0.929802425,DFT_indirect_gap,DFT_Paper5,fundamental_quasiparticle,halide_double_perovskite_absorber,A2B1B3X6_halide_double_perovskite,absorber_only,10.1038/s41524-019-0177-0,"Li et al. npj Comput Mater 5, 83 (2019) — DFT indirect gap"
Rb2CuBiBr6 (cubic),0.5582,cubic,Rb,,Cu,Bi,Br,-1.050742125,DFT_indirect_gap,DFT_Paper5,fundamental_quasiparticle,halide_double_perovskite_absorber,A2B1B3X6_halide_double_perovskite,absorber_only,10.1038/s41524-019-0177-0,"Li et al. npj Comput Mater 5, 83 (2019) — DFT indirect gap"
Rb2CuSbBr6 (cubic),0.3028,cubic,Rb,,Cu,Sb,Br,-1.006316092,DFT_indirect_gap,DFT_Paper5,fundamental_quasiparticle,halide_double_perovskite_absorber,A2B1B3X6_halide_double_perovskite,absorber_only,10.1038/s41524-019-0177-0,"Li et al. npj Comput Mater 5, 83 (2019) — DFT indirect gap"
Rb2InAlBr6 (cubic),1.8871,cubic,Rb,,In,Al,Br,-1.275559625,DFT_indirect_gap,DFT_Paper5,fundamental_quasiparticle,halide_double_perovskite_absorber,A2B1B3X6_halide_double_perovskite,absorber_only,10.1038/s41524-019-0177-0,"Li et al. npj Comput Mater 5, 83 (2019) — DFT indirect gap"
Rb2InBiBr6 (cubic),0.1087,cubic,Rb,,In,Bi,Br,-1.154327835,DFT_indirect_gap,DFT_Paper5,fundamental_quasiparticle,halide_double_perovskite_absorber,A2B1B3X6_halide_double_perovskite,absorber_only,10.1038/s41524-019-0177-0,"Li et al. npj Comput Mater 5, 83 (2019) — DFT indirect gap"
Rb2InGaBr6 (cubic),0.8699,cubic,Rb,,In,Ga,Br,-1.172031285,DFT_indirect_gap,DFT_Paper5,fundamental_quasiparticle,halide_double_perovskite_absorber,A2B1B3X6_halide_double_perovskite,absorber_only,10.1038/s41524-019-0177-0,"Li et al. npj Comput Mater 5, 83 (2019) — DFT indirect gap"
Rb2InInBr6 (cubic),0.6885,cubic,Rb,,In,In,Br,-1.185390195,DFT_indirect_gap,DFT_Paper5,fundamental_quasiparticle,halide_double_perovskite_absorber,A2B1B3X6_halide_double_perovskite,absorber_only,10.1038/s41524-019-0177-0,"Li et al. npj Comput Mater 5, 83 (2019) — DFT indirect gap"
Rb2TlAlBr6 (cubic),2.5847,cubic,Rb,,Tl,Al,Br,-1.30857088,DFT_indirect_gap,DFT_Paper5,fundamental_quasiparticle,halide_double_perovskite_absorber,A2B1B3X6_halide_double_perovskite,absorber_only,10.1038/s41524-019-0177-0,"Li et al. npj Comput Mater 5, 83 (2019) — DFT indirect gap"
Rb2TlAsBr6 (cubic),0.7202,cubic,Rb,,Tl,As,Br,-1.05942269,DFT_indirect_gap,DFT_Paper5,fundamental_quasiparticle,halide_double_perovskite_absorber,A2B1B3X6_halide_double_perovskite,absorber_only,10.1038/s41524-019-0177-0,"Li et al. npj Comput Mater 5, 83 (2019) — DFT indirect gap"
Rb2TlBiBr6 (cubic),0.59,cubic,Rb,,Tl,Bi,Br,-1.17843999,DFT_indirect_gap,DFT_Paper5,fundamental_quasiparticle,halide_double_perovskite_absorber,A2B1B3X6_halide_double_perovskite,absorber_only,10.1038/s41524-019-0177-0,"Li et al. npj Comput Mater 5, 83 (2019) — DFT indirect gap"
Rb2TlGaBr6 (cubic),1.3803,cubic,Rb,,Tl,Ga,Br,-1.17226904,DFT_indirect_gap,DFT_Paper5,fundamental_quasiparticle,halide_double_perovskite_absorber,A2B1B3X6_halide_double_perovskite,absorber_only,10.1038/s41524-019-0177-0,"Li et al. npj Comput Mater 5, 83 (2019) — DFT indirect gap"
Rb2TlInBr6 (cubic),1.5726,cubic,Rb,,Tl,In,Br,-1.21096255,DFT_indirect_gap,DFT_Paper5,fundamental_quasiparticle,halide_double_perovskite_absorber,A2B1B3X6_halide_double_perovskite,absorber_only,10.1038/s41524-019-0177-0,"Li et al. npj Comput Mater 5, 83 (2019) — DFT indirect gap"
Rb2TlSbBr6 (cubic),0.6199,cubic,Rb,,Tl,Sb,Br,-1.132750057,DFT_indirect_gap,DFT_Paper5,fundamental_quasiparticle,halide_double_perovskite_absorber,A2B1B3X6_halide_double_perovskite,absorber_only,10.1038/s41524-019-0177-0,"Li et al. npj Comput Mater 5, 83 (2019) — DFT indirect gap"
Cs2AgAlCl6 (cubic),2.1892,cubic,Cs,,Ag,Al,Cl,-1.51599637,DFT_indirect_gap,DFT_Paper5,fundamental_quasiparticle,halide_double_perovskite_absorber,A2B1B3X6_halide_double_perovskite,absorber_only,10.1038/s41524-019-0177-0,"Li et al. npj Comput Mater 5, 83 (2019) — DFT indirect gap"
Cs2AgAsCl6 (cubic),1.2792,cubic,Cs,,Ag,As,Cl,-1.20350208,DFT_indirect_gap,DFT_Paper5,fundamental_quasiparticle,halide_double_perovskite_absorber,A2B1B3X6_halide_double_perovskite,absorber_only,10.1038/s41524-019-0177-0,"Li et al. npj Comput Mater 5, 83 (2019) — DFT indirect gap"
Cs2AgBiCl6 (cubic),1.5671,cubic,Cs,,Ag,Bi,Cl,-1.34394038,DFT_indirect_gap,DFT_Paper5,fundamental_quasiparticle,halide_double_perovskite_absorber,A2B1B3X6_halide_double_perovskite,absorber_only,10.1038/s41524-019-0177-0,"Li et al. npj Comput Mater 5, 83 (2019) — DFT indirect gap"
Cs2AgGaCl6 (cubic),0.9376,cubic,Cs,,Ag,Ga,Cl,-1.34214953,DFT_indirect_gap,DFT_Paper5,fundamental_quasiparticle,halide_double_perovskite_absorber,A2B1B3X6_halide_double_perovskite,absorber_only,10.1038/s41524-019-0177-0,"Li et al. npj Comput Mater 5, 83 (2019) — DFT indirect gap"
Cs2AgInCl6 (cubic),1.0098,cubic,Cs,,Ag,In,Cl,-1.38060884,DFT_indirect_gap,DFT_Paper5,fundamental_quasiparticle,halide_double_perovskite_absorber,A2B1B3X6_halide_double_perovskite,absorber_only,10.1038/s41524-019-0177-0,"Li et al. npj Comput Mater 5, 83 (2019) — DFT indirect gap"
Cs2AgSbCl6 (cubic),1.3481,cubic,Cs,,Ag,Sb,Cl,-1.293616047,DFT_indirect_gap,DFT_Paper5,fundamental_quasiparticle,halide_double_perovskite_absorber,A2B1B3X6_halide_double_perovskite,absorber_only,10.1038/s41524-019-0177-0,"Li et al. npj Comput Mater 5, 83 (2019) — DFT indirect gap"
Cs2AuAlCl6 (cubic),0.3603,cubic,Cs,,Au,Al,Cl,-1.37564707,DFT_indirect_gap,DFT_Paper5,fundamental_quasiparticle,halide_double_perovskite_absorber,A2B1B3X6_halide_double_perovskite,absorber_only,10.1038/s41524-019-0177-0,"Li et al. npj Comput Mater 5, 83 (2019) — DFT indirect gap"
Cs2AuAsCl6 (cubic),0.0619,cubic,Cs,,Au,As,Cl,-1.08840578,DFT_indirect_gap,DFT_Paper5,fundamental_quasiparticle,halide_double_perovskite_absorber,A2B1B3X6_halide_double_perovskite,absorber_only,10.1038/s41524-019-0177-0,"Li et al. npj Comput Mater 5, 83 (2019) — DFT indirect gap"
Cs2AuBiCl6 (cubic),0.4324,cubic,Cs,,Au,Bi,Cl,-1.21956278,DFT_indirect_gap,DFT_Paper5,fundamental_quasiparticle,halide_double_perovskite_absorber,A2B1B3X6_halide_double_perovskite,absorber_only,10.1038/s41524-019-0177-0,"Li et al. npj Comput Mater 5, 83 (2019) — DFT indirect gap"
Cs2AuSbCl6 (cubic),0.1614,cubic,Cs,,Au,Sb,Cl,-1.174498347,DFT_indirect_gap,DFT_Paper5,fundamental_quasiparticle,halide_double_perovskite_absorber,A2B1B3X6_halide_double_perovskite,absorber_only,10.1038/s41524-019-0177-0,"Li et al. npj Comput Mater 5, 83 (2019) — DFT indirect gap"
Cs2CuAlCl6 (cubic),0.6212,cubic,Cs,,Cu,Al,Cl,-1.439404295,DFT_indirect_gap,DFT_Paper5,fundamental_quasiparticle,halide_double_perovskite_absorber,A2B1B3X6_halide_double_perovskite,absorber_only,10.1038/s41524-019-0177-0,"Li et al. npj Comput Mater 5, 83 (2019) — DFT indirect gap"
Cs2CuAsCl6 (cubic),0.5367,cubic,Cs,,Cu,As,Cl,-1.153264805,DFT_indirect_gap,DFT_Paper5,fundamental_quasiparticle,halide_double_perovskite_absorber,A2B1B3X6_halide_double_perovskite,absorber_only,10.1038/s41524-019-0177-0,"Li et al. npj Comput Mater 5, 83 (2019) — DFT indirect gap"
Cs2CuBiCl6 (cubic),0.7609,cubic,Cs,,Cu,Bi,Cl,-1.297999305,DFT_indirect_gap,DFT_Paper5,fundamental_quasiparticle,halide_double_perovskite_absorber,A2B1B3X6_halide_double_perovskite,absorber_only,10.1038/s41524-019-0177-0,"Li et al. npj Comput Mater 5, 83 (2019) — DFT indirect gap"
Cs2CuSbCl6 (cubic),0.6478,cubic,Cs,,Cu,Sb,Cl,-1.246768272,DFT_indirect_gap,DFT_Paper5,fundamental_quasiparticle,halide_double_perovskite_absorber,A2B1B3X6_halide_double_perovskite,absorber_only,10.1038/s41524-019-0177-0,"Li et al. npj Comput Mater 5, 83 (2019) — DFT indirect gap"
Cs2InAlCl6 (cubic),2.9697,cubic,Cs,,In,Al,Cl,-1.604786905,DFT_indirect_gap,DFT_Paper5,fundamental_quasiparticle,halide_double_perovskite_absorber,A2B1B3X6_halide_double_perovskite,absorber_only,10.1038/s41524-019-0177-0,"Li et al. npj Comput Mater 5, 83 (2019) — DFT indirect gap"
Cs2InAsCl6 (cubic),0.6019,cubic,Cs,,In,As,Cl,-1.285007715,DFT_indirect_gap,DFT_Paper5,fundamental_quasiparticle,halide_double_perovskite_absorber,A2B1B3X6_halide_double_perovskite,absorber_only,10.1038/s41524-019-0177-0,"Li et al. npj Comput Mater 5, 83 (2019) — DFT indirect gap"
Cs2InBiCl6 (cubic),0.4401,cubic,Cs,,In,Bi,Cl,-1.412981015,DFT_indirect_gap,DFT_Paper5,fundamental_quasiparticle,halide_double_perovskite_absorber,A2B1B3X6_halide_double_perovskite,absorber_only,10.1038/s41524-019-0177-0,"Li et al. npj Comput Mater 5, 83 (2019) — DFT indirect gap"
Cs2InGaCl6 (cubic),1.7994,cubic,Cs,,In,Ga,Cl,-1.442732465,DFT_indirect_gap,DFT_Paper5,fundamental_quasiparticle,halide_double_perovskite_absorber,A2B1B3X6_halide_double_perovskite,absorber_only,10.1038/s41524-019-0177-0,"Li et al. npj Comput Mater 5, 83 (2019) — DFT indirect gap"
Cs2InInCl6 (cubic),1.5767,cubic,Cs,,In,In,Cl,-1.459136375,DFT_indirect_gap,DFT_Paper5,fundamental_quasiparticle,halide_double_perovskite_absorber,A2B1B3X6_halide_double_perovskite,absorber_only,10.1038/s41524-019-0177-0,"Li et al. npj Comput Mater 5, 83 (2019) — DFT indirect gap"
Cs2InSbCl6 (cubic),0.5387,cubic,Cs,,In,Sb,Cl,-1.364971282,DFT_indirect_gap,DFT_Paper5,fundamental_quasiparticle,halide_double_perovskite_absorber,A2B1B3X6_halide_double_perovskite,absorber_only,10.1038/s41524-019-0177-0,"Li et al. npj Comput Mater 5, 83 (2019) — DFT indirect gap"
Cs2TlAlCl6 (cubic),3.6705,cubic,Cs,,Tl,Al,Cl,-1.64336846,DFT_indirect_gap,DFT_Paper5,fundamental_quasiparticle,halide_double_perovskite_absorber,A2B1B3X6_halide_double_perovskite,absorber_only,10.1038/s41524-019-0177-0,"Li et al. npj Comput Mater 5, 83 (2019) — DFT indirect gap"
Cs2TlAsCl6 (cubic),1.26,cubic,Cs,,Tl,As,Cl,-1.31077277,DFT_indirect_gap,DFT_Paper5,fundamental_quasiparticle,halide_double_perovskite_absorber,A2B1B3X6_halide_double_perovskite,absorber_only,10.1038/s41524-019-0177-0,"Li et al. npj Comput Mater 5, 83 (2019) — DFT indirect gap"
Cs2TlBiCl6 (cubic),1.1018,cubic,Cs,,Tl,Bi,Cl,-1.44394307,DFT_indirect_gap,DFT_Paper5,fundamental_quasiparticle,halide_double_perovskite_absorber,A2B1B3X6_halide_double_perovskite,absorber_only,10.1038/s41524-019-0177-0,"Li et al. npj Comput Mater 5, 83 (2019) — DFT indirect gap"
Cs2TlGaCl6 (cubic),2.4214,cubic,Cs,,Tl,Ga,Cl,-1.46312322,DFT_indirect_gap,DFT_Paper5,fundamental_quasiparticle,halide_double_perovskite_absorber,A2B1B3X6_halide_double_perovskite,absorber_only,10.1038/s41524-019-0177-0,"Li et al. npj Comput Mater 5, 83 (2019) — DFT indirect gap"
Cs2TlInCl6 (cubic),2.4561,cubic,Cs,,Tl,In,Cl,-1.49219223,DFT_indirect_gap,DFT_Paper5,fundamental_quasiparticle,halide_double_perovskite_absorber,A2B1B3X6_halide_double_perovskite,absorber_only,10.1038/s41524-019-0177-0,"Li et al. npj Comput Mater 5, 83 (2019) — DFT indirect gap"
Cs2TlSbCl6 (cubic),1.12,cubic,Cs,,Tl,Sb,Cl,-1.394131237,DFT_indirect_gap,DFT_Paper5,fundamental_quasiparticle,halide_double_perovskite_absorber,A2B1B3X6_halide_double_perovskite,absorber_only,10.1038/s41524-019-0177-0,"Li et al. npj Comput Mater 5, 83 (2019) — DFT indirect gap"
K2AgAlCl6 (cubic),2.1587,cubic,K,,Ag,Al,Cl,-1.46835335,DFT_indirect_gap,DFT_Paper5,fundamental_quasiparticle,halide_double_perovskite_absorber,A2B1B3X6_halide_double_perovskite,absorber_only,10.1038/s41524-019-0177-0,"Li et al. npj Comput Mater 5, 83 (2019) — DFT indirect gap"
K2AgAsCl6 (cubic),1.1805,cubic,K,,Ag,As,Cl,-1.13936706,DFT_indirect_gap,DFT_Paper5,fundamental_quasiparticle,halide_double_perovskite_absorber,A2B1B3X6_halide_double_perovskite,absorber_only,10.1038/s41524-019-0177-0,"Li et al. npj Comput Mater 5, 83 (2019) — DFT indirect gap"
K2AgBiCl6 (cubic),1.5173,cubic,K,,Ag,Bi,Cl,-1.25839146,DFT_indirect_gap,DFT_Paper5,fundamental_quasiparticle,halide_double_perovskite_absorber,A2B1B3X6_halide_double_perovskite,absorber_only,10.1038/s41524-019-0177-0,"Li et al. npj Comput Mater 5, 83 (2019) — DFT indirect gap"
K2AgGaCl6 (cubic),0.8293,cubic,K,,Ag,Ga,Cl,-1.29032551,DFT_indirect_gap,DFT_Paper5,fundamental_quasiparticle,halide_double_perovskite_absorber,A2B1B3X6_halide_double_perovskite,absorber_only,10.1038/s41524-019-0177-0,"Li et al. npj Comput Mater 5, 83 (2019) — DFT indirect gap"
K2AgInCl6 (cubic),0.9338,cubic,K,,Ag,In,Cl,-1.31147312,DFT_indirect_gap,DFT_Paper5,fundamental_quasiparticle,halide_double_perovskite_absorber,A2B1B3X6_halide_double_perovskite,absorber_only,10.1038/s41524-019-0177-0,"Li et al. npj Comput Mater 5, 83 (2019) — DFT indirect gap"
K2AgSbCl6 (cubic),1.277,cubic,K,,Ag,Sb,Cl,-1.213266927,DFT_indirect_gap,DFT_Paper5,fundamental_quasiparticle,halide_double_perovskite_absorber,A2B1B3X6_halide_double_perovskite,absorber_only,10.1038/s41524-019-0177-0,"Li et al. npj Comput Mater 5, 83 (2019) — DFT indirect gap"
K2AuAlCl6 (cubic),0.3487,cubic,K,,Au,Al,Cl,-1.32703435,DFT_indirect_gap,DFT_Paper5,fundamental_quasiparticle,halide_double_perovskite_absorber,A2B1B3X6_halide_double_perovskite,absorber_only,10.1038/s41524-019-0177-0,"Li et al. npj Comput Mater 5, 83 (2019) — DFT indirect gap"
K2AuBiCl6 (cubic),0.3961,cubic,K,,Au,Bi,Cl,-1.13447236,DFT_indirect_gap,DFT_Paper5,fundamental_quasiparticle,halide_double_perovskite_absorber,A2B1B3X6_halide_double_perovskite,absorber_only,10.1038/s41524-019-0177-0,"Li et al. npj Comput Mater 5, 83 (2019) — DFT indirect gap"
K2AuSbCl6 (cubic),0.105,cubic,K,,Au,Sb,Cl,-1.094923627,DFT_indirect_gap,DFT_Paper5,fundamental_quasiparticle,halide_double_perovskite_absorber,A2B1B3X6_halide_double_perovskite,absorber_only,10.1038/s41524-019-0177-0,"Li et al. npj Comput Mater 5, 83 (2019) — DFT indirect gap"
K2CuAlCl6 (cubic),0.6905,cubic,K,,Cu,Al,Cl,-1.422071575,DFT_indirect_gap,DFT_Paper5,fundamental_quasiparticle,halide_double_perovskite_absorber,A2B1B3X6_halide_double_perovskite,absorber_only,10.1038/s41524-019-0177-0,"Li et al. npj Comput Mater 5, 83 (2019) — DFT indirect gap"
K2CuAsCl6 (cubic),0.5018,cubic,K,,Cu,As,Cl,-1.115107985,DFT_indirect_gap,DFT_Paper5,fundamental_quasiparticle,halide_double_perovskite_absorber,A2B1B3X6_halide_double_perovskite,absorber_only,10.1038/s41524-019-0177-0,"Li et al. npj Comput Mater 5, 83 (2019) — DFT indirect gap"
K2CuBiCl6 (cubic),0.7442,cubic,K,,Cu,Bi,Cl,-1.231303385,DFT_indirect_gap,DFT_Paper5,fundamental_quasiparticle,halide_double_perovskite_absorber,A2B1B3X6_halide_double_perovskite,absorber_only,10.1038/s41524-019-0177-0,"Li et al. npj Comput Mater 5, 83 (2019) — DFT indirect gap"
K2CuSbCl6 (cubic),0.6278,cubic,K,,Cu,Sb,Cl,-1.187260052,DFT_indirect_gap,DFT_Paper5,fundamental_quasiparticle,halide_double_perovskite_absorber,A2B1B3X6_halide_double_perovskite,absorber_only,10.1038/s41524-019-0177-0,"Li et al. npj Comput Mater 5, 83 (2019) — DFT indirect gap"
K2InAlCl6 (cubic),2.7501,cubic,K,,In,Al,Cl,-1.521624685,DFT_indirect_gap,DFT_Paper5,fundamental_quasiparticle,halide_double_perovskite_absorber,A2B1B3X6_halide_double_perovskite,absorber_only,10.1038/s41524-019-0177-0,"Li et al. npj Comput Mater 5, 83 (2019) — DFT indirect gap"
K2InAsCl6 (cubic),0.3006,cubic,K,,In,As,Cl,-1.195962295,DFT_indirect_gap,DFT_Paper5,fundamental_quasiparticle,halide_double_perovskite_absorber,A2B1B3X6_halide_double_perovskite,absorber_only,10.1038/s41524-019-0177-0,"Li et al. npj Comput Mater 5, 83 (2019) — DFT indirect gap"
K2InBiCl6 (cubic),0.2369,cubic,K,,In,Bi,Cl,-1.308173495,DFT_indirect_gap,DFT_Paper5,fundamental_quasiparticle,halide_double_perovskite_absorber,A2B1B3X6_halide_double_perovskite,absorber_only,10.1038/s41524-019-0177-0,"Li et al. npj Comput Mater 5, 83 (2019) — DFT indirect gap"
K2InGaCl6 (cubic),1.5348,cubic,K,,In,Ga,Cl,-1.359002745,DFT_indirect_gap,DFT_Paper5,fundamental_quasiparticle,halide_double_perovskite_absorber,A2B1B3X6_halide_double_perovskite,absorber_only,10.1038/s41524-019-0177-0,"Li et al. npj Comput Mater 5, 83 (2019) — DFT indirect gap"
K2InInCl6 (cubic),1.3588,cubic,K,,In,In,Cl,-1.364314955,DFT_indirect_gap,DFT_Paper5,fundamental_quasiparticle,halide_double_perovskite_absorber,A2B1B3X6_halide_double_perovskite,absorber_only,10.1038/s41524-019-0177-0,"Li et al. npj Comput Mater 5, 83 (2019) — DFT indirect gap"
K2InSbCl6 (cubic),0.3352,cubic,K,,In,Sb,Cl,-1.263940062,DFT_indirect_gap,DFT_Paper5,fundamental_quasiparticle,halide_double_perovskite_absorber,A2B1B3X6_halide_double_perovskite,absorber_only,10.1038/s41524-019-0177-0,"Li et al. npj Comput Mater 5, 83 (2019) — DFT indirect gap"
K2TlAlCl6 (cubic),3.5545,cubic,K,,Tl,Al,Cl,-1.55729384,DFT_indirect_gap,DFT_Paper5,fundamental_quasiparticle,halide_double_perovskite_absorber,A2B1B3X6_halide_double_perovskite,absorber_only,10.1038/s41524-019-0177-0,"Li et al. npj Comput Mater 5, 83 (2019) — DFT indirect gap"
K2TlAsCl6 (cubic),1.0733,cubic,K,,Tl,As,Cl,-1.21562485,DFT_indirect_gap,DFT_Paper5,fundamental_quasiparticle,halide_double_perovskite_absorber,A2B1B3X6_halide_double_perovskite,absorber_only,10.1038/s41524-019-0177-0,"Li et al. npj Comput Mater 5, 83 (2019) — DFT indirect gap"
K2TlBiCl6 (cubic),0.9927,cubic,K,,Tl,Bi,Cl,-1.33599675,DFT_indirect_gap,DFT_Paper5,fundamental_quasiparticle,halide_double_perovskite_absorber,A2B1B3X6_halide_double_perovskite,absorber_only,10.1038/s41524-019-0177-0,"Li et al. npj Comput Mater 5, 83 (2019) — DFT indirect gap"
K2TlGaCl6 (cubic),2.2592,cubic,K,,Tl,Ga,Cl,-1.3751685,DFT_indirect_gap,DFT_Paper5,fundamental_quasiparticle,halide_double_perovskite_absorber,A2B1B3X6_halide_double_perovskite,absorber_only,10.1038/s41524-019-0177-0,"Li et al. npj Comput Mater 5, 83 (2019) — DFT indirect gap"
K2TlInCl6 (cubic),2.3298,cubic,K,,Tl,In,Cl,-1.39382951,DFT_indirect_gap,DFT_Paper5,fundamental_quasiparticle,halide_double_perovskite_absorber,A2B1B3X6_halide_double_perovskite,absorber_only,10.1038/s41524-019-0177-0,"Li et al. npj Comput Mater 5, 83 (2019) — DFT indirect gap"
K2TlSbCl6 (cubic),0.9869,cubic,K,,Tl,Sb,Cl,-1.289239617,DFT_indirect_gap,DFT_Paper5,fundamental_quasiparticle,halide_double_perovskite_absorber,A2B1B3X6_halide_double_perovskite,absorber_only,10.1038/s41524-019-0177-0,"Li et al. npj Comput Mater 5, 83 (2019) — DFT indirect gap"
Rb2AgAlCl6 (cubic),2.1691,cubic,Rb,,Ag,Al,Cl,-1.49300669,DFT_indirect_gap,DFT_Paper5,fundamental_quasiparticle,halide_double_perovskite_absorber,A2B1B3X6_halide_double_perovskite,absorber_only,10.1038/s41524-019-0177-0,"Li et al. npj Comput Mater 5, 83 (2019) — DFT indirect gap"
Rb2AgAsCl6 (cubic),1.2166,cubic,Rb,,Ag,As,Cl,-1.1705028,DFT_indirect_gap,DFT_Paper5,fundamental_quasiparticle,halide_double_perovskite_absorber,A2B1B3X6_halide_double_perovskite,absorber_only,10.1038/s41524-019-0177-0,"Li et al. npj Comput Mater 5, 83 (2019) — DFT indirect gap"
Rb2AgBiCl6 (cubic),1.5347,cubic,Rb,,Ag,Bi,Cl,-1.2976863,DFT_indirect_gap,DFT_Paper5,fundamental_quasiparticle,halide_double_perovskite_absorber,A2B1B3X6_halide_double_perovskite,absorber_only,10.1038/s41524-019-0177-0,"Li et al. npj Comput Mater 5, 83 (2019) — DFT indirect gap"
Rb2AgGaCl6 (cubic),0.8637,cubic,Rb,,Ag,Ga,Cl,-1.31669575,DFT_indirect_gap,DFT_Paper5,fundamental_quasiparticle,halide_double_perovskite_absorber,A2B1B3X6_halide_double_perovskite,absorber_only,10.1038/s41524-019-0177-0,"Li et al. npj Comput Mater 5, 83 (2019) — DFT indirect gap"
Rb2AgInCl6 (cubic),0.9585,cubic,Rb,,Ag,In,Cl,-1.34457866,DFT_indirect_gap,DFT_Paper5,fundamental_quasiparticle,halide_double_perovskite_absorber,A2B1B3X6_halide_double_perovskite,absorber_only,10.1038/s41524-019-0177-0,"Li et al. npj Comput Mater 5, 83 (2019) — DFT indirect gap"
Rb2AgSbCl6 (cubic),1.303,cubic,Rb,,Ag,Sb,Cl,-1.250613967,DFT_indirect_gap,DFT_Paper5,fundamental_quasiparticle,halide_double_perovskite_absorber,A2B1B3X6_halide_double_perovskite,absorber_only,10.1038/s41524-019-0177-0,"Li et al. npj Comput Mater 5, 83 (2019) — DFT indirect gap"
Rb2AuAlCl6 (cubic),0.3514,cubic,Rb,,Au,Al,Cl,-1.35228769,DFT_indirect_gap,DFT_Paper5,fundamental_quasiparticle,halide_double_perovskite_absorber,A2B1B3X6_halide_double_perovskite,absorber_only,10.1038/s41524-019-0177-0,"Li et al. npj Comput Mater 5, 83 (2019) — DFT indirect gap"
Rb2AuBiCl6 (cubic),0.4081,cubic,Rb,,Au,Bi,Cl,-1.1736802,DFT_indirect_gap,DFT_Paper5,fundamental_quasiparticle,halide_double_perovskite_absorber,A2B1B3X6_halide_double_perovskite,absorber_only,10.1038/s41524-019-0177-0,"Li et al. npj Comput Mater 5, 83 (2019) — DFT indirect gap"
Rb2AuSbCl6 (cubic),0.1257,cubic,Rb,,Au,Sb,Cl,-1.132084567,DFT_indirect_gap,DFT_Paper5,fundamental_quasiparticle,halide_double_perovskite_absorber,A2B1B3X6_halide_double_perovskite,absorber_only,10.1038/s41524-019-0177-0,"Li et al. npj Comput Mater 5, 83 (2019) — DFT indirect gap"
Rb2CuAlCl6 (cubic),0.6565,cubic,Rb,,Cu,Al,Cl,-1.434919315,DFT_indirect_gap,DFT_Paper5,fundamental_quasiparticle,halide_double_perovskite_absorber,A2B1B3X6_halide_double_perovskite,absorber_only,10.1038/s41524-019-0177-0,"Li et al. npj Comput Mater 5, 83 (2019) — DFT indirect gap"
Rb2CuAsCl6 (cubic),0.5151,cubic,Rb,,Cu,As,Cl,-1.136378325,DFT_indirect_gap,DFT_Paper5,fundamental_quasiparticle,halide_double_perovskite_absorber,A2B1B3X6_halide_double_perovskite,absorber_only,10.1038/s41524-019-0177-0,"Li et al. npj Comput Mater 5, 83 (2019) — DFT indirect gap"
Rb2CuBiCl6 (cubic),0.7525,cubic,Rb,,Cu,Bi,Cl,-1.263478725,DFT_indirect_gap,DFT_Paper5,fundamental_quasiparticle,halide_double_perovskite_absorber,A2B1B3X6_halide_double_perovskite,absorber_only,10.1038/s41524-019-0177-0,"Li et al. npj Comput Mater 5, 83 (2019) — DFT indirect gap"
Rb2CuSbCl6 (cubic),0.6353,cubic,Rb,,Cu,Sb,Cl,-1.216858092,DFT_indirect_gap,DFT_Paper5,fundamental_quasiparticle,halide_double_perovskite_absorber,A2B1B3X6_halide_double_perovskite,absorber_only,10.1038/s41524-019-0177-0,"Li et al. npj Comput Mater 5, 83 (2019) — DFT indirect gap"
Rb2InAlCl6 (cubic),2.8237,cubic,Rb,,In,Al,Cl,-1.559697725,DFT_indirect_gap,DFT_Paper5,fundamental_quasiparticle,halide_double_perovskite_absorber,A2B1B3X6_halide_double_perovskite,absorber_only,10.1038/s41524-019-0177-0,"Li et al. npj Comput Mater 5, 83 (2019) — DFT indirect gap"
Rb2InAsCl6 (cubic),0.4084,cubic,Rb,,In,As,Cl,-1.236332535,DFT_indirect_gap,DFT_Paper5,fundamental_quasiparticle,halide_double_perovskite_absorber,A2B1B3X6_halide_double_perovskite,absorber_only,10.1038/s41524-019-0177-0,"Li et al. npj Comput Mater 5, 83 (2019) — DFT indirect gap"
Rb2InBiCl6 (cubic),0.3094,cubic,Rb,,In,Bi,Cl,-1.354621535,DFT_indirect_gap,DFT_Paper5,fundamental_quasiparticle,halide_double_perovskite_absorber,A2B1B3X6_halide_double_perovskite,absorber_only,10.1038/s41524-019-0177-0,"Li et al. npj Comput Mater 5, 83 (2019) — DFT indirect gap"
Rb2InGaCl6 (cubic),1.6341,cubic,Rb,,In,Ga,Cl,-1.397411785,DFT_indirect_gap,DFT_Paper5,fundamental_quasiparticle,halide_double_perovskite_absorber,A2B1B3X6_halide_double_perovskite,absorber_only,10.1038/s41524-019-0177-0,"Li et al. npj Comput Mater 5, 83 (2019) — DFT indirect gap"
Rb2InInCl6 (cubic),1.4427,cubic,Rb,,In,In,Cl,-1.406976495,DFT_indirect_gap,DFT_Paper5,fundamental_quasiparticle,halide_double_perovskite_absorber,A2B1B3X6_halide_double_perovskite,absorber_only,10.1038/s41524-019-0177-0,"Li et al. npj Comput Mater 5, 83 (2019) — DFT indirect gap"
Rb2InSbCl6 (cubic),0.4219,cubic,Rb,,In,Sb,Cl,-1.308971102,DFT_indirect_gap,DFT_Paper5,fundamental_quasiparticle,halide_double_perovskite_absorber,A2B1B3X6_halide_double_perovskite,absorber_only,10.1038/s41524-019-0177-0,"Li et al. npj Comput Mater 5, 83 (2019) — DFT indirect gap"
Rb2TlAlCl6 (cubic),3.6123,cubic,Rb,,Tl,Al,Cl,-1.59652488,DFT_indirect_gap,DFT_Paper5,fundamental_quasiparticle,halide_double_perovskite_absorber,A2B1B3X6_halide_double_perovskite,absorber_only,10.1038/s41524-019-0177-0,"Li et al. npj Comput Mater 5, 83 (2019) — DFT indirect gap"
Rb2TlAsCl6 (cubic),1.1449,cubic,Rb,,Tl,As,Cl,-1.25835889,DFT_indirect_gap,DFT_Paper5,fundamental_quasiparticle,halide_double_perovskite_absorber,A2B1B3X6_halide_double_perovskite,absorber_only,10.1038/s41524-019-0177-0,"Li et al. npj Comput Mater 5, 83 (2019) — DFT indirect gap"
Rb2TlBiCl6 (cubic),1.0286,cubic,Rb,,Tl,Bi,Cl,-1.38364949,DFT_indirect_gap,DFT_Paper5,fundamental_quasiparticle,halide_double_perovskite_absorber,A2B1B3X6_halide_double_perovskite,absorber_only,10.1038/s41524-019-0177-0,"Li et al. npj Comput Mater 5, 83 (2019) — DFT indirect gap"
Rb2TlGaCl6 (cubic),2.3181,cubic,Rb,,Tl,Ga,Cl,-1.41513664,DFT_indirect_gap,DFT_Paper5,fundamental_quasiparticle,halide_double_perovskite_absorber,A2B1B3X6_halide_double_perovskite,absorber_only,10.1038/s41524-019-0177-0,"Li et al. npj Comput Mater 5, 83 (2019) — DFT indirect gap"
Rb2TlInCl6 (cubic),2.3762,cubic,Rb,,Tl,In,Cl,-1.43784945,DFT_indirect_gap,DFT_Paper5,fundamental_quasiparticle,halide_double_perovskite_absorber,A2B1B3X6_halide_double_perovskite,absorber_only,10.1038/s41524-019-0177-0,"Li et al. npj Comput Mater 5, 83 (2019) — DFT indirect gap"
Rb2TlSbCl6 (cubic),1.0419,cubic,Rb,,Tl,Sb,Cl,-1.335748557,DFT_indirect_gap,DFT_Paper5,fundamental_quasiparticle,halide_double_perovskite_absorber,A2B1B3X6_halide_double_perovskite,absorber_only,10.1038/s41524-019-0177-0,"Li et al. npj Comput Mater 5, 83 (2019) — DFT indirect gap"
Cs2AgAsI6 (cubic),0.2692,cubic,Cs,,Ag,As,I,-0.757021705,DFT_indirect_gap,DFT_Paper5,fundamental_quasiparticle,halide_double_perovskite_absorber,A2B1B3X6_halide_double_perovskite,absorber_only,10.1038/s41524-019-0177-0,"Li et al. npj Comput Mater 5, 83 (2019) — DFT indirect gap"
Cs2AgBiI6 (cubic),0.6515,cubic,Cs,,Ag,Bi,I,-0.871212905,DFT_indirect_gap,DFT_Paper5,fundamental_quasiparticle,halide_double_perovskite_absorber,A2B1B3X6_halide_double_perovskite,absorber_only,10.1038/s41524-019-0177-0,"Li et al. npj Comput Mater 5, 83 (2019) — DFT indirect gap"
Cs2AgSbI6 (cubic),0.3495,cubic,Cs,,Ag,Sb,I,-0.829318772,DFT_indirect_gap,DFT_Paper5,fundamental_quasiparticle,halide_double_perovskite_absorber,A2B1B3X6_halide_double_perovskite,absorber_only,10.1038/s41524-019-0177-0,"Li et al. npj Comput Mater 5, 83 (2019) — DFT indirect gap"
Cs2CuBiI6 (cubic),0.2847,cubic,Cs,,Cu,Bi,I,-0.81144103,DFT_indirect_gap,DFT_Paper5,fundamental_quasiparticle,halide_double_perovskite_absorber,A2B1B3X6_halide_double_perovskite,absorber_only,10.1038/s41524-019-0177-0,"Li et al. npj Comput Mater 5, 83 (2019) — DFT indirect gap"
Cs2InAlI6 (cubic),0.9201,cubic,Cs,,In,Al,I,-0.96885983,DFT_indirect_gap,DFT_Paper5,fundamental_quasiparticle,halide_double_perovskite_absorber,A2B1B3X6_halide_double_perovskite,absorber_only,10.1038/s41524-019-0177-0,"Li et al. npj Comput Mater 5, 83 (2019) — DFT indirect gap"
Cs2InAsI6 (cubic),0.1046,cubic,Cs,,In,As,I,-0.83116054,DFT_indirect_gap,DFT_Paper5,fundamental_quasiparticle,halide_double_perovskite_absorber,A2B1B3X6_halide_double_perovskite,absorber_only,10.1038/s41524-019-0177-0,"Li et al. npj Comput Mater 5, 83 (2019) — DFT indirect gap"
Cs2InBiI6 (cubic),0.2804,cubic,Cs,,In,Bi,I,-0.93360464,DFT_indirect_gap,DFT_Paper5,fundamental_quasiparticle,halide_double_perovskite_absorber,A2B1B3X6_halide_double_perovskite,absorber_only,10.1038/s41524-019-0177-0,"Li et al. npj Comput Mater 5, 83 (2019) — DFT indirect gap"
Cs2InGaI6 (cubic),0.2606,cubic,Cs,,In,Ga,I,-0.91709419,DFT_indirect_gap,DFT_Paper5,fundamental_quasiparticle,halide_double_perovskite_absorber,A2B1B3X6_halide_double_perovskite,absorber_only,10.1038/s41524-019-0177-0,"Li et al. npj Comput Mater 5, 83 (2019) — DFT indirect gap"
Cs2InSbI6 (cubic),0.1914,cubic,Cs,,In,Sb,I,-0.894430407,DFT_indirect_gap,DFT_Paper5,fundamental_quasiparticle,halide_double_perovskite_absorber,A2B1B3X6_halide_double_perovskite,absorber_only,10.1038/s41524-019-0177-0,"Li et al. npj Comput Mater 5, 83 (2019) — DFT indirect gap"
Cs2TlAlI6 (cubic),1.3469,cubic,Cs,,Tl,Al,I,-0.998563785,DFT_indirect_gap,DFT_Paper5,fundamental_quasiparticle,halide_double_perovskite_absorber,A2B1B3X6_halide_double_perovskite,absorber_only,10.1038/s41524-019-0177-0,"Li et al. npj Comput Mater 5, 83 (2019) — DFT indirect gap"
Cs2TlAsI6 (cubic),0.4876,cubic,Cs,,Tl,As,I,-0.845799095,DFT_indirect_gap,DFT_Paper5,fundamental_quasiparticle,halide_double_perovskite_absorber,A2B1B3X6_halide_double_perovskite,absorber_only,10.1038/s41524-019-0177-0,"Li et al. npj Comput Mater 5, 83 (2019) — DFT indirect gap"
Cs2TlBiI6 (cubic),0.2898,cubic,Cs,,Tl,Bi,I,-0.955895395,DFT_indirect_gap,DFT_Paper5,fundamental_quasiparticle,halide_double_perovskite_absorber,A2B1B3X6_halide_double_perovskite,absorber_only,10.1038/s41524-019-0177-0,"Li et al. npj Comput Mater 5, 83 (2019) — DFT indirect gap"
Cs2TlGaI6 (cubic),0.4918,cubic,Cs,,Tl,Ga,I,-0.906397745,DFT_indirect_gap,DFT_Paper5,fundamental_quasiparticle,halide_double_perovskite_absorber,A2B1B3X6_halide_double_perovskite,absorber_only,10.1038/s41524-019-0177-0,"Li et al. npj Comput Mater 5, 83 (2019) — DFT indirect gap"
Cs2TlInI6 (cubic),0.7898,cubic,Cs,,Tl,In,I,-0.960015555,DFT_indirect_gap,DFT_Paper5,fundamental_quasiparticle,halide_double_perovskite_absorber,A2B1B3X6_halide_double_perovskite,absorber_only,10.1038/s41524-019-0177-0,"Li et al. npj Comput Mater 5, 83 (2019) — DFT indirect gap"
Cs2TlSbI6 (cubic),0.3599,cubic,Cs,,Tl,Sb,I,-0.913762862,DFT_indirect_gap,DFT_Paper5,fundamental_quasiparticle,halide_double_perovskite_absorber,A2B1B3X6_halide_double_perovskite,absorber_only,10.1038/s41524-019-0177-0,"Li et al. npj Comput Mater 5, 83 (2019) — DFT indirect gap"
K2AgAsI6 (cubic),0.204,cubic,K,,Ag,As,I,-0.671114585,DFT_indirect_gap,DFT_Paper5,fundamental_quasiparticle,halide_double_perovskite_absorber,A2B1B3X6_halide_double_perovskite,absorber_only,10.1038/s41524-019-0177-0,"Li et al. npj Comput Mater 5, 83 (2019) — DFT indirect gap"
K2AgBiI6 (cubic),0.6179,cubic,K,,Ag,Bi,I,-0.771762785,DFT_indirect_gap,DFT_Paper5,fundamental_quasiparticle,halide_double_perovskite_absorber,A2B1B3X6_halide_double_perovskite,absorber_only,10.1038/s41524-019-0177-0,"Li et al. npj Comput Mater 5, 83 (2019) — DFT indirect gap"
K2AgSbI6 (cubic),0.2952,cubic,K,,Ag,Sb,I,-0.733344752,DFT_indirect_gap,DFT_Paper5,fundamental_quasiparticle,halide_double_perovskite_absorber,A2B1B3X6_halide_double_perovskite,absorber_only,10.1038/s41524-019-0177-0,"Li et al. npj Comput Mater 5, 83 (2019) — DFT indirect gap"
K2CuBiI6 (cubic),0.2537,cubic,K,,Cu,Bi,I,-0.72039771,DFT_indirect_gap,DFT_Paper5,fundamental_quasiparticle,halide_double_perovskite_absorber,A2B1B3X6_halide_double_perovskite,absorber_only,10.1038/s41524-019-0177-0,"Li et al. npj Comput Mater 5, 83 (2019) — DFT indirect gap"
K2InAlI6 (cubic),0.8048,cubic,K,,In,Al,I,-0.87025981,DFT_indirect_gap,DFT_Paper5,fundamental_quasiparticle,halide_double_perovskite_absorber,A2B1B3X6_halide_double_perovskite,absorber_only,10.1038/s41524-019-0177-0,"Li et al. npj Comput Mater 5, 83 (2019) — DFT indirect gap"
K2InAsI6 (cubic),0.15,cubic,K,,In,As,I,-0.73229582,DFT_indirect_gap,DFT_Paper5,fundamental_quasiparticle,halide_double_perovskite_absorber,A2B1B3X6_halide_double_perovskite,absorber_only,10.1038/s41524-019-0177-0,"Li et al. npj Comput Mater 5, 83 (2019) — DFT indirect gap"
K2InBiI6 (cubic),0.3548,cubic,K,,In,Bi,I,-0.82329802,DFT_indirect_gap,DFT_Paper5,fundamental_quasiparticle,halide_double_perovskite_absorber,A2B1B3X6_halide_double_perovskite,absorber_only,10.1038/s41524-019-0177-0,"Li et al. npj Comput Mater 5, 83 (2019) — DFT indirect gap"
K2InGaI6 (cubic),0.1346,cubic,K,,In,Ga,I,-0.81902257,DFT_indirect_gap,DFT_Paper5,fundamental_quasiparticle,halide_double_perovskite_absorber,A2B1B3X6_halide_double_perovskite,absorber_only,10.1038/s41524-019-0177-0,"Li et al. npj Comput Mater 5, 83 (2019) — DFT indirect gap"
K2InSbI6 (cubic),0.2273,cubic,K,,In,Sb,I,-0.787047887,DFT_indirect_gap,DFT_Paper5,fundamental_quasiparticle,halide_double_perovskite_absorber,A2B1B3X6_halide_double_perovskite,absorber_only,10.1038/s41524-019-0177-0,"Li et al. npj Comput Mater 5, 83 (2019) — DFT indirect gap"
K2TlAlI6 (cubic),1.3485,cubic,K,,Tl,Al,I,-0.897110865,DFT_indirect_gap,DFT_Paper5,fundamental_quasiparticle,halide_double_perovskite_absorber,A2B1B3X6_halide_double_perovskite,absorber_only,10.1038/s41524-019-0177-0,"Li et al. npj Comput Mater 5, 83 (2019) — DFT indirect gap"
K2TlAsI6 (cubic),0.3625,cubic,K,,Tl,As,I,-0.742164875,DFT_indirect_gap,DFT_Paper5,fundamental_quasiparticle,halide_double_perovskite_absorber,A2B1B3X6_halide_double_perovskite,absorber_only,10.1038/s41524-019-0177-0,"Li et al. npj Comput Mater 5, 83 (2019) — DFT indirect gap"
K2TlBiI6 (cubic),0.2017,cubic,K,,Tl,Bi,I,-0.842895875,DFT_indirect_gap,DFT_Paper5,fundamental_quasiparticle,halide_double_perovskite_absorber,A2B1B3X6_halide_double_perovskite,absorber_only,10.1038/s41524-019-0177-0,"Li et al. npj Comput Mater 5, 83 (2019) — DFT indirect gap"
K2TlGaI6 (cubic),0.4112,cubic,K,,Tl,Ga,I,-0.804781425,DFT_indirect_gap,DFT_Paper5,fundamental_quasiparticle,halide_double_perovskite_absorber,A2B1B3X6_halide_double_perovskite,absorber_only,10.1038/s41524-019-0177-0,"Li et al. npj Comput Mater 5, 83 (2019) — DFT indirect gap"
K2TlInI6 (cubic),0.7302,cubic,K,,Tl,In,I,-0.852193435,DFT_indirect_gap,DFT_Paper5,fundamental_quasiparticle,halide_double_perovskite_absorber,A2B1B3X6_halide_double_perovskite,absorber_only,10.1038/s41524-019-0177-0,"Li et al. npj Comput Mater 5, 83 (2019) — DFT indirect gap"
K2TlSbI6 (cubic),0.26,cubic,K,,Tl,Sb,I,-0.803095442,DFT_indirect_gap,DFT_Paper5,fundamental_quasiparticle,halide_double_perovskite_absorber,A2B1B3X6_halide_double_perovskite,absorber_only,10.1038/s41524-019-0177-0,"Li et al. npj Comput Mater 5, 83 (2019) — DFT indirect gap"
Rb2AgAsI6 (cubic),0.2286,cubic,Rb,,Ag,As,I,-0.709215725,DFT_indirect_gap,DFT_Paper5,fundamental_quasiparticle,halide_double_perovskite_absorber,A2B1B3X6_halide_double_perovskite,absorber_only,10.1038/s41524-019-0177-0,"Li et al. npj Comput Mater 5, 83 (2019) — DFT indirect gap"
Rb2AgBiI6 (cubic),0.6313,cubic,Rb,,Ag,Bi,I,-0.815377325,DFT_indirect_gap,DFT_Paper5,fundamental_quasiparticle,halide_double_perovskite_absorber,A2B1B3X6_halide_double_perovskite,absorber_only,10.1038/s41524-019-0177-0,"Li et al. npj Comput Mater 5, 83 (2019) — DFT indirect gap"
Rb2AgSbI6 (cubic),0.3161,cubic,Rb,,Ag,Sb,I,-0.775543992,DFT_indirect_gap,DFT_Paper5,fundamental_quasiparticle,halide_double_perovskite_absorber,A2B1B3X6_halide_double_perovskite,absorber_only,10.1038/s41524-019-0177-0,"Li et al. npj Comput Mater 5, 83 (2019) — DFT indirect gap"
Rb2CuBiI6 (cubic),0.2673,cubic,Rb,,Cu,Bi,I,-0.76054925,DFT_indirect_gap,DFT_Paper5,fundamental_quasiparticle,halide_double_perovskite_absorber,A2B1B3X6_halide_double_perovskite,absorber_only,10.1038/s41524-019-0177-0,"Li et al. npj Comput Mater 5, 83 (2019) — DFT indirect gap"
Rb2InAlI6 (cubic),0.8605,cubic,Rb,,In,Al,I,-0.91338965,DFT_indirect_gap,DFT_Paper5,fundamental_quasiparticle,halide_double_perovskite_absorber,A2B1B3X6_halide_double_perovskite,absorber_only,10.1038/s41524-019-0177-0,"Li et al. npj Comput Mater 5, 83 (2019) — DFT indirect gap"
Rb2InAsI6 (cubic),0.1418,cubic,Rb,,In,As,I,-0.77554006,DFT_indirect_gap,DFT_Paper5,fundamental_quasiparticle,halide_double_perovskite_absorber,A2B1B3X6_halide_double_perovskite,absorber_only,10.1038/s41524-019-0177-0,"Li et al. npj Comput Mater 5, 83 (2019) — DFT indirect gap"
Rb2InBiI6 (cubic),0.3498,cubic,Rb,,In,Bi,I,-0.87123316,DFT_indirect_gap,DFT_Paper5,fundamental_quasiparticle,halide_double_perovskite_absorber,A2B1B3X6_halide_double_perovskite,absorber_only,10.1038/s41524-019-0177-0,"Li et al. npj Comput Mater 5, 83 (2019) — DFT indirect gap"
Rb2InGaI6 (cubic),0.1844,cubic,Rb,,In,Ga,I,-0.86199011,DFT_indirect_gap,DFT_Paper5,fundamental_quasiparticle,halide_double_perovskite_absorber,A2B1B3X6_halide_double_perovskite,absorber_only,10.1038/s41524-019-0177-0,"Li et al. npj Comput Mater 5, 83 (2019) — DFT indirect gap"
Rb2InSbI6 (cubic),0.2129,cubic,Rb,,In,Sb,I,-0.833800327,DFT_indirect_gap,DFT_Paper5,fundamental_quasiparticle,halide_double_perovskite_absorber,A2B1B3X6_halide_double_perovskite,absorber_only,10.1038/s41524-019-0177-0,"Li et al. npj Comput Mater 5, 83 (2019) — DFT indirect gap"
Rb2TlAlI6 (cubic),1.3442,cubic,Rb,,Tl,Al,I,-0.941398705,DFT_indirect_gap,DFT_Paper5,fundamental_quasiparticle,halide_double_perovskite_absorber,A2B1B3X6_halide_double_perovskite,absorber_only,10.1038/s41524-019-0177-0,"Li et al. npj Comput Mater 5, 83 (2019) — DFT indirect gap"
Rb2TlAsI6 (cubic),0.4124,cubic,Rb,,Tl,As,I,-0.787352215,DFT_indirect_gap,DFT_Paper5,fundamental_quasiparticle,halide_double_perovskite_absorber,A2B1B3X6_halide_double_perovskite,absorber_only,10.1038/s41524-019-0177-0,"Li et al. npj Comput Mater 5, 83 (2019) — DFT indirect gap"
Rb2TlBiI6 (cubic),0.2375,cubic,Rb,,Tl,Bi,I,-0.891902615,DFT_indirect_gap,DFT_Paper5,fundamental_quasiparticle,halide_double_perovskite_absorber,A2B1B3X6_halide_double_perovskite,absorber_only,10.1038/s41524-019-0177-0,"Li et al. npj Comput Mater 5, 83 (2019) — DFT indirect gap"
Rb2TlGaI6 (cubic),0.449,cubic,Rb,,Tl,Ga,I,-0.849156765,DFT_indirect_gap,DFT_Paper5,fundamental_quasiparticle,halide_double_perovskite_absorber,A2B1B3X6_halide_double_perovskite,absorber_only,10.1038/s41524-019-0177-0,"Li et al. npj Comput Mater 5, 83 (2019) — DFT indirect gap"
Rb2TlInI6 (cubic),0.7552,cubic,Rb,,Tl,In,I,-0.899124475,DFT_indirect_gap,DFT_Paper5,fundamental_quasiparticle,halide_double_perovskite_absorber,A2B1B3X6_halide_double_perovskite,absorber_only,10.1038/s41524-019-0177-0,"Li et al. npj Comput Mater 5, 83 (2019) — DFT indirect gap"
Rb2TlSbI6 (cubic),0.3028,cubic,Rb,,Tl,Sb,I,-0.851161082,DFT_indirect_gap,DFT_Paper5,fundamental_quasiparticle,halide_double_perovskite_absorber,A2B1B3X6_halide_double_perovskite,absorber_only,10.1038/s41524-019-0177-0,"Li et al. npj Comput Mater 5, 83 (2019) — DFT indirect gap"
Cs2AgAlBr6 (orthorhombic),1.0258,orthorhombic,Cs,,Ag,Al,Br,-1.24055537,DFT_indirect_gap,DFT_Paper5,fundamental_quasiparticle,halide_double_perovskite_absorber,A2B1B3X6_halide_double_perovskite,absorber_only,10.1038/s41524-019-0177-0,"Li et al. npj Comput Mater 5, 83 (2019) — DFT indirect gap"
Cs2AgAsBr6 (orthorhombic),0.7785,orthorhombic,Cs,,Ag,As,Br,-1.01282308,DFT_indirect_gap,DFT_Paper5,fundamental_quasiparticle,halide_double_perovskite_absorber,A2B1B3X6_halide_double_perovskite,absorber_only,10.1038/s41524-019-0177-0,"Li et al. npj Comput Mater 5, 83 (2019) — DFT indirect gap"
Cs2AgBiBr6 (orthorhombic),1.1666,orthorhombic,Cs,,Ag,Bi,Br,-1.14599248,DFT_indirect_gap,DFT_Paper5,fundamental_quasiparticle,halide_double_perovskite_absorber,A2B1B3X6_halide_double_perovskite,absorber_only,10.1038/s41524-019-0177-0,"Li et al. npj Comput Mater 5, 83 (2019) — DFT indirect gap"
Cs2AgGaBr6 (orthorhombic),0.5295,orthorhombic,Cs,,Ag,Ga,Br,-1.11394808,DFT_indirect_gap,DFT_Paper5,fundamental_quasiparticle,halide_double_perovskite_absorber,A2B1B3X6_halide_double_perovskite,absorber_only,10.1038/s41524-019-0177-0,"Li et al. npj Comput Mater 5, 83 (2019) — DFT indirect gap"
Cs2AgInBr6 (orthorhombic),0.3022,orthorhombic,Cs,,Ag,In,Br,-1.16270819,DFT_indirect_gap,DFT_Paper5,fundamental_quasiparticle,halide_double_perovskite_absorber,A2B1B3X6_halide_double_perovskite,absorber_only,10.1038/s41524-019-0177-0,"Li et al. npj Comput Mater 5, 83 (2019) — DFT indirect gap"
Cs2AgSbBr6 (orthorhombic),0.8555,orthorhombic,Cs,,Ag,Sb,Br,-1.097330047,DFT_indirect_gap,DFT_Paper5,fundamental_quasiparticle,halide_double_perovskite_absorber,A2B1B3X6_halide_double_perovskite,absorber_only,10.1038/s41524-019-0177-0,"Li et al. npj Comput Mater 5, 83 (2019) — DFT indirect gap"
Cs2AuAlBr6 (orthorhombic),2.2396,orthorhombic,Cs,,Au,Al,Br,-1.16463817,DFT_indirect_gap,DFT_Paper5,fundamental_quasiparticle,halide_double_perovskite_absorber,A2B1B3X6_halide_double_perovskite,absorber_only,10.1038/s41524-019-0177-0,"Li et al. npj Comput Mater 5, 83 (2019) — DFT indirect gap"
Cs2AuBiBr6 (orthorhombic),0.1715,orthorhombic,Cs,,Au,Bi,Br,-1.04632603,DFT_indirect_gap,DFT_Paper5,fundamental_quasiparticle,halide_double_perovskite_absorber,A2B1B3X6_halide_double_perovskite,absorber_only,10.1038/s41524-019-0177-0,"Li et al. npj Comput Mater 5, 83 (2019) — DFT indirect gap"
Cs2AuGaBr6 (orthorhombic),1.2103,orthorhombic,Cs,,Au,Ga,Br,-1.05163423,DFT_indirect_gap,DFT_Paper5,fundamental_quasiparticle,halide_double_perovskite_absorber,A2B1B3X6_halide_double_perovskite,absorber_only,10.1038/s41524-019-0177-0,"Li et al. npj Comput Mater 5, 83 (2019) — DFT indirect gap"
Cs2AuInBr6 (orthorhombic),1.2281,orthorhombic,Cs,,Au,In,Br,-1.08394699,DFT_indirect_gap,DFT_Paper5,fundamental_quasiparticle,halide_double_perovskite_absorber,A2B1B3X6_halide_double_perovskite,absorber_only,10.1038/s41524-019-0177-0,"Li et al. npj Comput Mater 5, 83 (2019) — DFT indirect gap"
Cs2CuAlBr6 (orthorhombic),1.5463,orthorhombic,Cs,,Cu,Al,Br,-1.187669895,DFT_indirect_gap,DFT_Paper5,fundamental_quasiparticle,halide_double_perovskite_absorber,A2B1B3X6_halide_double_perovskite,absorber_only,10.1038/s41524-019-0177-0,"Li et al. npj Comput Mater 5, 83 (2019) — DFT indirect gap"
Cs2CuAsBr6 (orthorhombic),0.201,orthorhombic,Cs,,Cu,As,Br,-0.959181155,DFT_indirect_gap,DFT_Paper5,fundamental_quasiparticle,halide_double_perovskite_absorber,A2B1B3X6_halide_double_perovskite,absorber_only,10.1038/s41524-019-0177-0,"Li et al. npj Comput Mater 5, 83 (2019) — DFT indirect gap"
Cs2CuBiBr6 (orthorhombic),0.5429,orthorhombic,Cs,,Cu,Bi,Br,-1.093397605,DFT_indirect_gap,DFT_Paper5,fundamental_quasiparticle,halide_double_perovskite_absorber,A2B1B3X6_halide_double_perovskite,absorber_only,10.1038/s41524-019-0177-0,"Li et al. npj Comput Mater 5, 83 (2019) — DFT indirect gap"
Cs2CuGaBr6 (orthorhombic),0.7958,orthorhombic,Cs,,Cu,Ga,Br,-1.079646255,DFT_indirect_gap,DFT_Paper5,fundamental_quasiparticle,halide_double_perovskite_absorber,A2B1B3X6_halide_double_perovskite,absorber_only,10.1038/s41524-019-0177-0,"Li et al. npj Comput Mater 5, 83 (2019) — DFT indirect gap"
Cs2CuInBr6 (orthorhombic),0.4291,orthorhombic,Cs,,Cu,In,Br,-1.115999415,DFT_indirect_gap,DFT_Paper5,fundamental_quasiparticle,halide_double_perovskite_absorber,A2B1B3X6_halide_double_perovskite,absorber_only,10.1038/s41524-019-0177-0,"Li et al. npj Comput Mater 5, 83 (2019) — DFT indirect gap"
Cs2CuSbBr6 (orthorhombic),0.3218,orthorhombic,Cs,,Cu,Sb,Br,-1.045693472,DFT_indirect_gap,DFT_Paper5,fundamental_quasiparticle,halide_double_perovskite_absorber,A2B1B3X6_halide_double_perovskite,absorber_only,10.1038/s41524-019-0177-0,"Li et al. npj Comput Mater 5, 83 (2019) — DFT indirect gap"
Cs2InAlBr6 (orthorhombic),2.0668,orthorhombic,Cs,,In,Al,Br,-1.325736805,DFT_indirect_gap,DFT_Paper5,fundamental_quasiparticle,halide_double_perovskite_absorber,A2B1B3X6_halide_double_perovskite,absorber_only,10.1038/s41524-019-0177-0,"Li et al. npj Comput Mater 5, 83 (2019) — DFT indirect gap"
Cs2InAsBr6 (orthorhombic),0.1509,orthorhombic,Cs,,In,As,Br,-1.095475815,DFT_indirect_gap,DFT_Paper5,fundamental_quasiparticle,halide_double_perovskite_absorber,A2B1B3X6_halide_double_perovskite,absorber_only,10.1038/s41524-019-0177-0,"Li et al. npj Comput Mater 5, 83 (2019) — DFT indirect gap"
Cs2InBiBr6 (orthorhombic),0.6112,orthorhombic,Cs,,In,Bi,Br,-1.224859565,DFT_indirect_gap,DFT_Paper5,fundamental_quasiparticle,halide_double_perovskite_absorber,A2B1B3X6_halide_double_perovskite,absorber_only,10.1038/s41524-019-0177-0,"Li et al. npj Comput Mater 5, 83 (2019) — DFT indirect gap"
Cs2InGaBr6 (orthorhombic),0.6177,orthorhombic,Cs,,In,Ga,Br,-1.198378965,DFT_indirect_gap,DFT_Paper5,fundamental_quasiparticle,halide_double_perovskite_absorber,A2B1B3X6_halide_double_perovskite,absorber_only,10.1038/s41524-019-0177-0,"Li et al. npj Comput Mater 5, 83 (2019) — DFT indirect gap"
Cs2InInBr6 (orthorhombic),1.0754,orthorhombic,Cs,,In,In,Br,-1.243883575,DFT_indirect_gap,DFT_Paper5,fundamental_quasiparticle,halide_double_perovskite_absorber,A2B1B3X6_halide_double_perovskite,absorber_only,10.1038/s41524-019-0177-0,"Li et al. npj Comput Mater 5, 83 (2019) — DFT indirect gap"
Cs2InSbBr6 (orthorhombic),0.5839,orthorhombic,Cs,,In,Sb,Br,-1.174040532,DFT_indirect_gap,DFT_Paper5,fundamental_quasiparticle,halide_double_perovskite_absorber,A2B1B3X6_halide_double_perovskite,absorber_only,10.1038/s41524-019-0177-0,"Li et al. npj Comput Mater 5, 83 (2019) — DFT indirect gap"
Cs2TlAlBr6 (orthorhombic),2.5708,orthorhombic,Cs,,Tl,Al,Br,-1.36208541,DFT_indirect_gap,DFT_Paper5,fundamental_quasiparticle,halide_double_perovskite_absorber,A2B1B3X6_halide_double_perovskite,absorber_only,10.1038/s41524-019-0177-0,"Li et al. npj Comput Mater 5, 83 (2019) — DFT indirect gap"
Cs2TlAsBr6 (orthorhombic),1.1689,orthorhombic,Cs,,Tl,As,Br,-1.11717632,DFT_indirect_gap,DFT_Paper5,fundamental_quasiparticle,halide_double_perovskite_absorber,A2B1B3X6_halide_double_perovskite,absorber_only,10.1038/s41524-019-0177-0,"Li et al. npj Comput Mater 5, 83 (2019) — DFT indirect gap"
Cs2TlBiBr6 (orthorhombic),1.2606,orthorhombic,Cs,,Tl,Bi,Br,-1.25965937,DFT_indirect_gap,DFT_Paper5,fundamental_quasiparticle,halide_double_perovskite_absorber,A2B1B3X6_halide_double_perovskite,absorber_only,10.1038/s41524-019-0177-0,"Li et al. npj Comput Mater 5, 83 (2019) — DFT indirect gap"
Cs2TlGaBr6 (orthorhombic),1.5515,orthorhombic,Cs,,Tl,Ga,Br,-1.22621807,DFT_indirect_gap,DFT_Paper5,fundamental_quasiparticle,halide_double_perovskite_absorber,A2B1B3X6_halide_double_perovskite,absorber_only,10.1038/s41524-019-0177-0,"Li et al. npj Comput Mater 5, 83 (2019) — DFT indirect gap"
Cs2TlInBr6 (orthorhombic),1.8644,orthorhombic,Cs,,Tl,In,Br,-1.27733688,DFT_indirect_gap,DFT_Paper5,fundamental_quasiparticle,halide_double_perovskite_absorber,A2B1B3X6_halide_double_perovskite,absorber_only,10.1038/s41524-019-0177-0,"Li et al. npj Comput Mater 5, 83 (2019) — DFT indirect gap"
Cs2TlSbBr6 (orthorhombic),1.2416,orthorhombic,Cs,,Tl,Sb,Br,-1.205885587,DFT_indirect_gap,DFT_Paper5,fundamental_quasiparticle,halide_double_perovskite_absorber,A2B1B3X6_halide_double_perovskite,absorber_only,10.1038/s41524-019-0177-0,"Li et al. npj Comput Mater 5, 83 (2019) — DFT indirect gap"
K2AgAlBr6 (orthorhombic),1.8055,orthorhombic,K,,Ag,Al,Br,-1.2012559,DFT_indirect_gap,DFT_Paper5,fundamental_quasiparticle,halide_double_perovskite_absorber,A2B1B3X6_halide_double_perovskite,absorber_only,10.1038/s41524-019-0177-0,"Li et al. npj Comput Mater 5, 83 (2019) — DFT indirect gap"
K2AgAsBr6 (orthorhombic),1.2224,orthorhombic,K,,Ag,As,Br,-0.96300201,DFT_indirect_gap,DFT_Paper5,fundamental_quasiparticle,halide_double_perovskite_absorber,A2B1B3X6_halide_double_perovskite,absorber_only,10.1038/s41524-019-0177-0,"Li et al. npj Comput Mater 5, 83 (2019) — DFT indirect gap"
K2AgBiBr6 (orthorhombic),1.4152,orthorhombic,K,,Ag,Bi,Br,-1.10128596,DFT_indirect_gap,DFT_Paper5,fundamental_quasiparticle,halide_double_perovskite_absorber,A2B1B3X6_halide_double_perovskite,absorber_only,10.1038/s41524-019-0177-0,"Li et al. npj Comput Mater 5, 83 (2019) — DFT indirect gap"
K2AgGaBr6 (orthorhombic),0.8539,orthorhombic,K,,Ag,Ga,Br,-1.07168481,DFT_indirect_gap,DFT_Paper5,fundamental_quasiparticle,halide_double_perovskite_absorber,A2B1B3X6_halide_double_perovskite,absorber_only,10.1038/s41524-019-0177-0,"Li et al. npj Comput Mater 5, 83 (2019) — DFT indirect gap"
K2AgInBr6 (orthorhombic),1.0475,orthorhombic,K,,Ag,In,Br,-1.12101407,DFT_indirect_gap,DFT_Paper5,fundamental_quasiparticle,halide_double_perovskite_absorber,A2B1B3X6_halide_double_perovskite,absorber_only,10.1038/s41524-019-0177-0,"Li et al. npj Comput Mater 5, 83 (2019) — DFT indirect gap"
K2AgSbBr6 (orthorhombic),1.3449,orthorhombic,K,,Ag,Sb,Br,-1.048964327,DFT_indirect_gap,DFT_Paper5,fundamental_quasiparticle,halide_double_perovskite_absorber,A2B1B3X6_halide_double_perovskite,absorber_only,10.1038/s41524-019-0177-0,"Li et al. npj Comput Mater 5, 83 (2019) — DFT indirect gap"
K2AuAlBr6 (orthorhombic),2.1912,orthorhombic,K,,Au,Al,Br,-1.1188524,DFT_indirect_gap,DFT_Paper5,fundamental_quasiparticle,halide_double_perovskite_absorber,A2B1B3X6_halide_double_perovskite,absorber_only,10.1038/s41524-019-0177-0,"Li et al. npj Comput Mater 5, 83 (2019) — DFT indirect gap"
K2AuAsBr6 (orthorhombic),1.9325,orthorhombic,K,,Au,As,Br,-0.89384016,DFT_indirect_gap,DFT_Paper5,fundamental_quasiparticle,halide_double_perovskite_absorber,A2B1B3X6_halide_double_perovskite,absorber_only,10.1038/s41524-019-0177-0,"Li et al. npj Comput Mater 5, 83 (2019) — DFT indirect gap"
K2AuBiBr6 (orthorhombic),2.0364,orthorhombic,K,,Au,Bi,Br,-1.02703041,DFT_indirect_gap,DFT_Paper5,fundamental_quasiparticle,halide_double_perovskite_absorber,A2B1B3X6_halide_double_perovskite,absorber_only,10.1038/s41524-019-0177-0,"Li et al. npj Comput Mater 5, 83 (2019) — DFT indirect gap"
K2AuGaBr6 (orthorhombic),1.4898,orthorhombic,K,,Au,Ga,Br,-1.00325186,DFT_indirect_gap,DFT_Paper5,fundamental_quasiparticle,halide_double_perovskite_absorber,A2B1B3X6_halide_double_perovskite,absorber_only,10.1038/s41524-019-0177-0,"Li et al. npj Comput Mater 5, 83 (2019) — DFT indirect gap"
K2AuInBr6 (orthorhombic),1.3315,orthorhombic,K,,Au,In,Br,-1.03546297,DFT_indirect_gap,DFT_Paper5,fundamental_quasiparticle,halide_double_perovskite_absorber,A2B1B3X6_halide_double_perovskite,absorber_only,10.1038/s41524-019-0177-0,"Li et al. npj Comput Mater 5, 83 (2019) — DFT indirect gap"
K2AuSbBr6 (orthorhombic),1.8013,orthorhombic,K,,Au,Sb,Br,-0.972399777,DFT_indirect_gap,DFT_Paper5,fundamental_quasiparticle,halide_double_perovskite_absorber,A2B1B3X6_halide_double_perovskite,absorber_only,10.1038/s41524-019-0177-0,"Li et al. npj Comput Mater 5, 83 (2019) — DFT indirect gap"
K2CuAlBr6 (orthorhombic),1.3813,orthorhombic,K,,Cu,Al,Br,-1.142732175,DFT_indirect_gap,DFT_Paper5,fundamental_quasiparticle,halide_double_perovskite_absorber,A2B1B3X6_halide_double_perovskite,absorber_only,10.1038/s41524-019-0177-0,"Li et al. npj Comput Mater 5, 83 (2019) — DFT indirect gap"
K2CuAsBr6 (orthorhombic),0.5174,orthorhombic,K,,Cu,As,Br,-0.913358335,DFT_indirect_gap,DFT_Paper5,fundamental_quasiparticle,halide_double_perovskite_absorber,A2B1B3X6_halide_double_perovskite,absorber_only,10.1038/s41524-019-0177-0,"Li et al. npj Comput Mater 5, 83 (2019) — DFT indirect gap"
K2CuBiBr6 (orthorhombic),0.8057,orthorhombic,K,,Cu,Bi,Br,-1.046611985,DFT_indirect_gap,DFT_Paper5,fundamental_quasiparticle,halide_double_perovskite_absorber,A2B1B3X6_halide_double_perovskite,absorber_only,10.1038/s41524-019-0177-0,"Li et al. npj Comput Mater 5, 83 (2019) — DFT indirect gap"
K2CuGaBr6 (orthorhombic),0.8095,orthorhombic,K,,Cu,Ga,Br,-1.029946135,DFT_indirect_gap,DFT_Paper5,fundamental_quasiparticle,halide_double_perovskite_absorber,A2B1B3X6_halide_double_perovskite,absorber_only,10.1038/s41524-019-0177-0,"Li et al. npj Comput Mater 5, 83 (2019) — DFT indirect gap"
K2CuInBr6 (orthorhombic),0.4747,orthorhombic,K,,Cu,In,Br,-1.068791545,DFT_indirect_gap,DFT_Paper5,fundamental_quasiparticle,halide_double_perovskite_absorber,A2B1B3X6_halide_double_perovskite,absorber_only,10.1038/s41524-019-0177-0,"Li et al. npj Comput Mater 5, 83 (2019) — DFT indirect gap"
K2CuSbBr6 (orthorhombic),0.6292,orthorhombic,K,,Cu,Sb,Br,-0.995350602,DFT_indirect_gap,DFT_Paper5,fundamental_quasiparticle,halide_double_perovskite_absorber,A2B1B3X6_halide_double_perovskite,absorber_only,10.1038/s41524-019-0177-0,"Li et al. npj Comput Mater 5, 83 (2019) — DFT indirect gap"
K2InAlBr6 (orthorhombic),2.429,orthorhombic,K,,In,Al,Br,-1.278415485,DFT_indirect_gap,DFT_Paper5,fundamental_quasiparticle,halide_double_perovskite_absorber,A2B1B3X6_halide_double_perovskite,absorber_only,10.1038/s41524-019-0177-0,"Li et al. npj Comput Mater 5, 83 (2019) — DFT indirect gap"
K2InAsBr6 (orthorhombic),0.9382,orthorhombic,K,,In,As,Br,-1.035022945,DFT_indirect_gap,DFT_Paper5,fundamental_quasiparticle,halide_double_perovskite_absorber,A2B1B3X6_halide_double_perovskite,absorber_only,10.1038/s41524-019-0177-0,"Li et al. npj Comput Mater 5, 83 (2019) — DFT indirect gap"
K2InBiBr6 (orthorhombic),1.0211,orthorhombic,K,,In,Bi,Br,-1.174723995,DFT_indirect_gap,DFT_Paper5,fundamental_quasiparticle,halide_double_perovskite_absorber,A2B1B3X6_halide_double_perovskite,absorber_only,10.1038/s41524-019-0177-0,"Li et al. npj Comput Mater 5, 83 (2019) — DFT indirect gap"
K2InGaBr6 (orthorhombic),1.1309,orthorhombic,K,,In,Ga,Br,-1.145518495,DFT_indirect_gap,DFT_Paper5,fundamental_quasiparticle,halide_double_perovskite_absorber,A2B1B3X6_halide_double_perovskite,absorber_only,10.1038/s41524-019-0177-0,"Li et al. npj Comput Mater 5, 83 (2019) — DFT indirect gap"
K2InInBr6 (orthorhombic),1.4473,orthorhombic,K,,In,In,Br,-1.195686205,DFT_indirect_gap,DFT_Paper5,fundamental_quasiparticle,halide_double_perovskite_absorber,A2B1B3X6_halide_double_perovskite,absorber_only,10.1038/s41524-019-0177-0,"Li et al. npj Comput Mater 5, 83 (2019) — DFT indirect gap"
K2InSbBr6 (orthorhombic),1.1537,orthorhombic,K,,In,Sb,Br,-1.120945812,DFT_indirect_gap,DFT_Paper5,fundamental_quasiparticle,halide_double_perovskite_absorber,A2B1B3X6_halide_double_perovskite,absorber_only,10.1038/s41524-019-0177-0,"Li et al. npj Comput Mater 5, 83 (2019) — DFT indirect gap"
K2TlAlBr6 (orthorhombic),2.7996,orthorhombic,K,,Tl,Al,Br,-1.31827049,DFT_indirect_gap,DFT_Paper5,fundamental_quasiparticle,halide_double_perovskite_absorber,A2B1B3X6_halide_double_perovskite,absorber_only,10.1038/s41524-019-0177-0,"Li et al. npj Comput Mater 5, 83 (2019) — DFT indirect gap"
K2TlAsBr6 (orthorhombic),1.6343,orthorhombic,K,,Tl,As,Br,-1.0676644,DFT_indirect_gap,DFT_Paper5,fundamental_quasiparticle,halide_double_perovskite_absorber,A2B1B3X6_halide_double_perovskite,absorber_only,10.1038/s41524-019-0177-0,"Li et al. npj Comput Mater 5, 83 (2019) — DFT indirect gap"
K2TlBiBr6 (orthorhombic),1.5858,orthorhombic,K,,Tl,Bi,Br,-1.21278375,DFT_indirect_gap,DFT_Paper5,fundamental_quasiparticle,halide_double_perovskite_absorber,A2B1B3X6_halide_double_perovskite,absorber_only,10.1038/s41524-019-0177-0,"Li et al. npj Comput Mater 5, 83 (2019) — DFT indirect gap"
K2TlGaBr6 (orthorhombic),1.8405,orthorhombic,K,,Tl,Ga,Br,-1.1806622,DFT_indirect_gap,DFT_Paper5,fundamental_quasiparticle,halide_double_perovskite_absorber,A2B1B3X6_halide_double_perovskite,absorber_only,10.1038/s41524-019-0177-0,"Li et al. npj Comput Mater 5, 83 (2019) — DFT indirect gap"
K2TlInBr6 (orthorhombic),2.0957,orthorhombic,K,,Tl,In,Br,-1.23301631,DFT_indirect_gap,DFT_Paper5,fundamental_quasiparticle,halide_double_perovskite_absorber,A2B1B3X6_halide_double_perovskite,absorber_only,10.1038/s41524-019-0177-0,"Li et al. npj Comput Mater 5, 83 (2019) — DFT indirect gap"
K2TlSbBr6 (orthorhombic),1.6611,orthorhombic,K,,Tl,Sb,Br,-1.157749117,DFT_indirect_gap,DFT_Paper5,fundamental_quasiparticle,halide_double_perovskite_absorber,A2B1B3X6_halide_double_perovskite,absorber_only,10.1038/s41524-019-0177-0,"Li et al. npj Comput Mater 5, 83 (2019) — DFT indirect gap"
Rb2AgAlBr6 (orthorhombic),1.4842,orthorhombic,Rb,,Ag,Al,Br,-1.21129599,DFT_indirect_gap,DFT_Paper5,fundamental_quasiparticle,halide_double_perovskite_absorber,A2B1B3X6_halide_double_perovskite,absorber_only,10.1038/s41524-019-0177-0,"Li et al. npj Comput Mater 5, 83 (2019) — DFT indirect gap"
Rb2AgAsBr6 (orthorhombic),1.025,orthorhombic,Rb,,Ag,As,Br,-0.97706435,DFT_indirect_gap,DFT_Paper5,fundamental_quasiparticle,halide_double_perovskite_absorber,A2B1B3X6_halide_double_perovskite,absorber_only,10.1038/s41524-019-0177-0,"Li et al. npj Comput Mater 5, 83 (2019) — DFT indirect gap"
Rb2AgBiBr6 (orthorhombic),1.3147,orthorhombic,Rb,,Ag,Bi,Br,-1.1144149,DFT_indirect_gap,DFT_Paper5,fundamental_quasiparticle,halide_double_perovskite_absorber,A2B1B3X6_halide_double_perovskite,absorber_only,10.1038/s41524-019-0177-0,"Li et al. npj Comput Mater 5, 83 (2019) — DFT indirect gap"
Rb2AgGaBr6 (orthorhombic),0.5988,orthorhombic,Rb,,Ag,Ga,Br,-1.0829716,DFT_indirect_gap,DFT_Paper5,fundamental_quasiparticle,halide_double_perovskite_absorber,A2B1B3X6_halide_double_perovskite,absorber_only,10.1038/s41524-019-0177-0,"Li et al. npj Comput Mater 5, 83 (2019) — DFT indirect gap"
Rb2AgInBr6 (orthorhombic),0.813,orthorhombic,Rb,,Ag,In,Br,-1.13247076,DFT_indirect_gap,DFT_Paper5,fundamental_quasiparticle,halide_double_perovskite_absorber,A2B1B3X6_halide_double_perovskite,absorber_only,10.1038/s41524-019-0177-0,"Li et al. npj Comput Mater 5, 83 (2019) — DFT indirect gap"
Rb2AgSbBr6 (orthorhombic),1.1724,orthorhombic,Rb,,Ag,Sb,Br,-1.062848767,DFT_indirect_gap,DFT_Paper5,fundamental_quasiparticle,halide_double_perovskite_absorber,A2B1B3X6_halide_double_perovskite,absorber_only,10.1038/s41524-019-0177-0,"Li et al. npj Comput Mater 5, 83 (2019) — DFT indirect gap"
Rb2AuAlBr6 (orthorhombic),2.9416,orthorhombic,Rb,,Au,Al,Br,-1.17481734,DFT_indirect_gap,DFT_Paper5,fundamental_quasiparticle,halide_double_perovskite_absorber,A2B1B3X6_halide_double_perovskite,absorber_only,10.1038/s41524-019-0177-0,"Li et al. npj Comput Mater 5, 83 (2019) — DFT indirect gap"
Rb2AuBiBr6 (orthorhombic),2.0059,orthorhombic,Rb,,Au,Bi,Br,-1.0430065,DFT_indirect_gap,DFT_Paper5,fundamental_quasiparticle,halide_double_perovskite_absorber,A2B1B3X6_halide_double_perovskite,absorber_only,10.1038/s41524-019-0177-0,"Li et al. npj Comput Mater 5, 83 (2019) — DFT indirect gap"
Rb2AuGaBr6 (orthorhombic),1.515,orthorhombic,Rb,,Au,Ga,Br,-1.0207486,DFT_indirect_gap,DFT_Paper5,fundamental_quasiparticle,halide_double_perovskite_absorber,A2B1B3X6_halide_double_perovskite,absorber_only,10.1038/s41524-019-0177-0,"Li et al. npj Comput Mater 5, 83 (2019) — DFT indirect gap"
Rb2AuInBr6 (orthorhombic),1.314,orthorhombic,Rb,,Au,In,Br,-1.05225266,DFT_indirect_gap,DFT_Paper5,fundamental_quasiparticle,halide_double_perovskite_absorber,A2B1B3X6_halide_double_perovskite,absorber_only,10.1038/s41524-019-0177-0,"Li et al. npj Comput Mater 5, 83 (2019) — DFT indirect gap"
Rb2AuSbBr6 (orthorhombic),1.8822,orthorhombic,Rb,,Au,Sb,Br,-0.989691767,DFT_indirect_gap,DFT_Paper5,fundamental_quasiparticle,halide_double_perovskite_absorber,A2B1B3X6_halide_double_perovskite,absorber_only,10.1038/s41524-019-0177-0,"Li et al. npj Comput Mater 5, 83 (2019) — DFT indirect gap"
Rb2CuAlBr6 (orthorhombic),1.2881,orthorhombic,Rb,,Cu,Al,Br,-1.156108415,DFT_indirect_gap,DFT_Paper5,fundamental_quasiparticle,halide_double_perovskite_absorber,A2B1B3X6_halide_double_perovskite,absorber_only,10.1038/s41524-019-0177-0,"Li et al. npj Comput Mater 5, 83 (2019) — DFT indirect gap"
Rb2CuAsBr6 (orthorhombic),0.2772,orthorhombic,Rb,,Cu,As,Br,-0.928470525,DFT_indirect_gap,DFT_Paper5,fundamental_quasiparticle,halide_double_perovskite_absorber,A2B1B3X6_halide_double_perovskite,absorber_only,10.1038/s41524-019-0177-0,"Li et al. npj Comput Mater 5, 83 (2019) — DFT indirect gap"
Rb2CuBiBr6 (orthorhombic),0.6378,orthorhombic,Rb,,Cu,Bi,Br,-1.057914975,DFT_indirect_gap,DFT_Paper5,fundamental_quasiparticle,halide_double_perovskite_absorber,A2B1B3X6_halide_double_perovskite,absorber_only,10.1038/s41524-019-0177-0,"Li et al. npj Comput Mater 5, 83 (2019) — DFT indirect gap"
Rb2CuGaBr6 (orthorhombic),0.7361,orthorhombic,Rb,,Cu,Ga,Br,-1.045019825,DFT_indirect_gap,DFT_Paper5,fundamental_quasiparticle,halide_double_perovskite_absorber,A2B1B3X6_halide_double_perovskite,absorber_only,10.1038/s41524-019-0177-0,"Li et al. npj Comput Mater 5, 83 (2019) — DFT indirect gap"
Rb2CuInBr6 (orthorhombic),0.4627,orthorhombic,Rb,,Cu,In,Br,-1.084116385,DFT_indirect_gap,DFT_Paper5,fundamental_quasiparticle,halide_double_perovskite_absorber,A2B1B3X6_halide_double_perovskite,absorber_only,10.1038/s41524-019-0177-0,"Li et al. npj Comput Mater 5, 83 (2019) — DFT indirect gap"
Rb2CuSbBr6 (orthorhombic),0.4518,orthorhombic,Rb,,Cu,Sb,Br,-1.009452742,DFT_indirect_gap,DFT_Paper5,fundamental_quasiparticle,halide_double_perovskite_absorber,A2B1B3X6_halide_double_perovskite,absorber_only,10.1038/s41524-019-0177-0,"Li et al. npj Comput Mater 5, 83 (2019) — DFT indirect gap"
Rb2InAlBr6 (orthorhombic),2.26,orthorhombic,Rb,,In,Al,Br,-1.292332225,DFT_indirect_gap,DFT_Paper5,fundamental_quasiparticle,halide_double_perovskite_absorber,A2B1B3X6_halide_double_perovskite,absorber_only,10.1038/s41524-019-0177-0,"Li et al. npj Comput Mater 5, 83 (2019) — DFT indirect gap"
Rb2InAsBr6 (orthorhombic),0.6572,orthorhombic,Rb,,In,As,Br,-1.054011485,DFT_indirect_gap,DFT_Paper5,fundamental_quasiparticle,halide_double_perovskite_absorber,A2B1B3X6_halide_double_perovskite,absorber_only,10.1038/s41524-019-0177-0,"Li et al. npj Comput Mater 5, 83 (2019) — DFT indirect gap"
Rb2InBiBr6 (orthorhombic),0.8686,orthorhombic,Rb,,In,Bi,Br,-1.191630385,DFT_indirect_gap,DFT_Paper5,fundamental_quasiparticle,halide_double_perovskite_absorber,A2B1B3X6_halide_double_perovskite,absorber_only,10.1038/s41524-019-0177-0,"Li et al. npj Comput Mater 5, 83 (2019) — DFT indirect gap"
Rb2InGaBr6 (orthorhombic),0.9411,orthorhombic,Rb,,In,Ga,Br,-1.161306435,DFT_indirect_gap,DFT_Paper5,fundamental_quasiparticle,halide_double_perovskite_absorber,A2B1B3X6_halide_double_perovskite,absorber_only,10.1038/s41524-019-0177-0,"Li et al. npj Comput Mater 5, 83 (2019) — DFT indirect gap"
Rb2InInBr6 (orthorhombic),1.282,orthorhombic,Rb,,In,In,Br,-1.211152945,DFT_indirect_gap,DFT_Paper5,fundamental_quasiparticle,halide_double_perovskite_absorber,A2B1B3X6_halide_double_perovskite,absorber_only,10.1038/s41524-019-0177-0,"Li et al. npj Comput Mater 5, 83 (2019) — DFT indirect gap"
Rb2InSbBr6 (orthorhombic),0.9469,orthorhombic,Rb,,In,Sb,Br,-1.138744752,DFT_indirect_gap,DFT_Paper5,fundamental_quasiparticle,halide_double_perovskite_absorber,A2B1B3X6_halide_double_perovskite,absorber_only,10.1038/s41524-019-0177-0,"Li et al. npj Comput Mater 5, 83 (2019) — DFT indirect gap"
Rb2TlAlBr6 (orthorhombic),2.6972,orthorhombic,Rb,,Tl,Al,Br,-1.33117213,DFT_indirect_gap,DFT_Paper5,fundamental_quasiparticle,halide_double_perovskite_absorber,A2B1B3X6_halide_double_perovskite,absorber_only,10.1038/s41524-019-0177-0,"Li et al. npj Comput Mater 5, 83 (2019) — DFT indirect gap"
Rb2TlAsBr6 (orthorhombic),1.4508,orthorhombic,Rb,,Tl,As,Br,-1.08348414,DFT_indirect_gap,DFT_Paper5,fundamental_quasiparticle,halide_double_perovskite_absorber,A2B1B3X6_halide_double_perovskite,absorber_only,10.1038/s41524-019-0177-0,"Li et al. npj Comput Mater 5, 83 (2019) — DFT indirect gap"
Rb2TlBiBr6 (orthorhombic),1.4715,orthorhombic,Rb,,Tl,Bi,Br,-1.22860689,DFT_indirect_gap,DFT_Paper5,fundamental_quasiparticle,halide_double_perovskite_absorber,A2B1B3X6_halide_double_perovskite,absorber_only,10.1038/s41524-019-0177-0,"Li et al. npj Comput Mater 5, 83 (2019) — DFT indirect gap"
Rb2TlGaBr6 (orthorhombic),1.719,orthorhombic,Rb,,Tl,Ga,Br,-1.19451004,DFT_indirect_gap,DFT_Paper5,fundamental_quasiparticle,halide_double_perovskite_absorber,A2B1B3X6_halide_double_perovskite,absorber_only,10.1038/s41524-019-0177-0,"Li et al. npj Comput Mater 5, 83 (2019) — DFT indirect gap"
Rb2TlInBr6 (orthorhombic),2.0361,orthorhombic,Rb,,Tl,In,Br,-1.2471399,DFT_indirect_gap,DFT_Paper5,fundamental_quasiparticle,halide_double_perovskite_absorber,A2B1B3X6_halide_double_perovskite,absorber_only,10.1038/s41524-019-0177-0,"Li et al. npj Comput Mater 5, 83 (2019) — DFT indirect gap"
Rb2TlSbBr6 (orthorhombic),1.5107,orthorhombic,Rb,,Tl,Sb,Br,-1.173772907,DFT_indirect_gap,DFT_Paper5,fundamental_quasiparticle,halide_double_perovskite_absorber,A2B1B3X6_halide_double_perovskite,absorber_only,10.1038/s41524-019-0177-0,"Li et al. npj Comput Mater 5, 83 (2019) — DFT indirect gap"
Cs2AgAlCl6 (orthorhombic),2.1569,orthorhombic,Cs,,Ag,Al,Cl,-1.51596992,DFT_indirect_gap,DFT_Paper5,fundamental_quasiparticle,halide_double_perovskite_absorber,A2B1B3X6_halide_double_perovskite,absorber_only,10.1038/s41524-019-0177-0,"Li et al. npj Comput Mater 5, 83 (2019) — DFT indirect gap"
Cs2AgAsCl6 (orthorhombic),1.2717,orthorhombic,Cs,,Ag,As,Cl,-1.20348038,DFT_indirect_gap,DFT_Paper5,fundamental_quasiparticle,halide_double_perovskite_absorber,A2B1B3X6_halide_double_perovskite,absorber_only,10.1038/s41524-019-0177-0,"Li et al. npj Comput Mater 5, 83 (2019) — DFT indirect gap"
Cs2AgBiCl6 (orthorhombic),1.5403,orthorhombic,Cs,,Ag,Bi,Cl,-1.34396118,DFT_indirect_gap,DFT_Paper5,fundamental_quasiparticle,halide_double_perovskite_absorber,A2B1B3X6_halide_double_perovskite,absorber_only,10.1038/s41524-019-0177-0,"Li et al. npj Comput Mater 5, 83 (2019) — DFT indirect gap"
Cs2AgGaCl6 (orthorhombic),0.8793,orthorhombic,Cs,,Ag,Ga,Cl,-1.34211503,DFT_indirect_gap,DFT_Paper5,fundamental_quasiparticle,halide_double_perovskite_absorber,A2B1B3X6_halide_double_perovskite,absorber_only,10.1038/s41524-019-0177-0,"Li et al. npj Comput Mater 5, 83 (2019) — DFT indirect gap"
Cs2AgInCl6 (orthorhombic),1.007,orthorhombic,Cs,,Ag,In,Cl,-1.38056559,DFT_indirect_gap,DFT_Paper5,fundamental_quasiparticle,halide_double_perovskite_absorber,A2B1B3X6_halide_double_perovskite,absorber_only,10.1038/s41524-019-0177-0,"Li et al. npj Comput Mater 5, 83 (2019) — DFT indirect gap"
Cs2AgSbCl6 (orthorhombic),1.3456,orthorhombic,Cs,,Ag,Sb,Cl,-1.293538347,DFT_indirect_gap,DFT_Paper5,fundamental_quasiparticle,halide_double_perovskite_absorber,A2B1B3X6_halide_double_perovskite,absorber_only,10.1038/s41524-019-0177-0,"Li et al. npj Comput Mater 5, 83 (2019) — DFT indirect gap"
Cs2AuAlCl6 (orthorhombic),3.0945,orthorhombic,Cs,,Au,Al,Cl,-1.44618537,DFT_indirect_gap,DFT_Paper5,fundamental_quasiparticle,halide_double_perovskite_absorber,A2B1B3X6_halide_double_perovskite,absorber_only,10.1038/s41524-019-0177-0,"Li et al. npj Comput Mater 5, 83 (2019) — DFT indirect gap"
Cs2AuBiCl6 (orthorhombic),0.3403,orthorhombic,Cs,,Au,Bi,Cl,-1.22311128,DFT_indirect_gap,DFT_Paper5,fundamental_quasiparticle,halide_double_perovskite_absorber,A2B1B3X6_halide_double_perovskite,absorber_only,10.1038/s41524-019-0177-0,"Li et al. npj Comput Mater 5, 83 (2019) — DFT indirect gap"
Cs2AuGaCl6 (orthorhombic),1.6446,orthorhombic,Cs,,Au,Ga,Cl,-1.26154448,DFT_indirect_gap,DFT_Paper5,fundamental_quasiparticle,halide_double_perovskite_absorber,A2B1B3X6_halide_double_perovskite,absorber_only,10.1038/s41524-019-0177-0,"Li et al. npj Comput Mater 5, 83 (2019) — DFT indirect gap"
Cs2AuInCl6 (orthorhombic),1.4335,orthorhombic,Cs,,Au,In,Cl,-1.27622639,DFT_indirect_gap,DFT_Paper5,fundamental_quasiparticle,halide_double_perovskite_absorber,A2B1B3X6_halide_double_perovskite,absorber_only,10.1038/s41524-019-0177-0,"Li et al. npj Comput Mater 5, 83 (2019) — DFT indirect gap"
Cs2CuAlCl6 (orthorhombic),1.8101,orthorhombic,Cs,,Cu,Al,Cl,-1.464826595,DFT_indirect_gap,DFT_Paper5,fundamental_quasiparticle,halide_double_perovskite_absorber,A2B1B3X6_halide_double_perovskite,absorber_only,10.1038/s41524-019-0177-0,"Li et al. npj Comput Mater 5, 83 (2019) — DFT indirect gap"
Cs2CuAsCl6 (orthorhombic),0.3624,orthorhombic,Cs,,Cu,As,Cl,-1.154574355,DFT_indirect_gap,DFT_Paper5,fundamental_quasiparticle,halide_double_perovskite_absorber,A2B1B3X6_halide_double_perovskite,absorber_only,10.1038/s41524-019-0177-0,"Li et al. npj Comput Mater 5, 83 (2019) — DFT indirect gap"
Cs2CuBiCl6 (orthorhombic),0.671,orthorhombic,Cs,,Cu,Bi,Cl,-1.298131055,DFT_indirect_gap,DFT_Paper5,fundamental_quasiparticle,halide_double_perovskite_absorber,A2B1B3X6_halide_double_perovskite,absorber_only,10.1038/s41524-019-0177-0,"Li et al. npj Comput Mater 5, 83 (2019) — DFT indirect gap"
Cs2CuGaCl6 (orthorhombic),1.0981,orthorhombic,Cs,,Cu,Ga,Cl,-1.309474305,DFT_indirect_gap,DFT_Paper5,fundamental_quasiparticle,halide_double_perovskite_absorber,A2B1B3X6_halide_double_perovskite,absorber_only,10.1038/s41524-019-0177-0,"Li et al. npj Comput Mater 5, 83 (2019) — DFT indirect gap"
Cs2CuInCl6 (orthorhombic),0.501,orthorhombic,Cs,,Cu,In,Cl,-1.333606615,DFT_indirect_gap,DFT_Paper5,fundamental_quasiparticle,halide_double_perovskite_absorber,A2B1B3X6_halide_double_perovskite,absorber_only,10.1038/s41524-019-0177-0,"Li et al. npj Comput Mater 5, 83 (2019) — DFT indirect gap"
Cs2CuSbCl6 (orthorhombic),0.5323,orthorhombic,Cs,,Cu,Sb,Cl,-1.247040922,DFT_indirect_gap,DFT_Paper5,fundamental_quasiparticle,halide_double_perovskite_absorber,A2B1B3X6_halide_double_perovskite,absorber_only,10.1038/s41524-019-0177-0,"Li et al. npj Comput Mater 5, 83 (2019) — DFT indirect gap"
Cs2InAlCl6 (orthorhombic),2.9825,orthorhombic,Cs,,In,Al,Cl,-1.604650505,DFT_indirect_gap,DFT_Paper5,fundamental_quasiparticle,halide_double_perovskite_absorber,A2B1B3X6_halide_double_perovskite,absorber_only,10.1038/s41524-019-0177-0,"Li et al. npj Comput Mater 5, 83 (2019) — DFT indirect gap"
Cs2InAsCl6 (orthorhombic),0.6284,orthorhombic,Cs,,In,As,Cl,-1.284883115,DFT_indirect_gap,DFT_Paper5,fundamental_quasiparticle,halide_double_perovskite_absorber,A2B1B3X6_halide_double_perovskite,absorber_only,10.1038/s41524-019-0177-0,"Li et al. npj Comput Mater 5, 83 (2019) — DFT indirect gap"
Cs2InBiCl6 (orthorhombic),1.081,orthorhombic,Cs,,In,Bi,Cl,-1.424634715,DFT_indirect_gap,DFT_Paper5,fundamental_quasiparticle,halide_double_perovskite_absorber,A2B1B3X6_halide_double_perovskite,absorber_only,10.1038/s41524-019-0177-0,"Li et al. npj Comput Mater 5, 83 (2019) — DFT indirect gap"
Cs2InGaCl6 (orthorhombic),1.5679,orthorhombic,Cs,,In,Ga,Cl,-1.430078465,DFT_indirect_gap,DFT_Paper5,fundamental_quasiparticle,halide_double_perovskite_absorber,A2B1B3X6_halide_double_perovskite,absorber_only,10.1038/s41524-019-0177-0,"Li et al. npj Comput Mater 5, 83 (2019) — DFT indirect gap"
Cs2InInCl6 (orthorhombic),1.8437,orthorhombic,Cs,,In,In,Cl,-1.461880425,DFT_indirect_gap,DFT_Paper5,fundamental_quasiparticle,halide_double_perovskite_absorber,A2B1B3X6_halide_double_perovskite,absorber_only,10.1038/s41524-019-0177-0,"Li et al. npj Comput Mater 5, 83 (2019) — DFT indirect gap"
Cs2InSbCl6 (orthorhombic),1.0928,orthorhombic,Cs,,In,Sb,Cl,-1.370473082,DFT_indirect_gap,DFT_Paper5,fundamental_quasiparticle,halide_double_perovskite_absorber,A2B1B3X6_halide_double_perovskite,absorber_only,10.1038/s41524-019-0177-0,"Li et al. npj Comput Mater 5, 83 (2019) — DFT indirect gap"
Cs2TlAlCl6 (orthorhombic),3.6166,orthorhombic,Cs,,Tl,Al,Cl,-1.64357341,DFT_indirect_gap,DFT_Paper5,fundamental_quasiparticle,halide_double_perovskite_absorber,A2B1B3X6_halide_double_perovskite,absorber_only,10.1038/s41524-019-0177-0,"Li et al. npj Comput Mater 5, 83 (2019) — DFT indirect gap"
Cs2TlAsCl6 (orthorhombic),1.588,orthorhombic,Cs,,Tl,As,Cl,-1.31279972,DFT_indirect_gap,DFT_Paper5,fundamental_quasiparticle,halide_double_perovskite_absorber,A2B1B3X6_halide_double_perovskite,absorber_only,10.1038/s41524-019-0177-0,"Li et al. npj Comput Mater 5, 83 (2019) — DFT indirect gap"
Cs2TlBiCl6 (orthorhombic),1.7189,orthorhombic,Cs,,Tl,Bi,Cl,-1.46299217,DFT_indirect_gap,DFT_Paper5,fundamental_quasiparticle,halide_double_perovskite_absorber,A2B1B3X6_halide_double_perovskite,absorber_only,10.1038/s41524-019-0177-0,"Li et al. npj Comput Mater 5, 83 (2019) — DFT indirect gap"
Cs2TlGaCl6 (orthorhombic),2.4604,orthorhombic,Cs,,Tl,Ga,Cl,-1.46345582,DFT_indirect_gap,DFT_Paper5,fundamental_quasiparticle,halide_double_perovskite_absorber,A2B1B3X6_halide_double_perovskite,absorber_only,10.1038/s41524-019-0177-0,"Li et al. npj Comput Mater 5, 83 (2019) — DFT indirect gap"
Cs2TlInCl6 (orthorhombic),2.6723,orthorhombic,Cs,,Tl,In,Cl,-1.49911433,DFT_indirect_gap,DFT_Paper5,fundamental_quasiparticle,halide_double_perovskite_absorber,A2B1B3X6_halide_double_perovskite,absorber_only,10.1038/s41524-019-0177-0,"Li et al. npj Comput Mater 5, 83 (2019) — DFT indirect gap"
Cs2TlSbCl6 (orthorhombic),1.666,orthorhombic,Cs,,Tl,Sb,Cl,-1.406570487,DFT_indirect_gap,DFT_Paper5,fundamental_quasiparticle,halide_double_perovskite_absorber,A2B1B3X6_halide_double_perovskite,absorber_only,10.1038/s41524-019-0177-0,"Li et al. npj Comput Mater 5, 83 (2019) — DFT indirect gap"
K2AgAlCl6 (orthorhombic),2.5992,orthorhombic,K,,Ag,Al,Cl,-1.48407775,DFT_indirect_gap,DFT_Paper5,fundamental_quasiparticle,halide_double_perovskite_absorber,A2B1B3X6_halide_double_perovskite,absorber_only,10.1038/s41524-019-0177-0,"Li et al. npj Comput Mater 5, 83 (2019) — DFT indirect gap"
K2AgAsCl6 (orthorhombic),1.6011,orthorhombic,K,,Ag,As,Cl,-1.15930111,DFT_indirect_gap,DFT_Paper5,fundamental_quasiparticle,halide_double_perovskite_absorber,A2B1B3X6_halide_double_perovskite,absorber_only,10.1038/s41524-019-0177-0,"Li et al. npj Comput Mater 5, 83 (2019) — DFT indirect gap"
K2AgBiCl6 (orthorhombic),1.7561,orthorhombic,K,,Ag,Bi,Cl,-1.30372621,DFT_indirect_gap,DFT_Paper5,fundamental_quasiparticle,halide_double_perovskite_absorber,A2B1B3X6_halide_double_perovskite,absorber_only,10.1038/s41524-019-0177-0,"Li et al. npj Comput Mater 5, 83 (2019) — DFT indirect gap"
K2AgGaCl6 (orthorhombic),1.4588,orthorhombic,K,,Ag,Ga,Cl,-1.30786216,DFT_indirect_gap,DFT_Paper5,fundamental_quasiparticle,halide_double_perovskite_absorber,A2B1B3X6_halide_double_perovskite,absorber_only,10.1038/s41524-019-0177-0,"Li et al. npj Comput Mater 5, 83 (2019) — DFT indirect gap"
K2AgInCl6 (orthorhombic),1.5675,orthorhombic,K,,Ag,In,Cl,-1.34212852,DFT_indirect_gap,DFT_Paper5,fundamental_quasiparticle,halide_double_perovskite_absorber,A2B1B3X6_halide_double_perovskite,absorber_only,10.1038/s41524-019-0177-0,"Li et al. npj Comput Mater 5, 83 (2019) — DFT indirect gap"
K2AgSbCl6 (orthorhombic),1.7291,orthorhombic,K,,Ag,Sb,Cl,-1.249334777,DFT_indirect_gap,DFT_Paper5,fundamental_quasiparticle,halide_double_perovskite_absorber,A2B1B3X6_halide_double_perovskite,absorber_only,10.1038/s41524-019-0177-0,"Li et al. npj Comput Mater 5, 83 (2019) — DFT indirect gap"
K2AuAlCl6 (orthorhombic),2.6579,orthorhombic,K,,Au,Al,Cl,-1.38292155,DFT_indirect_gap,DFT_Paper5,fundamental_quasiparticle,halide_double_perovskite_absorber,A2B1B3X6_halide_double_perovskite,absorber_only,10.1038/s41524-019-0177-0,"Li et al. npj Comput Mater 5, 83 (2019) — DFT indirect gap"
K2AuAsCl6 (orthorhombic),2.0922,orthorhombic,K,,Au,As,Cl,-1.07822136,DFT_indirect_gap,DFT_Paper5,fundamental_quasiparticle,halide_double_perovskite_absorber,A2B1B3X6_halide_double_perovskite,absorber_only,10.1038/s41524-019-0177-0,"Li et al. npj Comput Mater 5, 83 (2019) — DFT indirect gap"
K2AuBiCl6 (orthorhombic),2.2396,orthorhombic,K,,Au,Bi,Cl,-1.22005721,DFT_indirect_gap,DFT_Paper5,fundamental_quasiparticle,halide_double_perovskite_absorber,A2B1B3X6_halide_double_perovskite,absorber_only,10.1038/s41524-019-0177-0,"Li et al. npj Comput Mater 5, 83 (2019) — DFT indirect gap"
K2AuGaCl6 (orthorhombic),2.0261,orthorhombic,K,,Au,Ga,Cl,-1.22003381,DFT_indirect_gap,DFT_Paper5,fundamental_quasiparticle,halide_double_perovskite_absorber,A2B1B3X6_halide_double_perovskite,absorber_only,10.1038/s41524-019-0177-0,"Li et al. npj Comput Mater 5, 83 (2019) — DFT indirect gap"
K2AuInCl6 (orthorhombic),1.8298,orthorhombic,K,,Au,In,Cl,-1.23889022,DFT_indirect_gap,DFT_Paper5,fundamental_quasiparticle,halide_double_perovskite_absorber,A2B1B3X6_halide_double_perovskite,absorber_only,10.1038/s41524-019-0177-0,"Li et al. npj Comput Mater 5, 83 (2019) — DFT indirect gap"
K2AuSbCl6 (orthorhombic),2.1145,orthorhombic,K,,Au,Sb,Cl,-1.166310927,DFT_indirect_gap,DFT_Paper5,fundamental_quasiparticle,halide_double_perovskite_absorber,A2B1B3X6_halide_double_perovskite,absorber_only,10.1038/s41524-019-0177-0,"Li et al. npj Comput Mater 5, 83 (2019) — DFT indirect gap"
K2CuAlCl6 (orthorhombic),1.2013,orthorhombic,K,,Cu,Al,Cl,-1.241290475,DFT_indirect_gap,DFT_Paper5,fundamental_quasiparticle,halide_double_perovskite_absorber,A2B1B3X6_halide_double_perovskite,absorber_only,10.1038/s41524-019-0177-0,"Li et al. npj Comput Mater 5, 83 (2019) — DFT indirect gap"
K2CuAsCl6 (orthorhombic),0.6427,orthorhombic,K,,Cu,As,Cl,-1.119771035,DFT_indirect_gap,DFT_Paper5,fundamental_quasiparticle,halide_double_perovskite_absorber,A2B1B3X6_halide_double_perovskite,absorber_only,10.1038/s41524-019-0177-0,"Li et al. npj Comput Mater 5, 83 (2019) — DFT indirect gap"
K2CuBiCl6 (orthorhombic),1.1863,orthorhombic,K,,Cu,Bi,Cl,-1.261265785,DFT_indirect_gap,DFT_Paper5,fundamental_quasiparticle,halide_double_perovskite_absorber,A2B1B3X6_halide_double_perovskite,absorber_only,10.1038/s41524-019-0177-0,"Li et al. npj Comput Mater 5, 83 (2019) — DFT indirect gap"
K2CuGaCl6 (orthorhombic),0.8205,orthorhombic,K,,Cu,Ga,Cl,-1.268272935,DFT_indirect_gap,DFT_Paper5,fundamental_quasiparticle,halide_double_perovskite_absorber,A2B1B3X6_halide_double_perovskite,absorber_only,10.1038/s41524-019-0177-0,"Li et al. npj Comput Mater 5, 83 (2019) — DFT indirect gap"
K2CuInCl6 (orthorhombic),0.3592,orthorhombic,K,,Cu,In,Cl,-1.294703145,DFT_indirect_gap,DFT_Paper5,fundamental_quasiparticle,halide_double_perovskite_absorber,A2B1B3X6_halide_double_perovskite,absorber_only,10.1038/s41524-019-0177-0,"Li et al. npj Comput Mater 5, 83 (2019) — DFT indirect gap"
K2CuSbCl6 (orthorhombic),1.2445,orthorhombic,K,,Cu,Sb,Cl,-1.207369452,DFT_indirect_gap,DFT_Paper5,fundamental_quasiparticle,halide_double_perovskite_absorber,A2B1B3X6_halide_double_perovskite,absorber_only,10.1038/s41524-019-0177-0,"Li et al. npj Comput Mater 5, 83 (2019) — DFT indirect gap"
K2InAlCl6 (orthorhombic),3.3174,orthorhombic,K,,In,Al,Cl,-1.563483285,DFT_indirect_gap,DFT_Paper5,fundamental_quasiparticle,halide_double_perovskite_absorber,A2B1B3X6_halide_double_perovskite,absorber_only,10.1038/s41524-019-0177-0,"Li et al. npj Comput Mater 5, 83 (2019) — DFT indirect gap"
K2InAsCl6 (orthorhombic),1.513,orthorhombic,K,,In,As,Cl,-1.233663645,DFT_indirect_gap,DFT_Paper5,fundamental_quasiparticle,halide_double_perovskite_absorber,A2B1B3X6_halide_double_perovskite,absorber_only,10.1038/s41524-019-0177-0,"Li et al. npj Comput Mater 5, 83 (2019) — DFT indirect gap"
K2InBiCl6 (orthorhombic),1.5136,orthorhombic,K,,In,Bi,Cl,-1.382938145,DFT_indirect_gap,DFT_Paper5,fundamental_quasiparticle,halide_double_perovskite_absorber,A2B1B3X6_halide_double_perovskite,absorber_only,10.1038/s41524-019-0177-0,"Li et al. npj Comput Mater 5, 83 (2019) — DFT indirect gap"
K2InGaCl6 (orthorhombic),2.0393,orthorhombic,K,,In,Ga,Cl,-1.385073295,DFT_indirect_gap,DFT_Paper5,fundamental_quasiparticle,halide_double_perovskite_absorber,A2B1B3X6_halide_double_perovskite,absorber_only,10.1038/s41524-019-0177-0,"Li et al. npj Comput Mater 5, 83 (2019) — DFT indirect gap"
K2InInCl6 (orthorhombic),2.1947,orthorhombic,K,,In,In,Cl,-1.421448205,DFT_indirect_gap,DFT_Paper5,fundamental_quasiparticle,halide_double_perovskite_absorber,A2B1B3X6_halide_double_perovskite,absorber_only,10.1038/s41524-019-0177-0,"Li et al. npj Comput Mater 5, 83 (2019) — DFT indirect gap"
K2InSbCl6 (orthorhombic),1.6865,orthorhombic,K,,In,Sb,Cl,-1.326302762,DFT_indirect_gap,DFT_Paper5,fundamental_quasiparticle,halide_double_perovskite_absorber,A2B1B3X6_halide_double_perovskite,absorber_only,10.1038/s41524-019-0177-0,"Li et al. npj Comput Mater 5, 83 (2019) — DFT indirect gap"
K2TlAlCl6 (orthorhombic),3.7537,orthorhombic,K,,Tl,Al,Cl,-1.60569624,DFT_indirect_gap,DFT_Paper5,fundamental_quasiparticle,halide_double_perovskite_absorber,A2B1B3X6_halide_double_perovskite,absorber_only,10.1038/s41524-019-0177-0,"Li et al. npj Comput Mater 5, 83 (2019) — DFT indirect gap"
K2TlAsCl6 (orthorhombic),2.1296,orthorhombic,K,,Tl,As,Cl,-1.2705536,DFT_indirect_gap,DFT_Paper5,fundamental_quasiparticle,halide_double_perovskite_absorber,A2B1B3X6_halide_double_perovskite,absorber_only,10.1038/s41524-019-0177-0,"Li et al. npj Comput Mater 5, 83 (2019) — DFT indirect gap"
K2TlBiCl6 (orthorhombic),2.0945,orthorhombic,K,,Tl,Bi,Cl,-1.4235639,DFT_indirect_gap,DFT_Paper5,fundamental_quasiparticle,halide_double_perovskite_absorber,A2B1B3X6_halide_double_perovskite,absorber_only,10.1038/s41524-019-0177-0,"Li et al. npj Comput Mater 5, 83 (2019) — DFT indirect gap"
K2TlGaCl6 (orthorhombic),2.7794,orthorhombic,K,,Tl,Ga,Cl,-1.4244176,DFT_indirect_gap,DFT_Paper5,fundamental_quasiparticle,halide_double_perovskite_absorber,A2B1B3X6_halide_double_perovskite,absorber_only,10.1038/s41524-019-0177-0,"Li et al. npj Comput Mater 5, 83 (2019) — DFT indirect gap"
K2TlInCl6 (orthorhombic),2.919,orthorhombic,K,,Tl,In,Cl,-1.46193156,DFT_indirect_gap,DFT_Paper5,fundamental_quasiparticle,halide_double_perovskite_absorber,A2B1B3X6_halide_double_perovskite,absorber_only,10.1038/s41524-019-0177-0,"Li et al. npj Comput Mater 5, 83 (2019) — DFT indirect gap"
K2TlSbCl6 (orthorhombic),2.1407,orthorhombic,K,,Tl,Sb,Cl,-1.366031017,DFT_indirect_gap,DFT_Paper5,fundamental_quasiparticle,halide_double_perovskite_absorber,A2B1B3X6_halide_double_perovskite,absorber_only,10.1038/s41524-019-0177-0,"Li et al. npj Comput Mater 5, 83 (2019) — DFT indirect gap"
Rb2AgAlCl6 (orthorhombic),2.2615,orthorhombic,Rb,,Ag,Al,Cl,-1.49338194,DFT_indirect_gap,DFT_Paper5,fundamental_quasiparticle,halide_double_perovskite_absorber,A2B1B3X6_halide_double_perovskite,absorber_only,10.1038/s41524-019-0177-0,"Li et al. npj Comput Mater 5, 83 (2019) — DFT indirect gap"
Rb2AgAsCl6 (orthorhombic),1.3779,orthorhombic,Rb,,Ag,As,Cl,-1.17200885,DFT_indirect_gap,DFT_Paper5,fundamental_quasiparticle,halide_double_perovskite_absorber,A2B1B3X6_halide_double_perovskite,absorber_only,10.1038/s41524-019-0177-0,"Li et al. npj Comput Mater 5, 83 (2019) — DFT indirect gap"
Rb2AgBiCl6 (orthorhombic),1.6589,orthorhombic,Rb,,Ag,Bi,Cl,-1.31406485,DFT_indirect_gap,DFT_Paper5,fundamental_quasiparticle,halide_double_perovskite_absorber,A2B1B3X6_halide_double_perovskite,absorber_only,10.1038/s41524-019-0177-0,"Li et al. npj Comput Mater 5, 83 (2019) — DFT indirect gap"
Rb2AgGaCl6 (orthorhombic),1.0358,orthorhombic,Rb,,Ag,Ga,Cl,-1.31763695,DFT_indirect_gap,DFT_Paper5,fundamental_quasiparticle,halide_double_perovskite_absorber,A2B1B3X6_halide_double_perovskite,absorber_only,10.1038/s41524-019-0177-0,"Li et al. npj Comput Mater 5, 83 (2019) — DFT indirect gap"
Rb2AgInCl6 (orthorhombic),1.3193,orthorhombic,Rb,,Ag,In,Cl,-1.35126041,DFT_indirect_gap,DFT_Paper5,fundamental_quasiparticle,halide_double_perovskite_absorber,A2B1B3X6_halide_double_perovskite,absorber_only,10.1038/s41524-019-0177-0,"Li et al. npj Comput Mater 5, 83 (2019) — DFT indirect gap"
Rb2AgSbCl6 (orthorhombic),1.549,orthorhombic,Rb,,Ag,Sb,Cl,-1.260702217,DFT_indirect_gap,DFT_Paper5,fundamental_quasiparticle,halide_double_perovskite_absorber,A2B1B3X6_halide_double_perovskite,absorber_only,10.1038/s41524-019-0177-0,"Li et al. npj Comput Mater 5, 83 (2019) — DFT indirect gap"
Rb2AuAlCl6 (orthorhombic),2.7104,orthorhombic,Rb,,Au,Al,Cl,-1.39344299,DFT_indirect_gap,DFT_Paper5,fundamental_quasiparticle,halide_double_perovskite_absorber,A2B1B3X6_halide_double_perovskite,absorber_only,10.1038/s41524-019-0177-0,"Li et al. npj Comput Mater 5, 83 (2019) — DFT indirect gap"
Rb2AuAsCl6 (orthorhombic),2.1674,orthorhombic,Rb,,Au,As,Cl,-1.08933755,DFT_indirect_gap,DFT_Paper5,fundamental_quasiparticle,halide_double_perovskite_absorber,A2B1B3X6_halide_double_perovskite,absorber_only,10.1038/s41524-019-0177-0,"Li et al. npj Comput Mater 5, 83 (2019) — DFT indirect gap"
Rb2AuBiCl6 (orthorhombic),2.253,orthorhombic,Rb,,Au,Bi,Cl,-1.23596215,DFT_indirect_gap,DFT_Paper5,fundamental_quasiparticle,halide_double_perovskite_absorber,A2B1B3X6_halide_double_perovskite,absorber_only,10.1038/s41524-019-0177-0,"Li et al. npj Comput Mater 5, 83 (2019) — DFT indirect gap"
Rb2AuGaCl6 (orthorhombic),2.0708,orthorhombic,Rb,,Au,Ga,Cl,-1.23418465,DFT_indirect_gap,DFT_Paper5,fundamental_quasiparticle,halide_double_perovskite_absorber,A2B1B3X6_halide_double_perovskite,absorber_only,10.1038/s41524-019-0177-0,"Li et al. npj Comput Mater 5, 83 (2019) — DFT indirect gap"
Rb2AuInCl6 (orthorhombic),1.7497,orthorhombic,Rb,,Au,In,Cl,-1.24971516,DFT_indirect_gap,DFT_Paper5,fundamental_quasiparticle,halide_double_perovskite_absorber,A2B1B3X6_halide_double_perovskite,absorber_only,10.1038/s41524-019-0177-0,"Li et al. npj Comput Mater 5, 83 (2019) — DFT indirect gap"
Rb2AuSbCl6 (orthorhombic),2.1466,orthorhombic,Rb,,Au,Sb,Cl,-1.181227167,DFT_indirect_gap,DFT_Paper5,fundamental_quasiparticle,halide_double_perovskite_absorber,A2B1B3X6_halide_double_perovskite,absorber_only,10.1038/s41524-019-0177-0,"Li et al. npj Comput Mater 5, 83 (2019) — DFT indirect gap"
Rb2CuAlCl6 (orthorhombic),1.4505,orthorhombic,Rb,,Cu,Al,Cl,-1.439780715,DFT_indirect_gap,DFT_Paper5,fundamental_quasiparticle,halide_double_perovskite_absorber,A2B1B3X6_halide_double_perovskite,absorber_only,10.1038/s41524-019-0177-0,"Li et al. npj Comput Mater 5, 83 (2019) — DFT indirect gap"
Rb2CuAsCl6 (orthorhombic),0.5129,orthorhombic,Rb,,Cu,As,Cl,-1.136415575,DFT_indirect_gap,DFT_Paper5,fundamental_quasiparticle,halide_double_perovskite_absorber,A2B1B3X6_halide_double_perovskite,absorber_only,10.1038/s41524-019-0177-0,"Li et al. npj Comput Mater 5, 83 (2019) — DFT indirect gap"
Rb2CuBiCl6 (orthorhombic),1.3267,orthorhombic,Rb,,Cu,Bi,Cl,-1.271771675,DFT_indirect_gap,DFT_Paper5,fundamental_quasiparticle,halide_double_perovskite_absorber,A2B1B3X6_halide_double_perovskite,absorber_only,10.1038/s41524-019-0177-0,"Li et al. npj Comput Mater 5, 83 (2019) — DFT indirect gap"
Rb2CuGaCl6 (orthorhombic),0.7079,orthorhombic,Rb,,Cu,Ga,Cl,-1.281493475,DFT_indirect_gap,DFT_Paper5,fundamental_quasiparticle,halide_double_perovskite_absorber,A2B1B3X6_halide_double_perovskite,absorber_only,10.1038/s41524-019-0177-0,"Li et al. npj Comput Mater 5, 83 (2019) — DFT indirect gap"
Rb2CuInCl6 (orthorhombic),0.1536,orthorhombic,Rb,,Cu,In,Cl,-1.305817635,DFT_indirect_gap,DFT_Paper5,fundamental_quasiparticle,halide_double_perovskite_absorber,A2B1B3X6_halide_double_perovskite,absorber_only,10.1038/s41524-019-0177-0,"Li et al. npj Comput Mater 5, 83 (2019) — DFT indirect gap"
Rb2CuSbCl6 (orthorhombic),0.655,orthorhombic,Rb,,Cu,Sb,Cl,-1.217150642,DFT_indirect_gap,DFT_Paper5,fundamental_quasiparticle,halide_double_perovskite_absorber,A2B1B3X6_halide_double_perovskite,absorber_only,10.1038/s41524-019-0177-0,"Li et al. npj Comput Mater 5, 83 (2019) — DFT indirect gap"
Rb2InAlCl6 (orthorhombic),3.1603,orthorhombic,Rb,,In,Al,Cl,-1.573592425,DFT_indirect_gap,DFT_Paper5,fundamental_quasiparticle,halide_double_perovskite_absorber,A2B1B3X6_halide_double_perovskite,absorber_only,10.1038/s41524-019-0177-0,"Li et al. npj Comput Mater 5, 83 (2019) — DFT indirect gap"
Rb2InAsCl6 (orthorhombic),1.2101,orthorhombic,Rb,,In,As,Cl,-1.248332235,DFT_indirect_gap,DFT_Paper5,fundamental_quasiparticle,halide_double_perovskite_absorber,A2B1B3X6_halide_double_perovskite,absorber_only,10.1038/s41524-019-0177-0,"Li et al. npj Comput Mater 5, 83 (2019) — DFT indirect gap"
Rb2InBiCl6 (orthorhombic),1.3492,orthorhombic,Rb,,In,Bi,Cl,-1.396087885,DFT_indirect_gap,DFT_Paper5,fundamental_quasiparticle,halide_double_perovskite_absorber,A2B1B3X6_halide_double_perovskite,absorber_only,10.1038/s41524-019-0177-0,"Li et al. npj Comput Mater 5, 83 (2019) — DFT indirect gap"
Rb2InGaCl6 (orthorhombic),1.8549,orthorhombic,Rb,,In,Ga,Cl,-1.396805935,DFT_indirect_gap,DFT_Paper5,fundamental_quasiparticle,halide_double_perovskite_absorber,A2B1B3X6_halide_double_perovskite,absorber_only,10.1038/s41524-019-0177-0,"Li et al. npj Comput Mater 5, 83 (2019) — DFT indirect gap"
Rb2InInCl6 (orthorhombic),2.0694,orthorhombic,Rb,,In,In,Cl,-1.433161295,DFT_indirect_gap,DFT_Paper5,fundamental_quasiparticle,halide_double_perovskite_absorber,A2B1B3X6_halide_double_perovskite,absorber_only,10.1038/s41524-019-0177-0,"Li et al. npj Comput Mater 5, 83 (2019) — DFT indirect gap"
Rb2InSbCl6 (orthorhombic),1.4543,orthorhombic,Rb,,In,Sb,Cl,-1.340035302,DFT_indirect_gap,DFT_Paper5,fundamental_quasiparticle,halide_double_perovskite_absorber,A2B1B3X6_halide_double_perovskite,absorber_only,10.1038/s41524-019-0177-0,"Li et al. npj Comput Mater 5, 83 (2019) — DFT indirect gap"
Rb2TlAlCl6 (orthorhombic),3.6754,orthorhombic,Rb,,Tl,Al,Cl,-1.61497043,DFT_indirect_gap,DFT_Paper5,fundamental_quasiparticle,halide_double_perovskite_absorber,A2B1B3X6_halide_double_perovskite,absorber_only,10.1038/s41524-019-0177-0,"Li et al. npj Comput Mater 5, 83 (2019) — DFT indirect gap"
Rb2TlAsCl6 (orthorhombic),1.9166,orthorhombic,Rb,,Tl,As,Cl,-1.28285614,DFT_indirect_gap,DFT_Paper5,fundamental_quasiparticle,halide_double_perovskite_absorber,A2B1B3X6_halide_double_perovskite,absorber_only,10.1038/s41524-019-0177-0,"Li et al. npj Comput Mater 5, 83 (2019) — DFT indirect gap"
Rb2TlBiCl6 (orthorhombic),1.9577,orthorhombic,Rb,,Tl,Bi,Cl,-1.43600174,DFT_indirect_gap,DFT_Paper5,fundamental_quasiparticle,halide_double_perovskite_absorber,A2B1B3X6_halide_double_perovskite,absorber_only,10.1038/s41524-019-0177-0,"Li et al. npj Comput Mater 5, 83 (2019) — DFT indirect gap"
Rb2TlGaCl6 (orthorhombic),2.6567,orthorhombic,Rb,,Tl,Ga,Cl,-1.43454349,DFT_indirect_gap,DFT_Paper5,fundamental_quasiparticle,halide_double_perovskite_absorber,A2B1B3X6_halide_double_perovskite,absorber_only,10.1038/s41524-019-0177-0,"Li et al. npj Comput Mater 5, 83 (2019) — DFT indirect gap"
Rb2TlInCl6 (orthorhombic),2.8388,orthorhombic,Rb,,Tl,In,Cl,-1.4725266,DFT_indirect_gap,DFT_Paper5,fundamental_quasiparticle,halide_double_perovskite_absorber,A2B1B3X6_halide_double_perovskite,absorber_only,10.1038/s41524-019-0177-0,"Li et al. npj Comput Mater 5, 83 (2019) — DFT indirect gap"
Rb2TlSbCl6 (orthorhombic),1.9664,orthorhombic,Rb,,Tl,Sb,Cl,-1.378649507,DFT_indirect_gap,DFT_Paper5,fundamental_quasiparticle,halide_double_perovskite_absorber,A2B1B3X6_halide_double_perovskite,absorber_only,10.1038/s41524-019-0177-0,"Li et al. npj Comput Mater 5, 83 (2019) — DFT indirect gap"
Cs2AgAlI6 (orthorhombic),0.8116,orthorhombic,Cs,,Ag,Al,I,-0.896864245,DFT_indirect_gap,DFT_Paper5,fundamental_quasiparticle,halide_double_perovskite_absorber,A2B1B3X6_halide_double_perovskite,absorber_only,10.1038/s41524-019-0177-0,"Li et al. npj Comput Mater 5, 83 (2019) — DFT indirect gap"
Cs2AgAsI6 (orthorhombic),0.2816,orthorhombic,Cs,,Ag,As,I,-0.756875155,DFT_indirect_gap,DFT_Paper5,fundamental_quasiparticle,halide_double_perovskite_absorber,A2B1B3X6_halide_double_perovskite,absorber_only,10.1038/s41524-019-0177-0,"Li et al. npj Comput Mater 5, 83 (2019) — DFT indirect gap"
Cs2AgBiI6 (orthorhombic),0.7825,orthorhombic,Cs,,Ag,Bi,I,-0.876138405,DFT_indirect_gap,DFT_Paper5,fundamental_quasiparticle,halide_double_perovskite_absorber,A2B1B3X6_halide_double_perovskite,absorber_only,10.1038/s41524-019-0177-0,"Li et al. npj Comput Mater 5, 83 (2019) — DFT indirect gap"
Cs2AgGaI6 (orthorhombic),0.5187,orthorhombic,Cs,,Ag,Ga,I,-0.821308805,DFT_indirect_gap,DFT_Paper5,fundamental_quasiparticle,halide_double_perovskite_absorber,A2B1B3X6_halide_double_perovskite,absorber_only,10.1038/s41524-019-0177-0,"Li et al. npj Comput Mater 5, 83 (2019) — DFT indirect gap"
Cs2AgInI6 (orthorhombic),0.4092,orthorhombic,Cs,,Ag,In,I,-0.875527365,DFT_indirect_gap,DFT_Paper5,fundamental_quasiparticle,halide_double_perovskite_absorber,A2B1B3X6_halide_double_perovskite,absorber_only,10.1038/s41524-019-0177-0,"Li et al. npj Comput Mater 5, 83 (2019) — DFT indirect gap"
Cs2AgSbI6 (orthorhombic),0.5516,orthorhombic,Cs,,Ag,Sb,I,-0.830862672,DFT_indirect_gap,DFT_Paper5,fundamental_quasiparticle,halide_double_perovskite_absorber,A2B1B3X6_halide_double_perovskite,absorber_only,10.1038/s41524-019-0177-0,"Li et al. npj Comput Mater 5, 83 (2019) — DFT indirect gap"
Cs2AuAlI6 (orthorhombic),1.7988,orthorhombic,Cs,,Au,Al,I,-0.856428695,DFT_indirect_gap,DFT_Paper5,fundamental_quasiparticle,halide_double_perovskite_absorber,A2B1B3X6_halide_double_perovskite,absorber_only,10.1038/s41524-019-0177-0,"Li et al. npj Comput Mater 5, 83 (2019) — DFT indirect gap"
Cs2AuBiI6 (orthorhombic),0.0997,orthorhombic,Cs,,Au,Bi,I,-0.807736105,DFT_indirect_gap,DFT_Paper5,fundamental_quasiparticle,halide_double_perovskite_absorber,A2B1B3X6_halide_double_perovskite,absorber_only,10.1038/s41524-019-0177-0,"Li et al. npj Comput Mater 5, 83 (2019) — DFT indirect gap"
Cs2AuGaI6 (orthorhombic),0.711,orthorhombic,Cs,,Au,Ga,I,-0.788026255,DFT_indirect_gap,DFT_Paper5,fundamental_quasiparticle,halide_double_perovskite_absorber,A2B1B3X6_halide_double_perovskite,absorber_only,10.1038/s41524-019-0177-0,"Li et al. npj Comput Mater 5, 83 (2019) — DFT indirect gap"
Cs2AuInI6 (orthorhombic),0.7908,orthorhombic,Cs,,Au,In,I,-0.831846715,DFT_indirect_gap,DFT_Paper5,fundamental_quasiparticle,halide_double_perovskite_absorber,A2B1B3X6_halide_double_perovskite,absorber_only,10.1038/s41524-019-0177-0,"Li et al. npj Comput Mater 5, 83 (2019) — DFT indirect gap"
Cs2CuAlI6 (orthorhombic),1.1815,orthorhombic,Cs,,Cu,Al,I,-0.84558622,DFT_indirect_gap,DFT_Paper5,fundamental_quasiparticle,halide_double_perovskite_absorber,A2B1B3X6_halide_double_perovskite,absorber_only,10.1038/s41524-019-0177-0,"Li et al. npj Comput Mater 5, 83 (2019) — DFT indirect gap"
Cs2CuBiI6 (orthorhombic),0.4616,orthorhombic,Cs,,Cu,Bi,I,-0.81696348,DFT_indirect_gap,DFT_Paper5,fundamental_quasiparticle,halide_double_perovskite_absorber,A2B1B3X6_halide_double_perovskite,absorber_only,10.1038/s41524-019-0177-0,"Li et al. npj Comput Mater 5, 83 (2019) — DFT indirect gap"
Cs2CuGaI6 (orthorhombic),0.5666,orthorhombic,Cs,,Cu,Ga,I,-0.78122368,DFT_indirect_gap,DFT_Paper5,fundamental_quasiparticle,halide_double_perovskite_absorber,A2B1B3X6_halide_double_perovskite,absorber_only,10.1038/s41524-019-0177-0,"Li et al. npj Comput Mater 5, 83 (2019) — DFT indirect gap"
Cs2CuInI6 (orthorhombic),0.6155,orthorhombic,Cs,,Cu,In,I,-0.82681389,DFT_indirect_gap,DFT_Paper5,fundamental_quasiparticle,halide_double_perovskite_absorber,A2B1B3X6_halide_double_perovskite,absorber_only,10.1038/s41524-019-0177-0,"Li et al. npj Comput Mater 5, 83 (2019) — DFT indirect gap"
Cs2CuSbI6 (orthorhombic),0.2081,orthorhombic,Cs,,Cu,Sb,I,-0.771133497,DFT_indirect_gap,DFT_Paper5,fundamental_quasiparticle,halide_double_perovskite_absorber,A2B1B3X6_halide_double_perovskite,absorber_only,10.1038/s41524-019-0177-0,"Li et al. npj Comput Mater 5, 83 (2019) — DFT indirect gap"
Cs2InAlI6 (orthorhombic),1.0898,orthorhombic,Cs,,In,Al,I,-0.97132933,DFT_indirect_gap,DFT_Paper5,fundamental_quasiparticle,halide_double_perovskite_absorber,A2B1B3X6_halide_double_perovskite,absorber_only,10.1038/s41524-019-0177-0,"Li et al. npj Comput Mater 5, 83 (2019) — DFT indirect gap"
Cs2InBiI6 (orthorhombic),0.2795,orthorhombic,Cs,,In,Bi,I,-0.94610179,DFT_indirect_gap,DFT_Paper5,fundamental_quasiparticle,halide_double_perovskite_absorber,A2B1B3X6_halide_double_perovskite,absorber_only,10.1038/s41524-019-0177-0,"Li et al. npj Comput Mater 5, 83 (2019) — DFT indirect gap"
Cs2InGaI6 (orthorhombic),0.4448,orthorhombic,Cs,,In,Ga,I,-0.91874504,DFT_indirect_gap,DFT_Paper5,fundamental_quasiparticle,halide_double_perovskite_absorber,A2B1B3X6_halide_double_perovskite,absorber_only,10.1038/s41524-019-0177-0,"Li et al. npj Comput Mater 5, 83 (2019) — DFT indirect gap"
Cs2InInI6 (orthorhombic),0.3965,orthorhombic,Cs,,In,In,I,-0.944352,DFT_indirect_gap,DFT_Paper5,fundamental_quasiparticle,halide_double_perovskite_absorber,A2B1B3X6_halide_double_perovskite,absorber_only,10.1038/s41524-019-0177-0,"Li et al. npj Comput Mater 5, 83 (2019) — DFT indirect gap"
Cs2InSbI6 (orthorhombic),0.304,orthorhombic,Cs,,In,Sb,I,-0.900476257,DFT_indirect_gap,DFT_Paper5,fundamental_quasiparticle,halide_double_perovskite_absorber,A2B1B3X6_halide_double_perovskite,absorber_only,10.1038/s41524-019-0177-0,"Li et al. npj Comput Mater 5, 83 (2019) — DFT indirect gap"
Cs2TlAlI6 (orthorhombic),1.4478,orthorhombic,Cs,,Tl,Al,I,-1.005307535,DFT_indirect_gap,DFT_Paper5,fundamental_quasiparticle,halide_double_perovskite_absorber,A2B1B3X6_halide_double_perovskite,absorber_only,10.1038/s41524-019-0177-0,"Li et al. npj Comput Mater 5, 83 (2019) — DFT indirect gap"
Cs2TlAsI6 (orthorhombic),0.8489,orthorhombic,Cs,,Tl,As,I,-0.851096845,DFT_indirect_gap,DFT_Paper5,fundamental_quasiparticle,halide_double_perovskite_absorber,A2B1B3X6_halide_double_perovskite,absorber_only,10.1038/s41524-019-0177-0,"Li et al. npj Comput Mater 5, 83 (2019) — DFT indirect gap"
Cs2TlBiI6 (orthorhombic),0.8517,orthorhombic,Cs,,Tl,Bi,I,-0.978460295,DFT_indirect_gap,DFT_Paper5,fundamental_quasiparticle,halide_double_perovskite_absorber,A2B1B3X6_halide_double_perovskite,absorber_only,10.1038/s41524-019-0177-0,"Li et al. npj Comput Mater 5, 83 (2019) — DFT indirect gap"
Cs2TlGaI6 (orthorhombic),0.636,orthorhombic,Cs,,Tl,Ga,I,-0.912208145,DFT_indirect_gap,DFT_Paper5,fundamental_quasiparticle,halide_double_perovskite_absorber,A2B1B3X6_halide_double_perovskite,absorber_only,10.1038/s41524-019-0177-0,"Li et al. npj Comput Mater 5, 83 (2019) — DFT indirect gap"
Cs2TlInI6 (orthorhombic),1.0243,orthorhombic,Cs,,Tl,In,I,-0.974552655,DFT_indirect_gap,DFT_Paper5,fundamental_quasiparticle,halide_double_perovskite_absorber,A2B1B3X6_halide_double_perovskite,absorber_only,10.1038/s41524-019-0177-0,"Li et al. npj Comput Mater 5, 83 (2019) — DFT indirect gap"
Cs2TlSbI6 (orthorhombic),0.9189,orthorhombic,Cs,,Tl,Sb,I,-0.929734162,DFT_indirect_gap,DFT_Paper5,fundamental_quasiparticle,halide_double_perovskite_absorber,A2B1B3X6_halide_double_perovskite,absorber_only,10.1038/s41524-019-0177-0,"Li et al. npj Comput Mater 5, 83 (2019) — DFT indirect gap"
K2AgAlI6 (orthorhombic),1.0595,orthorhombic,K,,Ag,Al,I,-0.852606875,DFT_indirect_gap,DFT_Paper5,fundamental_quasiparticle,halide_double_perovskite_absorber,A2B1B3X6_halide_double_perovskite,absorber_only,10.1038/s41524-019-0177-0,"Li et al. npj Comput Mater 5, 83 (2019) — DFT indirect gap"
K2AgAsI6 (orthorhombic),0.8718,orthorhombic,K,,Ag,As,I,-0.705056735,DFT_indirect_gap,DFT_Paper5,fundamental_quasiparticle,halide_double_perovskite_absorber,A2B1B3X6_halide_double_perovskite,absorber_only,10.1038/s41524-019-0177-0,"Li et al. npj Comput Mater 5, 83 (2019) — DFT indirect gap"
K2AgBiI6 (orthorhombic),1.0267,orthorhombic,K,,Ag,Bi,I,-0.827302235,DFT_indirect_gap,DFT_Paper5,fundamental_quasiparticle,halide_double_perovskite_absorber,A2B1B3X6_halide_double_perovskite,absorber_only,10.1038/s41524-019-0177-0,"Li et al. npj Comput Mater 5, 83 (2019) — DFT indirect gap"
K2AgGaI6 (orthorhombic),0.5749,orthorhombic,K,,Ag,Ga,I,-0.771154985,DFT_indirect_gap,DFT_Paper5,fundamental_quasiparticle,halide_double_perovskite_absorber,A2B1B3X6_halide_double_perovskite,absorber_only,10.1038/s41524-019-0177-0,"Li et al. npj Comput Mater 5, 83 (2019) — DFT indirect gap"
K2AgInI6 (orthorhombic),0.6171,orthorhombic,K,,Ag,In,I,-0.827364345,DFT_indirect_gap,DFT_Paper5,fundamental_quasiparticle,halide_double_perovskite_absorber,A2B1B3X6_halide_double_perovskite,absorber_only,10.1038/s41524-019-0177-0,"Li et al. npj Comput Mater 5, 83 (2019) — DFT indirect gap"
K2AgSbI6 (orthorhombic),0.9636,orthorhombic,K,,Ag,Sb,I,-0.780065652,DFT_indirect_gap,DFT_Paper5,fundamental_quasiparticle,halide_double_perovskite_absorber,A2B1B3X6_halide_double_perovskite,absorber_only,10.1038/s41524-019-0177-0,"Li et al. npj Comput Mater 5, 83 (2019) — DFT indirect gap"
K2AuAlI6 (orthorhombic),1.7916,orthorhombic,K,,Au,Al,I,-0.801781775,DFT_indirect_gap,DFT_Paper5,fundamental_quasiparticle,halide_double_perovskite_absorber,A2B1B3X6_halide_double_perovskite,absorber_only,10.1038/s41524-019-0177-0,"Li et al. npj Comput Mater 5, 83 (2019) — DFT indirect gap"
K2AuAsI6 (orthorhombic),1.5857,orthorhombic,K,,Au,As,I,-0.662767785,DFT_indirect_gap,DFT_Paper5,fundamental_quasiparticle,halide_double_perovskite_absorber,A2B1B3X6_halide_double_perovskite,absorber_only,10.1038/s41524-019-0177-0,"Li et al. npj Comput Mater 5, 83 (2019) — DFT indirect gap"
K2AuBiI6 (orthorhombic),0.0997,orthorhombic,K,,Au,Bi,I,-0.807736255,DFT_indirect_gap,DFT_Paper5,fundamental_quasiparticle,halide_double_perovskite_absorber,A2B1B3X6_halide_double_perovskite,absorber_only,10.1038/s41524-019-0177-0,"Li et al. npj Comput Mater 5, 83 (2019) — DFT indirect gap"
K2AuGaI6 (orthorhombic),0.707,orthorhombic,K,,Au,Ga,I,-0.731169635,DFT_indirect_gap,DFT_Paper5,fundamental_quasiparticle,halide_double_perovskite_absorber,A2B1B3X6_halide_double_perovskite,absorber_only,10.1038/s41524-019-0177-0,"Li et al. npj Comput Mater 5, 83 (2019) — DFT indirect gap"
K2AuInI6 (orthorhombic),0.8704,orthorhombic,K,,Au,In,I,-0.774734845,DFT_indirect_gap,DFT_Paper5,fundamental_quasiparticle,halide_double_perovskite_absorber,A2B1B3X6_halide_double_perovskite,absorber_only,10.1038/s41524-019-0177-0,"Li et al. npj Comput Mater 5, 83 (2019) — DFT indirect gap"
K2AuSbI6 (orthorhombic),1.6469,orthorhombic,K,,Au,Sb,I,-0.732138402,DFT_indirect_gap,DFT_Paper5,fundamental_quasiparticle,halide_double_perovskite_absorber,A2B1B3X6_halide_double_perovskite,absorber_only,10.1038/s41524-019-0177-0,"Li et al. npj Comput Mater 5, 83 (2019) — DFT indirect gap"
K2CuAlI6 (orthorhombic),1.3283,orthorhombic,K,,Cu,Al,I,-0.79370025,DFT_indirect_gap,DFT_Paper5,fundamental_quasiparticle,halide_double_perovskite_absorber,A2B1B3X6_halide_double_perovskite,absorber_only,10.1038/s41524-019-0177-0,"Li et al. npj Comput Mater 5, 83 (2019) — DFT indirect gap"
K2CuAsI6 (orthorhombic),0.4083,orthorhombic,K,,Cu,As,I,-0.64523631,DFT_indirect_gap,DFT_Paper5,fundamental_quasiparticle,halide_double_perovskite_absorber,A2B1B3X6_halide_double_perovskite,absorber_only,10.1038/s41524-019-0177-0,"Li et al. npj Comput Mater 5, 83 (2019) — DFT indirect gap"
K2CuBiI6 (orthorhombic),0.6416,orthorhombic,K,,Cu,Bi,I,-0.76512996,DFT_indirect_gap,DFT_Paper5,fundamental_quasiparticle,halide_double_perovskite_absorber,A2B1B3X6_halide_double_perovskite,absorber_only,10.1038/s41524-019-0177-0,"Li et al. npj Comput Mater 5, 83 (2019) — DFT indirect gap"
K2CuGaI6 (orthorhombic),0.4593,orthorhombic,K,,Cu,Ga,I,-0.72649011,DFT_indirect_gap,DFT_Paper5,fundamental_quasiparticle,halide_double_perovskite_absorber,A2B1B3X6_halide_double_perovskite,absorber_only,10.1038/s41524-019-0177-0,"Li et al. npj Comput Mater 5, 83 (2019) — DFT indirect gap"
K2CuInI6 (orthorhombic),0.5467,orthorhombic,K,,Cu,In,I,-0.77274142,DFT_indirect_gap,DFT_Paper5,fundamental_quasiparticle,halide_double_perovskite_absorber,A2B1B3X6_halide_double_perovskite,absorber_only,10.1038/s41524-019-0177-0,"Li et al. npj Comput Mater 5, 83 (2019) — DFT indirect gap"
K2CuSbI6 (orthorhombic),0.4952,orthorhombic,K,,Cu,Sb,I,-0.718434277,DFT_indirect_gap,DFT_Paper5,fundamental_quasiparticle,halide_double_perovskite_absorber,A2B1B3X6_halide_double_perovskite,absorber_only,10.1038/s41524-019-0177-0,"Li et al. npj Comput Mater 5, 83 (2019) — DFT indirect gap"
K2InAlI6 (orthorhombic),1.3827,orthorhombic,K,,In,Al,I,-0.91849601,DFT_indirect_gap,DFT_Paper5,fundamental_quasiparticle,halide_double_perovskite_absorber,A2B1B3X6_halide_double_perovskite,absorber_only,10.1038/s41524-019-0177-0,"Li et al. npj Comput Mater 5, 83 (2019) — DFT indirect gap"
K2InAsI6 (orthorhombic),0.5268,orthorhombic,K,,In,As,I,-0.76651082,DFT_indirect_gap,DFT_Paper5,fundamental_quasiparticle,halide_double_perovskite_absorber,A2B1B3X6_halide_double_perovskite,absorber_only,10.1038/s41524-019-0177-0,"Li et al. npj Comput Mater 5, 83 (2019) — DFT indirect gap"
K2InBiI6 (orthorhombic),0.5802,orthorhombic,K,,In,Bi,I,-0.88892632,DFT_indirect_gap,DFT_Paper5,fundamental_quasiparticle,halide_double_perovskite_absorber,A2B1B3X6_halide_double_perovskite,absorber_only,10.1038/s41524-019-0177-0,"Li et al. npj Comput Mater 5, 83 (2019) — DFT indirect gap"
K2InGaI6 (orthorhombic),0.7663,orthorhombic,K,,In,Ga,I,-0.86481372,DFT_indirect_gap,DFT_Paper5,fundamental_quasiparticle,halide_double_perovskite_absorber,A2B1B3X6_halide_double_perovskite,absorber_only,10.1038/s41524-019-0177-0,"Li et al. npj Comput Mater 5, 83 (2019) — DFT indirect gap"
K2InInI6 (orthorhombic),0.6951,orthorhombic,K,,In,In,I,-0.88895953,DFT_indirect_gap,DFT_Paper5,fundamental_quasiparticle,halide_double_perovskite_absorber,A2B1B3X6_halide_double_perovskite,absorber_only,10.1038/s41524-019-0177-0,"Li et al. npj Comput Mater 5, 83 (2019) — DFT indirect gap"
K2InSbI6 (orthorhombic),0.7056,orthorhombic,K,,In,Sb,I,-0.840849337,DFT_indirect_gap,DFT_Paper5,fundamental_quasiparticle,halide_double_perovskite_absorber,A2B1B3X6_halide_double_perovskite,absorber_only,10.1038/s41524-019-0177-0,"Li et al. npj Comput Mater 5, 83 (2019) — DFT indirect gap"
K2TlAlI6 (orthorhombic),1.6961,orthorhombic,K,,Tl,Al,I,-0.955623015,DFT_indirect_gap,DFT_Paper5,fundamental_quasiparticle,halide_double_perovskite_absorber,A2B1B3X6_halide_double_perovskite,absorber_only,10.1038/s41524-019-0177-0,"Li et al. npj Comput Mater 5, 83 (2019) — DFT indirect gap"
K2TlAsI6 (orthorhombic),1.173,orthorhombic,K,,Tl,As,I,-0.796342875,DFT_indirect_gap,DFT_Paper5,fundamental_quasiparticle,halide_double_perovskite_absorber,A2B1B3X6_halide_double_perovskite,absorber_only,10.1038/s41524-019-0177-0,"Li et al. npj Comput Mater 5, 83 (2019) — DFT indirect gap"
K2TlBiI6 (orthorhombic),1.088,orthorhombic,K,,Tl,Bi,I,-0.924913925,DFT_indirect_gap,DFT_Paper5,fundamental_quasiparticle,halide_double_perovskite_absorber,A2B1B3X6_halide_double_perovskite,absorber_only,10.1038/s41524-019-0177-0,"Li et al. npj Comput Mater 5, 83 (2019) — DFT indirect gap"
K2TlGaI6 (orthorhombic),0.8671,orthorhombic,K,,Tl,Ga,I,-0.860636175,DFT_indirect_gap,DFT_Paper5,fundamental_quasiparticle,halide_double_perovskite_absorber,A2B1B3X6_halide_double_perovskite,absorber_only,10.1038/s41524-019-0177-0,"Li et al. npj Comput Mater 5, 83 (2019) — DFT indirect gap"
K2TlInI6 (orthorhombic),1.2492,orthorhombic,K,,Tl,In,I,-0.923076085,DFT_indirect_gap,DFT_Paper5,fundamental_quasiparticle,halide_double_perovskite_absorber,A2B1B3X6_halide_double_perovskite,absorber_only,10.1038/s41524-019-0177-0,"Li et al. npj Comput Mater 5, 83 (2019) — DFT indirect gap"
K2TlSbI6 (orthorhombic),1.2075,orthorhombic,K,,Tl,Sb,I,-0.875102192,DFT_indirect_gap,DFT_Paper5,fundamental_quasiparticle,halide_double_perovskite_absorber,A2B1B3X6_halide_double_perovskite,absorber_only,10.1038/s41524-019-0177-0,"Li et al. npj Comput Mater 5, 83 (2019) — DFT indirect gap"
Rb2AgAlI6 (orthorhombic),0.8823,orthorhombic,Rb,,Ag,Al,I,-0.865801415,DFT_indirect_gap,DFT_Paper5,fundamental_quasiparticle,halide_double_perovskite_absorber,A2B1B3X6_halide_double_perovskite,absorber_only,10.1038/s41524-019-0177-0,"Li et al. npj Comput Mater 5, 83 (2019) — DFT indirect gap"
Rb2AgAsI6 (orthorhombic),0.6606,orthorhombic,Rb,,Ag,As,I,-0.720590475,DFT_indirect_gap,DFT_Paper5,fundamental_quasiparticle,halide_double_perovskite_absorber,A2B1B3X6_halide_double_perovskite,absorber_only,10.1038/s41524-019-0177-0,"Li et al. npj Comput Mater 5, 83 (2019) — DFT indirect gap"
Rb2AgBiI6 (orthorhombic),0.9444,orthorhombic,Rb,,Ag,Bi,I,-0.843083625,DFT_indirect_gap,DFT_Paper5,fundamental_quasiparticle,halide_double_perovskite_absorber,A2B1B3X6_halide_double_perovskite,absorber_only,10.1038/s41524-019-0177-0,"Li et al. npj Comput Mater 5, 83 (2019) — DFT indirect gap"
Rb2AgGaI6 (orthorhombic),0.5923,orthorhombic,Rb,,Ag,Ga,I,-0.787902275,DFT_indirect_gap,DFT_Paper5,fundamental_quasiparticle,halide_double_perovskite_absorber,A2B1B3X6_halide_double_perovskite,absorber_only,10.1038/s41524-019-0177-0,"Li et al. npj Comput Mater 5, 83 (2019) — DFT indirect gap"
Rb2AgInI6 (orthorhombic),0.5097,orthorhombic,Rb,,Ag,In,I,-0.842628535,DFT_indirect_gap,DFT_Paper5,fundamental_quasiparticle,halide_double_perovskite_absorber,A2B1B3X6_halide_double_perovskite,absorber_only,10.1038/s41524-019-0177-0,"Li et al. npj Comput Mater 5, 83 (2019) — DFT indirect gap"
Rb2AgSbI6 (orthorhombic),0.8157,orthorhombic,Rb,,Ag,Sb,I,-0.796277342,DFT_indirect_gap,DFT_Paper5,fundamental_quasiparticle,halide_double_perovskite_absorber,A2B1B3X6_halide_double_perovskite,absorber_only,10.1038/s41524-019-0177-0,"Li et al. npj Comput Mater 5, 83 (2019) — DFT indirect gap"
Rb2AuAlI6 (orthorhombic),1.7762,orthorhombic,Rb,,Au,Al,I,-0.821338815,DFT_indirect_gap,DFT_Paper5,fundamental_quasiparticle,halide_double_perovskite_absorber,A2B1B3X6_halide_double_perovskite,absorber_only,10.1038/s41524-019-0177-0,"Li et al. npj Comput Mater 5, 83 (2019) — DFT indirect gap"
Rb2AuBiI6 (orthorhombic),1.6172,orthorhombic,Rb,,Au,Bi,I,-0.803919525,DFT_indirect_gap,DFT_Paper5,fundamental_quasiparticle,halide_double_perovskite_absorber,A2B1B3X6_halide_double_perovskite,absorber_only,10.1038/s41524-019-0177-0,"Li et al. npj Comput Mater 5, 83 (2019) — DFT indirect gap"
Rb2AuGaI6 (orthorhombic),0.7292,orthorhombic,Rb,,Au,Ga,I,-0.752250425,DFT_indirect_gap,DFT_Paper5,fundamental_quasiparticle,halide_double_perovskite_absorber,A2B1B3X6_halide_double_perovskite,absorber_only,10.1038/s41524-019-0177-0,"Li et al. npj Comput Mater 5, 83 (2019) — DFT indirect gap"
Rb2AuInI6 (orthorhombic),0.8177,orthorhombic,Rb,,Au,In,I,-0.795363435,DFT_indirect_gap,DFT_Paper5,fundamental_quasiparticle,halide_double_perovskite_absorber,A2B1B3X6_halide_double_perovskite,absorber_only,10.1038/s41524-019-0177-0,"Li et al. npj Comput Mater 5, 83 (2019) — DFT indirect gap"
Rb2AuSbI6 (orthorhombic),1.6525,orthorhombic,Rb,,Au,Sb,I,-0.755109692,DFT_indirect_gap,DFT_Paper5,fundamental_quasiparticle,halide_double_perovskite_absorber,A2B1B3X6_halide_double_perovskite,absorber_only,10.1038/s41524-019-0177-0,"Li et al. npj Comput Mater 5, 83 (2019) — DFT indirect gap"
Rb2CuAlI6 (orthorhombic),1.3409,orthorhombic,Rb,,Cu,Al,I,-0.81184319,DFT_indirect_gap,DFT_Paper5,fundamental_quasiparticle,halide_double_perovskite_absorber,A2B1B3X6_halide_double_perovskite,absorber_only,10.1038/s41524-019-0177-0,"Li et al. npj Comput Mater 5, 83 (2019) — DFT indirect gap"
Rb2CuAsI6 (orthorhombic),0.3489,orthorhombic,Rb,,Cu,As,I,-0.6663856,DFT_indirect_gap,DFT_Paper5,fundamental_quasiparticle,halide_double_perovskite_absorber,A2B1B3X6_halide_double_perovskite,absorber_only,10.1038/s41524-019-0177-0,"Li et al. npj Comput Mater 5, 83 (2019) — DFT indirect gap"
Rb2CuBiI6 (orthorhombic),0.4945,orthorhombic,Rb,,Cu,Bi,I,-0.777287,DFT_indirect_gap,DFT_Paper5,fundamental_quasiparticle,halide_double_perovskite_absorber,A2B1B3X6_halide_double_perovskite,absorber_only,10.1038/s41524-019-0177-0,"Li et al. npj Comput Mater 5, 83 (2019) — DFT indirect gap"
Rb2CuGaI6 (orthorhombic),0.4852,orthorhombic,Rb,,Cu,Ga,I,-0.74525935,DFT_indirect_gap,DFT_Paper5,fundamental_quasiparticle,halide_double_perovskite_absorber,A2B1B3X6_halide_double_perovskite,absorber_only,10.1038/s41524-019-0177-0,"Li et al. npj Comput Mater 5, 83 (2019) — DFT indirect gap"
Rb2CuInI6 (orthorhombic),0.5673,orthorhombic,Rb,,Cu,In,I,-0.79173216,DFT_indirect_gap,DFT_Paper5,fundamental_quasiparticle,halide_double_perovskite_absorber,A2B1B3X6_halide_double_perovskite,absorber_only,10.1038/s41524-019-0177-0,"Li et al. npj Comput Mater 5, 83 (2019) — DFT indirect gap"
Rb2CuSbI6 (orthorhombic),0.4434,orthorhombic,Rb,,Cu,Sb,I,-0.735799767,DFT_indirect_gap,DFT_Paper5,fundamental_quasiparticle,halide_double_perovskite_absorber,A2B1B3X6_halide_double_perovskite,absorber_only,10.1038/s41524-019-0177-0,"Li et al. npj Comput Mater 5, 83 (2019) — DFT indirect gap"
Rb2InAlI6 (orthorhombic),1.2484,orthorhombic,Rb,,In,Al,I,-0.93598635,DFT_indirect_gap,DFT_Paper5,fundamental_quasiparticle,halide_double_perovskite_absorber,A2B1B3X6_halide_double_perovskite,absorber_only,10.1038/s41524-019-0177-0,"Li et al. npj Comput Mater 5, 83 (2019) — DFT indirect gap"
Rb2InAsI6 (orthorhombic),0.368,orthorhombic,Rb,,In,As,I,-0.78810571,DFT_indirect_gap,DFT_Paper5,fundamental_quasiparticle,halide_double_perovskite_absorber,A2B1B3X6_halide_double_perovskite,absorber_only,10.1038/s41524-019-0177-0,"Li et al. npj Comput Mater 5, 83 (2019) — DFT indirect gap"
Rb2InBiI6 (orthorhombic),0.4701,orthorhombic,Rb,,In,Bi,I,-0.90900931,DFT_indirect_gap,DFT_Paper5,fundamental_quasiparticle,halide_double_perovskite_absorber,A2B1B3X6_halide_double_perovskite,absorber_only,10.1038/s41524-019-0177-0,"Li et al. npj Comput Mater 5, 83 (2019) — DFT indirect gap"
Rb2InGaI6 (orthorhombic),0.6304,orthorhombic,Rb,,In,Ga,I,-0.88277086,DFT_indirect_gap,DFT_Paper5,fundamental_quasiparticle,halide_double_perovskite_absorber,A2B1B3X6_halide_double_perovskite,absorber_only,10.1038/s41524-019-0177-0,"Li et al. npj Comput Mater 5, 83 (2019) — DFT indirect gap"
Rb2InInI6 (orthorhombic),0.5564,orthorhombic,Rb,,In,In,I,-0.90814477,DFT_indirect_gap,DFT_Paper5,fundamental_quasiparticle,halide_double_perovskite_absorber,A2B1B3X6_halide_double_perovskite,absorber_only,10.1038/s41524-019-0177-0,"Li et al. npj Comput Mater 5, 83 (2019) — DFT indirect gap"
Rb2InSbI6 (orthorhombic),0.5575,orthorhombic,Rb,,In,Sb,I,-0.861771627,DFT_indirect_gap,DFT_Paper5,fundamental_quasiparticle,halide_double_perovskite_absorber,A2B1B3X6_halide_double_perovskite,absorber_only,10.1038/s41524-019-0177-0,"Li et al. npj Comput Mater 5, 83 (2019) — DFT indirect gap"
Rb2TlAlI6 (orthorhombic),1.5921,orthorhombic,Rb,,Tl,Al,I,-0.972068905,DFT_indirect_gap,DFT_Paper5,fundamental_quasiparticle,halide_double_perovskite_absorber,A2B1B3X6_halide_double_perovskite,absorber_only,10.1038/s41524-019-0177-0,"Li et al. npj Comput Mater 5, 83 (2019) — DFT indirect gap"
Rb2TlAsI6 (orthorhombic),1.0584,orthorhombic,Rb,,Tl,As,I,-0.814922665,DFT_indirect_gap,DFT_Paper5,fundamental_quasiparticle,halide_double_perovskite_absorber,A2B1B3X6_halide_double_perovskite,absorber_only,10.1038/s41524-019-0177-0,"Li et al. npj Comput Mater 5, 83 (2019) — DFT indirect gap"
Rb2TlBiI6 (orthorhombic),1.0077,orthorhombic,Rb,,Tl,Bi,I,-0.943623715,DFT_indirect_gap,DFT_Paper5,fundamental_quasiparticle,halide_double_perovskite_absorber,A2B1B3X6_halide_double_perovskite,absorber_only,10.1038/s41524-019-0177-0,"Li et al. npj Comput Mater 5, 83 (2019) — DFT indirect gap"
Rb2TlGaI6 (orthorhombic),0.7727,orthorhombic,Rb,,Tl,Ga,I,-0.877933765,DFT_indirect_gap,DFT_Paper5,fundamental_quasiparticle,halide_double_perovskite_absorber,A2B1B3X6_halide_double_perovskite,absorber_only,10.1038/s41524-019-0177-0,"Li et al. npj Comput Mater 5, 83 (2019) — DFT indirect gap"
Rb2TlInI6 (orthorhombic),1.1472,orthorhombic,Rb,,Tl,In,I,-0.940822325,DFT_indirect_gap,DFT_Paper5,fundamental_quasiparticle,halide_double_perovskite_absorber,A2B1B3X6_halide_double_perovskite,absorber_only,10.1038/s41524-019-0177-0,"Li et al. npj Comput Mater 5, 83 (2019) — DFT indirect gap"
Rb2TlSbI6 (orthorhombic),1.0951,orthorhombic,Rb,,Tl,Sb,I,-0.894206932,DFT_indirect_gap,DFT_Paper5,fundamental_quasiparticle,halide_double_perovskite_absorber,A2B1B3X6_halide_double_perovskite,absorber_only,10.1038/s41524-019-0177-0,"Li et al. npj Comput Mater 5, 83 (2019) — DFT indirect gap"
AgNbLaAlO6,4.1645432,,Ag,La,Nb,Al,O,,DFT_GLLBSC_gap,GLLB-SC,fundamental_quasiparticle,oxide_double_perovskite_absorber,A2BBprimeO6_oxide_double_perovskite,absorber_only,10.1038/srep19375,"Pilania et al. Sci Rep 6, 19375 (2016) — GLLB-SC double perovskite gaps"
AgNbLaGaO6,4.454628775,,Ag,La,Nb,Ga,O,,DFT_GLLBSC_gap,GLLB-SC,fundamental_quasiparticle,oxide_double_perovskite_absorber,A2BBprimeO6_oxide_double_perovskite,absorber_only,10.1038/srep19375,"Pilania et al. Sci Rep 6, 19375 (2016) — GLLB-SC double perovskite gaps"
AgNbLaInO6,4.192522296,,Ag,La,Nb,In,O,,DFT_GLLBSC_gap,GLLB-SC,fundamental_quasiparticle,oxide_double_perovskite_absorber,A2BBprimeO6_oxide_double_perovskite,absorber_only,10.1038/srep19375,"Pilania et al. Sci Rep 6, 19375 (2016) — GLLB-SC double perovskite gaps"
AgNbMgTiO6,3.963856895,,Ag,Mg,Nb,Ti,O,,DFT_GLLBSC_gap,GLLB-SC,fundamental_quasiparticle,oxide_double_perovskite_absorber,A2BBprimeO6_oxide_double_perovskite,absorber_only,10.1038/srep19375,"Pilania et al. Sci Rep 6, 19375 (2016) — GLLB-SC double perovskite gaps"
AgNbSnTiO6,2.881239408,,Ag,Sn,Nb,Ti,O,,DFT_GLLBSC_gap,GLLB-SC,fundamental_quasiparticle,oxide_double_perovskite_absorber,A2BBprimeO6_oxide_double_perovskite,absorber_only,10.1038/srep19375,"Pilania et al. Sci Rep 6, 19375 (2016) — GLLB-SC double perovskite gaps"
AgNbYAlO6,3.958215489,,Ag,Y,Nb,Al,O,,DFT_GLLBSC_gap,GLLB-SC,fundamental_quasiparticle,oxide_double_perovskite_absorber,A2BBprimeO6_oxide_double_perovskite,absorber_only,10.1038/srep19375,"Pilania et al. Sci Rep 6, 19375 (2016) — GLLB-SC double perovskite gaps"
AgTaAgNbO6,3.367340076,,Ag,Ag,Ta,Nb,O,,DFT_GLLBSC_gap,GLLB-SC,fundamental_quasiparticle,oxide_double_perovskite_absorber,A2BBprimeO6_oxide_double_perovskite,absorber_only,10.1038/srep19375,"Pilania et al. Sci Rep 6, 19375 (2016) — GLLB-SC double perovskite gaps"
AgTaBaSnO6,4.115527804,,Ag,Ba,Ta,Sn,O,,DFT_GLLBSC_gap,GLLB-SC,fundamental_quasiparticle,oxide_double_perovskite_absorber,A2BBprimeO6_oxide_double_perovskite,absorber_only,10.1038/srep19375,"Pilania et al. Sci Rep 6, 19375 (2016) — GLLB-SC double perovskite gaps"
AgTaBaTiO6,3.65187538,,Ag,Ba,Ta,Ti,O,,DFT_GLLBSC_gap,GLLB-SC,fundamental_quasiparticle,oxide_double_perovskite_absorber,A2BBprimeO6_oxide_double_perovskite,absorber_only,10.1038/srep19375,"Pilania et al. Sci Rep 6, 19375 (2016) — GLLB-SC double perovskite gaps"
AgTaCaGeO6,4.596741977,,Ag,Ca,Ta,Ge,O,,DFT_GLLBSC_gap,GLLB-SC,fundamental_quasiparticle,oxide_double_perovskite_absorber,A2BBprimeO6_oxide_double_perovskite,absorber_only,10.1038/srep19375,"Pilania et al. Sci Rep 6, 19375 (2016) — GLLB-SC double perovskite gaps"
AgTaCaSiO6,4.787204683,,Ag,Ca,Ta,Si,O,,DFT_GLLBSC_gap,GLLB-SC,fundamental_quasiparticle,oxide_double_perovskite_absorber,A2BBprimeO6_oxide_double_perovskite,absorber_only,10.1038/srep19375,"Pilania et al. Sci Rep 6, 19375 (2016) — GLLB-SC double perovskite gaps"
AgTaCaSnO6,4.567418298,,Ag,Ca,Ta,Sn,O,,DFT_GLLBSC_gap,GLLB-SC,fundamental_quasiparticle,oxide_double_perovskite_absorber,A2BBprimeO6_oxide_double_perovskite,absorber_only,10.1038/srep19375,"Pilania et al. Sci Rep 6, 19375 (2016) — GLLB-SC double perovskite gaps"
AgTaCaTiO6,3.856408782,,Ag,Ca,Ta,Ti,O,,DFT_GLLBSC_gap,GLLB-SC,fundamental_quasiparticle,oxide_double_perovskite_absorber,A2BBprimeO6_oxide_double_perovskite,absorber_only,10.1038/srep19375,"Pilania et al. Sci Rep 6, 19375 (2016) — GLLB-SC double perovskite gaps"
AgTaCsNbO6,3.257419299,,Ag,Cs,Ta,Nb,O,,DFT_GLLBSC_gap,GLLB-SC,fundamental_quasiparticle,oxide_double_perovskite_absorber,A2BBprimeO6_oxide_double_perovskite,absorber_only,10.1038/srep19375,"Pilania et al. Sci Rep 6, 19375 (2016) — GLLB-SC double perovskite gaps"
AgTaCsVO6,2.169553701,,Ag,Cs,Ta,V,O,,DFT_GLLBSC_gap,GLLB-SC,fundamental_quasiparticle,oxide_double_perovskite_absorber,A2BBprimeO6_oxide_double_perovskite,absorber_only,10.1038/srep19375,"Pilania et al. Sci Rep 6, 19375 (2016) — GLLB-SC double perovskite gaps"
AgTaGaNbO6,1.784718332,,Ag,Ga,Ta,Nb,O,,DFT_GLLBSC_gap,GLLB-SC,fundamental_quasiparticle,oxide_double_perovskite_absorber,A2BBprimeO6_oxide_double_perovskite,absorber_only,10.1038/srep19375,"Pilania et al. Sci Rep 6, 19375 (2016) — GLLB-SC double perovskite gaps"
AgTaGaTaO6,2.285462409,,Ag,Ga,Ta,Ta,O,,DFT_GLLBSC_gap,GLLB-SC,fundamental_quasiparticle,oxide_double_perovskite_absorber,A2BBprimeO6_oxide_double_perovskite,absorber_only,10.1038/srep19375,"Pilania et al. Sci Rep 6, 19375 (2016) — GLLB-SC double perovskite gaps"
AgTaKNbO6,3.43280078,,Ag,K,Ta,Nb,O,,DFT_GLLBSC_gap,GLLB-SC,fundamental_quasiparticle,oxide_double_perovskite_absorber,A2BBprimeO6_oxide_double_perovskite,absorber_only,10.1038/srep19375,"Pilania et al. Sci Rep 6, 19375 (2016) — GLLB-SC double perovskite gaps"
AgTaKSbO6,4.253437286,,Ag,K,Ta,Sb,O,,DFT_GLLBSC_gap,GLLB-SC,fundamental_quasiparticle,oxide_double_perovskite_absorber,A2BBprimeO6_oxide_double_perovskite,absorber_only,10.1038/srep19375,"Pilania et al. Sci Rep 6, 19375 (2016) — GLLB-SC double perovskite gaps"
AgTaLaAlO6,4.544527043,,Ag,La,Ta,Al,O,,DFT_GLLBSC_gap,GLLB-SC,fundamental_quasiparticle,oxide_double_perovskite_absorber,A2BBprimeO6_oxide_double_perovskite,absorber_only,10.1038/srep19375,"Pilania et al. Sci Rep 6, 19375 (2016) — GLLB-SC double perovskite gaps"
AgTaLaGaO6,4.428479438,,Ag,La,Ta,Ga,O,,DFT_GLLBSC_gap,GLLB-SC,fundamental_quasiparticle,oxide_double_perovskite_absorber,A2BBprimeO6_oxide_double_perovskite,absorber_only,10.1038/srep19375,"Pilania et al. Sci Rep 6, 19375 (2016) — GLLB-SC double perovskite gaps"
AgTaLaInO6,4.598427211,,Ag,La,Ta,In,O,,DFT_GLLBSC_gap,GLLB-SC,fundamental_quasiparticle,oxide_double_perovskite_absorber,A2BBprimeO6_oxide_double_perovskite,absorber_only,10.1038/srep19375,"Pilania et al. Sci Rep 6, 19375 (2016) — GLLB-SC double perovskite gaps"
AgTaLiNbO6,3.554350261,,Ag,Li,Ta,Nb,O,,DFT_GLLBSC_gap,GLLB-SC,fundamental_quasiparticle,oxide_double_perovskite_absorber,A2BBprimeO6_oxide_double_perovskite,absorber_only,10.1038/srep19375,"Pilania et al. Sci Rep 6, 19375 (2016) — GLLB-SC double perovskite gaps"
AgTaLiVO6,1.661856626,,Ag,Li,Ta,V,O,,DFT_GLLBSC_gap,GLLB-SC,fundamental_quasiparticle,oxide_double_perovskite_absorber,A2BBprimeO6_oxide_double_perovskite,absorber_only,10.1038/srep19375,"Pilania et al. Sci Rep 6, 19375 (2016) — GLLB-SC double perovskite gaps"
AgTaMgTiO6,4.541470588,,Ag,Mg,Ta,Ti,O,,DFT_GLLBSC_gap,GLLB-SC,fundamental_quasiparticle,oxide_double_perovskite_absorber,A2BBprimeO6_oxide_double_perovskite,absorber_only,10.1038/srep19375,"Pilania et al. Sci Rep 6, 19375 (2016) — GLLB-SC double perovskite gaps"
AgTaNaNbO6,3.523501827,,Ag,Na,Ta,Nb,O,,DFT_GLLBSC_gap,GLLB-SC,fundamental_quasiparticle,oxide_double_perovskite_absorber,A2BBprimeO6_oxide_double_perovskite,absorber_only,10.1038/srep19375,"Pilania et al. Sci Rep 6, 19375 (2016) — GLLB-SC double perovskite gaps"
AgTaNaSbO6,4.383274568,,Ag,Na,Ta,Sb,O,,DFT_GLLBSC_gap,GLLB-SC,fundamental_quasiparticle,oxide_double_perovskite_absorber,A2BBprimeO6_oxide_double_perovskite,absorber_only,10.1038/srep19375,"Pilania et al. Sci Rep 6, 19375 (2016) — GLLB-SC double perovskite gaps"
AgTaNaVO6,1.67087028,,Ag,Na,Ta,V,O,,DFT_GLLBSC_gap,GLLB-SC,fundamental_quasiparticle,oxide_double_perovskite_absorber,A2BBprimeO6_oxide_double_perovskite,absorber_only,10.1038/srep19375,"Pilania et al. Sci Rep 6, 19375 (2016) — GLLB-SC double perovskite gaps"
AgTaPbHfO6,4.468824182,,Ag,Pb,Ta,Hf,O,,DFT_GLLBSC_gap,GLLB-SC,fundamental_quasiparticle,oxide_double_perovskite_absorber,A2BBprimeO6_oxide_double_perovskite,absorber_only,10.1038/srep19375,"Pilania et al. Sci Rep 6, 19375 (2016) — GLLB-SC double perovskite gaps"
AgTaPbTiO6,3.806312329,,Ag,Pb,Ta,Ti,O,,DFT_GLLBSC_gap,GLLB-SC,fundamental_quasiparticle,oxide_double_perovskite_absorber,A2BBprimeO6_oxide_double_perovskite,absorber_only,10.1038/srep19375,"Pilania et al. Sci Rep 6, 19375 (2016) — GLLB-SC double perovskite gaps"
AgTaPbZrO6,4.43593134,,Ag,Pb,Ta,Zr,O,,DFT_GLLBSC_gap,GLLB-SC,fundamental_quasiparticle,oxide_double_perovskite_absorber,A2BBprimeO6_oxide_double_perovskite,absorber_only,10.1038/srep19375,"Pilania et al. Sci Rep 6, 19375 (2016) — GLLB-SC double perovskite gaps"
AgTaRbNbO6,3.372019754,,Ag,Rb,Ta,Nb,O,,DFT_GLLBSC_gap,GLLB-SC,fundamental_quasiparticle,oxide_double_perovskite_absorber,A2BBprimeO6_oxide_double_perovskite,absorber_only,10.1038/srep19375,"Pilania et al. Sci Rep 6, 19375 (2016) — GLLB-SC double perovskite gaps"
AgTaSnHfO6,3.676099376,,Ag,Sn,Ta,Hf,O,,DFT_GLLBSC_gap,GLLB-SC,fundamental_quasiparticle,oxide_double_perovskite_absorber,A2BBprimeO6_oxide_double_perovskite,absorber_only,10.1038/srep19375,"Pilania et al. Sci Rep 6, 19375 (2016) — GLLB-SC double perovskite gaps"
AgTaSnTiO6,3.280047217,,Ag,Sn,Ta,Ti,O,,DFT_GLLBSC_gap,GLLB-SC,fundamental_quasiparticle,oxide_double_perovskite_absorber,A2BBprimeO6_oxide_double_perovskite,absorber_only,10.1038/srep19375,"Pilania et al. Sci Rep 6, 19375 (2016) — GLLB-SC double perovskite gaps"
AgTaSnZrO6,3.671961049,,Ag,Sn,Ta,Zr,O,,DFT_GLLBSC_gap,GLLB-SC,fundamental_quasiparticle,oxide_double_perovskite_absorber,A2BBprimeO6_oxide_double_perovskite,absorber_only,10.1038/srep19375,"Pilania et al. Sci Rep 6, 19375 (2016) — GLLB-SC double perovskite gaps"
AgTaSrGeO6,4.544428383,,Ag,Sr,Ta,Ge,O,,DFT_GLLBSC_gap,GLLB-SC,fundamental_quasiparticle,oxide_double_perovskite_absorber,A2BBprimeO6_oxide_double_perovskite,absorber_only,10.1038/srep19375,"Pilania et al. Sci Rep 6, 19375 (2016) — GLLB-SC double perovskite gaps"
AgTaSrSiO6,4.692218139,,Ag,Sr,Ta,Si,O,,DFT_GLLBSC_gap,GLLB-SC,fundamental_quasiparticle,oxide_double_perovskite_absorber,A2BBprimeO6_oxide_double_perovskite,absorber_only,10.1038/srep19375,"Pilania et al. Sci Rep 6, 19375 (2016) — GLLB-SC double perovskite gaps"
AgTaSrSnO6,4.170643623,,Ag,Sr,Ta,Sn,O,,DFT_GLLBSC_gap,GLLB-SC,fundamental_quasiparticle,oxide_double_perovskite_absorber,A2BBprimeO6_oxide_double_perovskite,absorber_only,10.1038/srep19375,"Pilania et al. Sci Rep 6, 19375 (2016) — GLLB-SC double perovskite gaps"
AgTaSrTiO6,3.79098509,,Ag,Sr,Ta,Ti,O,,DFT_GLLBSC_gap,GLLB-SC,fundamental_quasiparticle,oxide_double_perovskite_absorber,A2BBprimeO6_oxide_double_perovskite,absorber_only,10.1038/srep19375,"Pilania et al. Sci Rep 6, 19375 (2016) — GLLB-SC double perovskite gaps"
AgTaTlNbO6,1.792464465,,Ag,Tl,Ta,Nb,O,,DFT_GLLBSC_gap,GLLB-SC,fundamental_quasiparticle,oxide_double_perovskite_absorber,A2BBprimeO6_oxide_double_perovskite,absorber_only,10.1038/srep19375,"Pilania et al. Sci Rep 6, 19375 (2016) — GLLB-SC double perovskite gaps"
AgTaYAlO6,4.914572548,,Ag,Y,Ta,Al,O,,DFT_GLLBSC_gap,GLLB-SC,fundamental_quasiparticle,oxide_double_perovskite_absorber,A2BBprimeO6_oxide_double_perovskite,absorber_only,10.1038/srep19375,"Pilania et al. Sci Rep 6, 19375 (2016) — GLLB-SC double perovskite gaps"
BaHfAgNbO6,4.078047088,,Ba,Ag,Hf,Nb,O,,DFT_GLLBSC_gap,GLLB-SC,fundamental_quasiparticle,oxide_double_perovskite_absorber,A2BBprimeO6_oxide_double_perovskite,absorber_only,10.1038/srep19375,"Pilania et al. Sci Rep 6, 19375 (2016) — GLLB-SC double perovskite gaps"
BaHfAgTaO6,4.189891965,,Ba,Ag,Hf,Ta,O,,DFT_GLLBSC_gap,GLLB-SC,fundamental_quasiparticle,oxide_double_perovskite_absorber,A2BBprimeO6_oxide_double_perovskite,absorber_only,10.1038/srep19375,"Pilania et al. Sci Rep 6, 19375 (2016) — GLLB-SC double perovskite gaps"
BaHfBaSnO6,6.081554918,,Ba,Ba,Hf,Sn,O,,DFT_GLLBSC_gap,GLLB-SC,fundamental_quasiparticle,oxide_double_perovskite_absorber,A2BBprimeO6_oxide_double_perovskite,absorber_only,10.1038/srep19375,"Pilania et al. Sci Rep 6, 19375 (2016) — GLLB-SC double perovskite gaps"
BaHfBaTiO6,4.617955975,,Ba,Ba,Hf,Ti,O,,DFT_GLLBSC_gap,GLLB-SC,fundamental_quasiparticle,oxide_double_perovskite_absorber,A2BBprimeO6_oxide_double_perovskite,absorber_only,10.1038/srep19375,"Pilania et al. Sci Rep 6, 19375 (2016) — GLLB-SC double perovskite gaps"
BaHfBaZrO6,6.343123966,,Ba,Ba,Hf,Zr,O,,DFT_GLLBSC_gap,GLLB-SC,fundamental_quasiparticle,oxide_double_perovskite_absorber,A2BBprimeO6_oxide_double_perovskite,absorber_only,10.1038/srep19375,"Pilania et al. Sci Rep 6, 19375 (2016) — GLLB-SC double perovskite gaps"
BaHfCaGeO6,6.350080917,,Ba,Ca,Hf,Ge,O,,DFT_GLLBSC_gap,GLLB-SC,fundamental_quasiparticle,oxide_double_perovskite_absorber,A2BBprimeO6_oxide_double_perovskite,absorber_only,10.1038/srep19375,"Pilania et al. Sci Rep 6, 19375 (2016) — GLLB-SC double perovskite gaps"
BaHfCaHfO6,7.105780282,,Ba,Ca,Hf,Hf,O,,DFT_GLLBSC_gap,GLLB-SC,fundamental_quasiparticle,oxide_double_perovskite_absorber,A2BBprimeO6_oxide_double_perovskite,absorber_only,10.1038/srep19375,"Pilania et al. Sci Rep 6, 19375 (2016) — GLLB-SC double perovskite gaps"
BaHfCaSiO6,7.124555422,,Ba,Ca,Hf,Si,O,,DFT_GLLBSC_gap,GLLB-SC,fundamental_quasiparticle,oxide_double_perovskite_absorber,A2BBprimeO6_oxide_double_perovskite,absorber_only,10.1038/srep19375,"Pilania et al. Sci Rep 6, 19375 (2016) — GLLB-SC double perovskite gaps"
BaHfCaSnO6,6.149864419,,Ba,Ca,Hf,Sn,O,,DFT_GLLBSC_gap,GLLB-SC,fundamental_quasiparticle,oxide_double_perovskite_absorber,A2BBprimeO6_oxide_double_perovskite,absorber_only,10.1038/srep19375,"Pilania et al. Sci Rep 6, 19375 (2016) — GLLB-SC double perovskite gaps"
BaHfCaTiO6,4.881718641,,Ba,Ca,Hf,Ti,O,,DFT_GLLBSC_gap,GLLB-SC,fundamental_quasiparticle,oxide_double_perovskite_absorber,A2BBprimeO6_oxide_double_perovskite,absorber_only,10.1038/srep19375,"Pilania et al. Sci Rep 6, 19375 (2016) — GLLB-SC double perovskite gaps"
BaHfCaZrO6,6.793831407,,Ba,Ca,Hf,Zr,O,,DFT_GLLBSC_gap,GLLB-SC,fundamental_quasiparticle,oxide_double_perovskite_absorber,A2BBprimeO6_oxide_double_perovskite,absorber_only,10.1038/srep19375,"Pilania et al. Sci Rep 6, 19375 (2016) — GLLB-SC double perovskite gaps"
BaHfCsNbO6,4.17192157,,Ba,Cs,Hf,Nb,O,,DFT_GLLBSC_gap,GLLB-SC,fundamental_quasiparticle,oxide_double_perovskite_absorber,A2BBprimeO6_oxide_double_perovskite,absorber_only,10.1038/srep19375,"Pilania et al. Sci Rep 6, 19375 (2016) — GLLB-SC double perovskite gaps"
BaHfCsTaO6,4.954141388,,Ba,Cs,Hf,Ta,O,,DFT_GLLBSC_gap,GLLB-SC,fundamental_quasiparticle,oxide_double_perovskite_absorber,A2BBprimeO6_oxide_double_perovskite,absorber_only,10.1038/srep19375,"Pilania et al. Sci Rep 6, 19375 (2016) — GLLB-SC double perovskite gaps"
BaHfCsVO6,2.024082776,,Ba,Cs,Hf,V,O,,DFT_GLLBSC_gap,GLLB-SC,fundamental_quasiparticle,oxide_double_perovskite_absorber,A2BBprimeO6_oxide_double_perovskite,absorber_only,10.1038/srep19375,"Pilania et al. Sci Rep 6, 19375 (2016) — GLLB-SC double perovskite gaps"
BaHfGaNbO6,2.740038109,,Ba,Ga,Hf,Nb,O,,DFT_GLLBSC_gap,GLLB-SC,fundamental_quasiparticle,oxide_double_perovskite_absorber,A2BBprimeO6_oxide_double_perovskite,absorber_only,10.1038/srep19375,"Pilania et al. Sci Rep 6, 19375 (2016) — GLLB-SC double perovskite gaps"
BaHfGaTaO6,3.468891843,,Ba,Ga,Hf,Ta,O,,DFT_GLLBSC_gap,GLLB-SC,fundamental_quasiparticle,oxide_double_perovskite_absorber,A2BBprimeO6_oxide_double_perovskite,absorber_only,10.1038/srep19375,"Pilania et al. Sci Rep 6, 19375 (2016) — GLLB-SC double perovskite gaps"
BaHfInNbO6,1.490876326,,Ba,In,Hf,Nb,O,,DFT_GLLBSC_gap,GLLB-SC,fundamental_quasiparticle,oxide_double_perovskite_absorber,A2BBprimeO6_oxide_double_perovskite,absorber_only,10.1038/srep19375,"Pilania et al. Sci Rep 6, 19375 (2016) — GLLB-SC double perovskite gaps"
BaHfInTaO6,2.148573734,,Ba,In,Hf,Ta,O,,DFT_GLLBSC_gap,GLLB-SC,fundamental_quasiparticle,oxide_double_perovskite_absorber,A2BBprimeO6_oxide_double_perovskite,absorber_only,10.1038/srep19375,"Pilania et al. Sci Rep 6, 19375 (2016) — GLLB-SC double perovskite gaps"
BaHfKNbO6,4.237405144,,Ba,K,Hf,Nb,O,,DFT_GLLBSC_gap,GLLB-SC,fundamental_quasiparticle,oxide_double_perovskite_absorber,A2BBprimeO6_oxide_double_perovskite,absorber_only,10.1038/srep19375,"Pilania et al. Sci Rep 6, 19375 (2016) — GLLB-SC double perovskite gaps"
BaHfKSbO6,5.319984256,,Ba,K,Hf,Sb,O,,DFT_GLLBSC_gap,GLLB-SC,fundamental_quasiparticle,oxide_double_perovskite_absorber,A2BBprimeO6_oxide_double_perovskite,absorber_only,10.1038/srep19375,"Pilania et al. Sci Rep 6, 19375 (2016) — GLLB-SC double perovskite gaps"
BaHfKTaO6,5.043565766,,Ba,K,Hf,Ta,O,,DFT_GLLBSC_gap,GLLB-SC,fundamental_quasiparticle,oxide_double_perovskite_absorber,A2BBprimeO6_oxide_double_perovskite,absorber_only,10.1038/srep19375,"Pilania et al. Sci Rep 6, 19375 (2016) — GLLB-SC double perovskite gaps"
BaHfLaAlO6,6.842296397,,Ba,La,Hf,Al,O,,DFT_GLLBSC_gap,GLLB-SC,fundamental_quasiparticle,oxide_double_perovskite_absorber,A2BBprimeO6_oxide_double_perovskite,absorber_only,10.1038/srep19375,"Pilania et al. Sci Rep 6, 19375 (2016) — GLLB-SC double perovskite gaps"
BaHfLaGaO6,7.087096038,,Ba,La,Hf,Ga,O,,DFT_GLLBSC_gap,GLLB-SC,fundamental_quasiparticle,oxide_double_perovskite_absorber,A2BBprimeO6_oxide_double_perovskite,absorber_only,10.1038/srep19375,"Pilania et al. Sci Rep 6, 19375 (2016) — GLLB-SC double perovskite gaps"
BaHfLaInO6,6.388361955,,Ba,La,Hf,In,O,,DFT_GLLBSC_gap,GLLB-SC,fundamental_quasiparticle,oxide_double_perovskite_absorber,A2BBprimeO6_oxide_double_perovskite,absorber_only,10.1038/srep19375,"Pilania et al. Sci Rep 6, 19375 (2016) — GLLB-SC double perovskite gaps"
BaHfLaScO6,7.259237807,,Ba,La,Hf,Sc,O,,DFT_GLLBSC_gap,GLLB-SC,fundamental_quasiparticle,oxide_double_perovskite_absorber,A2BBprimeO6_oxide_double_perovskite,absorber_only,10.1038/srep19375,"Pilania et al. Sci Rep 6, 19375 (2016) — GLLB-SC double perovskite gaps"
BaHfLiNbO6,4.346862988,,Ba,Li,Hf,Nb,O,,DFT_GLLBSC_gap,GLLB-SC,fundamental_quasiparticle,oxide_double_perovskite_absorber,A2BBprimeO6_oxide_double_perovskite,absorber_only,10.1038/srep19375,"Pilania et al. Sci Rep 6, 19375 (2016) — GLLB-SC double perovskite gaps"
BaHfLiTaO6,5.156989314,,Ba,Li,Hf,Ta,O,,DFT_GLLBSC_gap,GLLB-SC,fundamental_quasiparticle,oxide_double_perovskite_absorber,A2BBprimeO6_oxide_double_perovskite,absorber_only,10.1038/srep19375,"Pilania et al. Sci Rep 6, 19375 (2016) — GLLB-SC double perovskite gaps"
BaHfLiVO6,1.950932284,,Ba,Li,Hf,V,O,,DFT_GLLBSC_gap,GLLB-SC,fundamental_quasiparticle,oxide_double_perovskite_absorber,A2BBprimeO6_oxide_double_perovskite,absorber_only,10.1038/srep19375,"Pilania et al. Sci Rep 6, 19375 (2016) — GLLB-SC double perovskite gaps"
BaHfMgTiO6,5.157325978,,Ba,Mg,Hf,Ti,O,,DFT_GLLBSC_gap,GLLB-SC,fundamental_quasiparticle,oxide_double_perovskite_absorber,A2BBprimeO6_oxide_double_perovskite,absorber_only,10.1038/srep19375,"Pilania et al. Sci Rep 6, 19375 (2016) — GLLB-SC double perovskite gaps"
BaHfMgZrO6,7.180769915,,Ba,Mg,Hf,Zr,O,,DFT_GLLBSC_gap,GLLB-SC,fundamental_quasiparticle,oxide_double_perovskite_absorber,A2BBprimeO6_oxide_double_perovskite,absorber_only,10.1038/srep19375,"Pilania et al. Sci Rep 6, 19375 (2016) — GLLB-SC double perovskite gaps"
BaHfNaNbO6,4.323594526,,Ba,Na,Hf,Nb,O,,DFT_GLLBSC_gap,GLLB-SC,fundamental_quasiparticle,oxide_double_perovskite_absorber,A2BBprimeO6_oxide_double_perovskite,absorber_only,10.1038/srep19375,"Pilania et al. Sci Rep 6, 19375 (2016) — GLLB-SC double perovskite gaps"
BaHfNaSbO6,5.605111851,,Ba,Na,Hf,Sb,O,,DFT_GLLBSC_gap,GLLB-SC,fundamental_quasiparticle,oxide_double_perovskite_absorber,A2BBprimeO6_oxide_double_perovskite,absorber_only,10.1038/srep19375,"Pilania et al. Sci Rep 6, 19375 (2016) — GLLB-SC double perovskite gaps"
BaHfNaTaO6,5.133972612,,Ba,Na,Hf,Ta,O,,DFT_GLLBSC_gap,GLLB-SC,fundamental_quasiparticle,oxide_double_perovskite_absorber,A2BBprimeO6_oxide_double_perovskite,absorber_only,10.1038/srep19375,"Pilania et al. Sci Rep 6, 19375 (2016) — GLLB-SC double perovskite gaps"
BaHfNaVO6,1.943310423,,Ba,Na,Hf,V,O,,DFT_GLLBSC_gap,GLLB-SC,fundamental_quasiparticle,oxide_double_perovskite_absorber,A2BBprimeO6_oxide_double_perovskite,absorber_only,10.1038/srep19375,"Pilania et al. Sci Rep 6, 19375 (2016) — GLLB-SC double perovskite gaps"
BaHfPbHfO6,5.861282859,,Ba,Pb,Hf,Hf,O,,DFT_GLLBSC_gap,GLLB-SC,fundamental_quasiparticle,oxide_double_perovskite_absorber,A2BBprimeO6_oxide_double_perovskite,absorber_only,10.1038/srep19375,"Pilania et al. Sci Rep 6, 19375 (2016) — GLLB-SC double perovskite gaps"
BaHfPbTiO6,4.716210837,,Ba,Pb,Hf,Ti,O,,DFT_GLLBSC_gap,GLLB-SC,fundamental_quasiparticle,oxide_double_perovskite_absorber,A2BBprimeO6_oxide_double_perovskite,absorber_only,10.1038/srep19375,"Pilania et al. Sci Rep 6, 19375 (2016) — GLLB-SC double perovskite gaps"
BaHfPbZrO6,5.798471802,,Ba,Pb,Hf,Zr,O,,DFT_GLLBSC_gap,GLLB-SC,fundamental_quasiparticle,oxide_double_perovskite_absorber,A2BBprimeO6_oxide_double_perovskite,absorber_only,10.1038/srep19375,"Pilania et al. Sci Rep 6, 19375 (2016) — GLLB-SC double perovskite gaps"
BaHfRbNbO6,4.19891716,,Ba,Rb,Hf,Nb,O,,DFT_GLLBSC_gap,GLLB-SC,fundamental_quasiparticle,oxide_double_perovskite_absorber,A2BBprimeO6_oxide_double_perovskite,absorber_only,10.1038/srep19375,"Pilania et al. Sci Rep 6, 19375 (2016) — GLLB-SC double perovskite gaps"
BaHfRbTaO6,4.999203073,,Ba,Rb,Hf,Ta,O,,DFT_GLLBSC_gap,GLLB-SC,fundamental_quasiparticle,oxide_double_perovskite_absorber,A2BBprimeO6_oxide_double_perovskite,absorber_only,10.1038/srep19375,"Pilania et al. Sci Rep 6, 19375 (2016) — GLLB-SC double perovskite gaps"
BaHfSnHfO6,5.154654591,,Ba,Sn,Hf,Hf,O,,DFT_GLLBSC_gap,GLLB-SC,fundamental_quasiparticle,oxide_double_perovskite_absorber,A2BBprimeO6_oxide_double_perovskite,absorber_only,10.1038/srep19375,"Pilania et al. Sci Rep 6, 19375 (2016) — GLLB-SC double perovskite gaps"
BaHfSnTiO6,4.117831884,,Ba,Sn,Hf,Ti,O,,DFT_GLLBSC_gap,GLLB-SC,fundamental_quasiparticle,oxide_double_perovskite_absorber,A2BBprimeO6_oxide_double_perovskite,absorber_only,10.1038/srep19375,"Pilania et al. Sci Rep 6, 19375 (2016) — GLLB-SC double perovskite gaps"
BaHfSnZrO6,5.129260058,,Ba,Sn,Hf,Zr,O,,DFT_GLLBSC_gap,GLLB-SC,fundamental_quasiparticle,oxide_double_perovskite_absorber,A2BBprimeO6_oxide_double_perovskite,absorber_only,10.1038/srep19375,"Pilania et al. Sci Rep 6, 19375 (2016) — GLLB-SC double perovskite gaps"
BaHfSrGeO6,6.108099686,,Ba,Sr,Hf,Ge,O,,DFT_GLLBSC_gap,GLLB-SC,fundamental_quasiparticle,oxide_double_perovskite_absorber,A2BBprimeO6_oxide_double_perovskite,absorber_only,10.1038/srep19375,"Pilania et al. Sci Rep 6, 19375 (2016) — GLLB-SC double perovskite gaps"
BaHfSrHfO6,6.703417504,,Ba,Sr,Hf,Hf,O,,DFT_GLLBSC_gap,GLLB-SC,fundamental_quasiparticle,oxide_double_perovskite_absorber,A2BBprimeO6_oxide_double_perovskite,absorber_only,10.1038/srep19375,"Pilania et al. Sci Rep 6, 19375 (2016) — GLLB-SC double perovskite gaps"
BaHfSrSiO6,7.100622387,,Ba,Sr,Hf,Si,O,,DFT_GLLBSC_gap,GLLB-SC,fundamental_quasiparticle,oxide_double_perovskite_absorber,A2BBprimeO6_oxide_double_perovskite,absorber_only,10.1038/srep19375,"Pilania et al. Sci Rep 6, 19375 (2016) — GLLB-SC double perovskite gaps"
BaHfSrSnO6,6.260326191,,Ba,Sr,Hf,Sn,O,,DFT_GLLBSC_gap,GLLB-SC,fundamental_quasiparticle,oxide_double_perovskite_absorber,A2BBprimeO6_oxide_double_perovskite,absorber_only,10.1038/srep19375,"Pilania et al. Sci Rep 6, 19375 (2016) — GLLB-SC double perovskite gaps"
BaHfSrTiO6,4.711382223,,Ba,Sr,Hf,Ti,O,,DFT_GLLBSC_gap,GLLB-SC,fundamental_quasiparticle,oxide_double_perovskite_absorber,A2BBprimeO6_oxide_double_perovskite,absorber_only,10.1038/srep19375,"Pilania et al. Sci Rep 6, 19375 (2016) — GLLB-SC double perovskite gaps"
BaHfSrZrO6,6.459329422,,Ba,Sr,Hf,Zr,O,,DFT_GLLBSC_gap,GLLB-SC,fundamental_quasiparticle,oxide_double_perovskite_absorber,A2BBprimeO6_oxide_double_perovskite,absorber_only,10.1038/srep19375,"Pilania et al. Sci Rep 6, 19375 (2016) — GLLB-SC double perovskite gaps"
BaHfTlNbO6,2.787349496,,Ba,Tl,Hf,Nb,O,,DFT_GLLBSC_gap,GLLB-SC,fundamental_quasiparticle,oxide_double_perovskite_absorber,A2BBprimeO6_oxide_double_perovskite,absorber_only,10.1038/srep19375,"Pilania et al. Sci Rep 6, 19375 (2016) — GLLB-SC double perovskite gaps"
BaHfTlTaO6,3.519530094,,Ba,Tl,Hf,Ta,O,,DFT_GLLBSC_gap,GLLB-SC,fundamental_quasiparticle,oxide_double_perovskite_absorber,A2BBprimeO6_oxide_double_perovskite,absorber_only,10.1038/srep19375,"Pilania et al. Sci Rep 6, 19375 (2016) — GLLB-SC double perovskite gaps"
BaHfYAlO6,7.467627553,,Ba,Y,Hf,Al,O,,DFT_GLLBSC_gap,GLLB-SC,fundamental_quasiparticle,oxide_double_perovskite_absorber,A2BBprimeO6_oxide_double_perovskite,absorber_only,10.1038/srep19375,"Pilania et al. Sci Rep 6, 19375 (2016) — GLLB-SC double perovskite gaps"
BaSnAgNbO6,4.196255316,,Ba,Ag,Sn,Nb,O,,DFT_GLLBSC_gap,GLLB-SC,fundamental_quasiparticle,oxide_double_perovskite_absorber,A2BBprimeO6_oxide_double_perovskite,absorber_only,10.1038/srep19375,"Pilania et al. Sci Rep 6, 19375 (2016) — GLLB-SC double perovskite gaps"
BaSnBaTiO6,4.610173391,,Ba,Ba,Sn,Ti,O,,DFT_GLLBSC_gap,GLLB-SC,fundamental_quasiparticle,oxide_double_perovskite_absorber,A2BBprimeO6_oxide_double_perovskite,absorber_only,10.1038/srep19375,"Pilania et al. Sci Rep 6, 19375 (2016) — GLLB-SC double perovskite gaps"
BaSnCaGeO6,2.613094084,,Ba,Ca,Sn,Ge,O,,DFT_GLLBSC_gap,GLLB-SC,fundamental_quasiparticle,oxide_double_perovskite_absorber,A2BBprimeO6_oxide_double_perovskite,absorber_only,10.1038/srep19375,"Pilania et al. Sci Rep 6, 19375 (2016) — GLLB-SC double perovskite gaps"
BaSnCaSiO6,3.328665599,,Ba,Ca,Sn,Si,O,,DFT_GLLBSC_gap,GLLB-SC,fundamental_quasiparticle,oxide_double_perovskite_absorber,A2BBprimeO6_oxide_double_perovskite,absorber_only,10.1038/srep19375,"Pilania et al. Sci Rep 6, 19375 (2016) — GLLB-SC double perovskite gaps"
BaSnCaSnO6,3.237558695,,Ba,Ca,Sn,Sn,O,,DFT_GLLBSC_gap,GLLB-SC,fundamental_quasiparticle,oxide_double_perovskite_absorber,A2BBprimeO6_oxide_double_perovskite,absorber_only,10.1038/srep19375,"Pilania et al. Sci Rep 6, 19375 (2016) — GLLB-SC double perovskite gaps"
BaSnCaTiO6,4.634935362,,Ba,Ca,Sn,Ti,O,,DFT_GLLBSC_gap,GLLB-SC,fundamental_quasiparticle,oxide_double_perovskite_absorber,A2BBprimeO6_oxide_double_perovskite,absorber_only,10.1038/srep19375,"Pilania et al. Sci Rep 6, 19375 (2016) — GLLB-SC double perovskite gaps"
BaSnLaAlO6,5.229700982,,Ba,La,Sn,Al,O,,DFT_GLLBSC_gap,GLLB-SC,fundamental_quasiparticle,oxide_double_perovskite_absorber,A2BBprimeO6_oxide_double_perovskite,absorber_only,10.1038/srep19375,"Pilania et al. Sci Rep 6, 19375 (2016) — GLLB-SC double perovskite gaps"
BaSnLaGaO6,3.753770355,,Ba,La,Sn,Ga,O,,DFT_GLLBSC_gap,GLLB-SC,fundamental_quasiparticle,oxide_double_perovskite_absorber,A2BBprimeO6_oxide_double_perovskite,absorber_only,10.1038/srep19375,"Pilania et al. Sci Rep 6, 19375 (2016) — GLLB-SC double perovskite gaps"
BaSnLaInO6,3.824912325,,Ba,La,Sn,In,O,,DFT_GLLBSC_gap,GLLB-SC,fundamental_quasiparticle,oxide_double_perovskite_absorber,A2BBprimeO6_oxide_double_perovskite,absorber_only,10.1038/srep19375,"Pilania et al. Sci Rep 6, 19375 (2016) — GLLB-SC double perovskite gaps"
BaSnLiNbO6,4.985344912,,Ba,Li,Sn,Nb,O,,DFT_GLLBSC_gap,GLLB-SC,fundamental_quasiparticle,oxide_double_perovskite_absorber,A2BBprimeO6_oxide_double_perovskite,absorber_only,10.1038/srep19375,"Pilania et al. Sci Rep 6, 19375 (2016) — GLLB-SC double perovskite gaps"
BaSnLiVO6,2.187158914,,Ba,Li,Sn,V,O,,DFT_GLLBSC_gap,GLLB-SC,fundamental_quasiparticle,oxide_double_perovskite_absorber,A2BBprimeO6_oxide_double_perovskite,absorber_only,10.1038/srep19375,"Pilania et al. Sci Rep 6, 19375 (2016) — GLLB-SC double perovskite gaps"
BaSnMgTiO6,4.682433617,,Ba,Mg,Sn,Ti,O,,DFT_GLLBSC_gap,GLLB-SC,fundamental_quasiparticle,oxide_double_perovskite_absorber,A2BBprimeO6_oxide_double_perovskite,absorber_only,10.1038/srep19375,"Pilania et al. Sci Rep 6, 19375 (2016) — GLLB-SC double perovskite gaps"
BaSnMgZrO6,5.534709008,,Ba,Mg,Sn,Zr,O,,DFT_GLLBSC_gap,GLLB-SC,fundamental_quasiparticle,oxide_double_perovskite_absorber,A2BBprimeO6_oxide_double_perovskite,absorber_only,10.1038/srep19375,"Pilania et al. Sci Rep 6, 19375 (2016) — GLLB-SC double perovskite gaps"
BaSnNaNbO6,4.950429901,,Ba,Na,Sn,Nb,O,,DFT_GLLBSC_gap,GLLB-SC,fundamental_quasiparticle,oxide_double_perovskite_absorber,A2BBprimeO6_oxide_double_perovskite,absorber_only,10.1038/srep19375,"Pilania et al. Sci Rep 6, 19375 (2016) — GLLB-SC double perovskite gaps"
BaSnNaSbO6,1.584677745,,Ba,Na,Sn,Sb,O,,DFT_GLLBSC_gap,GLLB-SC,fundamental_quasiparticle,oxide_double_perovskite_absorber,A2BBprimeO6_oxide_double_perovskite,absorber_only,10.1038/srep19375,"Pilania et al. Sci Rep 6, 19375 (2016) — GLLB-SC double perovskite gaps"
BaSnNaVO6,2.182041303,,Ba,Na,Sn,V,O,,DFT_GLLBSC_gap,GLLB-SC,fundamental_quasiparticle,oxide_double_perovskite_absorber,A2BBprimeO6_oxide_double_perovskite,absorber_only,10.1038/srep19375,"Pilania et al. Sci Rep 6, 19375 (2016) — GLLB-SC double perovskite gaps"
BaSnSnTiO6,4.156500556,,Ba,Sn,Sn,Ti,O,,DFT_GLLBSC_gap,GLLB-SC,fundamental_quasiparticle,oxide_double_perovskite_absorber,A2BBprimeO6_oxide_double_perovskite,absorber_only,10.1038/srep19375,"Pilania et al. Sci Rep 6, 19375 (2016) — GLLB-SC double perovskite gaps"
BaSnSrGeO6,1.902720005,,Ba,Sr,Sn,Ge,O,,DFT_GLLBSC_gap,GLLB-SC,fundamental_quasiparticle,oxide_double_perovskite_absorber,A2BBprimeO6_oxide_double_perovskite,absorber_only,10.1038/srep19375,"Pilania et al. Sci Rep 6, 19375 (2016) — GLLB-SC double perovskite gaps"
BaSnSrSiO6,3.060194418,,Ba,Sr,Sn,Si,O,,DFT_GLLBSC_gap,GLLB-SC,fundamental_quasiparticle,oxide_double_perovskite_absorber,A2BBprimeO6_oxide_double_perovskite,absorber_only,10.1038/srep19375,"Pilania et al. Sci Rep 6, 19375 (2016) — GLLB-SC double perovskite gaps"
BaSnSrSnO6,2.664761815,,Ba,Sr,Sn,Sn,O,,DFT_GLLBSC_gap,GLLB-SC,fundamental_quasiparticle,oxide_double_perovskite_absorber,A2BBprimeO6_oxide_double_perovskite,absorber_only,10.1038/srep19375,"Pilania et al. Sci Rep 6, 19375 (2016) — GLLB-SC double perovskite gaps"
BaSnSrTiO6,4.845106688,,Ba,Sr,Sn,Ti,O,,DFT_GLLBSC_gap,GLLB-SC,fundamental_quasiparticle,oxide_double_perovskite_absorber,A2BBprimeO6_oxide_double_perovskite,absorber_only,10.1038/srep19375,"Pilania et al. Sci Rep 6, 19375 (2016) — GLLB-SC double perovskite gaps"
BaTiAgNbO6,3.238934908,,Ba,Ag,Ti,Nb,O,,DFT_GLLBSC_gap,GLLB-SC,fundamental_quasiparticle,oxide_double_perovskite_absorber,A2BBprimeO6_oxide_double_perovskite,absorber_only,10.1038/srep19375,"Pilania et al. Sci Rep 6, 19375 (2016) — GLLB-SC double perovskite gaps"
BaTiCaGeO6,4.544465349,,Ba,Ca,Ti,Ge,O,,DFT_GLLBSC_gap,GLLB-SC,fundamental_quasiparticle,oxide_double_perovskite_absorber,A2BBprimeO6_oxide_double_perovskite,absorber_only,10.1038/srep19375,"Pilania et al. Sci Rep 6, 19375 (2016) — GLLB-SC double perovskite gaps"
BaTiCaSiO6,4.314413855,,Ba,Ca,Ti,Si,O,,DFT_GLLBSC_gap,GLLB-SC,fundamental_quasiparticle,oxide_double_perovskite_absorber,A2BBprimeO6_oxide_double_perovskite,absorber_only,10.1038/srep19375,"Pilania et al. Sci Rep 6, 19375 (2016) — GLLB-SC double perovskite gaps"
BaTiCaSnO6,4.63511974,,Ba,Ca,Ti,Sn,O,,DFT_GLLBSC_gap,GLLB-SC,fundamental_quasiparticle,oxide_double_perovskite_absorber,A2BBprimeO6_oxide_double_perovskite,absorber_only,10.1038/srep19375,"Pilania et al. Sci Rep 6, 19375 (2016) — GLLB-SC double perovskite gaps"
BaTiCaTiO6,3.834829908,,Ba,Ca,Ti,Ti,O,,DFT_GLLBSC_gap,GLLB-SC,fundamental_quasiparticle,oxide_double_perovskite_absorber,A2BBprimeO6_oxide_double_perovskite,absorber_only,10.1038/srep19375,"Pilania et al. Sci Rep 6, 19375 (2016) — GLLB-SC double perovskite gaps"
BaTiCsNbO6,3.933396345,,Ba,Cs,Ti,Nb,O,,DFT_GLLBSC_gap,GLLB-SC,fundamental_quasiparticle,oxide_double_perovskite_absorber,A2BBprimeO6_oxide_double_perovskite,absorber_only,10.1038/srep19375,"Pilania et al. Sci Rep 6, 19375 (2016) — GLLB-SC double perovskite gaps"
BaTiCsVO6,2.387688728,,Ba,Cs,Ti,V,O,,DFT_GLLBSC_gap,GLLB-SC,fundamental_quasiparticle,oxide_double_perovskite_absorber,A2BBprimeO6_oxide_double_perovskite,absorber_only,10.1038/srep19375,"Pilania et al. Sci Rep 6, 19375 (2016) — GLLB-SC double perovskite gaps"
BaTiLaAlO6,4.924750863,,Ba,La,Ti,Al,O,,DFT_GLLBSC_gap,GLLB-SC,fundamental_quasiparticle,oxide_double_perovskite_absorber,A2BBprimeO6_oxide_double_perovskite,absorber_only,10.1038/srep19375,"Pilania et al. Sci Rep 6, 19375 (2016) — GLLB-SC double perovskite gaps"
BaTiLaGaO6,5.227039321,,Ba,La,Ti,Ga,O,,DFT_GLLBSC_gap,GLLB-SC,fundamental_quasiparticle,oxide_double_perovskite_absorber,A2BBprimeO6_oxide_double_perovskite,absorber_only,10.1038/srep19375,"Pilania et al. Sci Rep 6, 19375 (2016) — GLLB-SC double perovskite gaps"
BaTiLaInO6,5.084089538,,Ba,La,Ti,In,O,,DFT_GLLBSC_gap,GLLB-SC,fundamental_quasiparticle,oxide_double_perovskite_absorber,A2BBprimeO6_oxide_double_perovskite,absorber_only,10.1038/srep19375,"Pilania et al. Sci Rep 6, 19375 (2016) — GLLB-SC double perovskite gaps"
BaTiLiNbO6,3.463015828,,Ba,Li,Ti,Nb,O,,DFT_GLLBSC_gap,GLLB-SC,fundamental_quasiparticle,oxide_double_perovskite_absorber,A2BBprimeO6_oxide_double_perovskite,absorber_only,10.1038/srep19375,"Pilania et al. Sci Rep 6, 19375 (2016) — GLLB-SC double perovskite gaps"
BaTiLiVO6,2.517040515,,Ba,Li,Ti,V,O,,DFT_GLLBSC_gap,GLLB-SC,fundamental_quasiparticle,oxide_double_perovskite_absorber,A2BBprimeO6_oxide_double_perovskite,absorber_only,10.1038/srep19375,"Pilania et al. Sci Rep 6, 19375 (2016) — GLLB-SC double perovskite gaps"
BaTiMgTiO6,4.287310033,,Ba,Mg,Ti,Ti,O,,DFT_GLLBSC_gap,GLLB-SC,fundamental_quasiparticle,oxide_double_perovskite_absorber,A2BBprimeO6_oxide_double_perovskite,absorber_only,10.1038/srep19375,"Pilania et al. Sci Rep 6, 19375 (2016) — GLLB-SC double perovskite gaps"
BaTiMgZrO6,5.285884852,,Ba,Mg,Ti,Zr,O,,DFT_GLLBSC_gap,GLLB-SC,fundamental_quasiparticle,oxide_double_perovskite_absorber,A2BBprimeO6_oxide_double_perovskite,absorber_only,10.1038/srep19375,"Pilania et al. Sci Rep 6, 19375 (2016) — GLLB-SC double perovskite gaps"
BaTiNaNbO6,3.438581234,,Ba,Na,Ti,Nb,O,,DFT_GLLBSC_gap,GLLB-SC,fundamental_quasiparticle,oxide_double_perovskite_absorber,A2BBprimeO6_oxide_double_perovskite,absorber_only,10.1038/srep19375,"Pilania et al. Sci Rep 6, 19375 (2016) — GLLB-SC double perovskite gaps"
BaTiNaSbO6,3.997105561,,Ba,Na,Ti,Sb,O,,DFT_GLLBSC_gap,GLLB-SC,fundamental_quasiparticle,oxide_double_perovskite_absorber,A2BBprimeO6_oxide_double_perovskite,absorber_only,10.1038/srep19375,"Pilania et al. Sci Rep 6, 19375 (2016) — GLLB-SC double perovskite gaps"
BaTiNaVO6,2.180167758,,Ba,Na,Ti,V,O,,DFT_GLLBSC_gap,GLLB-SC,fundamental_quasiparticle,oxide_double_perovskite_absorber,A2BBprimeO6_oxide_double_perovskite,absorber_only,10.1038/srep19375,"Pilania et al. Sci Rep 6, 19375 (2016) — GLLB-SC double perovskite gaps"
BaTiSnTiO6,2.851249888,,Ba,Sn,Ti,Ti,O,,DFT_GLLBSC_gap,GLLB-SC,fundamental_quasiparticle,oxide_double_perovskite_absorber,A2BBprimeO6_oxide_double_perovskite,absorber_only,10.1038/srep19375,"Pilania et al. Sci Rep 6, 19375 (2016) — GLLB-SC double perovskite gaps"
BaTiSrGeO6,4.35844875,,Ba,Sr,Ti,Ge,O,,DFT_GLLBSC_gap,GLLB-SC,fundamental_quasiparticle,oxide_double_perovskite_absorber,A2BBprimeO6_oxide_double_perovskite,absorber_only,10.1038/srep19375,"Pilania et al. Sci Rep 6, 19375 (2016) — GLLB-SC double perovskite gaps"
BaTiSrSiO6,4.207262042,,Ba,Sr,Ti,Si,O,,DFT_GLLBSC_gap,GLLB-SC,fundamental_quasiparticle,oxide_double_perovskite_absorber,A2BBprimeO6_oxide_double_perovskite,absorber_only,10.1038/srep19375,"Pilania et al. Sci Rep 6, 19375 (2016) — GLLB-SC double perovskite gaps"
BaTiSrSnO6,4.859086368,,Ba,Sr,Ti,Sn,O,,DFT_GLLBSC_gap,GLLB-SC,fundamental_quasiparticle,oxide_double_perovskite_absorber,A2BBprimeO6_oxide_double_perovskite,absorber_only,10.1038/srep19375,"Pilania et al. Sci Rep 6, 19375 (2016) — GLLB-SC double perovskite gaps"
BaTiSrTiO6,3.773082118,,Ba,Sr,Ti,Ti,O,,DFT_GLLBSC_gap,GLLB-SC,fundamental_quasiparticle,oxide_double_perovskite_absorber,A2BBprimeO6_oxide_double_perovskite,absorber_only,10.1038/srep19375,"Pilania et al. Sci Rep 6, 19375 (2016) — GLLB-SC double perovskite gaps"
BaTiTlTaO6,2.184473305,,Ba,Tl,Ti,Ta,O,,DFT_GLLBSC_gap,GLLB-SC,fundamental_quasiparticle,oxide_double_perovskite_absorber,A2BBprimeO6_oxide_double_perovskite,absorber_only,10.1038/srep19375,"Pilania et al. Sci Rep 6, 19375 (2016) — GLLB-SC double perovskite gaps"
BaTiYAlO6,4.942037308,,Ba,Y,Ti,Al,O,,DFT_GLLBSC_gap,GLLB-SC,fundamental_quasiparticle,oxide_double_perovskite_absorber,A2BBprimeO6_oxide_double_perovskite,absorber_only,10.1038/srep19375,"Pilania et al. Sci Rep 6, 19375 (2016) — GLLB-SC double perovskite gaps"
BaZrAgNbO6,4.048794437,,Ba,Ag,Zr,Nb,O,,DFT_GLLBSC_gap,GLLB-SC,fundamental_quasiparticle,oxide_double_perovskite_absorber,A2BBprimeO6_oxide_double_perovskite,absorber_only,10.1038/srep19375,"Pilania et al. Sci Rep 6, 19375 (2016) — GLLB-SC double perovskite gaps"
BaZrAgTaO6,4.158986001,,Ba,Ag,Zr,Ta,O,,DFT_GLLBSC_gap,GLLB-SC,fundamental_quasiparticle,oxide_double_perovskite_absorber,A2BBprimeO6_oxide_double_perovskite,absorber_only,10.1038/srep19375,"Pilania et al. Sci Rep 6, 19375 (2016) — GLLB-SC double perovskite gaps"
BaZrBaSnO6,6.142792824,,Ba,Ba,Zr,Sn,O,,DFT_GLLBSC_gap,GLLB-SC,fundamental_quasiparticle,oxide_double_perovskite_absorber,A2BBprimeO6_oxide_double_perovskite,absorber_only,10.1038/srep19375,"Pilania et al. Sci Rep 6, 19375 (2016) — GLLB-SC double perovskite gaps"
BaZrBaTiO6,4.586349916,,Ba,Ba,Zr,Ti,O,,DFT_GLLBSC_gap,GLLB-SC,fundamental_quasiparticle,oxide_double_perovskite_absorber,A2BBprimeO6_oxide_double_perovskite,absorber_only,10.1038/srep19375,"Pilania et al. Sci Rep 6, 19375 (2016) — GLLB-SC double perovskite gaps"
BaZrCaGeO6,5.912270768,,Ba,Ca,Zr,Ge,O,,DFT_GLLBSC_gap,GLLB-SC,fundamental_quasiparticle,oxide_double_perovskite_absorber,A2BBprimeO6_oxide_double_perovskite,absorber_only,10.1038/srep19375,"Pilania et al. Sci Rep 6, 19375 (2016) — GLLB-SC double perovskite gaps"
BaZrCaSiO6,6.640590237,,Ba,Ca,Zr,Si,O,,DFT_GLLBSC_gap,GLLB-SC,fundamental_quasiparticle,oxide_double_perovskite_absorber,A2BBprimeO6_oxide_double_perovskite,absorber_only,10.1038/srep19375,"Pilania et al. Sci Rep 6, 19375 (2016) — GLLB-SC double perovskite gaps"
BaZrCaSnO6,6.572670735,,Ba,Ca,Zr,Sn,O,,DFT_GLLBSC_gap,GLLB-SC,fundamental_quasiparticle,oxide_double_perovskite_absorber,A2BBprimeO6_oxide_double_perovskite,absorber_only,10.1038/srep19375,"Pilania et al. Sci Rep 6, 19375 (2016) — GLLB-SC double perovskite gaps"
BaZrCaTiO6,4.883903763,,Ba,Ca,Zr,Ti,O,,DFT_GLLBSC_gap,GLLB-SC,fundamental_quasiparticle,oxide_double_perovskite_absorber,A2BBprimeO6_oxide_double_perovskite,absorber_only,10.1038/srep19375,"Pilania et al. Sci Rep 6, 19375 (2016) — GLLB-SC double perovskite gaps"
BaZrCaZrO6,6.311282226,,Ba,Ca,Zr,Zr,O,,DFT_GLLBSC_gap,GLLB-SC,fundamental_quasiparticle,oxide_double_perovskite_absorber,A2BBprimeO6_oxide_double_perovskite,absorber_only,10.1038/srep19375,"Pilania et al. Sci Rep 6, 19375 (2016) — GLLB-SC double perovskite gaps"
BaZrCsNbO6,4.133326334,,Ba,Cs,Zr,Nb,O,,DFT_GLLBSC_gap,GLLB-SC,fundamental_quasiparticle,oxide_double_perovskite_absorber,A2BBprimeO6_oxide_double_perovskite,absorber_only,10.1038/srep19375,"Pilania et al. Sci Rep 6, 19375 (2016) — GLLB-SC double perovskite gaps"
BaZrCsTaO6,4.861702868,,Ba,Cs,Zr,Ta,O,,DFT_GLLBSC_gap,GLLB-SC,fundamental_quasiparticle,oxide_double_perovskite_absorber,A2BBprimeO6_oxide_double_perovskite,absorber_only,10.1038/srep19375,"Pilania et al. Sci Rep 6, 19375 (2016) — GLLB-SC double perovskite gaps"
BaZrCsVO6,2.395969852,,Ba,Cs,Zr,V,O,,DFT_GLLBSC_gap,GLLB-SC,fundamental_quasiparticle,oxide_double_perovskite_absorber,A2BBprimeO6_oxide_double_perovskite,absorber_only,10.1038/srep19375,"Pilania et al. Sci Rep 6, 19375 (2016) — GLLB-SC double perovskite gaps"
BaZrGaNbO6,2.741399812,,Ba,Ga,Zr,Nb,O,,DFT_GLLBSC_gap,GLLB-SC,fundamental_quasiparticle,oxide_double_perovskite_absorber,A2BBprimeO6_oxide_double_perovskite,absorber_only,10.1038/srep19375,"Pilania et al. Sci Rep 6, 19375 (2016) — GLLB-SC double perovskite gaps"
BaZrGaTaO6,3.420362849,,Ba,Ga,Zr,Ta,O,,DFT_GLLBSC_gap,GLLB-SC,fundamental_quasiparticle,oxide_double_perovskite_absorber,A2BBprimeO6_oxide_double_perovskite,absorber_only,10.1038/srep19375,"Pilania et al. Sci Rep 6, 19375 (2016) — GLLB-SC double perovskite gaps"
BaZrInNbO6,1.504016995,,Ba,In,Zr,Nb,O,,DFT_GLLBSC_gap,GLLB-SC,fundamental_quasiparticle,oxide_double_perovskite_absorber,A2BBprimeO6_oxide_double_perovskite,absorber_only,10.1038/srep19375,"Pilania et al. Sci Rep 6, 19375 (2016) — GLLB-SC double perovskite gaps"
BaZrInTaO6,2.115610367,,Ba,In,Zr,Ta,O,,DFT_GLLBSC_gap,GLLB-SC,fundamental_quasiparticle,oxide_double_perovskite_absorber,A2BBprimeO6_oxide_double_perovskite,absorber_only,10.1038/srep19375,"Pilania et al. Sci Rep 6, 19375 (2016) — GLLB-SC double perovskite gaps"
BaZrKNbO6,4.192233183,,Ba,K,Zr,Nb,O,,DFT_GLLBSC_gap,GLLB-SC,fundamental_quasiparticle,oxide_double_perovskite_absorber,A2BBprimeO6_oxide_double_perovskite,absorber_only,10.1038/srep19375,"Pilania et al. Sci Rep 6, 19375 (2016) — GLLB-SC double perovskite gaps"
BaZrKSbO6,5.244987496,,Ba,K,Zr,Sb,O,,DFT_GLLBSC_gap,GLLB-SC,fundamental_quasiparticle,oxide_double_perovskite_absorber,A2BBprimeO6_oxide_double_perovskite,absorber_only,10.1038/srep19375,"Pilania et al. Sci Rep 6, 19375 (2016) — GLLB-SC double perovskite gaps"
BaZrKTaO6,4.946851271,,Ba,K,Zr,Ta,O,,DFT_GLLBSC_gap,GLLB-SC,fundamental_quasiparticle,oxide_double_perovskite_absorber,A2BBprimeO6_oxide_double_perovskite,absorber_only,10.1038/srep19375,"Pilania et al. Sci Rep 6, 19375 (2016) — GLLB-SC double perovskite gaps"
BaZrLaAlO6,6.675560233,,Ba,La,Zr,Al,O,,DFT_GLLBSC_gap,GLLB-SC,fundamental_quasiparticle,oxide_double_perovskite_absorber,A2BBprimeO6_oxide_double_perovskite,absorber_only,10.1038/srep19375,"Pilania et al. Sci Rep 6, 19375 (2016) — GLLB-SC double perovskite gaps"
BaZrLaGaO6,6.801343992,,Ba,La,Zr,Ga,O,,DFT_GLLBSC_gap,GLLB-SC,fundamental_quasiparticle,oxide_double_perovskite_absorber,A2BBprimeO6_oxide_double_perovskite,absorber_only,10.1038/srep19375,"Pilania et al. Sci Rep 6, 19375 (2016) — GLLB-SC double perovskite gaps"
BaZrLaInO6,6.468202648,,Ba,La,Zr,In,O,,DFT_GLLBSC_gap,GLLB-SC,fundamental_quasiparticle,oxide_double_perovskite_absorber,A2BBprimeO6_oxide_double_perovskite,absorber_only,10.1038/srep19375,"Pilania et al. Sci Rep 6, 19375 (2016) — GLLB-SC double perovskite gaps"
BaZrLaScO6,6.949118842,,Ba,La,Zr,Sc,O,,DFT_GLLBSC_gap,GLLB-SC,fundamental_quasiparticle,oxide_double_perovskite_absorber,A2BBprimeO6_oxide_double_perovskite,absorber_only,10.1038/srep19375,"Pilania et al. Sci Rep 6, 19375 (2016) — GLLB-SC double perovskite gaps"
BaZrLiNbO6,4.294253113,,Ba,Li,Zr,Nb,O,,DFT_GLLBSC_gap,GLLB-SC,fundamental_quasiparticle,oxide_double_perovskite_absorber,A2BBprimeO6_oxide_double_perovskite,absorber_only,10.1038/srep19375,"Pilania et al. Sci Rep 6, 19375 (2016) — GLLB-SC double perovskite gaps"
BaZrLiTaO6,5.060782046,,Ba,Li,Zr,Ta,O,,DFT_GLLBSC_gap,GLLB-SC,fundamental_quasiparticle,oxide_double_perovskite_absorber,A2BBprimeO6_oxide_double_perovskite,absorber_only,10.1038/srep19375,"Pilania et al. Sci Rep 6, 19375 (2016) — GLLB-SC double perovskite gaps"
BaZrLiVO6,1.971169487,,Ba,Li,Zr,V,O,,DFT_GLLBSC_gap,GLLB-SC,fundamental_quasiparticle,oxide_double_perovskite_absorber,A2BBprimeO6_oxide_double_perovskite,absorber_only,10.1038/srep19375,"Pilania et al. Sci Rep 6, 19375 (2016) — GLLB-SC double perovskite gaps"
BaZrMgTiO6,5.389081221,,Ba,Mg,Zr,Ti,O,,DFT_GLLBSC_gap,GLLB-SC,fundamental_quasiparticle,oxide_double_perovskite_absorber,A2BBprimeO6_oxide_double_perovskite,absorber_only,10.1038/srep19375,"Pilania et al. Sci Rep 6, 19375 (2016) — GLLB-SC double perovskite gaps"
BaZrMgZrO6,6.96083831,,Ba,Mg,Zr,Zr,O,,DFT_GLLBSC_gap,GLLB-SC,fundamental_quasiparticle,oxide_double_perovskite_absorber,A2BBprimeO6_oxide_double_perovskite,absorber_only,10.1038/srep19375,"Pilania et al. Sci Rep 6, 19375 (2016) — GLLB-SC double perovskite gaps"
BaZrNaNbO6,4.270644268,,Ba,Na,Zr,Nb,O,,DFT_GLLBSC_gap,GLLB-SC,fundamental_quasiparticle,oxide_double_perovskite_absorber,A2BBprimeO6_oxide_double_perovskite,absorber_only,10.1038/srep19375,"Pilania et al. Sci Rep 6, 19375 (2016) — GLLB-SC double perovskite gaps"
BaZrNaSbO6,5.526897153,,Ba,Na,Zr,Sb,O,,DFT_GLLBSC_gap,GLLB-SC,fundamental_quasiparticle,oxide_double_perovskite_absorber,A2BBprimeO6_oxide_double_perovskite,absorber_only,10.1038/srep19375,"Pilania et al. Sci Rep 6, 19375 (2016) — GLLB-SC double perovskite gaps"
BaZrNaTaO6,5.030675991,,Ba,Na,Zr,Ta,O,,DFT_GLLBSC_gap,GLLB-SC,fundamental_quasiparticle,oxide_double_perovskite_absorber,A2BBprimeO6_oxide_double_perovskite,absorber_only,10.1038/srep19375,"Pilania et al. Sci Rep 6, 19375 (2016) — GLLB-SC double perovskite gaps"
BaZrNaVO6,1.958775816,,Ba,Na,Zr,V,O,,DFT_GLLBSC_gap,GLLB-SC,fundamental_quasiparticle,oxide_double_perovskite_absorber,A2BBprimeO6_oxide_double_perovskite,absorber_only,10.1038/srep19375,"Pilania et al. Sci Rep 6, 19375 (2016) — GLLB-SC double perovskite gaps"
BaZrPbHfO6,5.798203095,,Ba,Pb,Zr,Hf,O,,DFT_GLLBSC_gap,GLLB-SC,fundamental_quasiparticle,oxide_double_perovskite_absorber,A2BBprimeO6_oxide_double_perovskite,absorber_only,10.1038/srep19375,"Pilania et al. Sci Rep 6, 19375 (2016) — GLLB-SC double perovskite gaps"
BaZrPbTiO6,4.688503642,,Ba,Pb,Zr,Ti,O,,DFT_GLLBSC_gap,GLLB-SC,fundamental_quasiparticle,oxide_double_perovskite_absorber,A2BBprimeO6_oxide_double_perovskite,absorber_only,10.1038/srep19375,"Pilania et al. Sci Rep 6, 19375 (2016) — GLLB-SC double perovskite gaps"
BaZrPbZrO6,5.739209581,,Ba,Pb,Zr,Zr,O,,DFT_GLLBSC_gap,GLLB-SC,fundamental_quasiparticle,oxide_double_perovskite_absorber,A2BBprimeO6_oxide_double_perovskite,absorber_only,10.1038/srep19375,"Pilania et al. Sci Rep 6, 19375 (2016) — GLLB-SC double perovskite gaps"
BaZrRbNbO6,4.158490708,,Ba,Rb,Zr,Nb,O,,DFT_GLLBSC_gap,GLLB-SC,fundamental_quasiparticle,oxide_double_perovskite_absorber,A2BBprimeO6_oxide_double_perovskite,absorber_only,10.1038/srep19375,"Pilania et al. Sci Rep 6, 19375 (2016) — GLLB-SC double perovskite gaps"
BaZrRbTaO6,4.904996208,,Ba,Rb,Zr,Ta,O,,DFT_GLLBSC_gap,GLLB-SC,fundamental_quasiparticle,oxide_double_perovskite_absorber,A2BBprimeO6_oxide_double_perovskite,absorber_only,10.1038/srep19375,"Pilania et al. Sci Rep 6, 19375 (2016) — GLLB-SC double perovskite gaps"
BaZrSnHfO6,5.129425153,,Ba,Sn,Zr,Hf,O,,DFT_GLLBSC_gap,GLLB-SC,fundamental_quasiparticle,oxide_double_perovskite_absorber,A2BBprimeO6_oxide_double_perovskite,absorber_only,10.1038/srep19375,"Pilania et al. Sci Rep 6, 19375 (2016) — GLLB-SC double perovskite gaps"
BaZrSnTiO6,4.11156648,,Ba,Sn,Zr,Ti,O,,DFT_GLLBSC_gap,GLLB-SC,fundamental_quasiparticle,oxide_double_perovskite_absorber,A2BBprimeO6_oxide_double_perovskite,absorber_only,10.1038/srep19375,"Pilania et al. Sci Rep 6, 19375 (2016) — GLLB-SC double perovskite gaps"
BaZrSnZrO6,5.112918696,,Ba,Sn,Zr,Zr,O,,DFT_GLLBSC_gap,GLLB-SC,fundamental_quasiparticle,oxide_double_perovskite_absorber,A2BBprimeO6_oxide_double_perovskite,absorber_only,10.1038/srep19375,"Pilania et al. Sci Rep 6, 19375 (2016) — GLLB-SC double perovskite gaps"
BaZrSrGeO6,6.035786095,,Ba,Sr,Zr,Ge,O,,DFT_GLLBSC_gap,GLLB-SC,fundamental_quasiparticle,oxide_double_perovskite_absorber,A2BBprimeO6_oxide_double_perovskite,absorber_only,10.1038/srep19375,"Pilania et al. Sci Rep 6, 19375 (2016) — GLLB-SC double perovskite gaps"
BaZrSrHfO6,6.459207069,,Ba,Sr,Zr,Hf,O,,DFT_GLLBSC_gap,GLLB-SC,fundamental_quasiparticle,oxide_double_perovskite_absorber,A2BBprimeO6_oxide_double_perovskite,absorber_only,10.1038/srep19375,"Pilania et al. Sci Rep 6, 19375 (2016) — GLLB-SC double perovskite gaps"
BaZrSrSiO6,6.576553008,,Ba,Sr,Zr,Si,O,,DFT_GLLBSC_gap,GLLB-SC,fundamental_quasiparticle,oxide_double_perovskite_absorber,A2BBprimeO6_oxide_double_perovskite,absorber_only,10.1038/srep19375,"Pilania et al. Sci Rep 6, 19375 (2016) — GLLB-SC double perovskite gaps"
BaZrSrSnO6,6.428286699,,Ba,Sr,Zr,Sn,O,,DFT_GLLBSC_gap,GLLB-SC,fundamental_quasiparticle,oxide_double_perovskite_absorber,A2BBprimeO6_oxide_double_perovskite,absorber_only,10.1038/srep19375,"Pilania et al. Sci Rep 6, 19375 (2016) — GLLB-SC double perovskite gaps"
BaZrSrTiO6,4.67649105,,Ba,Sr,Zr,Ti,O,,DFT_GLLBSC_gap,GLLB-SC,fundamental_quasiparticle,oxide_double_perovskite_absorber,A2BBprimeO6_oxide_double_perovskite,absorber_only,10.1038/srep19375,"Pilania et al. Sci Rep 6, 19375 (2016) — GLLB-SC double perovskite gaps"
BaZrSrZrO6,6.259867326,,Ba,Sr,Zr,Zr,O,,DFT_GLLBSC_gap,GLLB-SC,fundamental_quasiparticle,oxide_double_perovskite_absorber,A2BBprimeO6_oxide_double_perovskite,absorber_only,10.1038/srep19375,"Pilania et al. Sci Rep 6, 19375 (2016) — GLLB-SC double perovskite gaps"
BaZrTlNbO6,2.79832233,,Ba,Tl,Zr,Nb,O,,DFT_GLLBSC_gap,GLLB-SC,fundamental_quasiparticle,oxide_double_perovskite_absorber,A2BBprimeO6_oxide_double_perovskite,absorber_only,10.1038/srep19375,"Pilania et al. Sci Rep 6, 19375 (2016) — GLLB-SC double perovskite gaps"
BaZrTlTaO6,3.480467428,,Ba,Tl,Zr,Ta,O,,DFT_GLLBSC_gap,GLLB-SC,fundamental_quasiparticle,oxide_double_perovskite_absorber,A2BBprimeO6_oxide_double_perovskite,absorber_only,10.1038/srep19375,"Pilania et al. Sci Rep 6, 19375 (2016) — GLLB-SC double perovskite gaps"
BaZrYAlO6,7.104402829,,Ba,Y,Zr,Al,O,,DFT_GLLBSC_gap,GLLB-SC,fundamental_quasiparticle,oxide_double_perovskite_absorber,A2BBprimeO6_oxide_double_perovskite,absorber_only,10.1038/srep19375,"Pilania et al. Sci Rep 6, 19375 (2016) — GLLB-SC double perovskite gaps"
CaGeAgNbO6,4.220841195,,Ca,Ag,Ge,Nb,O,,DFT_GLLBSC_gap,GLLB-SC,fundamental_quasiparticle,oxide_double_perovskite_absorber,A2BBprimeO6_oxide_double_perovskite,absorber_only,10.1038/srep19375,"Pilania et al. Sci Rep 6, 19375 (2016) — GLLB-SC double perovskite gaps"
CaGeCaSiO6,4.171278359,,Ca,Ca,Ge,Si,O,,DFT_GLLBSC_gap,GLLB-SC,fundamental_quasiparticle,oxide_double_perovskite_absorber,A2BBprimeO6_oxide_double_perovskite,absorber_only,10.1038/srep19375,"Pilania et al. Sci Rep 6, 19375 (2016) — GLLB-SC double perovskite gaps"
CaGeCaSnO6,3.503853221,,Ca,Ca,Ge,Sn,O,,DFT_GLLBSC_gap,GLLB-SC,fundamental_quasiparticle,oxide_double_perovskite_absorber,A2BBprimeO6_oxide_double_perovskite,absorber_only,10.1038/srep19375,"Pilania et al. Sci Rep 6, 19375 (2016) — GLLB-SC double perovskite gaps"
CaGeCaTiO6,4.802428919,,Ca,Ca,Ge,Ti,O,,DFT_GLLBSC_gap,GLLB-SC,fundamental_quasiparticle,oxide_double_perovskite_absorber,A2BBprimeO6_oxide_double_perovskite,absorber_only,10.1038/srep19375,"Pilania et al. Sci Rep 6, 19375 (2016) — GLLB-SC double perovskite gaps"
CaGeLaAlO6,5.708900913,,Ca,La,Ge,Al,O,,DFT_GLLBSC_gap,GLLB-SC,fundamental_quasiparticle,oxide_double_perovskite_absorber,A2BBprimeO6_oxide_double_perovskite,absorber_only,10.1038/srep19375,"Pilania et al. Sci Rep 6, 19375 (2016) — GLLB-SC double perovskite gaps"
CaGeLaGaO6,4.068071283,,Ca,La,Ge,Ga,O,,DFT_GLLBSC_gap,GLLB-SC,fundamental_quasiparticle,oxide_double_perovskite_absorber,A2BBprimeO6_oxide_double_perovskite,absorber_only,10.1038/srep19375,"Pilania et al. Sci Rep 6, 19375 (2016) — GLLB-SC double perovskite gaps"
CaGeLaInO6,4.288775178,,Ca,La,Ge,In,O,,DFT_GLLBSC_gap,GLLB-SC,fundamental_quasiparticle,oxide_double_perovskite_absorber,A2BBprimeO6_oxide_double_perovskite,absorber_only,10.1038/srep19375,"Pilania et al. Sci Rep 6, 19375 (2016) — GLLB-SC double perovskite gaps"
CaGeMgTiO6,5.224069822,,Ca,Mg,Ge,Ti,O,,DFT_GLLBSC_gap,GLLB-SC,fundamental_quasiparticle,oxide_double_perovskite_absorber,A2BBprimeO6_oxide_double_perovskite,absorber_only,10.1038/srep19375,"Pilania et al. Sci Rep 6, 19375 (2016) — GLLB-SC double perovskite gaps"
CaGeSnTiO6,3.350439602,,Ca,Sn,Ge,Ti,O,,DFT_GLLBSC_gap,GLLB-SC,fundamental_quasiparticle,oxide_double_perovskite_absorber,A2BBprimeO6_oxide_double_perovskite,absorber_only,10.1038/srep19375,"Pilania et al. Sci Rep 6, 19375 (2016) — GLLB-SC double perovskite gaps"
CaGeYAlO6,6.231533057,,Ca,Y,Ge,Al,O,,DFT_GLLBSC_gap,GLLB-SC,fundamental_quasiparticle,oxide_double_perovskite_absorber,A2BBprimeO6_oxide_double_perovskite,absorber_only,10.1038/srep19375,"Pilania et al. Sci Rep 6, 19375 (2016) — GLLB-SC double perovskite gaps"
CaHfAgNbO6,4.219675653,,Ca,Ag,Hf,Nb,O,,DFT_GLLBSC_gap,GLLB-SC,fundamental_quasiparticle,oxide_double_perovskite_absorber,A2BBprimeO6_oxide_double_perovskite,absorber_only,10.1038/srep19375,"Pilania et al. Sci Rep 6, 19375 (2016) — GLLB-SC double perovskite gaps"
CaHfAgTaO6,5.065212369,,Ca,Ag,Hf,Ta,O,,DFT_GLLBSC_gap,GLLB-SC,fundamental_quasiparticle,oxide_double_perovskite_absorber,A2BBprimeO6_oxide_double_perovskite,absorber_only,10.1038/srep19375,"Pilania et al. Sci Rep 6, 19375 (2016) — GLLB-SC double perovskite gaps"
CaHfBaSnO6,6.318267248,,Ca,Ba,Hf,Sn,O,,DFT_GLLBSC_gap,GLLB-SC,fundamental_quasiparticle,oxide_double_perovskite_absorber,A2BBprimeO6_oxide_double_perovskite,absorber_only,10.1038/srep19375,"Pilania et al. Sci Rep 6, 19375 (2016) — GLLB-SC double perovskite gaps"
CaHfBaTiO6,4.891229032,,Ca,Ba,Hf,Ti,O,,DFT_GLLBSC_gap,GLLB-SC,fundamental_quasiparticle,oxide_double_perovskite_absorber,A2BBprimeO6_oxide_double_perovskite,absorber_only,10.1038/srep19375,"Pilania et al. Sci Rep 6, 19375 (2016) — GLLB-SC double perovskite gaps"
CaHfBaZrO6,6.78352084,,Ca,Ba,Hf,Zr,O,,DFT_GLLBSC_gap,GLLB-SC,fundamental_quasiparticle,oxide_double_perovskite_absorber,A2BBprimeO6_oxide_double_perovskite,absorber_only,10.1038/srep19375,"Pilania et al. Sci Rep 6, 19375 (2016) — GLLB-SC double perovskite gaps"
CaHfCaGeO6,6.975336372,,Ca,Ca,Hf,Ge,O,,DFT_GLLBSC_gap,GLLB-SC,fundamental_quasiparticle,oxide_double_perovskite_absorber,A2BBprimeO6_oxide_double_perovskite,absorber_only,10.1038/srep19375,"Pilania et al. Sci Rep 6, 19375 (2016) — GLLB-SC double perovskite gaps"
CaHfCaSiO6,7.339484884,,Ca,Ca,Hf,Si,O,,DFT_GLLBSC_gap,GLLB-SC,fundamental_quasiparticle,oxide_double_perovskite_absorber,A2BBprimeO6_oxide_double_perovskite,absorber_only,10.1038/srep19375,"Pilania et al. Sci Rep 6, 19375 (2016) — GLLB-SC double perovskite gaps"
CaHfCaSnO6,6.545899417,,Ca,Ca,Hf,Sn,O,,DFT_GLLBSC_gap,GLLB-SC,fundamental_quasiparticle,oxide_double_perovskite_absorber,A2BBprimeO6_oxide_double_perovskite,absorber_only,10.1038/srep19375,"Pilania et al. Sci Rep 6, 19375 (2016) — GLLB-SC double perovskite gaps"
CaHfCaTiO6,5.2391328,,Ca,Ca,Hf,Ti,O,,DFT_GLLBSC_gap,GLLB-SC,fundamental_quasiparticle,oxide_double_perovskite_absorber,A2BBprimeO6_oxide_double_perovskite,absorber_only,10.1038/srep19375,"Pilania et al. Sci Rep 6, 19375 (2016) — GLLB-SC double perovskite gaps"
CaHfCaZrO6,7.019655916,,Ca,Ca,Hf,Zr,O,,DFT_GLLBSC_gap,GLLB-SC,fundamental_quasiparticle,oxide_double_perovskite_absorber,A2BBprimeO6_oxide_double_perovskite,absorber_only,10.1038/srep19375,"Pilania et al. Sci Rep 6, 19375 (2016) — GLLB-SC double perovskite gaps"
CaHfCsNbO6,4.18714751,,Ca,Cs,Hf,Nb,O,,DFT_GLLBSC_gap,GLLB-SC,fundamental_quasiparticle,oxide_double_perovskite_absorber,A2BBprimeO6_oxide_double_perovskite,absorber_only,10.1038/srep19375,"Pilania et al. Sci Rep 6, 19375 (2016) — GLLB-SC double perovskite gaps"
CaHfCsVO6,2.234427829,,Ca,Cs,Hf,V,O,,DFT_GLLBSC_gap,GLLB-SC,fundamental_quasiparticle,oxide_double_perovskite_absorber,A2BBprimeO6_oxide_double_perovskite,absorber_only,10.1038/srep19375,"Pilania et al. Sci Rep 6, 19375 (2016) — GLLB-SC double perovskite gaps"
CaHfGaNbO6,2.259002479,,Ca,Ga,Hf,Nb,O,,DFT_GLLBSC_gap,GLLB-SC,fundamental_quasiparticle,oxide_double_perovskite_absorber,A2BBprimeO6_oxide_double_perovskite,absorber_only,10.1038/srep19375,"Pilania et al. Sci Rep 6, 19375 (2016) — GLLB-SC double perovskite gaps"
CaHfGaTaO6,3.12564489,,Ca,Ga,Hf,Ta,O,,DFT_GLLBSC_gap,GLLB-SC,fundamental_quasiparticle,oxide_double_perovskite_absorber,A2BBprimeO6_oxide_double_perovskite,absorber_only,10.1038/srep19375,"Pilania et al. Sci Rep 6, 19375 (2016) — GLLB-SC double perovskite gaps"
CaHfInNbO6,1.454858937,,Ca,In,Hf,Nb,O,,DFT_GLLBSC_gap,GLLB-SC,fundamental_quasiparticle,oxide_double_perovskite_absorber,A2BBprimeO6_oxide_double_perovskite,absorber_only,10.1038/srep19375,"Pilania et al. Sci Rep 6, 19375 (2016) — GLLB-SC double perovskite gaps"
CaHfInTaO6,2.03089957,,Ca,In,Hf,Ta,O,,DFT_GLLBSC_gap,GLLB-SC,fundamental_quasiparticle,oxide_double_perovskite_absorber,A2BBprimeO6_oxide_double_perovskite,absorber_only,10.1038/srep19375,"Pilania et al. Sci Rep 6, 19375 (2016) — GLLB-SC double perovskite gaps"
CaHfKNbO6,4.596569242,,Ca,K,Hf,Nb,O,,DFT_GLLBSC_gap,GLLB-SC,fundamental_quasiparticle,oxide_double_perovskite_absorber,A2BBprimeO6_oxide_double_perovskite,absorber_only,10.1038/srep19375,"Pilania et al. Sci Rep 6, 19375 (2016) — GLLB-SC double perovskite gaps"
CaHfKSbO6,5.501346172,,Ca,K,Hf,Sb,O,,DFT_GLLBSC_gap,GLLB-SC,fundamental_quasiparticle,oxide_double_perovskite_absorber,A2BBprimeO6_oxide_double_perovskite,absorber_only,10.1038/srep19375,"Pilania et al. Sci Rep 6, 19375 (2016) — GLLB-SC double perovskite gaps"
CaHfLaAlO6,7.680848563,,Ca,La,Hf,Al,O,,DFT_GLLBSC_gap,GLLB-SC,fundamental_quasiparticle,oxide_double_perovskite_absorber,A2BBprimeO6_oxide_double_perovskite,absorber_only,10.1038/srep19375,"Pilania et al. Sci Rep 6, 19375 (2016) — GLLB-SC double perovskite gaps"
CaHfLaGaO6,7.195321372,,Ca,La,Hf,Ga,O,,DFT_GLLBSC_gap,GLLB-SC,fundamental_quasiparticle,oxide_double_perovskite_absorber,A2BBprimeO6_oxide_double_perovskite,absorber_only,10.1038/srep19375,"Pilania et al. Sci Rep 6, 19375 (2016) — GLLB-SC double perovskite gaps"
CaHfLaInO6,6.615394048,,Ca,La,Hf,In,O,,DFT_GLLBSC_gap,GLLB-SC,fundamental_quasiparticle,oxide_double_perovskite_absorber,A2BBprimeO6_oxide_double_perovskite,absorber_only,10.1038/srep19375,"Pilania et al. Sci Rep 6, 19375 (2016) — GLLB-SC double perovskite gaps"
CaHfLaScO6,7.286131811,,Ca,La,Hf,Sc,O,,DFT_GLLBSC_gap,GLLB-SC,fundamental_quasiparticle,oxide_double_perovskite_absorber,A2BBprimeO6_oxide_double_perovskite,absorber_only,10.1038/srep19375,"Pilania et al. Sci Rep 6, 19375 (2016) — GLLB-SC double perovskite gaps"
CaHfLiNbO6,4.85855487,,Ca,Li,Hf,Nb,O,,DFT_GLLBSC_gap,GLLB-SC,fundamental_quasiparticle,oxide_double_perovskite_absorber,A2BBprimeO6_oxide_double_perovskite,absorber_only,10.1038/srep19375,"Pilania et al. Sci Rep 6, 19375 (2016) — GLLB-SC double perovskite gaps"
CaHfLiVO6,2.939415754,,Ca,Li,Hf,V,O,,DFT_GLLBSC_gap,GLLB-SC,fundamental_quasiparticle,oxide_double_perovskite_absorber,A2BBprimeO6_oxide_double_perovskite,absorber_only,10.1038/srep19375,"Pilania et al. Sci Rep 6, 19375 (2016) — GLLB-SC double perovskite gaps"
CaHfMgTiO6,5.757074701,,Ca,Mg,Hf,Ti,O,,DFT_GLLBSC_gap,GLLB-SC,fundamental_quasiparticle,oxide_double_perovskite_absorber,A2BBprimeO6_oxide_double_perovskite,absorber_only,10.1038/srep19375,"Pilania et al. Sci Rep 6, 19375 (2016) — GLLB-SC double perovskite gaps"
CaHfMgZrO6,7.657304806,,Ca,Mg,Hf,Zr,O,,DFT_GLLBSC_gap,GLLB-SC,fundamental_quasiparticle,oxide_double_perovskite_absorber,A2BBprimeO6_oxide_double_perovskite,absorber_only,10.1038/srep19375,"Pilania et al. Sci Rep 6, 19375 (2016) — GLLB-SC double perovskite gaps"
CaHfNaNbO6,5.09102671,,Ca,Na,Hf,Nb,O,,DFT_GLLBSC_gap,GLLB-SC,fundamental_quasiparticle,oxide_double_perovskite_absorber,A2BBprimeO6_oxide_double_perovskite,absorber_only,10.1038/srep19375,"Pilania et al. Sci Rep 6, 19375 (2016) — GLLB-SC double perovskite gaps"
CaHfNaSbO6,5.696946038,,Ca,Na,Hf,Sb,O,,DFT_GLLBSC_gap,GLLB-SC,fundamental_quasiparticle,oxide_double_perovskite_absorber,A2BBprimeO6_oxide_double_perovskite,absorber_only,10.1038/srep19375,"Pilania et al. Sci Rep 6, 19375 (2016) — GLLB-SC double perovskite gaps"
CaHfNaTaO6,5.899206132,,Ca,Na,Hf,Ta,O,,DFT_GLLBSC_gap,GLLB-SC,fundamental_quasiparticle,oxide_double_perovskite_absorber,A2BBprimeO6_oxide_double_perovskite,absorber_only,10.1038/srep19375,"Pilania et al. Sci Rep 6, 19375 (2016) — GLLB-SC double perovskite gaps"
CaHfNaVO6,2.576282825,,Ca,Na,Hf,V,O,,DFT_GLLBSC_gap,GLLB-SC,fundamental_quasiparticle,oxide_double_perovskite_absorber,A2BBprimeO6_oxide_double_perovskite,absorber_only,10.1038/srep19375,"Pilania et al. Sci Rep 6, 19375 (2016) — GLLB-SC double perovskite gaps"
CaHfPbHfO6,5.946077772,,Ca,Pb,Hf,Hf,O,,DFT_GLLBSC_gap,GLLB-SC,fundamental_quasiparticle,oxide_double_perovskite_absorber,A2BBprimeO6_oxide_double_perovskite,absorber_only,10.1038/srep19375,"Pilania et al. Sci Rep 6, 19375 (2016) — GLLB-SC double perovskite gaps"
CaHfPbTiO6,4.343194061,,Ca,Pb,Hf,Ti,O,,DFT_GLLBSC_gap,GLLB-SC,fundamental_quasiparticle,oxide_double_perovskite_absorber,A2BBprimeO6_oxide_double_perovskite,absorber_only,10.1038/srep19375,"Pilania et al. Sci Rep 6, 19375 (2016) — GLLB-SC double perovskite gaps"
CaHfPbZrO6,5.663239448,,Ca,Pb,Hf,Zr,O,,DFT_GLLBSC_gap,GLLB-SC,fundamental_quasiparticle,oxide_double_perovskite_absorber,A2BBprimeO6_oxide_double_perovskite,absorber_only,10.1038/srep19375,"Pilania et al. Sci Rep 6, 19375 (2016) — GLLB-SC double perovskite gaps"
CaHfRbNbO6,4.347730015,,Ca,Rb,Hf,Nb,O,,DFT_GLLBSC_gap,GLLB-SC,fundamental_quasiparticle,oxide_double_perovskite_absorber,A2BBprimeO6_oxide_double_perovskite,absorber_only,10.1038/srep19375,"Pilania et al. Sci Rep 6, 19375 (2016) — GLLB-SC double perovskite gaps"
CaHfSnHfO6,5.099139427,,Ca,Sn,Hf,Hf,O,,DFT_GLLBSC_gap,GLLB-SC,fundamental_quasiparticle,oxide_double_perovskite_absorber,A2BBprimeO6_oxide_double_perovskite,absorber_only,10.1038/srep19375,"Pilania et al. Sci Rep 6, 19375 (2016) — GLLB-SC double perovskite gaps"
CaHfSnTiO6,3.395877585,,Ca,Sn,Hf,Ti,O,,DFT_GLLBSC_gap,GLLB-SC,fundamental_quasiparticle,oxide_double_perovskite_absorber,A2BBprimeO6_oxide_double_perovskite,absorber_only,10.1038/srep19375,"Pilania et al. Sci Rep 6, 19375 (2016) — GLLB-SC double perovskite gaps"
CaHfSnZrO6,4.960405248,,Ca,Sn,Hf,Zr,O,,DFT_GLLBSC_gap,GLLB-SC,fundamental_quasiparticle,oxide_double_perovskite_absorber,A2BBprimeO6_oxide_double_perovskite,absorber_only,10.1038/srep19375,"Pilania et al. Sci Rep 6, 19375 (2016) — GLLB-SC double perovskite gaps"
CaHfSrGeO6,6.296526494,,Ca,Sr,Hf,Ge,O,,DFT_GLLBSC_gap,GLLB-SC,fundamental_quasiparticle,oxide_double_perovskite_absorber,A2BBprimeO6_oxide_double_perovskite,absorber_only,10.1038/srep19375,"Pilania et al. Sci Rep 6, 19375 (2016) — GLLB-SC double perovskite gaps"
CaHfSrHfO6,7.245106988,,Ca,Sr,Hf,Hf,O,,DFT_GLLBSC_gap,GLLB-SC,fundamental_quasiparticle,oxide_double_perovskite_absorber,A2BBprimeO6_oxide_double_perovskite,absorber_only,10.1038/srep19375,"Pilania et al. Sci Rep 6, 19375 (2016) — GLLB-SC double perovskite gaps"
CaHfSrSiO6,7.311458271,,Ca,Sr,Hf,Si,O,,DFT_GLLBSC_gap,GLLB-SC,fundamental_quasiparticle,oxide_double_perovskite_absorber,A2BBprimeO6_oxide_double_perovskite,absorber_only,10.1038/srep19375,"Pilania et al. Sci Rep 6, 19375 (2016) — GLLB-SC double perovskite gaps"
CaHfSrSnO6,6.441396629,,Ca,Sr,Hf,Sn,O,,DFT_GLLBSC_gap,GLLB-SC,fundamental_quasiparticle,oxide_double_perovskite_absorber,A2BBprimeO6_oxide_double_perovskite,absorber_only,10.1038/srep19375,"Pilania et al. Sci Rep 6, 19375 (2016) — GLLB-SC double perovskite gaps"
CaHfSrTiO6,5.063213848,,Ca,Sr,Hf,Ti,O,,DFT_GLLBSC_gap,GLLB-SC,fundamental_quasiparticle,oxide_double_perovskite_absorber,A2BBprimeO6_oxide_double_perovskite,absorber_only,10.1038/srep19375,"Pilania et al. Sci Rep 6, 19375 (2016) — GLLB-SC double perovskite gaps"
CaHfSrZrO6,7.258641193,,Ca,Sr,Hf,Zr,O,,DFT_GLLBSC_gap,GLLB-SC,fundamental_quasiparticle,oxide_double_perovskite_absorber,A2BBprimeO6_oxide_double_perovskite,absorber_only,10.1038/srep19375,"Pilania et al. Sci Rep 6, 19375 (2016) — GLLB-SC double perovskite gaps"
CaHfTlNbO6,2.785946526,,Ca,Tl,Hf,Nb,O,,DFT_GLLBSC_gap,GLLB-SC,fundamental_quasiparticle,oxide_double_perovskite_absorber,A2BBprimeO6_oxide_double_perovskite,absorber_only,10.1038/srep19375,"Pilania et al. Sci Rep 6, 19375 (2016) — GLLB-SC double perovskite gaps"
CaHfTlTaO6,3.488495574,,Ca,Tl,Hf,Ta,O,,DFT_GLLBSC_gap,GLLB-SC,fundamental_quasiparticle,oxide_double_perovskite_absorber,A2BBprimeO6_oxide_double_perovskite,absorber_only,10.1038/srep19375,"Pilania et al. Sci Rep 6, 19375 (2016) — GLLB-SC double perovskite gaps"
CaHfYAlO6,8.019541754,,Ca,Y,Hf,Al,O,,DFT_GLLBSC_gap,GLLB-SC,fundamental_quasiparticle,oxide_double_perovskite_absorber,A2BBprimeO6_oxide_double_perovskite,absorber_only,10.1038/srep19375,"Pilania et al. Sci Rep 6, 19375 (2016) — GLLB-SC double perovskite gaps"
CaSiAgNbO6,3.835308947,,Ca,Ag,Si,Nb,O,,DFT_GLLBSC_gap,GLLB-SC,fundamental_quasiparticle,oxide_double_perovskite_absorber,A2BBprimeO6_oxide_double_perovskite,absorber_only,10.1038/srep19375,"Pilania et al. Sci Rep 6, 19375 (2016) — GLLB-SC double perovskite gaps"
CaSiCaSnO6,4.523794734,,Ca,Ca,Si,Sn,O,,DFT_GLLBSC_gap,GLLB-SC,fundamental_quasiparticle,oxide_double_perovskite_absorber,A2BBprimeO6_oxide_double_perovskite,absorber_only,10.1038/srep19375,"Pilania et al. Sci Rep 6, 19375 (2016) — GLLB-SC double perovskite gaps"
CaSiCaTiO6,4.563855279,,Ca,Ca,Si,Ti,O,,DFT_GLLBSC_gap,GLLB-SC,fundamental_quasiparticle,oxide_double_perovskite_absorber,A2BBprimeO6_oxide_double_perovskite,absorber_only,10.1038/srep19375,"Pilania et al. Sci Rep 6, 19375 (2016) — GLLB-SC double perovskite gaps"
CaSiLaAlO6,7.763296446,,Ca,La,Si,Al,O,,DFT_GLLBSC_gap,GLLB-SC,fundamental_quasiparticle,oxide_double_perovskite_absorber,A2BBprimeO6_oxide_double_perovskite,absorber_only,10.1038/srep19375,"Pilania et al. Sci Rep 6, 19375 (2016) — GLLB-SC double perovskite gaps"
CaSiLaGaO6,5.420695949,,Ca,La,Si,Ga,O,,DFT_GLLBSC_gap,GLLB-SC,fundamental_quasiparticle,oxide_double_perovskite_absorber,A2BBprimeO6_oxide_double_perovskite,absorber_only,10.1038/srep19375,"Pilania et al. Sci Rep 6, 19375 (2016) — GLLB-SC double perovskite gaps"
CaSiLaInO6,5.447420818,,Ca,La,Si,In,O,,DFT_GLLBSC_gap,GLLB-SC,fundamental_quasiparticle,oxide_double_perovskite_absorber,A2BBprimeO6_oxide_double_perovskite,absorber_only,10.1038/srep19375,"Pilania et al. Sci Rep 6, 19375 (2016) — GLLB-SC double perovskite gaps"
CaSiMgTiO6,4.905223459,,Ca,Mg,Si,Ti,O,,DFT_GLLBSC_gap,GLLB-SC,fundamental_quasiparticle,oxide_double_perovskite_absorber,A2BBprimeO6_oxide_double_perovskite,absorber_only,10.1038/srep19375,"Pilania et al. Sci Rep 6, 19375 (2016) — GLLB-SC double perovskite gaps"
CaSiSnTiO6,2.549360828,,Ca,Sn,Si,Ti,O,,DFT_GLLBSC_gap,GLLB-SC,fundamental_quasiparticle,oxide_double_perovskite_absorber,A2BBprimeO6_oxide_double_perovskite,absorber_only,10.1038/srep19375,"Pilania et al. Sci Rep 6, 19375 (2016) — GLLB-SC double perovskite gaps"
CaSiYAlO6,8.343255111,,Ca,Y,Si,Al,O,,DFT_GLLBSC_gap,GLLB-SC,fundamental_quasiparticle,oxide_double_perovskite_absorber,A2BBprimeO6_oxide_double_perovskite,absorber_only,10.1038/srep19375,"Pilania et al. Sci Rep 6, 19375 (2016) — GLLB-SC double perovskite gaps"
CaSnAgNbO6,3.845223245,,Ca,Ag,Sn,Nb,O,,DFT_GLLBSC_gap,GLLB-SC,fundamental_quasiparticle,oxide_double_perovskite_absorber,A2BBprimeO6_oxide_double_perovskite,absorber_only,10.1038/srep19375,"Pilania et al. Sci Rep 6, 19375 (2016) — GLLB-SC double perovskite gaps"
CaSnCaTiO6,5.021395043,,Ca,Ca,Sn,Ti,O,,DFT_GLLBSC_gap,GLLB-SC,fundamental_quasiparticle,oxide_double_perovskite_absorber,A2BBprimeO6_oxide_double_perovskite,absorber_only,10.1038/srep19375,"Pilania et al. Sci Rep 6, 19375 (2016) — GLLB-SC double perovskite gaps"
CaSnLaAlO6,5.731598265,,Ca,La,Sn,Al,O,,DFT_GLLBSC_gap,GLLB-SC,fundamental_quasiparticle,oxide_double_perovskite_absorber,A2BBprimeO6_oxide_double_perovskite,absorber_only,10.1038/srep19375,"Pilania et al. Sci Rep 6, 19375 (2016) — GLLB-SC double perovskite gaps"
CaSnLaGaO6,4.421397112,,Ca,La,Sn,Ga,O,,DFT_GLLBSC_gap,GLLB-SC,fundamental_quasiparticle,oxide_double_perovskite_absorber,A2BBprimeO6_oxide_double_perovskite,absorber_only,10.1038/srep19375,"Pilania et al. Sci Rep 6, 19375 (2016) — GLLB-SC double perovskite gaps"
CaSnLaInO6,4.332199336,,Ca,La,Sn,In,O,,DFT_GLLBSC_gap,GLLB-SC,fundamental_quasiparticle,oxide_double_perovskite_absorber,A2BBprimeO6_oxide_double_perovskite,absorber_only,10.1038/srep19375,"Pilania et al. Sci Rep 6, 19375 (2016) — GLLB-SC double perovskite gaps"
CaSnMgTiO6,5.246768531,,Ca,Mg,Sn,Ti,O,,DFT_GLLBSC_gap,GLLB-SC,fundamental_quasiparticle,oxide_double_perovskite_absorber,A2BBprimeO6_oxide_double_perovskite,absorber_only,10.1038/srep19375,"Pilania et al. Sci Rep 6, 19375 (2016) — GLLB-SC double perovskite gaps"
CaSnSnTiO6,2.72801287,,Ca,Sn,Sn,Ti,O,,DFT_GLLBSC_gap,GLLB-SC,fundamental_quasiparticle,oxide_double_perovskite_absorber,A2BBprimeO6_oxide_double_perovskite,absorber_only,10.1038/srep19375,"Pilania et al. Sci Rep 6, 19375 (2016) — GLLB-SC double perovskite gaps"
CaSnYAlO6,5.902973047,,Ca,Y,Sn,Al,O,,DFT_GLLBSC_gap,GLLB-SC,fundamental_quasiparticle,oxide_double_perovskite_absorber,A2BBprimeO6_oxide_double_perovskite,absorber_only,10.1038/srep19375,"Pilania et al. Sci Rep 6, 19375 (2016) — GLLB-SC double perovskite gaps"
CaTiAgNbO6,3.399832758,,Ca,Ag,Ti,Nb,O,,DFT_GLLBSC_gap,GLLB-SC,fundamental_quasiparticle,oxide_double_perovskite_absorber,A2BBprimeO6_oxide_double_perovskite,absorber_only,10.1038/srep19375,"Pilania et al. Sci Rep 6, 19375 (2016) — GLLB-SC double perovskite gaps"
CaTiLaAlO6,5.239331703,,Ca,La,Ti,Al,O,,DFT_GLLBSC_gap,GLLB-SC,fundamental_quasiparticle,oxide_double_perovskite_absorber,A2BBprimeO6_oxide_double_perovskite,absorber_only,10.1038/srep19375,"Pilania et al. Sci Rep 6, 19375 (2016) — GLLB-SC double perovskite gaps"
CaTiLaGaO6,5.340395495,,Ca,La,Ti,Ga,O,,DFT_GLLBSC_gap,GLLB-SC,fundamental_quasiparticle,oxide_double_perovskite_absorber,A2BBprimeO6_oxide_double_perovskite,absorber_only,10.1038/srep19375,"Pilania et al. Sci Rep 6, 19375 (2016) — GLLB-SC double perovskite gaps"
CaTiLaInO6,5.218969424,,Ca,La,Ti,In,O,,DFT_GLLBSC_gap,GLLB-SC,fundamental_quasiparticle,oxide_double_perovskite_absorber,A2BBprimeO6_oxide_double_perovskite,absorber_only,10.1038/srep19375,"Pilania et al. Sci Rep 6, 19375 (2016) — GLLB-SC double perovskite gaps"
CaTiMgTiO6,4.786930752,,Ca,Mg,Ti,Ti,O,,DFT_GLLBSC_gap,GLLB-SC,fundamental_quasiparticle,oxide_double_perovskite_absorber,A2BBprimeO6_oxide_double_perovskite,absorber_only,10.1038/srep19375,"Pilania et al. Sci Rep 6, 19375 (2016) — GLLB-SC double perovskite gaps"
CaTiSnTiO6,2.795444748,,Ca,Sn,Ti,Ti,O,,DFT_GLLBSC_gap,GLLB-SC,fundamental_quasiparticle,oxide_double_perovskite_absorber,A2BBprimeO6_oxide_double_perovskite,absorber_only,10.1038/srep19375,"Pilania et al. Sci Rep 6, 19375 (2016) — GLLB-SC double perovskite gaps"
CaTiYAlO6,5.421790832,,Ca,Y,Ti,Al,O,,DFT_GLLBSC_gap,GLLB-SC,fundamental_quasiparticle,oxide_double_perovskite_absorber,A2BBprimeO6_oxide_double_perovskite,absorber_only,10.1038/srep19375,"Pilania et al. Sci Rep 6, 19375 (2016) — GLLB-SC double perovskite gaps"
CaZrAgNbO6,4.352637765,,Ca,Ag,Zr,Nb,O,,DFT_GLLBSC_gap,GLLB-SC,fundamental_quasiparticle,oxide_double_perovskite_absorber,A2BBprimeO6_oxide_double_perovskite,absorber_only,10.1038/srep19375,"Pilania et al. Sci Rep 6, 19375 (2016) — GLLB-SC double perovskite gaps"
CaZrAgTaO6,5.00355801,,Ca,Ag,Zr,Ta,O,,DFT_GLLBSC_gap,GLLB-SC,fundamental_quasiparticle,oxide_double_perovskite_absorber,A2BBprimeO6_oxide_double_perovskite,absorber_only,10.1038/srep19375,"Pilania et al. Sci Rep 6, 19375 (2016) — GLLB-SC double perovskite gaps"
CaZrBaSnO6,6.571947433,,Ca,Ba,Zr,Sn,O,,DFT_GLLBSC_gap,GLLB-SC,fundamental_quasiparticle,oxide_double_perovskite_absorber,A2BBprimeO6_oxide_double_perovskite,absorber_only,10.1038/srep19375,"Pilania et al. Sci Rep 6, 19375 (2016) — GLLB-SC double perovskite gaps"
CaZrBaTiO6,4.941329535,,Ca,Ba,Zr,Ti,O,,DFT_GLLBSC_gap,GLLB-SC,fundamental_quasiparticle,oxide_double_perovskite_absorber,A2BBprimeO6_oxide_double_perovskite,absorber_only,10.1038/srep19375,"Pilania et al. Sci Rep 6, 19375 (2016) — GLLB-SC double perovskite gaps"
CaZrCaGeO6,6.336280867,,Ca,Ca,Zr,Ge,O,,DFT_GLLBSC_gap,GLLB-SC,fundamental_quasiparticle,oxide_double_perovskite_absorber,A2BBprimeO6_oxide_double_perovskite,absorber_only,10.1038/srep19375,"Pilania et al. Sci Rep 6, 19375 (2016) — GLLB-SC double perovskite gaps"
CaZrCaSiO6,6.891564761,,Ca,Ca,Zr,Si,O,,DFT_GLLBSC_gap,GLLB-SC,fundamental_quasiparticle,oxide_double_perovskite_absorber,A2BBprimeO6_oxide_double_perovskite,absorber_only,10.1038/srep19375,"Pilania et al. Sci Rep 6, 19375 (2016) — GLLB-SC double perovskite gaps"
CaZrCaSnO6,6.688083161,,Ca,Ca,Zr,Sn,O,,DFT_GLLBSC_gap,GLLB-SC,fundamental_quasiparticle,oxide_double_perovskite_absorber,A2BBprimeO6_oxide_double_perovskite,absorber_only,10.1038/srep19375,"Pilania et al. Sci Rep 6, 19375 (2016) — GLLB-SC double perovskite gaps"
CaZrCaTiO6,5.26054136,,Ca,Ca,Zr,Ti,O,,DFT_GLLBSC_gap,GLLB-SC,fundamental_quasiparticle,oxide_double_perovskite_absorber,A2BBprimeO6_oxide_double_perovskite,absorber_only,10.1038/srep19375,"Pilania et al. Sci Rep 6, 19375 (2016) — GLLB-SC double perovskite gaps"
CaZrCsNbO6,4.287619027,,Ca,Cs,Zr,Nb,O,,DFT_GLLBSC_gap,GLLB-SC,fundamental_quasiparticle,oxide_double_perovskite_absorber,A2BBprimeO6_oxide_double_perovskite,absorber_only,10.1038/srep19375,"Pilania et al. Sci Rep 6, 19375 (2016) — GLLB-SC double perovskite gaps"
CaZrCsVO6,2.604377392,,Ca,Cs,Zr,V,O,,DFT_GLLBSC_gap,GLLB-SC,fundamental_quasiparticle,oxide_double_perovskite_absorber,A2BBprimeO6_oxide_double_perovskite,absorber_only,10.1038/srep19375,"Pilania et al. Sci Rep 6, 19375 (2016) — GLLB-SC double perovskite gaps"
CaZrGaNbO6,2.228163324,,Ca,Ga,Zr,Nb,O,,DFT_GLLBSC_gap,GLLB-SC,fundamental_quasiparticle,oxide_double_perovskite_absorber,A2BBprimeO6_oxide_double_perovskite,absorber_only,10.1038/srep19375,"Pilania et al. Sci Rep 6, 19375 (2016) — GLLB-SC double perovskite gaps"
CaZrGaTaO6,3.014914456,,Ca,Ga,Zr,Ta,O,,DFT_GLLBSC_gap,GLLB-SC,fundamental_quasiparticle,oxide_double_perovskite_absorber,A2BBprimeO6_oxide_double_perovskite,absorber_only,10.1038/srep19375,"Pilania et al. Sci Rep 6, 19375 (2016) — GLLB-SC double perovskite gaps"
CaZrInNbO6,1.456944238,,Ca,In,Zr,Nb,O,,DFT_GLLBSC_gap,GLLB-SC,fundamental_quasiparticle,oxide_double_perovskite_absorber,A2BBprimeO6_oxide_double_perovskite,absorber_only,10.1038/srep19375,"Pilania et al. Sci Rep 6, 19375 (2016) — GLLB-SC double perovskite gaps"
CaZrInTaO6,2.057918429,,Ca,In,Zr,Ta,O,,DFT_GLLBSC_gap,GLLB-SC,fundamental_quasiparticle,oxide_double_perovskite_absorber,A2BBprimeO6_oxide_double_perovskite,absorber_only,10.1038/srep19375,"Pilania et al. Sci Rep 6, 19375 (2016) — GLLB-SC double perovskite gaps"
CaZrKNbO6,4.630967138,,Ca,K,Zr,Nb,O,,DFT_GLLBSC_gap,GLLB-SC,fundamental_quasiparticle,oxide_double_perovskite_absorber,A2BBprimeO6_oxide_double_perovskite,absorber_only,10.1038/srep19375,"Pilania et al. Sci Rep 6, 19375 (2016) — GLLB-SC double perovskite gaps"
CaZrKSbO6,5.399489278,,Ca,K,Zr,Sb,O,,DFT_GLLBSC_gap,GLLB-SC,fundamental_quasiparticle,oxide_double_perovskite_absorber,A2BBprimeO6_oxide_double_perovskite,absorber_only,10.1038/srep19375,"Pilania et al. Sci Rep 6, 19375 (2016) — GLLB-SC double perovskite gaps"
CaZrLaAlO6,6.792712674,,Ca,La,Zr,Al,O,,DFT_GLLBSC_gap,GLLB-SC,fundamental_quasiparticle,oxide_double_perovskite_absorber,A2BBprimeO6_oxide_double_perovskite,absorber_only,10.1038/srep19375,"Pilania et al. Sci Rep 6, 19375 (2016) — GLLB-SC double perovskite gaps"
CaZrLaGaO6,6.915401065,,Ca,La,Zr,Ga,O,,DFT_GLLBSC_gap,GLLB-SC,fundamental_quasiparticle,oxide_double_perovskite_absorber,A2BBprimeO6_oxide_double_perovskite,absorber_only,10.1038/srep19375,"Pilania et al. Sci Rep 6, 19375 (2016) — GLLB-SC double perovskite gaps"
CaZrLaInO6,6.732697601,,Ca,La,Zr,In,O,,DFT_GLLBSC_gap,GLLB-SC,fundamental_quasiparticle,oxide_double_perovskite_absorber,A2BBprimeO6_oxide_double_perovskite,absorber_only,10.1038/srep19375,"Pilania et al. Sci Rep 6, 19375 (2016) — GLLB-SC double perovskite gaps"
CaZrLaScO6,7.106711864,,Ca,La,Zr,Sc,O,,DFT_GLLBSC_gap,GLLB-SC,fundamental_quasiparticle,oxide_double_perovskite_absorber,A2BBprimeO6_oxide_double_perovskite,absorber_only,10.1038/srep19375,"Pilania et al. Sci Rep 6, 19375 (2016) — GLLB-SC double perovskite gaps"
CaZrLiNbO6,5.120245746,,Ca,Li,Zr,Nb,O,,DFT_GLLBSC_gap,GLLB-SC,fundamental_quasiparticle,oxide_double_perovskite_absorber,A2BBprimeO6_oxide_double_perovskite,absorber_only,10.1038/srep19375,"Pilania et al. Sci Rep 6, 19375 (2016) — GLLB-SC double perovskite gaps"
CaZrLiTaO6,5.605585615,,Ca,Li,Zr,Ta,O,,DFT_GLLBSC_gap,GLLB-SC,fundamental_quasiparticle,oxide_double_perovskite_absorber,A2BBprimeO6_oxide_double_perovskite,absorber_only,10.1038/srep19375,"Pilania et al. Sci Rep 6, 19375 (2016) — GLLB-SC double perovskite gaps"
CaZrLiVO6,3.120799521,,Ca,Li,Zr,V,O,,DFT_GLLBSC_gap,GLLB-SC,fundamental_quasiparticle,oxide_double_perovskite_absorber,A2BBprimeO6_oxide_double_perovskite,absorber_only,10.1038/srep19375,"Pilania et al. Sci Rep 6, 19375 (2016) — GLLB-SC double perovskite gaps"
CaZrMgTiO6,5.924793527,,Ca,Mg,Zr,Ti,O,,DFT_GLLBSC_gap,GLLB-SC,fundamental_quasiparticle,oxide_double_perovskite_absorber,A2BBprimeO6_oxide_double_perovskite,absorber_only,10.1038/srep19375,"Pilania et al. Sci Rep 6, 19375 (2016) — GLLB-SC double perovskite gaps"
CaZrMgZrO6,7.080509925,,Ca,Mg,Zr,Zr,O,,DFT_GLLBSC_gap,GLLB-SC,fundamental_quasiparticle,oxide_double_perovskite_absorber,A2BBprimeO6_oxide_double_perovskite,absorber_only,10.1038/srep19375,"Pilania et al. Sci Rep 6, 19375 (2016) — GLLB-SC double perovskite gaps"
CaZrNaNbO6,5.162790192,,Ca,Na,Zr,Nb,O,,DFT_GLLBSC_gap,GLLB-SC,fundamental_quasiparticle,oxide_double_perovskite_absorber,A2BBprimeO6_oxide_double_perovskite,absorber_only,10.1038/srep19375,"Pilania et al. Sci Rep 6, 19375 (2016) — GLLB-SC double perovskite gaps"
CaZrNaSbO6,5.537664127,,Ca,Na,Zr,Sb,O,,DFT_GLLBSC_gap,GLLB-SC,fundamental_quasiparticle,oxide_double_perovskite_absorber,A2BBprimeO6_oxide_double_perovskite,absorber_only,10.1038/srep19375,"Pilania et al. Sci Rep 6, 19375 (2016) — GLLB-SC double perovskite gaps"
CaZrNaTaO6,5.939519026,,Ca,Na,Zr,Ta,O,,DFT_GLLBSC_gap,GLLB-SC,fundamental_quasiparticle,oxide_double_perovskite_absorber,A2BBprimeO6_oxide_double_perovskite,absorber_only,10.1038/srep19375,"Pilania et al. Sci Rep 6, 19375 (2016) — GLLB-SC double perovskite gaps"
CaZrNaVO6,2.457278723,,Ca,Na,Zr,V,O,,DFT_GLLBSC_gap,GLLB-SC,fundamental_quasiparticle,oxide_double_perovskite_absorber,A2BBprimeO6_oxide_double_perovskite,absorber_only,10.1038/srep19375,"Pilania et al. Sci Rep 6, 19375 (2016) — GLLB-SC double perovskite gaps"
CaZrPbHfO6,5.966256093,,Ca,Pb,Zr,Hf,O,,DFT_GLLBSC_gap,GLLB-SC,fundamental_quasiparticle,oxide_double_perovskite_absorber,A2BBprimeO6_oxide_double_perovskite,absorber_only,10.1038/srep19375,"Pilania et al. Sci Rep 6, 19375 (2016) — GLLB-SC double perovskite gaps"
CaZrPbTiO6,4.496582604,,Ca,Pb,Zr,Ti,O,,DFT_GLLBSC_gap,GLLB-SC,fundamental_quasiparticle,oxide_double_perovskite_absorber,A2BBprimeO6_oxide_double_perovskite,absorber_only,10.1038/srep19375,"Pilania et al. Sci Rep 6, 19375 (2016) — GLLB-SC double perovskite gaps"
CaZrPbZrO6,5.921731313,,Ca,Pb,Zr,Zr,O,,DFT_GLLBSC_gap,GLLB-SC,fundamental_quasiparticle,oxide_double_perovskite_absorber,A2BBprimeO6_oxide_double_perovskite,absorber_only,10.1038/srep19375,"Pilania et al. Sci Rep 6, 19375 (2016) — GLLB-SC double perovskite gaps"
CaZrRbNbO6,4.296312174,,Ca,Rb,Zr,Nb,O,,DFT_GLLBSC_gap,GLLB-SC,fundamental_quasiparticle,oxide_double_perovskite_absorber,A2BBprimeO6_oxide_double_perovskite,absorber_only,10.1038/srep19375,"Pilania et al. Sci Rep 6, 19375 (2016) — GLLB-SC double perovskite gaps"
CaZrSnHfO6,4.966758775,,Ca,Sn,Zr,Hf,O,,DFT_GLLBSC_gap,GLLB-SC,fundamental_quasiparticle,oxide_double_perovskite_absorber,A2BBprimeO6_oxide_double_perovskite,absorber_only,10.1038/srep19375,"Pilania et al. Sci Rep 6, 19375 (2016) — GLLB-SC double perovskite gaps"
CaZrSnTiO6,3.500428614,,Ca,Sn,Zr,Ti,O,,DFT_GLLBSC_gap,GLLB-SC,fundamental_quasiparticle,oxide_double_perovskite_absorber,A2BBprimeO6_oxide_double_perovskite,absorber_only,10.1038/srep19375,"Pilania et al. Sci Rep 6, 19375 (2016) — GLLB-SC double perovskite gaps"
CaZrSrGeO6,6.114467667,,Ca,Sr,Zr,Ge,O,,DFT_GLLBSC_gap,GLLB-SC,fundamental_quasiparticle,oxide_double_perovskite_absorber,A2BBprimeO6_oxide_double_perovskite,absorber_only,10.1038/srep19375,"Pilania et al. Sci Rep 6, 19375 (2016) — GLLB-SC double perovskite gaps"
CaZrSrHfO6,7.245451656,,Ca,Sr,Zr,Hf,O,,DFT_GLLBSC_gap,GLLB-SC,fundamental_quasiparticle,oxide_double_perovskite_absorber,A2BBprimeO6_oxide_double_perovskite,absorber_only,10.1038/srep19375,"Pilania et al. Sci Rep 6, 19375 (2016) — GLLB-SC double perovskite gaps"
CaZrSrSiO6,6.832765223,,Ca,Sr,Zr,Si,O,,DFT_GLLBSC_gap,GLLB-SC,fundamental_quasiparticle,oxide_double_perovskite_absorber,A2BBprimeO6_oxide_double_perovskite,absorber_only,10.1038/srep19375,"Pilania et al. Sci Rep 6, 19375 (2016) — GLLB-SC double perovskite gaps"
CaZrSrSnO6,6.724869435,,Ca,Sr,Zr,Sn,O,,DFT_GLLBSC_gap,GLLB-SC,fundamental_quasiparticle,oxide_double_perovskite_absorber,A2BBprimeO6_oxide_double_perovskite,absorber_only,10.1038/srep19375,"Pilania et al. Sci Rep 6, 19375 (2016) — GLLB-SC double perovskite gaps"
CaZrSrTiO6,5.078140778,,Ca,Sr,Zr,Ti,O,,DFT_GLLBSC_gap,GLLB-SC,fundamental_quasiparticle,oxide_double_perovskite_absorber,A2BBprimeO6_oxide_double_perovskite,absorber_only,10.1038/srep19375,"Pilania et al. Sci Rep 6, 19375 (2016) — GLLB-SC double perovskite gaps"
CaZrSrZrO6,6.802271822,,Ca,Sr,Zr,Zr,O,,DFT_GLLBSC_gap,GLLB-SC,fundamental_quasiparticle,oxide_double_perovskite_absorber,A2BBprimeO6_oxide_double_perovskite,absorber_only,10.1038/srep19375,"Pilania et al. Sci Rep 6, 19375 (2016) — GLLB-SC double perovskite gaps"
CaZrTlNbO6,2.711079064,,Ca,Tl,Zr,Nb,O,,DFT_GLLBSC_gap,GLLB-SC,fundamental_quasiparticle,oxide_double_perovskite_absorber,A2BBprimeO6_oxide_double_perovskite,absorber_only,10.1038/srep19375,"Pilania et al. Sci Rep 6, 19375 (2016) — GLLB-SC double perovskite gaps"
CaZrTlTaO6,3.399255554,,Ca,Tl,Zr,Ta,O,,DFT_GLLBSC_gap,GLLB-SC,fundamental_quasiparticle,oxide_double_perovskite_absorber,A2BBprimeO6_oxide_double_perovskite,absorber_only,10.1038/srep19375,"Pilania et al. Sci Rep 6, 19375 (2016) — GLLB-SC double perovskite gaps"
CaZrYAlO6,7.690766219,,Ca,Y,Zr,Al,O,,DFT_GLLBSC_gap,GLLB-SC,fundamental_quasiparticle,oxide_double_perovskite_absorber,A2BBprimeO6_oxide_double_perovskite,absorber_only,10.1038/srep19375,"Pilania et al. Sci Rep 6, 19375 (2016) — GLLB-SC double perovskite gaps"
CsNbAgNbO6,3.33017012,,Cs,Ag,Nb,Nb,O,,DFT_GLLBSC_gap,GLLB-SC,fundamental_quasiparticle,oxide_double_perovskite_absorber,A2BBprimeO6_oxide_double_perovskite,absorber_only,10.1038/srep19375,"Pilania et al. Sci Rep 6, 19375 (2016) — GLLB-SC double perovskite gaps"
CsNbBaSnO6,4.222506347,,Cs,Ba,Nb,Sn,O,,DFT_GLLBSC_gap,GLLB-SC,fundamental_quasiparticle,oxide_double_perovskite_absorber,A2BBprimeO6_oxide_double_perovskite,absorber_only,10.1038/srep19375,"Pilania et al. Sci Rep 6, 19375 (2016) — GLLB-SC double perovskite gaps"
CsNbCaGeO6,3.77620684,,Cs,Ca,Nb,Ge,O,,DFT_GLLBSC_gap,GLLB-SC,fundamental_quasiparticle,oxide_double_perovskite_absorber,A2BBprimeO6_oxide_double_perovskite,absorber_only,10.1038/srep19375,"Pilania et al. Sci Rep 6, 19375 (2016) — GLLB-SC double perovskite gaps"
CsNbCaSiO6,3.244987246,,Cs,Ca,Nb,Si,O,,DFT_GLLBSC_gap,GLLB-SC,fundamental_quasiparticle,oxide_double_perovskite_absorber,A2BBprimeO6_oxide_double_perovskite,absorber_only,10.1038/srep19375,"Pilania et al. Sci Rep 6, 19375 (2016) — GLLB-SC double perovskite gaps"
CsNbCaSnO6,4.0016578,,Cs,Ca,Nb,Sn,O,,DFT_GLLBSC_gap,GLLB-SC,fundamental_quasiparticle,oxide_double_perovskite_absorber,A2BBprimeO6_oxide_double_perovskite,absorber_only,10.1038/srep19375,"Pilania et al. Sci Rep 6, 19375 (2016) — GLLB-SC double perovskite gaps"
CsNbCaTiO6,3.781984576,,Cs,Ca,Nb,Ti,O,,DFT_GLLBSC_gap,GLLB-SC,fundamental_quasiparticle,oxide_double_perovskite_absorber,A2BBprimeO6_oxide_double_perovskite,absorber_only,10.1038/srep19375,"Pilania et al. Sci Rep 6, 19375 (2016) — GLLB-SC double perovskite gaps"
CsNbCsTaO6,3.431655002,,Cs,Cs,Nb,Ta,O,,DFT_GLLBSC_gap,GLLB-SC,fundamental_quasiparticle,oxide_double_perovskite_absorber,A2BBprimeO6_oxide_double_perovskite,absorber_only,10.1038/srep19375,"Pilania et al. Sci Rep 6, 19375 (2016) — GLLB-SC double perovskite gaps"
CsNbGaNbO6,1.568671522,,Cs,Ga,Nb,Nb,O,,DFT_GLLBSC_gap,GLLB-SC,fundamental_quasiparticle,oxide_double_perovskite_absorber,A2BBprimeO6_oxide_double_perovskite,absorber_only,10.1038/srep19375,"Pilania et al. Sci Rep 6, 19375 (2016) — GLLB-SC double perovskite gaps"
CsNbGaTaO6,1.689092986,,Cs,Ga,Nb,Ta,O,,DFT_GLLBSC_gap,GLLB-SC,fundamental_quasiparticle,oxide_double_perovskite_absorber,A2BBprimeO6_oxide_double_perovskite,absorber_only,10.1038/srep19375,"Pilania et al. Sci Rep 6, 19375 (2016) — GLLB-SC double perovskite gaps"
CsNbInNbO6,0.772474049,,Cs,In,Nb,Nb,O,,DFT_GLLBSC_gap,GLLB-SC,fundamental_quasiparticle,oxide_double_perovskite_absorber,A2BBprimeO6_oxide_double_perovskite,absorber_only,10.1038/srep19375,"Pilania et al. Sci Rep 6, 19375 (2016) — GLLB-SC double perovskite gaps"
CsNbKNbO6,3.371381999,,Cs,K,Nb,Nb,O,,DFT_GLLBSC_gap,GLLB-SC,fundamental_quasiparticle,oxide_double_perovskite_absorber,A2BBprimeO6_oxide_double_perovskite,absorber_only,10.1038/srep19375,"Pilania et al. Sci Rep 6, 19375 (2016) — GLLB-SC double perovskite gaps"
CsNbKSbO6,3.252953266,,Cs,K,Nb,Sb,O,,DFT_GLLBSC_gap,GLLB-SC,fundamental_quasiparticle,oxide_double_perovskite_absorber,A2BBprimeO6_oxide_double_perovskite,absorber_only,10.1038/srep19375,"Pilania et al. Sci Rep 6, 19375 (2016) — GLLB-SC double perovskite gaps"
CsNbLaAlO6,3.970550913,,Cs,La,Nb,Al,O,,DFT_GLLBSC_gap,GLLB-SC,fundamental_quasiparticle,oxide_double_perovskite_absorber,A2BBprimeO6_oxide_double_perovskite,absorber_only,10.1038/srep19375,"Pilania et al. Sci Rep 6, 19375 (2016) — GLLB-SC double perovskite gaps"
CsNbLaGaO6,4.445701186,,Cs,La,Nb,Ga,O,,DFT_GLLBSC_gap,GLLB-SC,fundamental_quasiparticle,oxide_double_perovskite_absorber,A2BBprimeO6_oxide_double_perovskite,absorber_only,10.1038/srep19375,"Pilania et al. Sci Rep 6, 19375 (2016) — GLLB-SC double perovskite gaps"
CsNbLaInO6,4.659075089,,Cs,La,Nb,In,O,,DFT_GLLBSC_gap,GLLB-SC,fundamental_quasiparticle,oxide_double_perovskite_absorber,A2BBprimeO6_oxide_double_perovskite,absorber_only,10.1038/srep19375,"Pilania et al. Sci Rep 6, 19375 (2016) — GLLB-SC double perovskite gaps"
CsNbLiNbO6,3.358618162,,Cs,Li,Nb,Nb,O,,DFT_GLLBSC_gap,GLLB-SC,fundamental_quasiparticle,oxide_double_perovskite_absorber,A2BBprimeO6_oxide_double_perovskite,absorber_only,10.1038/srep19375,"Pilania et al. Sci Rep 6, 19375 (2016) — GLLB-SC double perovskite gaps"
CsNbMgTiO6,3.70530303,,Cs,Mg,Nb,Ti,O,,DFT_GLLBSC_gap,GLLB-SC,fundamental_quasiparticle,oxide_double_perovskite_absorber,A2BBprimeO6_oxide_double_perovskite,absorber_only,10.1038/srep19375,"Pilania et al. Sci Rep 6, 19375 (2016) — GLLB-SC double perovskite gaps"
CsNbMgZrO6,5.068744498,,Cs,Mg,Nb,Zr,O,,DFT_GLLBSC_gap,GLLB-SC,fundamental_quasiparticle,oxide_double_perovskite_absorber,A2BBprimeO6_oxide_double_perovskite,absorber_only,10.1038/srep19375,"Pilania et al. Sci Rep 6, 19375 (2016) — GLLB-SC double perovskite gaps"
CsNbNaNbO6,3.456134098,,Cs,Na,Nb,Nb,O,,DFT_GLLBSC_gap,GLLB-SC,fundamental_quasiparticle,oxide_double_perovskite_absorber,A2BBprimeO6_oxide_double_perovskite,absorber_only,10.1038/srep19375,"Pilania et al. Sci Rep 6, 19375 (2016) — GLLB-SC double perovskite gaps"
CsNbNaSbO6,3.475302498,,Cs,Na,Nb,Sb,O,,DFT_GLLBSC_gap,GLLB-SC,fundamental_quasiparticle,oxide_double_perovskite_absorber,A2BBprimeO6_oxide_double_perovskite,absorber_only,10.1038/srep19375,"Pilania et al. Sci Rep 6, 19375 (2016) — GLLB-SC double perovskite gaps"
CsNbPbHfO6,4.125761782,,Cs,Pb,Nb,Hf,O,,DFT_GLLBSC_gap,GLLB-SC,fundamental_quasiparticle,oxide_double_perovskite_absorber,A2BBprimeO6_oxide_double_perovskite,absorber_only,10.1038/srep19375,"Pilania et al. Sci Rep 6, 19375 (2016) — GLLB-SC double perovskite gaps"
CsNbPbTiO6,3.806622078,,Cs,Pb,Nb,Ti,O,,DFT_GLLBSC_gap,GLLB-SC,fundamental_quasiparticle,oxide_double_perovskite_absorber,A2BBprimeO6_oxide_double_perovskite,absorber_only,10.1038/srep19375,"Pilania et al. Sci Rep 6, 19375 (2016) — GLLB-SC double perovskite gaps"
CsNbPbZrO6,4.100090389,,Cs,Pb,Nb,Zr,O,,DFT_GLLBSC_gap,GLLB-SC,fundamental_quasiparticle,oxide_double_perovskite_absorber,A2BBprimeO6_oxide_double_perovskite,absorber_only,10.1038/srep19375,"Pilania et al. Sci Rep 6, 19375 (2016) — GLLB-SC double perovskite gaps"
CsNbRbNbO6,3.389681924,,Cs,Rb,Nb,Nb,O,,DFT_GLLBSC_gap,GLLB-SC,fundamental_quasiparticle,oxide_double_perovskite_absorber,A2BBprimeO6_oxide_double_perovskite,absorber_only,10.1038/srep19375,"Pilania et al. Sci Rep 6, 19375 (2016) — GLLB-SC double perovskite gaps"
CsNbSnHfO6,3.837245653,,Cs,Sn,Nb,Hf,O,,DFT_GLLBSC_gap,GLLB-SC,fundamental_quasiparticle,oxide_double_perovskite_absorber,A2BBprimeO6_oxide_double_perovskite,absorber_only,10.1038/srep19375,"Pilania et al. Sci Rep 6, 19375 (2016) — GLLB-SC double perovskite gaps"
CsNbSnTiO6,2.905831639,,Cs,Sn,Nb,Ti,O,,DFT_GLLBSC_gap,GLLB-SC,fundamental_quasiparticle,oxide_double_perovskite_absorber,A2BBprimeO6_oxide_double_perovskite,absorber_only,10.1038/srep19375,"Pilania et al. Sci Rep 6, 19375 (2016) — GLLB-SC double perovskite gaps"
CsNbSnZrO6,3.396033234,,Cs,Sn,Nb,Zr,O,,DFT_GLLBSC_gap,GLLB-SC,fundamental_quasiparticle,oxide_double_perovskite_absorber,A2BBprimeO6_oxide_double_perovskite,absorber_only,10.1038/srep19375,"Pilania et al. Sci Rep 6, 19375 (2016) — GLLB-SC double perovskite gaps"
CsNbSrGeO6,3.617636293,,Cs,Sr,Nb,Ge,O,,DFT_GLLBSC_gap,GLLB-SC,fundamental_quasiparticle,oxide_double_perovskite_absorber,A2BBprimeO6_oxide_double_perovskite,absorber_only,10.1038/srep19375,"Pilania et al. Sci Rep 6, 19375 (2016) — GLLB-SC double perovskite gaps"
CsNbSrSiO6,3.264936787,,Cs,Sr,Nb,Si,O,,DFT_GLLBSC_gap,GLLB-SC,fundamental_quasiparticle,oxide_double_perovskite_absorber,A2BBprimeO6_oxide_double_perovskite,absorber_only,10.1038/srep19375,"Pilania et al. Sci Rep 6, 19375 (2016) — GLLB-SC double perovskite gaps"
CsNbSrSnO6,4.520872076,,Cs,Sr,Nb,Sn,O,,DFT_GLLBSC_gap,GLLB-SC,fundamental_quasiparticle,oxide_double_perovskite_absorber,A2BBprimeO6_oxide_double_perovskite,absorber_only,10.1038/srep19375,"Pilania et al. Sci Rep 6, 19375 (2016) — GLLB-SC double perovskite gaps"
CsNbSrTiO6,3.872904631,,Cs,Sr,Nb,Ti,O,,DFT_GLLBSC_gap,GLLB-SC,fundamental_quasiparticle,oxide_double_perovskite_absorber,A2BBprimeO6_oxide_double_perovskite,absorber_only,10.1038/srep19375,"Pilania et al. Sci Rep 6, 19375 (2016) — GLLB-SC double perovskite gaps"
CsNbTlNbO6,2.10377581,,Cs,Tl,Nb,Nb,O,,DFT_GLLBSC_gap,GLLB-SC,fundamental_quasiparticle,oxide_double_perovskite_absorber,A2BBprimeO6_oxide_double_perovskite,absorber_only,10.1038/srep19375,"Pilania et al. Sci Rep 6, 19375 (2016) — GLLB-SC double perovskite gaps"
CsNbYAlO6,3.724349822,,Cs,Y,Nb,Al,O,,DFT_GLLBSC_gap,GLLB-SC,fundamental_quasiparticle,oxide_double_perovskite_absorber,A2BBprimeO6_oxide_double_perovskite,absorber_only,10.1038/srep19375,"Pilania et al. Sci Rep 6, 19375 (2016) — GLLB-SC double perovskite gaps"
CsTaAgNbO6,3.258149897,,Cs,Ag,Ta,Nb,O,,DFT_GLLBSC_gap,GLLB-SC,fundamental_quasiparticle,oxide_double_perovskite_absorber,A2BBprimeO6_oxide_double_perovskite,absorber_only,10.1038/srep19375,"Pilania et al. Sci Rep 6, 19375 (2016) — GLLB-SC double perovskite gaps"
CsTaAgTaO6,3.808143901,,Cs,Ag,Ta,Ta,O,,DFT_GLLBSC_gap,GLLB-SC,fundamental_quasiparticle,oxide_double_perovskite_absorber,A2BBprimeO6_oxide_double_perovskite,absorber_only,10.1038/srep19375,"Pilania et al. Sci Rep 6, 19375 (2016) — GLLB-SC double perovskite gaps"
CsTaBaSnO6,4.584905096,,Cs,Ba,Ta,Sn,O,,DFT_GLLBSC_gap,GLLB-SC,fundamental_quasiparticle,oxide_double_perovskite_absorber,A2BBprimeO6_oxide_double_perovskite,absorber_only,10.1038/srep19375,"Pilania et al. Sci Rep 6, 19375 (2016) — GLLB-SC double perovskite gaps"
CsTaBaTiO6,3.902959037,,Cs,Ba,Ta,Ti,O,,DFT_GLLBSC_gap,GLLB-SC,fundamental_quasiparticle,oxide_double_perovskite_absorber,A2BBprimeO6_oxide_double_perovskite,absorber_only,10.1038/srep19375,"Pilania et al. Sci Rep 6, 19375 (2016) — GLLB-SC double perovskite gaps"
CsTaCaGeO6,4.184887473,,Cs,Ca,Ta,Ge,O,,DFT_GLLBSC_gap,GLLB-SC,fundamental_quasiparticle,oxide_double_perovskite_absorber,A2BBprimeO6_oxide_double_perovskite,absorber_only,10.1038/srep19375,"Pilania et al. Sci Rep 6, 19375 (2016) — GLLB-SC double perovskite gaps"
CsTaCaHfO6,4.97375148,,Cs,Ca,Ta,Hf,O,,DFT_GLLBSC_gap,GLLB-SC,fundamental_quasiparticle,oxide_double_perovskite_absorber,A2BBprimeO6_oxide_double_perovskite,absorber_only,10.1038/srep19375,"Pilania et al. Sci Rep 6, 19375 (2016) — GLLB-SC double perovskite gaps"
CsTaCaSiO6,4.136175518,,Cs,Ca,Ta,Si,O,,DFT_GLLBSC_gap,GLLB-SC,fundamental_quasiparticle,oxide_double_perovskite_absorber,A2BBprimeO6_oxide_double_perovskite,absorber_only,10.1038/srep19375,"Pilania et al. Sci Rep 6, 19375 (2016) — GLLB-SC double perovskite gaps"
CsTaCaSnO6,4.523695478,,Cs,Ca,Ta,Sn,O,,DFT_GLLBSC_gap,GLLB-SC,fundamental_quasiparticle,oxide_double_perovskite_absorber,A2BBprimeO6_oxide_double_perovskite,absorber_only,10.1038/srep19375,"Pilania et al. Sci Rep 6, 19375 (2016) — GLLB-SC double perovskite gaps"
CsTaCaTiO6,3.849509114,,Cs,Ca,Ta,Ti,O,,DFT_GLLBSC_gap,GLLB-SC,fundamental_quasiparticle,oxide_double_perovskite_absorber,A2BBprimeO6_oxide_double_perovskite,absorber_only,10.1038/srep19375,"Pilania et al. Sci Rep 6, 19375 (2016) — GLLB-SC double perovskite gaps"
CsTaCaZrO6,4.972347834,,Cs,Ca,Ta,Zr,O,,DFT_GLLBSC_gap,GLLB-SC,fundamental_quasiparticle,oxide_double_perovskite_absorber,A2BBprimeO6_oxide_double_perovskite,absorber_only,10.1038/srep19375,"Pilania et al. Sci Rep 6, 19375 (2016) — GLLB-SC double perovskite gaps"
CsTaCsVO6,2.139696775,,Cs,Cs,Ta,V,O,,DFT_GLLBSC_gap,GLLB-SC,fundamental_quasiparticle,oxide_double_perovskite_absorber,A2BBprimeO6_oxide_double_perovskite,absorber_only,10.1038/srep19375,"Pilania et al. Sci Rep 6, 19375 (2016) — GLLB-SC double perovskite gaps"
CsTaGaNbO6,1.689655245,,Cs,Ga,Ta,Nb,O,,DFT_GLLBSC_gap,GLLB-SC,fundamental_quasiparticle,oxide_double_perovskite_absorber,A2BBprimeO6_oxide_double_perovskite,absorber_only,10.1038/srep19375,"Pilania et al. Sci Rep 6, 19375 (2016) — GLLB-SC double perovskite gaps"
CsTaGaTaO6,2.162289219,,Cs,Ga,Ta,Ta,O,,DFT_GLLBSC_gap,GLLB-SC,fundamental_quasiparticle,oxide_double_perovskite_absorber,A2BBprimeO6_oxide_double_perovskite,absorber_only,10.1038/srep19375,"Pilania et al. Sci Rep 6, 19375 (2016) — GLLB-SC double perovskite gaps"
CsTaKNbO6,3.29564536,,Cs,K,Ta,Nb,O,,DFT_GLLBSC_gap,GLLB-SC,fundamental_quasiparticle,oxide_double_perovskite_absorber,A2BBprimeO6_oxide_double_perovskite,absorber_only,10.1038/srep19375,"Pilania et al. Sci Rep 6, 19375 (2016) — GLLB-SC double perovskite gaps"
CsTaKSbO6,3.598247689,,Cs,K,Ta,Sb,O,,DFT_GLLBSC_gap,GLLB-SC,fundamental_quasiparticle,oxide_double_perovskite_absorber,A2BBprimeO6_oxide_double_perovskite,absorber_only,10.1038/srep19375,"Pilania et al. Sci Rep 6, 19375 (2016) — GLLB-SC double perovskite gaps"
CsTaKTaO6,3.829263824,,Cs,K,Ta,Ta,O,,DFT_GLLBSC_gap,GLLB-SC,fundamental_quasiparticle,oxide_double_perovskite_absorber,A2BBprimeO6_oxide_double_perovskite,absorber_only,10.1038/srep19375,"Pilania et al. Sci Rep 6, 19375 (2016) — GLLB-SC double perovskite gaps"
CsTaLaAlO6,4.790851813,,Cs,La,Ta,Al,O,,DFT_GLLBSC_gap,GLLB-SC,fundamental_quasiparticle,oxide_double_perovskite_absorber,A2BBprimeO6_oxide_double_perovskite,absorber_only,10.1038/srep19375,"Pilania et al. Sci Rep 6, 19375 (2016) — GLLB-SC double perovskite gaps"
CsTaLaGaO6,5.274671803,,Cs,La,Ta,Ga,O,,DFT_GLLBSC_gap,GLLB-SC,fundamental_quasiparticle,oxide_double_perovskite_absorber,A2BBprimeO6_oxide_double_perovskite,absorber_only,10.1038/srep19375,"Pilania et al. Sci Rep 6, 19375 (2016) — GLLB-SC double perovskite gaps"
CsTaLaInO6,5.039008801,,Cs,La,Ta,In,O,,DFT_GLLBSC_gap,GLLB-SC,fundamental_quasiparticle,oxide_double_perovskite_absorber,A2BBprimeO6_oxide_double_perovskite,absorber_only,10.1038/srep19375,"Pilania et al. Sci Rep 6, 19375 (2016) — GLLB-SC double perovskite gaps"
CsTaLaScO6,5.224512176,,Cs,La,Ta,Sc,O,,DFT_GLLBSC_gap,GLLB-SC,fundamental_quasiparticle,oxide_double_perovskite_absorber,A2BBprimeO6_oxide_double_perovskite,absorber_only,10.1038/srep19375,"Pilania et al. Sci Rep 6, 19375 (2016) — GLLB-SC double perovskite gaps"
CsTaLiNbO6,3.3951785,,Cs,Li,Ta,Nb,O,,DFT_GLLBSC_gap,GLLB-SC,fundamental_quasiparticle,oxide_double_perovskite_absorber,A2BBprimeO6_oxide_double_perovskite,absorber_only,10.1038/srep19375,"Pilania et al. Sci Rep 6, 19375 (2016) — GLLB-SC double perovskite gaps"
CsTaLiTaO6,3.91261728,,Cs,Li,Ta,Ta,O,,DFT_GLLBSC_gap,GLLB-SC,fundamental_quasiparticle,oxide_double_perovskite_absorber,A2BBprimeO6_oxide_double_perovskite,absorber_only,10.1038/srep19375,"Pilania et al. Sci Rep 6, 19375 (2016) — GLLB-SC double perovskite gaps"
CsTaLiVO6,2.351802857,,Cs,Li,Ta,V,O,,DFT_GLLBSC_gap,GLLB-SC,fundamental_quasiparticle,oxide_double_perovskite_absorber,A2BBprimeO6_oxide_double_perovskite,absorber_only,10.1038/srep19375,"Pilania et al. Sci Rep 6, 19375 (2016) — GLLB-SC double perovskite gaps"
CsTaMgTiO6,3.791325966,,Cs,Mg,Ta,Ti,O,,DFT_GLLBSC_gap,GLLB-SC,fundamental_quasiparticle,oxide_double_perovskite_absorber,A2BBprimeO6_oxide_double_perovskite,absorber_only,10.1038/srep19375,"Pilania et al. Sci Rep 6, 19375 (2016) — GLLB-SC double perovskite gaps"
CsTaMgZrO6,5.85854129,,Cs,Mg,Ta,Zr,O,,DFT_GLLBSC_gap,GLLB-SC,fundamental_quasiparticle,oxide_double_perovskite_absorber,A2BBprimeO6_oxide_double_perovskite,absorber_only,10.1038/srep19375,"Pilania et al. Sci Rep 6, 19375 (2016) — GLLB-SC double perovskite gaps"
CsTaNaNbO6,3.375315176,,Cs,Na,Ta,Nb,O,,DFT_GLLBSC_gap,GLLB-SC,fundamental_quasiparticle,oxide_double_perovskite_absorber,A2BBprimeO6_oxide_double_perovskite,absorber_only,10.1038/srep19375,"Pilania et al. Sci Rep 6, 19375 (2016) — GLLB-SC double perovskite gaps"
CsTaNaSbO6,3.85601142,,Cs,Na,Ta,Sb,O,,DFT_GLLBSC_gap,GLLB-SC,fundamental_quasiparticle,oxide_double_perovskite_absorber,A2BBprimeO6_oxide_double_perovskite,absorber_only,10.1038/srep19375,"Pilania et al. Sci Rep 6, 19375 (2016) — GLLB-SC double perovskite gaps"
CsTaNaTaO6,3.893347423,,Cs,Na,Ta,Ta,O,,DFT_GLLBSC_gap,GLLB-SC,fundamental_quasiparticle,oxide_double_perovskite_absorber,A2BBprimeO6_oxide_double_perovskite,absorber_only,10.1038/srep19375,"Pilania et al. Sci Rep 6, 19375 (2016) — GLLB-SC double perovskite gaps"
CsTaNaVO6,2.0949465,,Cs,Na,Ta,V,O,,DFT_GLLBSC_gap,GLLB-SC,fundamental_quasiparticle,oxide_double_perovskite_absorber,A2BBprimeO6_oxide_double_perovskite,absorber_only,10.1038/srep19375,"Pilania et al. Sci Rep 6, 19375 (2016) — GLLB-SC double perovskite gaps"
CsTaPbHfO6,4.840162189,,Cs,Pb,Ta,Hf,O,,DFT_GLLBSC_gap,GLLB-SC,fundamental_quasiparticle,oxide_double_perovskite_absorber,A2BBprimeO6_oxide_double_perovskite,absorber_only,10.1038/srep19375,"Pilania et al. Sci Rep 6, 19375 (2016) — GLLB-SC double perovskite gaps"
CsTaPbTiO6,3.441401642,,Cs,Pb,Ta,Ti,O,,DFT_GLLBSC_gap,GLLB-SC,fundamental_quasiparticle,oxide_double_perovskite_absorber,A2BBprimeO6_oxide_double_perovskite,absorber_only,10.1038/srep19375,"Pilania et al. Sci Rep 6, 19375 (2016) — GLLB-SC double perovskite gaps"
CsTaPbZrO6,4.867170086,,Cs,Pb,Ta,Zr,O,,DFT_GLLBSC_gap,GLLB-SC,fundamental_quasiparticle,oxide_double_perovskite_absorber,A2BBprimeO6_oxide_double_perovskite,absorber_only,10.1038/srep19375,"Pilania et al. Sci Rep 6, 19375 (2016) — GLLB-SC double perovskite gaps"
CsTaRbNbO6,3.239810056,,Cs,Rb,Ta,Nb,O,,DFT_GLLBSC_gap,GLLB-SC,fundamental_quasiparticle,oxide_double_perovskite_absorber,A2BBprimeO6_oxide_double_perovskite,absorber_only,10.1038/srep19375,"Pilania et al. Sci Rep 6, 19375 (2016) — GLLB-SC double perovskite gaps"
CsTaRbTaO6,3.759439299,,Cs,Rb,Ta,Ta,O,,DFT_GLLBSC_gap,GLLB-SC,fundamental_quasiparticle,oxide_double_perovskite_absorber,A2BBprimeO6_oxide_double_perovskite,absorber_only,10.1038/srep19375,"Pilania et al. Sci Rep 6, 19375 (2016) — GLLB-SC double perovskite gaps"
CsTaSnHfO6,3.975569031,,Cs,Sn,Ta,Hf,O,,DFT_GLLBSC_gap,GLLB-SC,fundamental_quasiparticle,oxide_double_perovskite_absorber,A2BBprimeO6_oxide_double_perovskite,absorber_only,10.1038/srep19375,"Pilania et al. Sci Rep 6, 19375 (2016) — GLLB-SC double perovskite gaps"
CsTaSnTiO6,3.066637476,,Cs,Sn,Ta,Ti,O,,DFT_GLLBSC_gap,GLLB-SC,fundamental_quasiparticle,oxide_double_perovskite_absorber,A2BBprimeO6_oxide_double_perovskite,absorber_only,10.1038/srep19375,"Pilania et al. Sci Rep 6, 19375 (2016) — GLLB-SC double perovskite gaps"
CsTaSnZrO6,4.550292742,,Cs,Sn,Ta,Zr,O,,DFT_GLLBSC_gap,GLLB-SC,fundamental_quasiparticle,oxide_double_perovskite_absorber,A2BBprimeO6_oxide_double_perovskite,absorber_only,10.1038/srep19375,"Pilania et al. Sci Rep 6, 19375 (2016) — GLLB-SC double perovskite gaps"
CsTaSrGeO6,3.981506845,,Cs,Sr,Ta,Ge,O,,DFT_GLLBSC_gap,GLLB-SC,fundamental_quasiparticle,oxide_double_perovskite_absorber,A2BBprimeO6_oxide_double_perovskite,absorber_only,10.1038/srep19375,"Pilania et al. Sci Rep 6, 19375 (2016) — GLLB-SC double perovskite gaps"
CsTaSrHfO6,5.048941056,,Cs,Sr,Ta,Hf,O,,DFT_GLLBSC_gap,GLLB-SC,fundamental_quasiparticle,oxide_double_perovskite_absorber,A2BBprimeO6_oxide_double_perovskite,absorber_only,10.1038/srep19375,"Pilania et al. Sci Rep 6, 19375 (2016) — GLLB-SC double perovskite gaps"
CsTaSrSiO6,4.170938456,,Cs,Sr,Ta,Si,O,,DFT_GLLBSC_gap,GLLB-SC,fundamental_quasiparticle,oxide_double_perovskite_absorber,A2BBprimeO6_oxide_double_perovskite,absorber_only,10.1038/srep19375,"Pilania et al. Sci Rep 6, 19375 (2016) — GLLB-SC double perovskite gaps"
CsTaSrSnO6,4.909403889,,Cs,Sr,Ta,Sn,O,,DFT_GLLBSC_gap,GLLB-SC,fundamental_quasiparticle,oxide_double_perovskite_absorber,A2BBprimeO6_oxide_double_perovskite,absorber_only,10.1038/srep19375,"Pilania et al. Sci Rep 6, 19375 (2016) — GLLB-SC double perovskite gaps"
CsTaSrTiO6,3.506011227,,Cs,Sr,Ta,Ti,O,,DFT_GLLBSC_gap,GLLB-SC,fundamental_quasiparticle,oxide_double_perovskite_absorber,A2BBprimeO6_oxide_double_perovskite,absorber_only,10.1038/srep19375,"Pilania et al. Sci Rep 6, 19375 (2016) — GLLB-SC double perovskite gaps"
CsTaSrZrO6,4.95376077,,Cs,Sr,Ta,Zr,O,,DFT_GLLBSC_gap,GLLB-SC,fundamental_quasiparticle,oxide_double_perovskite_absorber,A2BBprimeO6_oxide_double_perovskite,absorber_only,10.1038/srep19375,"Pilania et al. Sci Rep 6, 19375 (2016) — GLLB-SC double perovskite gaps"
CsTaTlNbO6,2.277721909,,Cs,Tl,Ta,Nb,O,,DFT_GLLBSC_gap,GLLB-SC,fundamental_quasiparticle,oxide_double_perovskite_absorber,A2BBprimeO6_oxide_double_perovskite,absorber_only,10.1038/srep19375,"Pilania et al. Sci Rep 6, 19375 (2016) — GLLB-SC double perovskite gaps"
CsTaTlTaO6,2.209663313,,Cs,Tl,Ta,Ta,O,,DFT_GLLBSC_gap,GLLB-SC,fundamental_quasiparticle,oxide_double_perovskite_absorber,A2BBprimeO6_oxide_double_perovskite,absorber_only,10.1038/srep19375,"Pilania et al. Sci Rep 6, 19375 (2016) — GLLB-SC double perovskite gaps"
CsTaYAlO6,4.67918643,,Cs,Y,Ta,Al,O,,DFT_GLLBSC_gap,GLLB-SC,fundamental_quasiparticle,oxide_double_perovskite_absorber,A2BBprimeO6_oxide_double_perovskite,absorber_only,10.1038/srep19375,"Pilania et al. Sci Rep 6, 19375 (2016) — GLLB-SC double perovskite gaps"
CsVBaSnO6,2.072447249,,Cs,Ba,V,Sn,O,,DFT_GLLBSC_gap,GLLB-SC,fundamental_quasiparticle,oxide_double_perovskite_absorber,A2BBprimeO6_oxide_double_perovskite,absorber_only,10.1038/srep19375,"Pilania et al. Sci Rep 6, 19375 (2016) — GLLB-SC double perovskite gaps"
CsVCaGeO6,1.540581216,,Cs,Ca,V,Ge,O,,DFT_GLLBSC_gap,GLLB-SC,fundamental_quasiparticle,oxide_double_perovskite_absorber,A2BBprimeO6_oxide_double_perovskite,absorber_only,10.1038/srep19375,"Pilania et al. Sci Rep 6, 19375 (2016) — GLLB-SC double perovskite gaps"
CsVCaSiO6,1.083685684,,Cs,Ca,V,Si,O,,DFT_GLLBSC_gap,GLLB-SC,fundamental_quasiparticle,oxide_double_perovskite_absorber,A2BBprimeO6_oxide_double_perovskite,absorber_only,10.1038/srep19375,"Pilania et al. Sci Rep 6, 19375 (2016) — GLLB-SC double perovskite gaps"
CsVCaSnO6,1.797516438,,Cs,Ca,V,Sn,O,,DFT_GLLBSC_gap,GLLB-SC,fundamental_quasiparticle,oxide_double_perovskite_absorber,A2BBprimeO6_oxide_double_perovskite,absorber_only,10.1038/srep19375,"Pilania et al. Sci Rep 6, 19375 (2016) — GLLB-SC double perovskite gaps"
CsVCaTiO6,2.424146688,,Cs,Ca,V,Ti,O,,DFT_GLLBSC_gap,GLLB-SC,fundamental_quasiparticle,oxide_double_perovskite_absorber,A2BBprimeO6_oxide_double_perovskite,absorber_only,10.1038/srep19375,"Pilania et al. Sci Rep 6, 19375 (2016) — GLLB-SC double perovskite gaps"
CsVGaNbO6,0.725860475,,Cs,Ga,V,Nb,O,,DFT_GLLBSC_gap,GLLB-SC,fundamental_quasiparticle,oxide_double_perovskite_absorber,A2BBprimeO6_oxide_double_perovskite,absorber_only,10.1038/srep19375,"Pilania et al. Sci Rep 6, 19375 (2016) — GLLB-SC double perovskite gaps"
CsVGaTaO6,0.427417209,,Cs,Ga,V,Ta,O,,DFT_GLLBSC_gap,GLLB-SC,fundamental_quasiparticle,oxide_double_perovskite_absorber,A2BBprimeO6_oxide_double_perovskite,absorber_only,10.1038/srep19375,"Pilania et al. Sci Rep 6, 19375 (2016) — GLLB-SC double perovskite gaps"
CsVKSbO6,1.53383603,,Cs,K,V,Sb,O,,DFT_GLLBSC_gap,GLLB-SC,fundamental_quasiparticle,oxide_double_perovskite_absorber,A2BBprimeO6_oxide_double_perovskite,absorber_only,10.1038/srep19375,"Pilania et al. Sci Rep 6, 19375 (2016) — GLLB-SC double perovskite gaps"
CsVLaAlO6,1.617153328,,Cs,La,V,Al,O,,DFT_GLLBSC_gap,GLLB-SC,fundamental_quasiparticle,oxide_double_perovskite_absorber,A2BBprimeO6_oxide_double_perovskite,absorber_only,10.1038/srep19375,"Pilania et al. Sci Rep 6, 19375 (2016) — GLLB-SC double perovskite gaps"
CsVLaGaO6,1.929652967,,Cs,La,V,Ga,O,,DFT_GLLBSC_gap,GLLB-SC,fundamental_quasiparticle,oxide_double_perovskite_absorber,A2BBprimeO6_oxide_double_perovskite,absorber_only,10.1038/srep19375,"Pilania et al. Sci Rep 6, 19375 (2016) — GLLB-SC double perovskite gaps"
CsVLaInO6,2.385279742,,Cs,La,V,In,O,,DFT_GLLBSC_gap,GLLB-SC,fundamental_quasiparticle,oxide_double_perovskite_absorber,A2BBprimeO6_oxide_double_perovskite,absorber_only,10.1038/srep19375,"Pilania et al. Sci Rep 6, 19375 (2016) — GLLB-SC double perovskite gaps"
CsVLiVO6,1.676047872,,Cs,Li,V,V,O,,DFT_GLLBSC_gap,GLLB-SC,fundamental_quasiparticle,oxide_double_perovskite_absorber,A2BBprimeO6_oxide_double_perovskite,absorber_only,10.1038/srep19375,"Pilania et al. Sci Rep 6, 19375 (2016) — GLLB-SC double perovskite gaps"
CsVMgZrO6,2.234714469,,Cs,Mg,V,Zr,O,,DFT_GLLBSC_gap,GLLB-SC,fundamental_quasiparticle,oxide_double_perovskite_absorber,A2BBprimeO6_oxide_double_perovskite,absorber_only,10.1038/srep19375,"Pilania et al. Sci Rep 6, 19375 (2016) — GLLB-SC double perovskite gaps"
CsVNaSbO6,1.663055524,,Cs,Na,V,Sb,O,,DFT_GLLBSC_gap,GLLB-SC,fundamental_quasiparticle,oxide_double_perovskite_absorber,A2BBprimeO6_oxide_double_perovskite,absorber_only,10.1038/srep19375,"Pilania et al. Sci Rep 6, 19375 (2016) — GLLB-SC double perovskite gaps"
CsVNaVO6,1.695828684,,Cs,Na,V,V,O,,DFT_GLLBSC_gap,GLLB-SC,fundamental_quasiparticle,oxide_double_perovskite_absorber,A2BBprimeO6_oxide_double_perovskite,absorber_only,10.1038/srep19375,"Pilania et al. Sci Rep 6, 19375 (2016) — GLLB-SC double perovskite gaps"
CsVPbTiO6,2.173707247,,Cs,Pb,V,Ti,O,,DFT_GLLBSC_gap,GLLB-SC,fundamental_quasiparticle,oxide_double_perovskite_absorber,A2BBprimeO6_oxide_double_perovskite,absorber_only,10.1038/srep19375,"Pilania et al. Sci Rep 6, 19375 (2016) — GLLB-SC double perovskite gaps"
CsVSnTiO6,1.531649409,,Cs,Sn,V,Ti,O,,DFT_GLLBSC_gap,GLLB-SC,fundamental_quasiparticle,oxide_double_perovskite_absorber,A2BBprimeO6_oxide_double_perovskite,absorber_only,10.1038/srep19375,"Pilania et al. Sci Rep 6, 19375 (2016) — GLLB-SC double perovskite gaps"
CsVSrGeO6,1.535642736,,Cs,Sr,V,Ge,O,,DFT_GLLBSC_gap,GLLB-SC,fundamental_quasiparticle,oxide_double_perovskite_absorber,A2BBprimeO6_oxide_double_perovskite,absorber_only,10.1038/srep19375,"Pilania et al. Sci Rep 6, 19375 (2016) — GLLB-SC double perovskite gaps"
CsVSrSiO6,1.081372328,,Cs,Sr,V,Si,O,,DFT_GLLBSC_gap,GLLB-SC,fundamental_quasiparticle,oxide_double_perovskite_absorber,A2BBprimeO6_oxide_double_perovskite,absorber_only,10.1038/srep19375,"Pilania et al. Sci Rep 6, 19375 (2016) — GLLB-SC double perovskite gaps"
CsVSrSnO6,2.126154005,,Cs,Sr,V,Sn,O,,DFT_GLLBSC_gap,GLLB-SC,fundamental_quasiparticle,oxide_double_perovskite_absorber,A2BBprimeO6_oxide_double_perovskite,absorber_only,10.1038/srep19375,"Pilania et al. Sci Rep 6, 19375 (2016) — GLLB-SC double perovskite gaps"
CsVSrTiO6,2.402826221,,Cs,Sr,V,Ti,O,,DFT_GLLBSC_gap,GLLB-SC,fundamental_quasiparticle,oxide_double_perovskite_absorber,A2BBprimeO6_oxide_double_perovskite,absorber_only,10.1038/srep19375,"Pilania et al. Sci Rep 6, 19375 (2016) — GLLB-SC double perovskite gaps"
CsVTlTaO6,1.04242215,,Cs,Tl,V,Ta,O,,DFT_GLLBSC_gap,GLLB-SC,fundamental_quasiparticle,oxide_double_perovskite_absorber,A2BBprimeO6_oxide_double_perovskite,absorber_only,10.1038/srep19375,"Pilania et al. Sci Rep 6, 19375 (2016) — GLLB-SC double perovskite gaps"
CsVYAlO6,1.373149472,,Cs,Y,V,Al,O,,DFT_GLLBSC_gap,GLLB-SC,fundamental_quasiparticle,oxide_double_perovskite_absorber,A2BBprimeO6_oxide_double_perovskite,absorber_only,10.1038/srep19375,"Pilania et al. Sci Rep 6, 19375 (2016) — GLLB-SC double perovskite gaps"
GaNbAgNbO6,1.455146082,,Ga,Ag,Nb,Nb,O,,DFT_GLLBSC_gap,GLLB-SC,fundamental_quasiparticle,oxide_double_perovskite_absorber,A2BBprimeO6_oxide_double_perovskite,absorber_only,10.1038/srep19375,"Pilania et al. Sci Rep 6, 19375 (2016) — GLLB-SC double perovskite gaps"
GaNbBaSnO6,3.13985473,,Ga,Ba,Nb,Sn,O,,DFT_GLLBSC_gap,GLLB-SC,fundamental_quasiparticle,oxide_double_perovskite_absorber,A2BBprimeO6_oxide_double_perovskite,absorber_only,10.1038/srep19375,"Pilania et al. Sci Rep 6, 19375 (2016) — GLLB-SC double perovskite gaps"
GaNbBaTiO6,1.844905752,,Ga,Ba,Nb,Ti,O,,DFT_GLLBSC_gap,GLLB-SC,fundamental_quasiparticle,oxide_double_perovskite_absorber,A2BBprimeO6_oxide_double_perovskite,absorber_only,10.1038/srep19375,"Pilania et al. Sci Rep 6, 19375 (2016) — GLLB-SC double perovskite gaps"
GaNbCaGeO6,2.128865476,,Ga,Ca,Nb,Ge,O,,DFT_GLLBSC_gap,GLLB-SC,fundamental_quasiparticle,oxide_double_perovskite_absorber,A2BBprimeO6_oxide_double_perovskite,absorber_only,10.1038/srep19375,"Pilania et al. Sci Rep 6, 19375 (2016) — GLLB-SC double perovskite gaps"
GaNbCaSiO6,1.379197283,,Ga,Ca,Nb,Si,O,,DFT_GLLBSC_gap,GLLB-SC,fundamental_quasiparticle,oxide_double_perovskite_absorber,A2BBprimeO6_oxide_double_perovskite,absorber_only,10.1038/srep19375,"Pilania et al. Sci Rep 6, 19375 (2016) — GLLB-SC double perovskite gaps"
GaNbCaSnO6,1.843996924,,Ga,Ca,Nb,Sn,O,,DFT_GLLBSC_gap,GLLB-SC,fundamental_quasiparticle,oxide_double_perovskite_absorber,A2BBprimeO6_oxide_double_perovskite,absorber_only,10.1038/srep19375,"Pilania et al. Sci Rep 6, 19375 (2016) — GLLB-SC double perovskite gaps"
GaNbCaTiO6,1.464554512,,Ga,Ca,Nb,Ti,O,,DFT_GLLBSC_gap,GLLB-SC,fundamental_quasiparticle,oxide_double_perovskite_absorber,A2BBprimeO6_oxide_double_perovskite,absorber_only,10.1038/srep19375,"Pilania et al. Sci Rep 6, 19375 (2016) — GLLB-SC double perovskite gaps"
GaNbLaAlO6,2.126529305,,Ga,La,Nb,Al,O,,DFT_GLLBSC_gap,GLLB-SC,fundamental_quasiparticle,oxide_double_perovskite_absorber,A2BBprimeO6_oxide_double_perovskite,absorber_only,10.1038/srep19375,"Pilania et al. Sci Rep 6, 19375 (2016) — GLLB-SC double perovskite gaps"
GaNbLaGaO6,2.674483127,,Ga,La,Nb,Ga,O,,DFT_GLLBSC_gap,GLLB-SC,fundamental_quasiparticle,oxide_double_perovskite_absorber,A2BBprimeO6_oxide_double_perovskite,absorber_only,10.1038/srep19375,"Pilania et al. Sci Rep 6, 19375 (2016) — GLLB-SC double perovskite gaps"
GaNbLaInO6,2.493512245,,Ga,La,Nb,In,O,,DFT_GLLBSC_gap,GLLB-SC,fundamental_quasiparticle,oxide_double_perovskite_absorber,A2BBprimeO6_oxide_double_perovskite,absorber_only,10.1038/srep19375,"Pilania et al. Sci Rep 6, 19375 (2016) — GLLB-SC double perovskite gaps"
GaNbLiNbO6,1.401236812,,Ga,Li,Nb,Nb,O,,DFT_GLLBSC_gap,GLLB-SC,fundamental_quasiparticle,oxide_double_perovskite_absorber,A2BBprimeO6_oxide_double_perovskite,absorber_only,10.1038/srep19375,"Pilania et al. Sci Rep 6, 19375 (2016) — GLLB-SC double perovskite gaps"
GaNbMgTiO6,1.202758352,,Ga,Mg,Nb,Ti,O,,DFT_GLLBSC_gap,GLLB-SC,fundamental_quasiparticle,oxide_double_perovskite_absorber,A2BBprimeO6_oxide_double_perovskite,absorber_only,10.1038/srep19375,"Pilania et al. Sci Rep 6, 19375 (2016) — GLLB-SC double perovskite gaps"
GaNbMgZrO6,2.970601472,,Ga,Mg,Nb,Zr,O,,DFT_GLLBSC_gap,GLLB-SC,fundamental_quasiparticle,oxide_double_perovskite_absorber,A2BBprimeO6_oxide_double_perovskite,absorber_only,10.1038/srep19375,"Pilania et al. Sci Rep 6, 19375 (2016) — GLLB-SC double perovskite gaps"
GaNbNaNbO6,1.403098217,,Ga,Na,Nb,Nb,O,,DFT_GLLBSC_gap,GLLB-SC,fundamental_quasiparticle,oxide_double_perovskite_absorber,A2BBprimeO6_oxide_double_perovskite,absorber_only,10.1038/srep19375,"Pilania et al. Sci Rep 6, 19375 (2016) — GLLB-SC double perovskite gaps"
GaNbNaSbO6,2.154979683,,Ga,Na,Nb,Sb,O,,DFT_GLLBSC_gap,GLLB-SC,fundamental_quasiparticle,oxide_double_perovskite_absorber,A2BBprimeO6_oxide_double_perovskite,absorber_only,10.1038/srep19375,"Pilania et al. Sci Rep 6, 19375 (2016) — GLLB-SC double perovskite gaps"
GaNbPbTiO6,1.511721496,,Ga,Pb,Nb,Ti,O,,DFT_GLLBSC_gap,GLLB-SC,fundamental_quasiparticle,oxide_double_perovskite_absorber,A2BBprimeO6_oxide_double_perovskite,absorber_only,10.1038/srep19375,"Pilania et al. Sci Rep 6, 19375 (2016) — GLLB-SC double perovskite gaps"
GaNbSnTiO6,1.460795557,,Ga,Sn,Nb,Ti,O,,DFT_GLLBSC_gap,GLLB-SC,fundamental_quasiparticle,oxide_double_perovskite_absorber,A2BBprimeO6_oxide_double_perovskite,absorber_only,10.1038/srep19375,"Pilania et al. Sci Rep 6, 19375 (2016) — GLLB-SC double perovskite gaps"
GaNbSrGeO6,2.167031343,,Ga,Sr,Nb,Ge,O,,DFT_GLLBSC_gap,GLLB-SC,fundamental_quasiparticle,oxide_double_perovskite_absorber,A2BBprimeO6_oxide_double_perovskite,absorber_only,10.1038/srep19375,"Pilania et al. Sci Rep 6, 19375 (2016) — GLLB-SC double perovskite gaps"
GaNbSrSiO6,1.440511905,,Ga,Sr,Nb,Si,O,,DFT_GLLBSC_gap,GLLB-SC,fundamental_quasiparticle,oxide_double_perovskite_absorber,A2BBprimeO6_oxide_double_perovskite,absorber_only,10.1038/srep19375,"Pilania et al. Sci Rep 6, 19375 (2016) — GLLB-SC double perovskite gaps"
GaNbSrSnO6,3.271136372,,Ga,Sr,Nb,Sn,O,,DFT_GLLBSC_gap,GLLB-SC,fundamental_quasiparticle,oxide_double_perovskite_absorber,A2BBprimeO6_oxide_double_perovskite,absorber_only,10.1038/srep19375,"Pilania et al. Sci Rep 6, 19375 (2016) — GLLB-SC double perovskite gaps"
GaNbSrTiO6,1.487434643,,Ga,Sr,Nb,Ti,O,,DFT_GLLBSC_gap,GLLB-SC,fundamental_quasiparticle,oxide_double_perovskite_absorber,A2BBprimeO6_oxide_double_perovskite,absorber_only,10.1038/srep19375,"Pilania et al. Sci Rep 6, 19375 (2016) — GLLB-SC double perovskite gaps"
GaNbYAlO6,1.671893478,,Ga,Y,Nb,Al,O,,DFT_GLLBSC_gap,GLLB-SC,fundamental_quasiparticle,oxide_double_perovskite_absorber,A2BBprimeO6_oxide_double_perovskite,absorber_only,10.1038/srep19375,"Pilania et al. Sci Rep 6, 19375 (2016) — GLLB-SC double perovskite gaps"
GaTaAgNbO6,1.784907466,,Ga,Ag,Ta,Nb,O,,DFT_GLLBSC_gap,GLLB-SC,fundamental_quasiparticle,oxide_double_perovskite_absorber,A2BBprimeO6_oxide_double_perovskite,absorber_only,10.1038/srep19375,"Pilania et al. Sci Rep 6, 19375 (2016) — GLLB-SC double perovskite gaps"
GaTaBaSnO6,3.486954934,,Ga,Ba,Ta,Sn,O,,DFT_GLLBSC_gap,GLLB-SC,fundamental_quasiparticle,oxide_double_perovskite_absorber,A2BBprimeO6_oxide_double_perovskite,absorber_only,10.1038/srep19375,"Pilania et al. Sci Rep 6, 19375 (2016) — GLLB-SC double perovskite gaps"
GaTaBaTiO6,1.851214389,,Ga,Ba,Ta,Ti,O,,DFT_GLLBSC_gap,GLLB-SC,fundamental_quasiparticle,oxide_double_perovskite_absorber,A2BBprimeO6_oxide_double_perovskite,absorber_only,10.1038/srep19375,"Pilania et al. Sci Rep 6, 19375 (2016) — GLLB-SC double perovskite gaps"
GaTaCaGeO6,2.921206721,,Ga,Ca,Ta,Ge,O,,DFT_GLLBSC_gap,GLLB-SC,fundamental_quasiparticle,oxide_double_perovskite_absorber,A2BBprimeO6_oxide_double_perovskite,absorber_only,10.1038/srep19375,"Pilania et al. Sci Rep 6, 19375 (2016) — GLLB-SC double perovskite gaps"
GaTaCaSiO6,2.257882411,,Ga,Ca,Ta,Si,O,,DFT_GLLBSC_gap,GLLB-SC,fundamental_quasiparticle,oxide_double_perovskite_absorber,A2BBprimeO6_oxide_double_perovskite,absorber_only,10.1038/srep19375,"Pilania et al. Sci Rep 6, 19375 (2016) — GLLB-SC double perovskite gaps"
GaTaCaSnO6,2.563279251,,Ga,Ca,Ta,Sn,O,,DFT_GLLBSC_gap,GLLB-SC,fundamental_quasiparticle,oxide_double_perovskite_absorber,A2BBprimeO6_oxide_double_perovskite,absorber_only,10.1038/srep19375,"Pilania et al. Sci Rep 6, 19375 (2016) — GLLB-SC double perovskite gaps"
GaTaCaTiO6,1.842666325,,Ga,Ca,Ta,Ti,O,,DFT_GLLBSC_gap,GLLB-SC,fundamental_quasiparticle,oxide_double_perovskite_absorber,A2BBprimeO6_oxide_double_perovskite,absorber_only,10.1038/srep19375,"Pilania et al. Sci Rep 6, 19375 (2016) — GLLB-SC double perovskite gaps"
GaTaGaNbO6,1.453259658,,Ga,Ga,Ta,Nb,O,,DFT_GLLBSC_gap,GLLB-SC,fundamental_quasiparticle,oxide_double_perovskite_absorber,A2BBprimeO6_oxide_double_perovskite,absorber_only,10.1038/srep19375,"Pilania et al. Sci Rep 6, 19375 (2016) — GLLB-SC double perovskite gaps"
GaTaKNbO6,1.723389689,,Ga,K,Ta,Nb,O,,DFT_GLLBSC_gap,GLLB-SC,fundamental_quasiparticle,oxide_double_perovskite_absorber,A2BBprimeO6_oxide_double_perovskite,absorber_only,10.1038/srep19375,"Pilania et al. Sci Rep 6, 19375 (2016) — GLLB-SC double perovskite gaps"
GaTaKSbO6,2.325015967,,Ga,K,Ta,Sb,O,,DFT_GLLBSC_gap,GLLB-SC,fundamental_quasiparticle,oxide_double_perovskite_absorber,A2BBprimeO6_oxide_double_perovskite,absorber_only,10.1038/srep19375,"Pilania et al. Sci Rep 6, 19375 (2016) — GLLB-SC double perovskite gaps"
GaTaLaAlO6,2.910652372,,Ga,La,Ta,Al,O,,DFT_GLLBSC_gap,GLLB-SC,fundamental_quasiparticle,oxide_double_perovskite_absorber,A2BBprimeO6_oxide_double_perovskite,absorber_only,10.1038/srep19375,"Pilania et al. Sci Rep 6, 19375 (2016) — GLLB-SC double perovskite gaps"
GaTaLaGaO6,3.453258672,,Ga,La,Ta,Ga,O,,DFT_GLLBSC_gap,GLLB-SC,fundamental_quasiparticle,oxide_double_perovskite_absorber,A2BBprimeO6_oxide_double_perovskite,absorber_only,10.1038/srep19375,"Pilania et al. Sci Rep 6, 19375 (2016) — GLLB-SC double perovskite gaps"
GaTaLaInO6,3.425265999,,Ga,La,Ta,In,O,,DFT_GLLBSC_gap,GLLB-SC,fundamental_quasiparticle,oxide_double_perovskite_absorber,A2BBprimeO6_oxide_double_perovskite,absorber_only,10.1038/srep19375,"Pilania et al. Sci Rep 6, 19375 (2016) — GLLB-SC double perovskite gaps"
GaTaLaScO6,3.262926712,,Ga,La,Ta,Sc,O,,DFT_GLLBSC_gap,GLLB-SC,fundamental_quasiparticle,oxide_double_perovskite_absorber,A2BBprimeO6_oxide_double_perovskite,absorber_only,10.1038/srep19375,"Pilania et al. Sci Rep 6, 19375 (2016) — GLLB-SC double perovskite gaps"
GaTaLiNbO6,1.730675149,,Ga,Li,Ta,Nb,O,,DFT_GLLBSC_gap,GLLB-SC,fundamental_quasiparticle,oxide_double_perovskite_absorber,A2BBprimeO6_oxide_double_perovskite,absorber_only,10.1038/srep19375,"Pilania et al. Sci Rep 6, 19375 (2016) — GLLB-SC double perovskite gaps"
GaTaMgTiO6,2.177120432,,Ga,Mg,Ta,Ti,O,,DFT_GLLBSC_gap,GLLB-SC,fundamental_quasiparticle,oxide_double_perovskite_absorber,A2BBprimeO6_oxide_double_perovskite,absorber_only,10.1038/srep19375,"Pilania et al. Sci Rep 6, 19375 (2016) — GLLB-SC double perovskite gaps"
GaTaMgZrO6,3.255670251,,Ga,Mg,Ta,Zr,O,,DFT_GLLBSC_gap,GLLB-SC,fundamental_quasiparticle,oxide_double_perovskite_absorber,A2BBprimeO6_oxide_double_perovskite,absorber_only,10.1038/srep19375,"Pilania et al. Sci Rep 6, 19375 (2016) — GLLB-SC double perovskite gaps"
GaTaNaNbO6,1.73072672,,Ga,Na,Ta,Nb,O,,DFT_GLLBSC_gap,GLLB-SC,fundamental_quasiparticle,oxide_double_perovskite_absorber,A2BBprimeO6_oxide_double_perovskite,absorber_only,10.1038/srep19375,"Pilania et al. Sci Rep 6, 19375 (2016) — GLLB-SC double perovskite gaps"
GaTaNaSbO6,2.542490811,,Ga,Na,Ta,Sb,O,,DFT_GLLBSC_gap,GLLB-SC,fundamental_quasiparticle,oxide_double_perovskite_absorber,A2BBprimeO6_oxide_double_perovskite,absorber_only,10.1038/srep19375,"Pilania et al. Sci Rep 6, 19375 (2016) — GLLB-SC double perovskite gaps"
GaTaPbTiO6,1.883185973,,Ga,Pb,Ta,Ti,O,,DFT_GLLBSC_gap,GLLB-SC,fundamental_quasiparticle,oxide_double_perovskite_absorber,A2BBprimeO6_oxide_double_perovskite,absorber_only,10.1038/srep19375,"Pilania et al. Sci Rep 6, 19375 (2016) — GLLB-SC double perovskite gaps"
GaTaPbZrO6,3.467447345,,Ga,Pb,Ta,Zr,O,,DFT_GLLBSC_gap,GLLB-SC,fundamental_quasiparticle,oxide_double_perovskite_absorber,A2BBprimeO6_oxide_double_perovskite,absorber_only,10.1038/srep19375,"Pilania et al. Sci Rep 6, 19375 (2016) — GLLB-SC double perovskite gaps"
GaTaRbNbO6,1.714869864,,Ga,Rb,Ta,Nb,O,,DFT_GLLBSC_gap,GLLB-SC,fundamental_quasiparticle,oxide_double_perovskite_absorber,A2BBprimeO6_oxide_double_perovskite,absorber_only,10.1038/srep19375,"Pilania et al. Sci Rep 6, 19375 (2016) — GLLB-SC double perovskite gaps"
GaTaSnTiO6,1.835986128,,Ga,Sn,Ta,Ti,O,,DFT_GLLBSC_gap,GLLB-SC,fundamental_quasiparticle,oxide_double_perovskite_absorber,A2BBprimeO6_oxide_double_perovskite,absorber_only,10.1038/srep19375,"Pilania et al. Sci Rep 6, 19375 (2016) — GLLB-SC double perovskite gaps"
GaTaSrGeO6,2.733559859,,Ga,Sr,Ta,Ge,O,,DFT_GLLBSC_gap,GLLB-SC,fundamental_quasiparticle,oxide_double_perovskite_absorber,A2BBprimeO6_oxide_double_perovskite,absorber_only,10.1038/srep19375,"Pilania et al. Sci Rep 6, 19375 (2016) — GLLB-SC double perovskite gaps"
GaTaSrSiO6,2.327024022,,Ga,Sr,Ta,Si,O,,DFT_GLLBSC_gap,GLLB-SC,fundamental_quasiparticle,oxide_double_perovskite_absorber,A2BBprimeO6_oxide_double_perovskite,absorber_only,10.1038/srep19375,"Pilania et al. Sci Rep 6, 19375 (2016) — GLLB-SC double perovskite gaps"
GaTaSrSnO6,3.714192995,,Ga,Sr,Ta,Sn,O,,DFT_GLLBSC_gap,GLLB-SC,fundamental_quasiparticle,oxide_double_perovskite_absorber,A2BBprimeO6_oxide_double_perovskite,absorber_only,10.1038/srep19375,"Pilania et al. Sci Rep 6, 19375 (2016) — GLLB-SC double perovskite gaps"
GaTaSrTiO6,1.855608911,,Ga,Sr,Ta,Ti,O,,DFT_GLLBSC_gap,GLLB-SC,fundamental_quasiparticle,oxide_double_perovskite_absorber,A2BBprimeO6_oxide_double_perovskite,absorber_only,10.1038/srep19375,"Pilania et al. Sci Rep 6, 19375 (2016) — GLLB-SC double perovskite gaps"
GaTaTlNbO6,1.474651584,,Ga,Tl,Ta,Nb,O,,DFT_GLLBSC_gap,GLLB-SC,fundamental_quasiparticle,oxide_double_perovskite_absorber,A2BBprimeO6_oxide_double_perovskite,absorber_only,10.1038/srep19375,"Pilania et al. Sci Rep 6, 19375 (2016) — GLLB-SC double perovskite gaps"
GaTaTlTaO6,1.966914479,,Ga,Tl,Ta,Ta,O,,DFT_GLLBSC_gap,GLLB-SC,fundamental_quasiparticle,oxide_double_perovskite_absorber,A2BBprimeO6_oxide_double_perovskite,absorber_only,10.1038/srep19375,"Pilania et al. Sci Rep 6, 19375 (2016) — GLLB-SC double perovskite gaps"
GaTaYAlO6,2.555522585,,Ga,Y,Ta,Al,O,,DFT_GLLBSC_gap,GLLB-SC,fundamental_quasiparticle,oxide_double_perovskite_absorber,A2BBprimeO6_oxide_double_perovskite,absorber_only,10.1038/srep19375,"Pilania et al. Sci Rep 6, 19375 (2016) — GLLB-SC double perovskite gaps"
GeTiAgNbO6,2.840460427,,Ge,Ag,Ti,Nb,O,,DFT_GLLBSC_gap,GLLB-SC,fundamental_quasiparticle,oxide_double_perovskite_absorber,A2BBprimeO6_oxide_double_perovskite,absorber_only,10.1038/srep19375,"Pilania et al. Sci Rep 6, 19375 (2016) — GLLB-SC double perovskite gaps"
GeTiAgTaO6,3.419571663,,Ge,Ag,Ti,Ta,O,,DFT_GLLBSC_gap,GLLB-SC,fundamental_quasiparticle,oxide_double_perovskite_absorber,A2BBprimeO6_oxide_double_perovskite,absorber_only,10.1038/srep19375,"Pilania et al. Sci Rep 6, 19375 (2016) — GLLB-SC double perovskite gaps"
GeTiBaHfO6,4.160952852,,Ge,Ba,Ti,Hf,O,,DFT_GLLBSC_gap,GLLB-SC,fundamental_quasiparticle,oxide_double_perovskite_absorber,A2BBprimeO6_oxide_double_perovskite,absorber_only,10.1038/srep19375,"Pilania et al. Sci Rep 6, 19375 (2016) — GLLB-SC double perovskite gaps"
GeTiBaSnO6,3.552575952,,Ge,Ba,Ti,Sn,O,,DFT_GLLBSC_gap,GLLB-SC,fundamental_quasiparticle,oxide_double_perovskite_absorber,A2BBprimeO6_oxide_double_perovskite,absorber_only,10.1038/srep19375,"Pilania et al. Sci Rep 6, 19375 (2016) — GLLB-SC double perovskite gaps"
GeTiBaTiO6,3.190106777,,Ge,Ba,Ti,Ti,O,,DFT_GLLBSC_gap,GLLB-SC,fundamental_quasiparticle,oxide_double_perovskite_absorber,A2BBprimeO6_oxide_double_perovskite,absorber_only,10.1038/srep19375,"Pilania et al. Sci Rep 6, 19375 (2016) — GLLB-SC double perovskite gaps"
GeTiBaZrO6,4.148723815,,Ge,Ba,Ti,Zr,O,,DFT_GLLBSC_gap,GLLB-SC,fundamental_quasiparticle,oxide_double_perovskite_absorber,A2BBprimeO6_oxide_double_perovskite,absorber_only,10.1038/srep19375,"Pilania et al. Sci Rep 6, 19375 (2016) — GLLB-SC double perovskite gaps"
GeTiCaGeO6,3.248836082,,Ge,Ca,Ti,Ge,O,,DFT_GLLBSC_gap,GLLB-SC,fundamental_quasiparticle,oxide_double_perovskite_absorber,A2BBprimeO6_oxide_double_perovskite,absorber_only,10.1038/srep19375,"Pilania et al. Sci Rep 6, 19375 (2016) — GLLB-SC double perovskite gaps"
GeTiCaHfO6,3.885293853,,Ge,Ca,Ti,Hf,O,,DFT_GLLBSC_gap,GLLB-SC,fundamental_quasiparticle,oxide_double_perovskite_absorber,A2BBprimeO6_oxide_double_perovskite,absorber_only,10.1038/srep19375,"Pilania et al. Sci Rep 6, 19375 (2016) — GLLB-SC double perovskite gaps"
GeTiCaSiO6,3.563046045,,Ge,Ca,Ti,Si,O,,DFT_GLLBSC_gap,GLLB-SC,fundamental_quasiparticle,oxide_double_perovskite_absorber,A2BBprimeO6_oxide_double_perovskite,absorber_only,10.1038/srep19375,"Pilania et al. Sci Rep 6, 19375 (2016) — GLLB-SC double perovskite gaps"
GeTiCaSnO6,3.331224808,,Ge,Ca,Ti,Sn,O,,DFT_GLLBSC_gap,GLLB-SC,fundamental_quasiparticle,oxide_double_perovskite_absorber,A2BBprimeO6_oxide_double_perovskite,absorber_only,10.1038/srep19375,"Pilania et al. Sci Rep 6, 19375 (2016) — GLLB-SC double perovskite gaps"
GeTiCaTiO6,3.007996942,,Ge,Ca,Ti,Ti,O,,DFT_GLLBSC_gap,GLLB-SC,fundamental_quasiparticle,oxide_double_perovskite_absorber,A2BBprimeO6_oxide_double_perovskite,absorber_only,10.1038/srep19375,"Pilania et al. Sci Rep 6, 19375 (2016) — GLLB-SC double perovskite gaps"
GeTiCaZrO6,3.893225008,,Ge,Ca,Ti,Zr,O,,DFT_GLLBSC_gap,GLLB-SC,fundamental_quasiparticle,oxide_double_perovskite_absorber,A2BBprimeO6_oxide_double_perovskite,absorber_only,10.1038/srep19375,"Pilania et al. Sci Rep 6, 19375 (2016) — GLLB-SC double perovskite gaps"
GeTiCsNbO6,3.02429532,,Ge,Cs,Ti,Nb,O,,DFT_GLLBSC_gap,GLLB-SC,fundamental_quasiparticle,oxide_double_perovskite_absorber,A2BBprimeO6_oxide_double_perovskite,absorber_only,10.1038/srep19375,"Pilania et al. Sci Rep 6, 19375 (2016) — GLLB-SC double perovskite gaps"
GeTiCsTaO6,3.254019469,,Ge,Cs,Ti,Ta,O,,DFT_GLLBSC_gap,GLLB-SC,fundamental_quasiparticle,oxide_double_perovskite_absorber,A2BBprimeO6_oxide_double_perovskite,absorber_only,10.1038/srep19375,"Pilania et al. Sci Rep 6, 19375 (2016) — GLLB-SC double perovskite gaps"
GeTiCsVO6,1.834517323,,Ge,Cs,Ti,V,O,,DFT_GLLBSC_gap,GLLB-SC,fundamental_quasiparticle,oxide_double_perovskite_absorber,A2BBprimeO6_oxide_double_perovskite,absorber_only,10.1038/srep19375,"Pilania et al. Sci Rep 6, 19375 (2016) — GLLB-SC double perovskite gaps"
GeTiGaNbO6,1.797455269,,Ge,Ga,Ti,Nb,O,,DFT_GLLBSC_gap,GLLB-SC,fundamental_quasiparticle,oxide_double_perovskite_absorber,A2BBprimeO6_oxide_double_perovskite,absorber_only,10.1038/srep19375,"Pilania et al. Sci Rep 6, 19375 (2016) — GLLB-SC double perovskite gaps"
GeTiGaTaO6,2.269047123,,Ge,Ga,Ti,Ta,O,,DFT_GLLBSC_gap,GLLB-SC,fundamental_quasiparticle,oxide_double_perovskite_absorber,A2BBprimeO6_oxide_double_perovskite,absorber_only,10.1038/srep19375,"Pilania et al. Sci Rep 6, 19375 (2016) — GLLB-SC double perovskite gaps"
GeTiInNbO6,0.989026589,,Ge,In,Ti,Nb,O,,DFT_GLLBSC_gap,GLLB-SC,fundamental_quasiparticle,oxide_double_perovskite_absorber,A2BBprimeO6_oxide_double_perovskite,absorber_only,10.1038/srep19375,"Pilania et al. Sci Rep 6, 19375 (2016) — GLLB-SC double perovskite gaps"
GeTiInTaO6,1.143574754,,Ge,In,Ti,Ta,O,,DFT_GLLBSC_gap,GLLB-SC,fundamental_quasiparticle,oxide_double_perovskite_absorber,A2BBprimeO6_oxide_double_perovskite,absorber_only,10.1038/srep19375,"Pilania et al. Sci Rep 6, 19375 (2016) — GLLB-SC double perovskite gaps"
GeTiKNbO6,2.948122057,,Ge,K,Ti,Nb,O,,DFT_GLLBSC_gap,GLLB-SC,fundamental_quasiparticle,oxide_double_perovskite_absorber,A2BBprimeO6_oxide_double_perovskite,absorber_only,10.1038/srep19375,"Pilania et al. Sci Rep 6, 19375 (2016) — GLLB-SC double perovskite gaps"
GeTiKSbO6,3.049450929,,Ge,K,Ti,Sb,O,,DFT_GLLBSC_gap,GLLB-SC,fundamental_quasiparticle,oxide_double_perovskite_absorber,A2BBprimeO6_oxide_double_perovskite,absorber_only,10.1038/srep19375,"Pilania et al. Sci Rep 6, 19375 (2016) — GLLB-SC double perovskite gaps"
GeTiKTaO6,3.408221117,,Ge,K,Ti,Ta,O,,DFT_GLLBSC_gap,GLLB-SC,fundamental_quasiparticle,oxide_double_perovskite_absorber,A2BBprimeO6_oxide_double_perovskite,absorber_only,10.1038/srep19375,"Pilania et al. Sci Rep 6, 19375 (2016) — GLLB-SC double perovskite gaps"
GeTiLaAlO6,4.01895421,,Ge,La,Ti,Al,O,,DFT_GLLBSC_gap,GLLB-SC,fundamental_quasiparticle,oxide_double_perovskite_absorber,A2BBprimeO6_oxide_double_perovskite,absorber_only,10.1038/srep19375,"Pilania et al. Sci Rep 6, 19375 (2016) — GLLB-SC double perovskite gaps"
GeTiLaGaO6,3.822508306,,Ge,La,Ti,Ga,O,,DFT_GLLBSC_gap,GLLB-SC,fundamental_quasiparticle,oxide_double_perovskite_absorber,A2BBprimeO6_oxide_double_perovskite,absorber_only,10.1038/srep19375,"Pilania et al. Sci Rep 6, 19375 (2016) — GLLB-SC double perovskite gaps"
GeTiLaInO6,3.725860364,,Ge,La,Ti,In,O,,DFT_GLLBSC_gap,GLLB-SC,fundamental_quasiparticle,oxide_double_perovskite_absorber,A2BBprimeO6_oxide_double_perovskite,absorber_only,10.1038/srep19375,"Pilania et al. Sci Rep 6, 19375 (2016) — GLLB-SC double perovskite gaps"
GeTiLaScO6,4.188933802,,Ge,La,Ti,Sc,O,,DFT_GLLBSC_gap,GLLB-SC,fundamental_quasiparticle,oxide_double_perovskite_absorber,A2BBprimeO6_oxide_double_perovskite,absorber_only,10.1038/srep19375,"Pilania et al. Sci Rep 6, 19375 (2016) — GLLB-SC double perovskite gaps"
GeTiLiNbO6,2.90126163,,Ge,Li,Ti,Nb,O,,DFT_GLLBSC_gap,GLLB-SC,fundamental_quasiparticle,oxide_double_perovskite_absorber,A2BBprimeO6_oxide_double_perovskite,absorber_only,10.1038/srep19375,"Pilania et al. Sci Rep 6, 19375 (2016) — GLLB-SC double perovskite gaps"
GeTiLiTaO6,3.43696678,,Ge,Li,Ti,Ta,O,,DFT_GLLBSC_gap,GLLB-SC,fundamental_quasiparticle,oxide_double_perovskite_absorber,A2BBprimeO6_oxide_double_perovskite,absorber_only,10.1038/srep19375,"Pilania et al. Sci Rep 6, 19375 (2016) — GLLB-SC double perovskite gaps"
GeTiLiVO6,1.430327721,,Ge,Li,Ti,V,O,,DFT_GLLBSC_gap,GLLB-SC,fundamental_quasiparticle,oxide_double_perovskite_absorber,A2BBprimeO6_oxide_double_perovskite,absorber_only,10.1038/srep19375,"Pilania et al. Sci Rep 6, 19375 (2016) — GLLB-SC double perovskite gaps"
GeTiMgTiO6,3.188325122,,Ge,Mg,Ti,Ti,O,,DFT_GLLBSC_gap,GLLB-SC,fundamental_quasiparticle,oxide_double_perovskite_absorber,A2BBprimeO6_oxide_double_perovskite,absorber_only,10.1038/srep19375,"Pilania et al. Sci Rep 6, 19375 (2016) — GLLB-SC double perovskite gaps"
GeTiMgZrO6,3.893705018,,Ge,Mg,Ti,Zr,O,,DFT_GLLBSC_gap,GLLB-SC,fundamental_quasiparticle,oxide_double_perovskite_absorber,A2BBprimeO6_oxide_double_perovskite,absorber_only,10.1038/srep19375,"Pilania et al. Sci Rep 6, 19375 (2016) — GLLB-SC double perovskite gaps"
GeTiNaNbO6,2.767900919,,Ge,Na,Ti,Nb,O,,DFT_GLLBSC_gap,GLLB-SC,fundamental_quasiparticle,oxide_double_perovskite_absorber,A2BBprimeO6_oxide_double_perovskite,absorber_only,10.1038/srep19375,"Pilania et al. Sci Rep 6, 19375 (2016) — GLLB-SC double perovskite gaps"
GeTiNaSbO6,3.04215647,,Ge,Na,Ti,Sb,O,,DFT_GLLBSC_gap,GLLB-SC,fundamental_quasiparticle,oxide_double_perovskite_absorber,A2BBprimeO6_oxide_double_perovskite,absorber_only,10.1038/srep19375,"Pilania et al. Sci Rep 6, 19375 (2016) — GLLB-SC double perovskite gaps"
GeTiNaTaO6,3.398923557,,Ge,Na,Ti,Ta,O,,DFT_GLLBSC_gap,GLLB-SC,fundamental_quasiparticle,oxide_double_perovskite_absorber,A2BBprimeO6_oxide_double_perovskite,absorber_only,10.1038/srep19375,"Pilania et al. Sci Rep 6, 19375 (2016) — GLLB-SC double perovskite gaps"
GeTiNaVO6,1.463812125,,Ge,Na,Ti,V,O,,DFT_GLLBSC_gap,GLLB-SC,fundamental_quasiparticle,oxide_double_perovskite_absorber,A2BBprimeO6_oxide_double_perovskite,absorber_only,10.1038/srep19375,"Pilania et al. Sci Rep 6, 19375 (2016) — GLLB-SC double perovskite gaps"
GeTiPbHfO6,4.156892394,,Ge,Pb,Ti,Hf,O,,DFT_GLLBSC_gap,GLLB-SC,fundamental_quasiparticle,oxide_double_perovskite_absorber,A2BBprimeO6_oxide_double_perovskite,absorber_only,10.1038/srep19375,"Pilania et al. Sci Rep 6, 19375 (2016) — GLLB-SC double perovskite gaps"
GeTiPbTiO6,3.584303518,,Ge,Pb,Ti,Ti,O,,DFT_GLLBSC_gap,GLLB-SC,fundamental_quasiparticle,oxide_double_perovskite_absorber,A2BBprimeO6_oxide_double_perovskite,absorber_only,10.1038/srep19375,"Pilania et al. Sci Rep 6, 19375 (2016) — GLLB-SC double perovskite gaps"
GeTiPbZrO6,4.235235964,,Ge,Pb,Ti,Zr,O,,DFT_GLLBSC_gap,GLLB-SC,fundamental_quasiparticle,oxide_double_perovskite_absorber,A2BBprimeO6_oxide_double_perovskite,absorber_only,10.1038/srep19375,"Pilania et al. Sci Rep 6, 19375 (2016) — GLLB-SC double perovskite gaps"
GeTiRbNbO6,2.910860625,,Ge,Rb,Ti,Nb,O,,DFT_GLLBSC_gap,GLLB-SC,fundamental_quasiparticle,oxide_double_perovskite_absorber,A2BBprimeO6_oxide_double_perovskite,absorber_only,10.1038/srep19375,"Pilania et al. Sci Rep 6, 19375 (2016) — GLLB-SC double perovskite gaps"
GeTiRbTaO6,3.33362419,,Ge,Rb,Ti,Ta,O,,DFT_GLLBSC_gap,GLLB-SC,fundamental_quasiparticle,oxide_double_perovskite_absorber,A2BBprimeO6_oxide_double_perovskite,absorber_only,10.1038/srep19375,"Pilania et al. Sci Rep 6, 19375 (2016) — GLLB-SC double perovskite gaps"
GeTiSnHfO6,3.861168711,,Ge,Sn,Ti,Hf,O,,DFT_GLLBSC_gap,GLLB-SC,fundamental_quasiparticle,oxide_double_perovskite_absorber,A2BBprimeO6_oxide_double_perovskite,absorber_only,10.1038/srep19375,"Pilania et al. Sci Rep 6, 19375 (2016) — GLLB-SC double perovskite gaps"
GeTiSnTiO6,2.741981864,,Ge,Sn,Ti,Ti,O,,DFT_GLLBSC_gap,GLLB-SC,fundamental_quasiparticle,oxide_double_perovskite_absorber,A2BBprimeO6_oxide_double_perovskite,absorber_only,10.1038/srep19375,"Pilania et al. Sci Rep 6, 19375 (2016) — GLLB-SC double perovskite gaps"
GeTiSnZrO6,3.576358601,,Ge,Sn,Ti,Zr,O,,DFT_GLLBSC_gap,GLLB-SC,fundamental_quasiparticle,oxide_double_perovskite_absorber,A2BBprimeO6_oxide_double_perovskite,absorber_only,10.1038/srep19375,"Pilania et al. Sci Rep 6, 19375 (2016) — GLLB-SC double perovskite gaps"
GeTiSrGeO6,3.339568708,,Ge,Sr,Ti,Ge,O,,DFT_GLLBSC_gap,GLLB-SC,fundamental_quasiparticle,oxide_double_perovskite_absorber,A2BBprimeO6_oxide_double_perovskite,absorber_only,10.1038/srep19375,"Pilania et al. Sci Rep 6, 19375 (2016) — GLLB-SC double perovskite gaps"
GeTiSrHfO6,4.184483885,,Ge,Sr,Ti,Hf,O,,DFT_GLLBSC_gap,GLLB-SC,fundamental_quasiparticle,oxide_double_perovskite_absorber,A2BBprimeO6_oxide_double_perovskite,absorber_only,10.1038/srep19375,"Pilania et al. Sci Rep 6, 19375 (2016) — GLLB-SC double perovskite gaps"
GeTiSrSiO6,3.520429543,,Ge,Sr,Ti,Si,O,,DFT_GLLBSC_gap,GLLB-SC,fundamental_quasiparticle,oxide_double_perovskite_absorber,A2BBprimeO6_oxide_double_perovskite,absorber_only,10.1038/srep19375,"Pilania et al. Sci Rep 6, 19375 (2016) — GLLB-SC double perovskite gaps"
GeTiSrSnO6,3.597625931,,Ge,Sr,Ti,Sn,O,,DFT_GLLBSC_gap,GLLB-SC,fundamental_quasiparticle,oxide_double_perovskite_absorber,A2BBprimeO6_oxide_double_perovskite,absorber_only,10.1038/srep19375,"Pilania et al. Sci Rep 6, 19375 (2016) — GLLB-SC double perovskite gaps"
GeTiSrTiO6,3.093917255,,Ge,Sr,Ti,Ti,O,,DFT_GLLBSC_gap,GLLB-SC,fundamental_quasiparticle,oxide_double_perovskite_absorber,A2BBprimeO6_oxide_double_perovskite,absorber_only,10.1038/srep19375,"Pilania et al. Sci Rep 6, 19375 (2016) — GLLB-SC double perovskite gaps"
GeTiSrZrO6,4.125636681,,Ge,Sr,Ti,Zr,O,,DFT_GLLBSC_gap,GLLB-SC,fundamental_quasiparticle,oxide_double_perovskite_absorber,A2BBprimeO6_oxide_double_perovskite,absorber_only,10.1038/srep19375,"Pilania et al. Sci Rep 6, 19375 (2016) — GLLB-SC double perovskite gaps"
GeTiTlNbO6,2.289670031,,Ge,Tl,Ti,Nb,O,,DFT_GLLBSC_gap,GLLB-SC,fundamental_quasiparticle,oxide_double_perovskite_absorber,A2BBprimeO6_oxide_double_perovskite,absorber_only,10.1038/srep19375,"Pilania et al. Sci Rep 6, 19375 (2016) — GLLB-SC double perovskite gaps"
GeTiTlTaO6,2.508634061,,Ge,Tl,Ti,Ta,O,,DFT_GLLBSC_gap,GLLB-SC,fundamental_quasiparticle,oxide_double_perovskite_absorber,A2BBprimeO6_oxide_double_perovskite,absorber_only,10.1038/srep19375,"Pilania et al. Sci Rep 6, 19375 (2016) — GLLB-SC double perovskite gaps"
GeTiYAlO6,3.701089196,,Ge,Y,Ti,Al,O,,DFT_GLLBSC_gap,GLLB-SC,fundamental_quasiparticle,oxide_double_perovskite_absorber,A2BBprimeO6_oxide_double_perovskite,absorber_only,10.1038/srep19375,"Pilania et al. Sci Rep 6, 19375 (2016) — GLLB-SC double perovskite gaps"
InNbBaSnO6,1.66922478,,In,Ba,Nb,Sn,O,,DFT_GLLBSC_gap,GLLB-SC,fundamental_quasiparticle,oxide_double_perovskite_absorber,A2BBprimeO6_oxide_double_perovskite,absorber_only,10.1038/srep19375,"Pilania et al. Sci Rep 6, 19375 (2016) — GLLB-SC double perovskite gaps"
InNbCaGeO6,0.796683747,,In,Ca,Nb,Ge,O,,DFT_GLLBSC_gap,GLLB-SC,fundamental_quasiparticle,oxide_double_perovskite_absorber,A2BBprimeO6_oxide_double_perovskite,absorber_only,10.1038/srep19375,"Pilania et al. Sci Rep 6, 19375 (2016) — GLLB-SC double perovskite gaps"
InNbCaSnO6,1.90683703,,In,Ca,Nb,Sn,O,,DFT_GLLBSC_gap,GLLB-SC,fundamental_quasiparticle,oxide_double_perovskite_absorber,A2BBprimeO6_oxide_double_perovskite,absorber_only,10.1038/srep19375,"Pilania et al. Sci Rep 6, 19375 (2016) — GLLB-SC double perovskite gaps"
InNbGaNbO6,0.128888784,,In,Ga,Nb,Nb,O,,DFT_GLLBSC_gap,GLLB-SC,fundamental_quasiparticle,oxide_double_perovskite_absorber,A2BBprimeO6_oxide_double_perovskite,absorber_only,10.1038/srep19375,"Pilania et al. Sci Rep 6, 19375 (2016) — GLLB-SC double perovskite gaps"
InNbLaAlO6,0.82273265,,In,La,Nb,Al,O,,DFT_GLLBSC_gap,GLLB-SC,fundamental_quasiparticle,oxide_double_perovskite_absorber,A2BBprimeO6_oxide_double_perovskite,absorber_only,10.1038/srep19375,"Pilania et al. Sci Rep 6, 19375 (2016) — GLLB-SC double perovskite gaps"
InNbLaGaO6,1.15967416,,In,La,Nb,Ga,O,,DFT_GLLBSC_gap,GLLB-SC,fundamental_quasiparticle,oxide_double_perovskite_absorber,A2BBprimeO6_oxide_double_perovskite,absorber_only,10.1038/srep19375,"Pilania et al. Sci Rep 6, 19375 (2016) — GLLB-SC double perovskite gaps"
InNbLaInO6,1.745350249,,In,La,Nb,In,O,,DFT_GLLBSC_gap,GLLB-SC,fundamental_quasiparticle,oxide_double_perovskite_absorber,A2BBprimeO6_oxide_double_perovskite,absorber_only,10.1038/srep19375,"Pilania et al. Sci Rep 6, 19375 (2016) — GLLB-SC double perovskite gaps"
InNbLiNbO6,0.292528091,,In,Li,Nb,Nb,O,,DFT_GLLBSC_gap,GLLB-SC,fundamental_quasiparticle,oxide_double_perovskite_absorber,A2BBprimeO6_oxide_double_perovskite,absorber_only,10.1038/srep19375,"Pilania et al. Sci Rep 6, 19375 (2016) — GLLB-SC double perovskite gaps"
InNbMgTiO6,1.151989547,,In,Mg,Nb,Ti,O,,DFT_GLLBSC_gap,GLLB-SC,fundamental_quasiparticle,oxide_double_perovskite_absorber,A2BBprimeO6_oxide_double_perovskite,absorber_only,10.1038/srep19375,"Pilania et al. Sci Rep 6, 19375 (2016) — GLLB-SC double perovskite gaps"
InNbMgZrO6,1.268264192,,In,Mg,Nb,Zr,O,,DFT_GLLBSC_gap,GLLB-SC,fundamental_quasiparticle,oxide_double_perovskite_absorber,A2BBprimeO6_oxide_double_perovskite,absorber_only,10.1038/srep19375,"Pilania et al. Sci Rep 6, 19375 (2016) — GLLB-SC double perovskite gaps"
InNbNaNbO6,0.10662043,,In,Na,Nb,Nb,O,,DFT_GLLBSC_gap,GLLB-SC,fundamental_quasiparticle,oxide_double_perovskite_absorber,A2BBprimeO6_oxide_double_perovskite,absorber_only,10.1038/srep19375,"Pilania et al. Sci Rep 6, 19375 (2016) — GLLB-SC double perovskite gaps"
InNbNaSbO6,0.574152511,,In,Na,Nb,Sb,O,,DFT_GLLBSC_gap,GLLB-SC,fundamental_quasiparticle,oxide_double_perovskite_absorber,A2BBprimeO6_oxide_double_perovskite,absorber_only,10.1038/srep19375,"Pilania et al. Sci Rep 6, 19375 (2016) — GLLB-SC double perovskite gaps"
InNbSrGeO6,0.781410482,,In,Sr,Nb,Ge,O,,DFT_GLLBSC_gap,GLLB-SC,fundamental_quasiparticle,oxide_double_perovskite_absorber,A2BBprimeO6_oxide_double_perovskite,absorber_only,10.1038/srep19375,"Pilania et al. Sci Rep 6, 19375 (2016) — GLLB-SC double perovskite gaps"
InNbSrSnO6,1.823241323,,In,Sr,Nb,Sn,O,,DFT_GLLBSC_gap,GLLB-SC,fundamental_quasiparticle,oxide_double_perovskite_absorber,A2BBprimeO6_oxide_double_perovskite,absorber_only,10.1038/srep19375,"Pilania et al. Sci Rep 6, 19375 (2016) — GLLB-SC double perovskite gaps"
InNbYAlO6,0.63471935,,In,Y,Nb,Al,O,,DFT_GLLBSC_gap,GLLB-SC,fundamental_quasiparticle,oxide_double_perovskite_absorber,A2BBprimeO6_oxide_double_perovskite,absorber_only,10.1038/srep19375,"Pilania et al. Sci Rep 6, 19375 (2016) — GLLB-SC double perovskite gaps"
InTaBaSnO6,1.909782068,,In,Ba,Ta,Sn,O,,DFT_GLLBSC_gap,GLLB-SC,fundamental_quasiparticle,oxide_double_perovskite_absorber,A2BBprimeO6_oxide_double_perovskite,absorber_only,10.1038/srep19375,"Pilania et al. Sci Rep 6, 19375 (2016) — GLLB-SC double perovskite gaps"
InTaCaGeO6,1.127620733,,In,Ca,Ta,Ge,O,,DFT_GLLBSC_gap,GLLB-SC,fundamental_quasiparticle,oxide_double_perovskite_absorber,A2BBprimeO6_oxide_double_perovskite,absorber_only,10.1038/srep19375,"Pilania et al. Sci Rep 6, 19375 (2016) — GLLB-SC double perovskite gaps"
InTaCaSnO6,1.237723535,,In,Ca,Ta,Sn,O,,DFT_GLLBSC_gap,GLLB-SC,fundamental_quasiparticle,oxide_double_perovskite_absorber,A2BBprimeO6_oxide_double_perovskite,absorber_only,10.1038/srep19375,"Pilania et al. Sci Rep 6, 19375 (2016) — GLLB-SC double perovskite gaps"
InTaLaAlO6,1.498605746,,In,La,Ta,Al,O,,DFT_GLLBSC_gap,GLLB-SC,fundamental_quasiparticle,oxide_double_perovskite_absorber,A2BBprimeO6_oxide_double_perovskite,absorber_only,10.1038/srep19375,"Pilania et al. Sci Rep 6, 19375 (2016) — GLLB-SC double perovskite gaps"
InTaLaInO6,2.261798705,,In,La,Ta,In,O,,DFT_GLLBSC_gap,GLLB-SC,fundamental_quasiparticle,oxide_double_perovskite_absorber,A2BBprimeO6_oxide_double_perovskite,absorber_only,10.1038/srep19375,"Pilania et al. Sci Rep 6, 19375 (2016) — GLLB-SC double perovskite gaps"
InTaLaScO6,2.234428288,,In,La,Ta,Sc,O,,DFT_GLLBSC_gap,GLLB-SC,fundamental_quasiparticle,oxide_double_perovskite_absorber,A2BBprimeO6_oxide_double_perovskite,absorber_only,10.1038/srep19375,"Pilania et al. Sci Rep 6, 19375 (2016) — GLLB-SC double perovskite gaps"
InTaNaSbO6,0.818105099,,In,Na,Ta,Sb,O,,DFT_GLLBSC_gap,GLLB-SC,fundamental_quasiparticle,oxide_double_perovskite_absorber,A2BBprimeO6_oxide_double_perovskite,absorber_only,10.1038/srep19375,"Pilania et al. Sci Rep 6, 19375 (2016) — GLLB-SC double perovskite gaps"
InTaPbHfO6,2.199561857,,In,Pb,Ta,Hf,O,,DFT_GLLBSC_gap,GLLB-SC,fundamental_quasiparticle,oxide_double_perovskite_absorber,A2BBprimeO6_oxide_double_perovskite,absorber_only,10.1038/srep19375,"Pilania et al. Sci Rep 6, 19375 (2016) — GLLB-SC double perovskite gaps"
InTaPbZrO6,2.166244692,,In,Pb,Ta,Zr,O,,DFT_GLLBSC_gap,GLLB-SC,fundamental_quasiparticle,oxide_double_perovskite_absorber,A2BBprimeO6_oxide_double_perovskite,absorber_only,10.1038/srep19375,"Pilania et al. Sci Rep 6, 19375 (2016) — GLLB-SC double perovskite gaps"
InTaSnHfO6,2.150852251,,In,Sn,Ta,Hf,O,,DFT_GLLBSC_gap,GLLB-SC,fundamental_quasiparticle,oxide_double_perovskite_absorber,A2BBprimeO6_oxide_double_perovskite,absorber_only,10.1038/srep19375,"Pilania et al. Sci Rep 6, 19375 (2016) — GLLB-SC double perovskite gaps"
InTaSnZrO6,2.123350206,,In,Sn,Ta,Zr,O,,DFT_GLLBSC_gap,GLLB-SC,fundamental_quasiparticle,oxide_double_perovskite_absorber,A2BBprimeO6_oxide_double_perovskite,absorber_only,10.1038/srep19375,"Pilania et al. Sci Rep 6, 19375 (2016) — GLLB-SC double perovskite gaps"
InTaSrSiO6,0.823857766,,In,Sr,Ta,Si,O,,DFT_GLLBSC_gap,GLLB-SC,fundamental_quasiparticle,oxide_double_perovskite_absorber,A2BBprimeO6_oxide_double_perovskite,absorber_only,10.1038/srep19375,"Pilania et al. Sci Rep 6, 19375 (2016) — GLLB-SC double perovskite gaps"
InTaSrSnO6,2.094100616,,In,Sr,Ta,Sn,O,,DFT_GLLBSC_gap,GLLB-SC,fundamental_quasiparticle,oxide_double_perovskite_absorber,A2BBprimeO6_oxide_double_perovskite,absorber_only,10.1038/srep19375,"Pilania et al. Sci Rep 6, 19375 (2016) — GLLB-SC double perovskite gaps"
InTaYAlO6,1.302498436,,In,Y,Ta,Al,O,,DFT_GLLBSC_gap,GLLB-SC,fundamental_quasiparticle,oxide_double_perovskite_absorber,A2BBprimeO6_oxide_double_perovskite,absorber_only,10.1038/srep19375,"Pilania et al. Sci Rep 6, 19375 (2016) — GLLB-SC double perovskite gaps"
KNbAgNbO6,3.062301209,,K,Ag,Nb,Nb,O,,DFT_GLLBSC_gap,GLLB-SC,fundamental_quasiparticle,oxide_double_perovskite_absorber,A2BBprimeO6_oxide_double_perovskite,absorber_only,10.1038/srep19375,"Pilania et al. Sci Rep 6, 19375 (2016) — GLLB-SC double perovskite gaps"
KNbBaSnO6,4.749720638,,K,Ba,Nb,Sn,O,,DFT_GLLBSC_gap,GLLB-SC,fundamental_quasiparticle,oxide_double_perovskite_absorber,A2BBprimeO6_oxide_double_perovskite,absorber_only,10.1038/srep19375,"Pilania et al. Sci Rep 6, 19375 (2016) — GLLB-SC double perovskite gaps"
KNbBaTiO6,3.817776997,,K,Ba,Nb,Ti,O,,DFT_GLLBSC_gap,GLLB-SC,fundamental_quasiparticle,oxide_double_perovskite_absorber,A2BBprimeO6_oxide_double_perovskite,absorber_only,10.1038/srep19375,"Pilania et al. Sci Rep 6, 19375 (2016) — GLLB-SC double perovskite gaps"
KNbCaGeO6,4.509665846,,K,Ca,Nb,Ge,O,,DFT_GLLBSC_gap,GLLB-SC,fundamental_quasiparticle,oxide_double_perovskite_absorber,A2BBprimeO6_oxide_double_perovskite,absorber_only,10.1038/srep19375,"Pilania et al. Sci Rep 6, 19375 (2016) — GLLB-SC double perovskite gaps"
KNbCaSiO6,4.091124096,,K,Ca,Nb,Si,O,,DFT_GLLBSC_gap,GLLB-SC,fundamental_quasiparticle,oxide_double_perovskite_absorber,A2BBprimeO6_oxide_double_perovskite,absorber_only,10.1038/srep19375,"Pilania et al. Sci Rep 6, 19375 (2016) — GLLB-SC double perovskite gaps"
KNbCaSnO6,4.597100149,,K,Ca,Nb,Sn,O,,DFT_GLLBSC_gap,GLLB-SC,fundamental_quasiparticle,oxide_double_perovskite_absorber,A2BBprimeO6_oxide_double_perovskite,absorber_only,10.1038/srep19375,"Pilania et al. Sci Rep 6, 19375 (2016) — GLLB-SC double perovskite gaps"
KNbCaTiO6,3.518675705,,K,Ca,Nb,Ti,O,,DFT_GLLBSC_gap,GLLB-SC,fundamental_quasiparticle,oxide_double_perovskite_absorber,A2BBprimeO6_oxide_double_perovskite,absorber_only,10.1038/srep19375,"Pilania et al. Sci Rep 6, 19375 (2016) — GLLB-SC double perovskite gaps"
KNbGaNbO6,1.461851147,,K,Ga,Nb,Nb,O,,DFT_GLLBSC_gap,GLLB-SC,fundamental_quasiparticle,oxide_double_perovskite_absorber,A2BBprimeO6_oxide_double_perovskite,absorber_only,10.1038/srep19375,"Pilania et al. Sci Rep 6, 19375 (2016) — GLLB-SC double perovskite gaps"
KNbKSbO6,3.900486075,,K,K,Nb,Sb,O,,DFT_GLLBSC_gap,GLLB-SC,fundamental_quasiparticle,oxide_double_perovskite_absorber,A2BBprimeO6_oxide_double_perovskite,absorber_only,10.1038/srep19375,"Pilania et al. Sci Rep 6, 19375 (2016) — GLLB-SC double perovskite gaps"
KNbLaAlO6,4.47746793,,K,La,Nb,Al,O,,DFT_GLLBSC_gap,GLLB-SC,fundamental_quasiparticle,oxide_double_perovskite_absorber,A2BBprimeO6_oxide_double_perovskite,absorber_only,10.1038/srep19375,"Pilania et al. Sci Rep 6, 19375 (2016) — GLLB-SC double perovskite gaps"
KNbLaGaO6,4.812455616,,K,La,Nb,Ga,O,,DFT_GLLBSC_gap,GLLB-SC,fundamental_quasiparticle,oxide_double_perovskite_absorber,A2BBprimeO6_oxide_double_perovskite,absorber_only,10.1038/srep19375,"Pilania et al. Sci Rep 6, 19375 (2016) — GLLB-SC double perovskite gaps"
KNbLaInO6,4.894367785,,K,La,Nb,In,O,,DFT_GLLBSC_gap,GLLB-SC,fundamental_quasiparticle,oxide_double_perovskite_absorber,A2BBprimeO6_oxide_double_perovskite,absorber_only,10.1038/srep19375,"Pilania et al. Sci Rep 6, 19375 (2016) — GLLB-SC double perovskite gaps"
KNbLiNbO6,3.190324442,,K,Li,Nb,Nb,O,,DFT_GLLBSC_gap,GLLB-SC,fundamental_quasiparticle,oxide_double_perovskite_absorber,A2BBprimeO6_oxide_double_perovskite,absorber_only,10.1038/srep19375,"Pilania et al. Sci Rep 6, 19375 (2016) — GLLB-SC double perovskite gaps"
KNbMgTiO6,4.020037277,,K,Mg,Nb,Ti,O,,DFT_GLLBSC_gap,GLLB-SC,fundamental_quasiparticle,oxide_double_perovskite_absorber,A2BBprimeO6_oxide_double_perovskite,absorber_only,10.1038/srep19375,"Pilania et al. Sci Rep 6, 19375 (2016) — GLLB-SC double perovskite gaps"
KNbMgZrO6,4.95899481,,K,Mg,Nb,Zr,O,,DFT_GLLBSC_gap,GLLB-SC,fundamental_quasiparticle,oxide_double_perovskite_absorber,A2BBprimeO6_oxide_double_perovskite,absorber_only,10.1038/srep19375,"Pilania et al. Sci Rep 6, 19375 (2016) — GLLB-SC double perovskite gaps"
KNbNaNbO6,3.160753757,,K,Na,Nb,Nb,O,,DFT_GLLBSC_gap,GLLB-SC,fundamental_quasiparticle,oxide_double_perovskite_absorber,A2BBprimeO6_oxide_double_perovskite,absorber_only,10.1038/srep19375,"Pilania et al. Sci Rep 6, 19375 (2016) — GLLB-SC double perovskite gaps"
KNbNaSbO6,4.204154377,,K,Na,Nb,Sb,O,,DFT_GLLBSC_gap,GLLB-SC,fundamental_quasiparticle,oxide_double_perovskite_absorber,A2BBprimeO6_oxide_double_perovskite,absorber_only,10.1038/srep19375,"Pilania et al. Sci Rep 6, 19375 (2016) — GLLB-SC double perovskite gaps"
KNbPbTiO6,3.505501913,,K,Pb,Nb,Ti,O,,DFT_GLLBSC_gap,GLLB-SC,fundamental_quasiparticle,oxide_double_perovskite_absorber,A2BBprimeO6_oxide_double_perovskite,absorber_only,10.1038/srep19375,"Pilania et al. Sci Rep 6, 19375 (2016) — GLLB-SC double perovskite gaps"
KNbRbNbO6,3.346984265,,K,Rb,Nb,Nb,O,,DFT_GLLBSC_gap,GLLB-SC,fundamental_quasiparticle,oxide_double_perovskite_absorber,A2BBprimeO6_oxide_double_perovskite,absorber_only,10.1038/srep19375,"Pilania et al. Sci Rep 6, 19375 (2016) — GLLB-SC double perovskite gaps"
KNbSnTiO6,2.80800255,,K,Sn,Nb,Ti,O,,DFT_GLLBSC_gap,GLLB-SC,fundamental_quasiparticle,oxide_double_perovskite_absorber,A2BBprimeO6_oxide_double_perovskite,absorber_only,10.1038/srep19375,"Pilania et al. Sci Rep 6, 19375 (2016) — GLLB-SC double perovskite gaps"
KNbSrGeO6,4.449250085,,K,Sr,Nb,Ge,O,,DFT_GLLBSC_gap,GLLB-SC,fundamental_quasiparticle,oxide_double_perovskite_absorber,A2BBprimeO6_oxide_double_perovskite,absorber_only,10.1038/srep19375,"Pilania et al. Sci Rep 6, 19375 (2016) — GLLB-SC double perovskite gaps"
KNbSrSiO6,3.980946504,,K,Sr,Nb,Si,O,,DFT_GLLBSC_gap,GLLB-SC,fundamental_quasiparticle,oxide_double_perovskite_absorber,A2BBprimeO6_oxide_double_perovskite,absorber_only,10.1038/srep19375,"Pilania et al. Sci Rep 6, 19375 (2016) — GLLB-SC double perovskite gaps"
KNbSrSnO6,4.96090882,,K,Sr,Nb,Sn,O,,DFT_GLLBSC_gap,GLLB-SC,fundamental_quasiparticle,oxide_double_perovskite_absorber,A2BBprimeO6_oxide_double_perovskite,absorber_only,10.1038/srep19375,"Pilania et al. Sci Rep 6, 19375 (2016) — GLLB-SC double perovskite gaps"
KNbSrTiO6,3.452977088,,K,Sr,Nb,Ti,O,,DFT_GLLBSC_gap,GLLB-SC,fundamental_quasiparticle,oxide_double_perovskite_absorber,A2BBprimeO6_oxide_double_perovskite,absorber_only,10.1038/srep19375,"Pilania et al. Sci Rep 6, 19375 (2016) — GLLB-SC double perovskite gaps"
KNbTlNbO6,1.839635631,,K,Tl,Nb,Nb,O,,DFT_GLLBSC_gap,GLLB-SC,fundamental_quasiparticle,oxide_double_perovskite_absorber,A2BBprimeO6_oxide_double_perovskite,absorber_only,10.1038/srep19375,"Pilania et al. Sci Rep 6, 19375 (2016) — GLLB-SC double perovskite gaps"
KNbYAlO6,4.7281547,,K,Y,Nb,Al,O,,DFT_GLLBSC_gap,GLLB-SC,fundamental_quasiparticle,oxide_double_perovskite_absorber,A2BBprimeO6_oxide_double_perovskite,absorber_only,10.1038/srep19375,"Pilania et al. Sci Rep 6, 19375 (2016) — GLLB-SC double perovskite gaps"
KSbAgNbO6,3.905838936,,K,Ag,Sb,Nb,O,,DFT_GLLBSC_gap,GLLB-SC,fundamental_quasiparticle,oxide_double_perovskite_absorber,A2BBprimeO6_oxide_double_perovskite,absorber_only,10.1038/srep19375,"Pilania et al. Sci Rep 6, 19375 (2016) — GLLB-SC double perovskite gaps"
KSbBaTiO6,3.721262439,,K,Ba,Sb,Ti,O,,DFT_GLLBSC_gap,GLLB-SC,fundamental_quasiparticle,oxide_double_perovskite_absorber,A2BBprimeO6_oxide_double_perovskite,absorber_only,10.1038/srep19375,"Pilania et al. Sci Rep 6, 19375 (2016) — GLLB-SC double perovskite gaps"
KSbCaGeO6,1.882994929,,K,Ca,Sb,Ge,O,,DFT_GLLBSC_gap,GLLB-SC,fundamental_quasiparticle,oxide_double_perovskite_absorber,A2BBprimeO6_oxide_double_perovskite,absorber_only,10.1038/srep19375,"Pilania et al. Sci Rep 6, 19375 (2016) — GLLB-SC double perovskite gaps"
KSbCaSiO6,2.732953318,,K,Ca,Sb,Si,O,,DFT_GLLBSC_gap,GLLB-SC,fundamental_quasiparticle,oxide_double_perovskite_absorber,A2BBprimeO6_oxide_double_perovskite,absorber_only,10.1038/srep19375,"Pilania et al. Sci Rep 6, 19375 (2016) — GLLB-SC double perovskite gaps"
KSbCaSnO6,2.713900428,,K,Ca,Sb,Sn,O,,DFT_GLLBSC_gap,GLLB-SC,fundamental_quasiparticle,oxide_double_perovskite_absorber,A2BBprimeO6_oxide_double_perovskite,absorber_only,10.1038/srep19375,"Pilania et al. Sci Rep 6, 19375 (2016) — GLLB-SC double perovskite gaps"
KSbCaTiO6,4.271677539,,K,Ca,Sb,Ti,O,,DFT_GLLBSC_gap,GLLB-SC,fundamental_quasiparticle,oxide_double_perovskite_absorber,A2BBprimeO6_oxide_double_perovskite,absorber_only,10.1038/srep19375,"Pilania et al. Sci Rep 6, 19375 (2016) — GLLB-SC double perovskite gaps"
KSbGaNbO6,1.968260223,,K,Ga,Sb,Nb,O,,DFT_GLLBSC_gap,GLLB-SC,fundamental_quasiparticle,oxide_double_perovskite_absorber,A2BBprimeO6_oxide_double_perovskite,absorber_only,10.1038/srep19375,"Pilania et al. Sci Rep 6, 19375 (2016) — GLLB-SC double perovskite gaps"
KSbLaAlO6,4.319046481,,K,La,Sb,Al,O,,DFT_GLLBSC_gap,GLLB-SC,fundamental_quasiparticle,oxide_double_perovskite_absorber,A2BBprimeO6_oxide_double_perovskite,absorber_only,10.1038/srep19375,"Pilania et al. Sci Rep 6, 19375 (2016) — GLLB-SC double perovskite gaps"
KSbLaGaO6,2.751327197,,K,La,Sb,Ga,O,,DFT_GLLBSC_gap,GLLB-SC,fundamental_quasiparticle,oxide_double_perovskite_absorber,A2BBprimeO6_oxide_double_perovskite,absorber_only,10.1038/srep19375,"Pilania et al. Sci Rep 6, 19375 (2016) — GLLB-SC double perovskite gaps"
KSbLaInO6,3.368820572,,K,La,Sb,In,O,,DFT_GLLBSC_gap,GLLB-SC,fundamental_quasiparticle,oxide_double_perovskite_absorber,A2BBprimeO6_oxide_double_perovskite,absorber_only,10.1038/srep19375,"Pilania et al. Sci Rep 6, 19375 (2016) — GLLB-SC double perovskite gaps"
KSbLiNbO6,4.305385483,,K,Li,Sb,Nb,O,,DFT_GLLBSC_gap,GLLB-SC,fundamental_quasiparticle,oxide_double_perovskite_absorber,A2BBprimeO6_oxide_double_perovskite,absorber_only,10.1038/srep19375,"Pilania et al. Sci Rep 6, 19375 (2016) — GLLB-SC double perovskite gaps"
KSbLiVO6,1.895420667,,K,Li,Sb,V,O,,DFT_GLLBSC_gap,GLLB-SC,fundamental_quasiparticle,oxide_double_perovskite_absorber,A2BBprimeO6_oxide_double_perovskite,absorber_only,10.1038/srep19375,"Pilania et al. Sci Rep 6, 19375 (2016) — GLLB-SC double perovskite gaps"
KSbMgTiO6,4.604765276,,K,Mg,Sb,Ti,O,,DFT_GLLBSC_gap,GLLB-SC,fundamental_quasiparticle,oxide_double_perovskite_absorber,A2BBprimeO6_oxide_double_perovskite,absorber_only,10.1038/srep19375,"Pilania et al. Sci Rep 6, 19375 (2016) — GLLB-SC double perovskite gaps"
KSbMgZrO6,5.774517555,,K,Mg,Sb,Zr,O,,DFT_GLLBSC_gap,GLLB-SC,fundamental_quasiparticle,oxide_double_perovskite_absorber,A2BBprimeO6_oxide_double_perovskite,absorber_only,10.1038/srep19375,"Pilania et al. Sci Rep 6, 19375 (2016) — GLLB-SC double perovskite gaps"
KSbNaNbO6,4.209344679,,K,Na,Sb,Nb,O,,DFT_GLLBSC_gap,GLLB-SC,fundamental_quasiparticle,oxide_double_perovskite_absorber,A2BBprimeO6_oxide_double_perovskite,absorber_only,10.1038/srep19375,"Pilania et al. Sci Rep 6, 19375 (2016) — GLLB-SC double perovskite gaps"
KSbNaVO6,1.877171235,,K,Na,Sb,V,O,,DFT_GLLBSC_gap,GLLB-SC,fundamental_quasiparticle,oxide_double_perovskite_absorber,A2BBprimeO6_oxide_double_perovskite,absorber_only,10.1038/srep19375,"Pilania et al. Sci Rep 6, 19375 (2016) — GLLB-SC double perovskite gaps"
KSbPbTiO6,3.967764744,,K,Pb,Sb,Ti,O,,DFT_GLLBSC_gap,GLLB-SC,fundamental_quasiparticle,oxide_double_perovskite_absorber,A2BBprimeO6_oxide_double_perovskite,absorber_only,10.1038/srep19375,"Pilania et al. Sci Rep 6, 19375 (2016) — GLLB-SC double perovskite gaps"
KSbRbNbO6,3.689934172,,K,Rb,Sb,Nb,O,,DFT_GLLBSC_gap,GLLB-SC,fundamental_quasiparticle,oxide_double_perovskite_absorber,A2BBprimeO6_oxide_double_perovskite,absorber_only,10.1038/srep19375,"Pilania et al. Sci Rep 6, 19375 (2016) — GLLB-SC double perovskite gaps"
KSbSnHfO6,4.021699995,,K,Sn,Sb,Hf,O,,DFT_GLLBSC_gap,GLLB-SC,fundamental_quasiparticle,oxide_double_perovskite_absorber,A2BBprimeO6_oxide_double_perovskite,absorber_only,10.1038/srep19375,"Pilania et al. Sci Rep 6, 19375 (2016) — GLLB-SC double perovskite gaps"
KSbSnTiO6,3.131082711,,K,Sn,Sb,Ti,O,,DFT_GLLBSC_gap,GLLB-SC,fundamental_quasiparticle,oxide_double_perovskite_absorber,A2BBprimeO6_oxide_double_perovskite,absorber_only,10.1038/srep19375,"Pilania et al. Sci Rep 6, 19375 (2016) — GLLB-SC double perovskite gaps"
KSbSrSiO6,2.212024856,,K,Sr,Sb,Si,O,,DFT_GLLBSC_gap,GLLB-SC,fundamental_quasiparticle,oxide_double_perovskite_absorber,A2BBprimeO6_oxide_double_perovskite,absorber_only,10.1038/srep19375,"Pilania et al. Sci Rep 6, 19375 (2016) — GLLB-SC double perovskite gaps"
KSbSrSnO6,1.629370353,,K,Sr,Sb,Sn,O,,DFT_GLLBSC_gap,GLLB-SC,fundamental_quasiparticle,oxide_double_perovskite_absorber,A2BBprimeO6_oxide_double_perovskite,absorber_only,10.1038/srep19375,"Pilania et al. Sci Rep 6, 19375 (2016) — GLLB-SC double perovskite gaps"
KSbSrTiO6,4.049643271,,K,Sr,Sb,Ti,O,,DFT_GLLBSC_gap,GLLB-SC,fundamental_quasiparticle,oxide_double_perovskite_absorber,A2BBprimeO6_oxide_double_perovskite,absorber_only,10.1038/srep19375,"Pilania et al. Sci Rep 6, 19375 (2016) — GLLB-SC double perovskite gaps"
KSbTlNbO6,1.75729976,,K,Tl,Sb,Nb,O,,DFT_GLLBSC_gap,GLLB-SC,fundamental_quasiparticle,oxide_double_perovskite_absorber,A2BBprimeO6_oxide_double_perovskite,absorber_only,10.1038/srep19375,"Pilania et al. Sci Rep 6, 19375 (2016) — GLLB-SC double perovskite gaps"
KSbYAlO6,4.558409892,,K,Y,Sb,Al,O,,DFT_GLLBSC_gap,GLLB-SC,fundamental_quasiparticle,oxide_double_perovskite_absorber,A2BBprimeO6_oxide_double_perovskite,absorber_only,10.1038/srep19375,"Pilania et al. Sci Rep 6, 19375 (2016) — GLLB-SC double perovskite gaps"
KTaAgNbO6,3.433225646,,K,Ag,Ta,Nb,O,,DFT_GLLBSC_gap,GLLB-SC,fundamental_quasiparticle,oxide_double_perovskite_absorber,A2BBprimeO6_oxide_double_perovskite,absorber_only,10.1038/srep19375,"Pilania et al. Sci Rep 6, 19375 (2016) — GLLB-SC double perovskite gaps"
KTaAgTaO6,3.966798043,,K,Ag,Ta,Ta,O,,DFT_GLLBSC_gap,GLLB-SC,fundamental_quasiparticle,oxide_double_perovskite_absorber,A2BBprimeO6_oxide_double_perovskite,absorber_only,10.1038/srep19375,"Pilania et al. Sci Rep 6, 19375 (2016) — GLLB-SC double perovskite gaps"
KTaBaSnO6,5.196457856,,K,Ba,Ta,Sn,O,,DFT_GLLBSC_gap,GLLB-SC,fundamental_quasiparticle,oxide_double_perovskite_absorber,A2BBprimeO6_oxide_double_perovskite,absorber_only,10.1038/srep19375,"Pilania et al. Sci Rep 6, 19375 (2016) — GLLB-SC double perovskite gaps"
KTaBaTiO6,3.753540391,,K,Ba,Ta,Ti,O,,DFT_GLLBSC_gap,GLLB-SC,fundamental_quasiparticle,oxide_double_perovskite_absorber,A2BBprimeO6_oxide_double_perovskite,absorber_only,10.1038/srep19375,"Pilania et al. Sci Rep 6, 19375 (2016) — GLLB-SC double perovskite gaps"
KTaCaGeO6,5.429801846,,K,Ca,Ta,Ge,O,,DFT_GLLBSC_gap,GLLB-SC,fundamental_quasiparticle,oxide_double_perovskite_absorber,A2BBprimeO6_oxide_double_perovskite,absorber_only,10.1038/srep19375,"Pilania et al. Sci Rep 6, 19375 (2016) — GLLB-SC double perovskite gaps"
KTaCaHfO6,5.46520753,,K,Ca,Ta,Hf,O,,DFT_GLLBSC_gap,GLLB-SC,fundamental_quasiparticle,oxide_double_perovskite_absorber,A2BBprimeO6_oxide_double_perovskite,absorber_only,10.1038/srep19375,"Pilania et al. Sci Rep 6, 19375 (2016) — GLLB-SC double perovskite gaps"
KTaCaSiO6,5.106337532,,K,Ca,Ta,Si,O,,DFT_GLLBSC_gap,GLLB-SC,fundamental_quasiparticle,oxide_double_perovskite_absorber,A2BBprimeO6_oxide_double_perovskite,absorber_only,10.1038/srep19375,"Pilania et al. Sci Rep 6, 19375 (2016) — GLLB-SC double perovskite gaps"
KTaCaSnO6,5.221454507,,K,Ca,Ta,Sn,O,,DFT_GLLBSC_gap,GLLB-SC,fundamental_quasiparticle,oxide_double_perovskite_absorber,A2BBprimeO6_oxide_double_perovskite,absorber_only,10.1038/srep19375,"Pilania et al. Sci Rep 6, 19375 (2016) — GLLB-SC double perovskite gaps"
KTaCaTiO6,4.251020823,,K,Ca,Ta,Ti,O,,DFT_GLLBSC_gap,GLLB-SC,fundamental_quasiparticle,oxide_double_perovskite_absorber,A2BBprimeO6_oxide_double_perovskite,absorber_only,10.1038/srep19375,"Pilania et al. Sci Rep 6, 19375 (2016) — GLLB-SC double perovskite gaps"
KTaCaZrO6,5.396139557,,K,Ca,Ta,Zr,O,,DFT_GLLBSC_gap,GLLB-SC,fundamental_quasiparticle,oxide_double_perovskite_absorber,A2BBprimeO6_oxide_double_perovskite,absorber_only,10.1038/srep19375,"Pilania et al. Sci Rep 6, 19375 (2016) — GLLB-SC double perovskite gaps"
KTaCsNbO6,3.294911002,,K,Cs,Ta,Nb,O,,DFT_GLLBSC_gap,GLLB-SC,fundamental_quasiparticle,oxide_double_perovskite_absorber,A2BBprimeO6_oxide_double_perovskite,absorber_only,10.1038/srep19375,"Pilania et al. Sci Rep 6, 19375 (2016) — GLLB-SC double perovskite gaps"
KTaCsVO6,2.274588477,,K,Cs,Ta,V,O,,DFT_GLLBSC_gap,GLLB-SC,fundamental_quasiparticle,oxide_double_perovskite_absorber,A2BBprimeO6_oxide_double_perovskite,absorber_only,10.1038/srep19375,"Pilania et al. Sci Rep 6, 19375 (2016) — GLLB-SC double perovskite gaps"
KTaGaNbO6,1.72329943,,K,Ga,Ta,Nb,O,,DFT_GLLBSC_gap,GLLB-SC,fundamental_quasiparticle,oxide_double_perovskite_absorber,A2BBprimeO6_oxide_double_perovskite,absorber_only,10.1038/srep19375,"Pilania et al. Sci Rep 6, 19375 (2016) — GLLB-SC double perovskite gaps"
KTaGaTaO6,2.210934079,,K,Ga,Ta,Ta,O,,DFT_GLLBSC_gap,GLLB-SC,fundamental_quasiparticle,oxide_double_perovskite_absorber,A2BBprimeO6_oxide_double_perovskite,absorber_only,10.1038/srep19375,"Pilania et al. Sci Rep 6, 19375 (2016) — GLLB-SC double perovskite gaps"
KTaKNbO6,3.448861519,,K,K,Ta,Nb,O,,DFT_GLLBSC_gap,GLLB-SC,fundamental_quasiparticle,oxide_double_perovskite_absorber,A2BBprimeO6_oxide_double_perovskite,absorber_only,10.1038/srep19375,"Pilania et al. Sci Rep 6, 19375 (2016) — GLLB-SC double perovskite gaps"
KTaKSbO6,4.372567795,,K,K,Ta,Sb,O,,DFT_GLLBSC_gap,GLLB-SC,fundamental_quasiparticle,oxide_double_perovskite_absorber,A2BBprimeO6_oxide_double_perovskite,absorber_only,10.1038/srep19375,"Pilania et al. Sci Rep 6, 19375 (2016) — GLLB-SC double perovskite gaps"
KTaLaAlO6,5.379821007,,K,La,Ta,Al,O,,DFT_GLLBSC_gap,GLLB-SC,fundamental_quasiparticle,oxide_double_perovskite_absorber,A2BBprimeO6_oxide_double_perovskite,absorber_only,10.1038/srep19375,"Pilania et al. Sci Rep 6, 19375 (2016) — GLLB-SC double perovskite gaps"
KTaLaGaO6,5.70532802,,K,La,Ta,Ga,O,,DFT_GLLBSC_gap,GLLB-SC,fundamental_quasiparticle,oxide_double_perovskite_absorber,A2BBprimeO6_oxide_double_perovskite,absorber_only,10.1038/srep19375,"Pilania et al. Sci Rep 6, 19375 (2016) — GLLB-SC double perovskite gaps"
KTaLaInO6,5.816215972,,K,La,Ta,In,O,,DFT_GLLBSC_gap,GLLB-SC,fundamental_quasiparticle,oxide_double_perovskite_absorber,A2BBprimeO6_oxide_double_perovskite,absorber_only,10.1038/srep19375,"Pilania et al. Sci Rep 6, 19375 (2016) — GLLB-SC double perovskite gaps"
KTaLaScO6,5.649467495,,K,La,Ta,Sc,O,,DFT_GLLBSC_gap,GLLB-SC,fundamental_quasiparticle,oxide_double_perovskite_absorber,A2BBprimeO6_oxide_double_perovskite,absorber_only,10.1038/srep19375,"Pilania et al. Sci Rep 6, 19375 (2016) — GLLB-SC double perovskite gaps"
KTaLiNbO6,3.572560671,,K,Li,Ta,Nb,O,,DFT_GLLBSC_gap,GLLB-SC,fundamental_quasiparticle,oxide_double_perovskite_absorber,A2BBprimeO6_oxide_double_perovskite,absorber_only,10.1038/srep19375,"Pilania et al. Sci Rep 6, 19375 (2016) — GLLB-SC double perovskite gaps"
KTaLiTaO6,4.13821904,,K,Li,Ta,Ta,O,,DFT_GLLBSC_gap,GLLB-SC,fundamental_quasiparticle,oxide_double_perovskite_absorber,A2BBprimeO6_oxide_double_perovskite,absorber_only,10.1038/srep19375,"Pilania et al. Sci Rep 6, 19375 (2016) — GLLB-SC double perovskite gaps"
KTaLiVO6,2.301864217,,K,Li,Ta,V,O,,DFT_GLLBSC_gap,GLLB-SC,fundamental_quasiparticle,oxide_double_perovskite_absorber,A2BBprimeO6_oxide_double_perovskite,absorber_only,10.1038/srep19375,"Pilania et al. Sci Rep 6, 19375 (2016) — GLLB-SC double perovskite gaps"
KTaMgTiO6,5.203062127,,K,Mg,Ta,Ti,O,,DFT_GLLBSC_gap,GLLB-SC,fundamental_quasiparticle,oxide_double_perovskite_absorber,A2BBprimeO6_oxide_double_perovskite,absorber_only,10.1038/srep19375,"Pilania et al. Sci Rep 6, 19375 (2016) — GLLB-SC double perovskite gaps"
KTaMgZrO6,5.499681919,,K,Mg,Ta,Zr,O,,DFT_GLLBSC_gap,GLLB-SC,fundamental_quasiparticle,oxide_double_perovskite_absorber,A2BBprimeO6_oxide_double_perovskite,absorber_only,10.1038/srep19375,"Pilania et al. Sci Rep 6, 19375 (2016) — GLLB-SC double perovskite gaps"
KTaNaNbO6,3.540818105,,K,Na,Ta,Nb,O,,DFT_GLLBSC_gap,GLLB-SC,fundamental_quasiparticle,oxide_double_perovskite_absorber,A2BBprimeO6_oxide_double_perovskite,absorber_only,10.1038/srep19375,"Pilania et al. Sci Rep 6, 19375 (2016) — GLLB-SC double perovskite gaps"
KTaNaSbO6,4.710700726,,K,Na,Ta,Sb,O,,DFT_GLLBSC_gap,GLLB-SC,fundamental_quasiparticle,oxide_double_perovskite_absorber,A2BBprimeO6_oxide_double_perovskite,absorber_only,10.1038/srep19375,"Pilania et al. Sci Rep 6, 19375 (2016) — GLLB-SC double perovskite gaps"
KTaNaTaO6,4.105232239,,K,Na,Ta,Ta,O,,DFT_GLLBSC_gap,GLLB-SC,fundamental_quasiparticle,oxide_double_perovskite_absorber,A2BBprimeO6_oxide_double_perovskite,absorber_only,10.1038/srep19375,"Pilania et al. Sci Rep 6, 19375 (2016) — GLLB-SC double perovskite gaps"
KTaNaVO6,1.977986049,,K,Na,Ta,V,O,,DFT_GLLBSC_gap,GLLB-SC,fundamental_quasiparticle,oxide_double_perovskite_absorber,A2BBprimeO6_oxide_double_perovskite,absorber_only,10.1038/srep19375,"Pilania et al. Sci Rep 6, 19375 (2016) — GLLB-SC double perovskite gaps"
KTaPbHfO6,5.212113424,,K,Pb,Ta,Hf,O,,DFT_GLLBSC_gap,GLLB-SC,fundamental_quasiparticle,oxide_double_perovskite_absorber,A2BBprimeO6_oxide_double_perovskite,absorber_only,10.1038/srep19375,"Pilania et al. Sci Rep 6, 19375 (2016) — GLLB-SC double perovskite gaps"
KTaPbTiO6,3.929727131,,K,Pb,Ta,Ti,O,,DFT_GLLBSC_gap,GLLB-SC,fundamental_quasiparticle,oxide_double_perovskite_absorber,A2BBprimeO6_oxide_double_perovskite,absorber_only,10.1038/srep19375,"Pilania et al. Sci Rep 6, 19375 (2016) — GLLB-SC double perovskite gaps"
KTaPbZrO6,5.116273478,,K,Pb,Ta,Zr,O,,DFT_GLLBSC_gap,GLLB-SC,fundamental_quasiparticle,oxide_double_perovskite_absorber,A2BBprimeO6_oxide_double_perovskite,absorber_only,10.1038/srep19375,"Pilania et al. Sci Rep 6, 19375 (2016) — GLLB-SC double perovskite gaps"
KTaRbNbO6,3.385510444,,K,Rb,Ta,Nb,O,,DFT_GLLBSC_gap,GLLB-SC,fundamental_quasiparticle,oxide_double_perovskite_absorber,A2BBprimeO6_oxide_double_perovskite,absorber_only,10.1038/srep19375,"Pilania et al. Sci Rep 6, 19375 (2016) — GLLB-SC double perovskite gaps"
KTaRbTaO6,3.939485875,,K,Rb,Ta,Ta,O,,DFT_GLLBSC_gap,GLLB-SC,fundamental_quasiparticle,oxide_double_perovskite_absorber,A2BBprimeO6_oxide_double_perovskite,absorber_only,10.1038/srep19375,"Pilania et al. Sci Rep 6, 19375 (2016) — GLLB-SC double perovskite gaps"
KTaSnHfO6,4.123323475,,K,Sn,Ta,Hf,O,,DFT_GLLBSC_gap,GLLB-SC,fundamental_quasiparticle,oxide_double_perovskite_absorber,A2BBprimeO6_oxide_double_perovskite,absorber_only,10.1038/srep19375,"Pilania et al. Sci Rep 6, 19375 (2016) — GLLB-SC double perovskite gaps"
KTaSnTiO6,3.196291471,,K,Sn,Ta,Ti,O,,DFT_GLLBSC_gap,GLLB-SC,fundamental_quasiparticle,oxide_double_perovskite_absorber,A2BBprimeO6_oxide_double_perovskite,absorber_only,10.1038/srep19375,"Pilania et al. Sci Rep 6, 19375 (2016) — GLLB-SC double perovskite gaps"
KTaSnZrO6,4.092547044,,K,Sn,Ta,Zr,O,,DFT_GLLBSC_gap,GLLB-SC,fundamental_quasiparticle,oxide_double_perovskite_absorber,A2BBprimeO6_oxide_double_perovskite,absorber_only,10.1038/srep19375,"Pilania et al. Sci Rep 6, 19375 (2016) — GLLB-SC double perovskite gaps"
KTaSrGeO6,5.134653758,,K,Sr,Ta,Ge,O,,DFT_GLLBSC_gap,GLLB-SC,fundamental_quasiparticle,oxide_double_perovskite_absorber,A2BBprimeO6_oxide_double_perovskite,absorber_only,10.1038/srep19375,"Pilania et al. Sci Rep 6, 19375 (2016) — GLLB-SC double perovskite gaps"
KTaSrHfO6,5.157179336,,K,Sr,Ta,Hf,O,,DFT_GLLBSC_gap,GLLB-SC,fundamental_quasiparticle,oxide_double_perovskite_absorber,A2BBprimeO6_oxide_double_perovskite,absorber_only,10.1038/srep19375,"Pilania et al. Sci Rep 6, 19375 (2016) — GLLB-SC double perovskite gaps"
KTaSrSiO6,5.004405535,,K,Sr,Ta,Si,O,,DFT_GLLBSC_gap,GLLB-SC,fundamental_quasiparticle,oxide_double_perovskite_absorber,A2BBprimeO6_oxide_double_perovskite,absorber_only,10.1038/srep19375,"Pilania et al. Sci Rep 6, 19375 (2016) — GLLB-SC double perovskite gaps"
KTaSrSnO6,5.550200753,,K,Sr,Ta,Sn,O,,DFT_GLLBSC_gap,GLLB-SC,fundamental_quasiparticle,oxide_double_perovskite_absorber,A2BBprimeO6_oxide_double_perovskite,absorber_only,10.1038/srep19375,"Pilania et al. Sci Rep 6, 19375 (2016) — GLLB-SC double perovskite gaps"
KTaSrTiO6,3.877403015,,K,Sr,Ta,Ti,O,,DFT_GLLBSC_gap,GLLB-SC,fundamental_quasiparticle,oxide_double_perovskite_absorber,A2BBprimeO6_oxide_double_perovskite,absorber_only,10.1038/srep19375,"Pilania et al. Sci Rep 6, 19375 (2016) — GLLB-SC double perovskite gaps"
KTaSrZrO6,5.061804247,,K,Sr,Ta,Zr,O,,DFT_GLLBSC_gap,GLLB-SC,fundamental_quasiparticle,oxide_double_perovskite_absorber,A2BBprimeO6_oxide_double_perovskite,absorber_only,10.1038/srep19375,"Pilania et al. Sci Rep 6, 19375 (2016) — GLLB-SC double perovskite gaps"
KTaTlNbO6,1.760505571,,K,Tl,Ta,Nb,O,,DFT_GLLBSC_gap,GLLB-SC,fundamental_quasiparticle,oxide_double_perovskite_absorber,A2BBprimeO6_oxide_double_perovskite,absorber_only,10.1038/srep19375,"Pilania et al. Sci Rep 6, 19375 (2016) — GLLB-SC double perovskite gaps"
KTaTlTaO6,2.244292146,,K,Tl,Ta,Ta,O,,DFT_GLLBSC_gap,GLLB-SC,fundamental_quasiparticle,oxide_double_perovskite_absorber,A2BBprimeO6_oxide_double_perovskite,absorber_only,10.1038/srep19375,"Pilania et al. Sci Rep 6, 19375 (2016) — GLLB-SC double perovskite gaps"
KTaYAlO6,5.733834897,,K,Y,Ta,Al,O,,DFT_GLLBSC_gap,GLLB-SC,fundamental_quasiparticle,oxide_double_perovskite_absorber,A2BBprimeO6_oxide_double_perovskite,absorber_only,10.1038/srep19375,"Pilania et al. Sci Rep 6, 19375 (2016) — GLLB-SC double perovskite gaps"
LaAlLaGaO6,6.766541856,,La,La,Al,Ga,O,,DFT_GLLBSC_gap,GLLB-SC,fundamental_quasiparticle,oxide_double_perovskite_absorber,A2BBprimeO6_oxide_double_perovskite,absorber_only,10.1038/srep19375,"Pilania et al. Sci Rep 6, 19375 (2016) — GLLB-SC double perovskite gaps"
LaAlLaInO6,6.523672765,,La,La,Al,In,O,,DFT_GLLBSC_gap,GLLB-SC,fundamental_quasiparticle,oxide_double_perovskite_absorber,A2BBprimeO6_oxide_double_perovskite,absorber_only,10.1038/srep19375,"Pilania et al. Sci Rep 6, 19375 (2016) — GLLB-SC double perovskite gaps"
LaAlMgTiO6,5.189103214,,La,Mg,Al,Ti,O,,DFT_GLLBSC_gap,GLLB-SC,fundamental_quasiparticle,oxide_double_perovskite_absorber,A2BBprimeO6_oxide_double_perovskite,absorber_only,10.1038/srep19375,"Pilania et al. Sci Rep 6, 19375 (2016) — GLLB-SC double perovskite gaps"
LaAlSnTiO6,3.452664382,,La,Sn,Al,Ti,O,,DFT_GLLBSC_gap,GLLB-SC,fundamental_quasiparticle,oxide_double_perovskite_absorber,A2BBprimeO6_oxide_double_perovskite,absorber_only,10.1038/srep19375,"Pilania et al. Sci Rep 6, 19375 (2016) — GLLB-SC double perovskite gaps"
LaAlYAlO6,7.493232168,,La,Y,Al,Al,O,,DFT_GLLBSC_gap,GLLB-SC,fundamental_quasiparticle,oxide_double_perovskite_absorber,A2BBprimeO6_oxide_double_perovskite,absorber_only,10.1038/srep19375,"Pilania et al. Sci Rep 6, 19375 (2016) — GLLB-SC double perovskite gaps"
LaGaLaInO6,5.0911409,,La,La,Ga,In,O,,DFT_GLLBSC_gap,GLLB-SC,fundamental_quasiparticle,oxide_double_perovskite_absorber,A2BBprimeO6_oxide_double_perovskite,absorber_only,10.1038/srep19375,"Pilania et al. Sci Rep 6, 19375 (2016) — GLLB-SC double perovskite gaps"
LaGaMgTiO6,5.244393485,,La,Mg,Ga,Ti,O,,DFT_GLLBSC_gap,GLLB-SC,fundamental_quasiparticle,oxide_double_perovskite_absorber,A2BBprimeO6_oxide_double_perovskite,absorber_only,10.1038/srep19375,"Pilania et al. Sci Rep 6, 19375 (2016) — GLLB-SC double perovskite gaps"
LaGaSnTiO6,4.003966794,,La,Sn,Ga,Ti,O,,DFT_GLLBSC_gap,GLLB-SC,fundamental_quasiparticle,oxide_double_perovskite_absorber,A2BBprimeO6_oxide_double_perovskite,absorber_only,10.1038/srep19375,"Pilania et al. Sci Rep 6, 19375 (2016) — GLLB-SC double perovskite gaps"
LaGaYAlO6,6.95217569,,La,Y,Ga,Al,O,,DFT_GLLBSC_gap,GLLB-SC,fundamental_quasiparticle,oxide_double_perovskite_absorber,A2BBprimeO6_oxide_double_perovskite,absorber_only,10.1038/srep19375,"Pilania et al. Sci Rep 6, 19375 (2016) — GLLB-SC double perovskite gaps"
LaInMgTiO6,5.177625765,,La,Mg,In,Ti,O,,DFT_GLLBSC_gap,GLLB-SC,fundamental_quasiparticle,oxide_double_perovskite_absorber,A2BBprimeO6_oxide_double_perovskite,absorber_only,10.1038/srep19375,"Pilania et al. Sci Rep 6, 19375 (2016) — GLLB-SC double perovskite gaps"
LaInSnTiO6,3.324618535,,La,Sn,In,Ti,O,,DFT_GLLBSC_gap,GLLB-SC,fundamental_quasiparticle,oxide_double_perovskite_absorber,A2BBprimeO6_oxide_double_perovskite,absorber_only,10.1038/srep19375,"Pilania et al. Sci Rep 6, 19375 (2016) — GLLB-SC double perovskite gaps"
LaInYAlO6,6.125274178,,La,Y,In,Al,O,,DFT_GLLBSC_gap,GLLB-SC,fundamental_quasiparticle,oxide_double_perovskite_absorber,A2BBprimeO6_oxide_double_perovskite,absorber_only,10.1038/srep19375,"Pilania et al. Sci Rep 6, 19375 (2016) — GLLB-SC double perovskite gaps"
LaScAgNbO6,4.33272259,,La,Ag,Sc,Nb,O,,DFT_GLLBSC_gap,GLLB-SC,fundamental_quasiparticle,oxide_double_perovskite_absorber,A2BBprimeO6_oxide_double_perovskite,absorber_only,10.1038/srep19375,"Pilania et al. Sci Rep 6, 19375 (2016) — GLLB-SC double perovskite gaps"
LaScAgTaO6,5.009320756,,La,Ag,Sc,Ta,O,,DFT_GLLBSC_gap,GLLB-SC,fundamental_quasiparticle,oxide_double_perovskite_absorber,A2BBprimeO6_oxide_double_perovskite,absorber_only,10.1038/srep19375,"Pilania et al. Sci Rep 6, 19375 (2016) — GLLB-SC double perovskite gaps"
LaScBaSnO6,6.787878886,,La,Ba,Sc,Sn,O,,DFT_GLLBSC_gap,GLLB-SC,fundamental_quasiparticle,oxide_double_perovskite_absorber,A2BBprimeO6_oxide_double_perovskite,absorber_only,10.1038/srep19375,"Pilania et al. Sci Rep 6, 19375 (2016) — GLLB-SC double perovskite gaps"
LaScBaTiO6,5.052614065,,La,Ba,Sc,Ti,O,,DFT_GLLBSC_gap,GLLB-SC,fundamental_quasiparticle,oxide_double_perovskite_absorber,A2BBprimeO6_oxide_double_perovskite,absorber_only,10.1038/srep19375,"Pilania et al. Sci Rep 6, 19375 (2016) — GLLB-SC double perovskite gaps"
LaScCaGeO6,7.230272945,,La,Ca,Sc,Ge,O,,DFT_GLLBSC_gap,GLLB-SC,fundamental_quasiparticle,oxide_double_perovskite_absorber,A2BBprimeO6_oxide_double_perovskite,absorber_only,10.1038/srep19375,"Pilania et al. Sci Rep 6, 19375 (2016) — GLLB-SC double perovskite gaps"
LaScCaSiO6,7.136365745,,La,Ca,Sc,Si,O,,DFT_GLLBSC_gap,GLLB-SC,fundamental_quasiparticle,oxide_double_perovskite_absorber,A2BBprimeO6_oxide_double_perovskite,absorber_only,10.1038/srep19375,"Pilania et al. Sci Rep 6, 19375 (2016) — GLLB-SC double perovskite gaps"
LaScCaSnO6,6.652121121,,La,Ca,Sc,Sn,O,,DFT_GLLBSC_gap,GLLB-SC,fundamental_quasiparticle,oxide_double_perovskite_absorber,A2BBprimeO6_oxide_double_perovskite,absorber_only,10.1038/srep19375,"Pilania et al. Sci Rep 6, 19375 (2016) — GLLB-SC double perovskite gaps"
LaScCaTiO6,5.360804586,,La,Ca,Sc,Ti,O,,DFT_GLLBSC_gap,GLLB-SC,fundamental_quasiparticle,oxide_double_perovskite_absorber,A2BBprimeO6_oxide_double_perovskite,absorber_only,10.1038/srep19375,"Pilania et al. Sci Rep 6, 19375 (2016) — GLLB-SC double perovskite gaps"
LaScCsNbO6,4.414961176,,La,Cs,Sc,Nb,O,,DFT_GLLBSC_gap,GLLB-SC,fundamental_quasiparticle,oxide_double_perovskite_absorber,A2BBprimeO6_oxide_double_perovskite,absorber_only,10.1038/srep19375,"Pilania et al. Sci Rep 6, 19375 (2016) — GLLB-SC double perovskite gaps"
LaScCsVO6,2.104586049,,La,Cs,Sc,V,O,,DFT_GLLBSC_gap,GLLB-SC,fundamental_quasiparticle,oxide_double_perovskite_absorber,A2BBprimeO6_oxide_double_perovskite,absorber_only,10.1038/srep19375,"Pilania et al. Sci Rep 6, 19375 (2016) — GLLB-SC double perovskite gaps"
LaScGaNbO6,2.439044072,,La,Ga,Sc,Nb,O,,DFT_GLLBSC_gap,GLLB-SC,fundamental_quasiparticle,oxide_double_perovskite_absorber,A2BBprimeO6_oxide_double_perovskite,absorber_only,10.1038/srep19375,"Pilania et al. Sci Rep 6, 19375 (2016) — GLLB-SC double perovskite gaps"
LaScInNbO6,1.623070352,,La,In,Sc,Nb,O,,DFT_GLLBSC_gap,GLLB-SC,fundamental_quasiparticle,oxide_double_perovskite_absorber,A2BBprimeO6_oxide_double_perovskite,absorber_only,10.1038/srep19375,"Pilania et al. Sci Rep 6, 19375 (2016) — GLLB-SC double perovskite gaps"
LaScKNbO6,4.819276462,,La,K,Sc,Nb,O,,DFT_GLLBSC_gap,GLLB-SC,fundamental_quasiparticle,oxide_double_perovskite_absorber,A2BBprimeO6_oxide_double_perovskite,absorber_only,10.1038/srep19375,"Pilania et al. Sci Rep 6, 19375 (2016) — GLLB-SC double perovskite gaps"
LaScKSbO6,5.827808786,,La,K,Sc,Sb,O,,DFT_GLLBSC_gap,GLLB-SC,fundamental_quasiparticle,oxide_double_perovskite_absorber,A2BBprimeO6_oxide_double_perovskite,absorber_only,10.1038/srep19375,"Pilania et al. Sci Rep 6, 19375 (2016) — GLLB-SC double perovskite gaps"
LaScLaAlO6,6.066795195,,La,La,Sc,Al,O,,DFT_GLLBSC_gap,GLLB-SC,fundamental_quasiparticle,oxide_double_perovskite_absorber,A2BBprimeO6_oxide_double_perovskite,absorber_only,10.1038/srep19375,"Pilania et al. Sci Rep 6, 19375 (2016) — GLLB-SC double perovskite gaps"
LaScLaGaO6,6.065509156,,La,La,Sc,Ga,O,,DFT_GLLBSC_gap,GLLB-SC,fundamental_quasiparticle,oxide_double_perovskite_absorber,A2BBprimeO6_oxide_double_perovskite,absorber_only,10.1038/srep19375,"Pilania et al. Sci Rep 6, 19375 (2016) — GLLB-SC double perovskite gaps"
LaScLaInO6,6.687201247,,La,La,Sc,In,O,,DFT_GLLBSC_gap,GLLB-SC,fundamental_quasiparticle,oxide_double_perovskite_absorber,A2BBprimeO6_oxide_double_perovskite,absorber_only,10.1038/srep19375,"Pilania et al. Sci Rep 6, 19375 (2016) — GLLB-SC double perovskite gaps"
LaScLiNbO6,4.815912181,,La,Li,Sc,Nb,O,,DFT_GLLBSC_gap,GLLB-SC,fundamental_quasiparticle,oxide_double_perovskite_absorber,A2BBprimeO6_oxide_double_perovskite,absorber_only,10.1038/srep19375,"Pilania et al. Sci Rep 6, 19375 (2016) — GLLB-SC double perovskite gaps"
LaScLiTaO6,5.566786019,,La,Li,Sc,Ta,O,,DFT_GLLBSC_gap,GLLB-SC,fundamental_quasiparticle,oxide_double_perovskite_absorber,A2BBprimeO6_oxide_double_perovskite,absorber_only,10.1038/srep19375,"Pilania et al. Sci Rep 6, 19375 (2016) — GLLB-SC double perovskite gaps"
LaScLiVO6,2.829679604,,La,Li,Sc,V,O,,DFT_GLLBSC_gap,GLLB-SC,fundamental_quasiparticle,oxide_double_perovskite_absorber,A2BBprimeO6_oxide_double_perovskite,absorber_only,10.1038/srep19375,"Pilania et al. Sci Rep 6, 19375 (2016) — GLLB-SC double perovskite gaps"
LaScMgTiO6,5.328311049,,La,Mg,Sc,Ti,O,,DFT_GLLBSC_gap,GLLB-SC,fundamental_quasiparticle,oxide_double_perovskite_absorber,A2BBprimeO6_oxide_double_perovskite,absorber_only,10.1038/srep19375,"Pilania et al. Sci Rep 6, 19375 (2016) — GLLB-SC double perovskite gaps"
LaScMgZrO6,7.318121814,,La,Mg,Sc,Zr,O,,DFT_GLLBSC_gap,GLLB-SC,fundamental_quasiparticle,oxide_double_perovskite_absorber,A2BBprimeO6_oxide_double_perovskite,absorber_only,10.1038/srep19375,"Pilania et al. Sci Rep 6, 19375 (2016) — GLLB-SC double perovskite gaps"
LaScNaNbO6,4.961520789,,La,Na,Sc,Nb,O,,DFT_GLLBSC_gap,GLLB-SC,fundamental_quasiparticle,oxide_double_perovskite_absorber,A2BBprimeO6_oxide_double_perovskite,absorber_only,10.1038/srep19375,"Pilania et al. Sci Rep 6, 19375 (2016) — GLLB-SC double perovskite gaps"
LaScNaSbO6,6.025996426,,La,Na,Sc,Sb,O,,DFT_GLLBSC_gap,GLLB-SC,fundamental_quasiparticle,oxide_double_perovskite_absorber,A2BBprimeO6_oxide_double_perovskite,absorber_only,10.1038/srep19375,"Pilania et al. Sci Rep 6, 19375 (2016) — GLLB-SC double perovskite gaps"
LaScNaVO6,2.340322481,,La,Na,Sc,V,O,,DFT_GLLBSC_gap,GLLB-SC,fundamental_quasiparticle,oxide_double_perovskite_absorber,A2BBprimeO6_oxide_double_perovskite,absorber_only,10.1038/srep19375,"Pilania et al. Sci Rep 6, 19375 (2016) — GLLB-SC double perovskite gaps"
LaScPbHfO6,5.582233225,,La,Pb,Sc,Hf,O,,DFT_GLLBSC_gap,GLLB-SC,fundamental_quasiparticle,oxide_double_perovskite_absorber,A2BBprimeO6_oxide_double_perovskite,absorber_only,10.1038/srep19375,"Pilania et al. Sci Rep 6, 19375 (2016) — GLLB-SC double perovskite gaps"
LaScPbTiO6,5.02202552,,La,Pb,Sc,Ti,O,,DFT_GLLBSC_gap,GLLB-SC,fundamental_quasiparticle,oxide_double_perovskite_absorber,A2BBprimeO6_oxide_double_perovskite,absorber_only,10.1038/srep19375,"Pilania et al. Sci Rep 6, 19375 (2016) — GLLB-SC double perovskite gaps"
LaScPbZrO6,5.69255743,,La,Pb,Sc,Zr,O,,DFT_GLLBSC_gap,GLLB-SC,fundamental_quasiparticle,oxide_double_perovskite_absorber,A2BBprimeO6_oxide_double_perovskite,absorber_only,10.1038/srep19375,"Pilania et al. Sci Rep 6, 19375 (2016) — GLLB-SC double perovskite gaps"
LaScRbNbO6,4.729214611,,La,Rb,Sc,Nb,O,,DFT_GLLBSC_gap,GLLB-SC,fundamental_quasiparticle,oxide_double_perovskite_absorber,A2BBprimeO6_oxide_double_perovskite,absorber_only,10.1038/srep19375,"Pilania et al. Sci Rep 6, 19375 (2016) — GLLB-SC double perovskite gaps"
LaScSnHfO6,5.144975193,,La,Sn,Sc,Hf,O,,DFT_GLLBSC_gap,GLLB-SC,fundamental_quasiparticle,oxide_double_perovskite_absorber,A2BBprimeO6_oxide_double_perovskite,absorber_only,10.1038/srep19375,"Pilania et al. Sci Rep 6, 19375 (2016) — GLLB-SC double perovskite gaps"
LaScSnTiO6,3.53219192,,La,Sn,Sc,Ti,O,,DFT_GLLBSC_gap,GLLB-SC,fundamental_quasiparticle,oxide_double_perovskite_absorber,A2BBprimeO6_oxide_double_perovskite,absorber_only,10.1038/srep19375,"Pilania et al. Sci Rep 6, 19375 (2016) — GLLB-SC double perovskite gaps"
LaScSnZrO6,5.033477645,,La,Sn,Sc,Zr,O,,DFT_GLLBSC_gap,GLLB-SC,fundamental_quasiparticle,oxide_double_perovskite_absorber,A2BBprimeO6_oxide_double_perovskite,absorber_only,10.1038/srep19375,"Pilania et al. Sci Rep 6, 19375 (2016) — GLLB-SC double perovskite gaps"
LaScSrGeO6,7.046287532,,La,Sr,Sc,Ge,O,,DFT_GLLBSC_gap,GLLB-SC,fundamental_quasiparticle,oxide_double_perovskite_absorber,A2BBprimeO6_oxide_double_perovskite,absorber_only,10.1038/srep19375,"Pilania et al. Sci Rep 6, 19375 (2016) — GLLB-SC double perovskite gaps"
LaScSrHfO6,7.331300549,,La,Sr,Sc,Hf,O,,DFT_GLLBSC_gap,GLLB-SC,fundamental_quasiparticle,oxide_double_perovskite_absorber,A2BBprimeO6_oxide_double_perovskite,absorber_only,10.1038/srep19375,"Pilania et al. Sci Rep 6, 19375 (2016) — GLLB-SC double perovskite gaps"
LaScSrSiO6,7.056130171,,La,Sr,Sc,Si,O,,DFT_GLLBSC_gap,GLLB-SC,fundamental_quasiparticle,oxide_double_perovskite_absorber,A2BBprimeO6_oxide_double_perovskite,absorber_only,10.1038/srep19375,"Pilania et al. Sci Rep 6, 19375 (2016) — GLLB-SC double perovskite gaps"
LaScSrSnO6,6.589774789,,La,Sr,Sc,Sn,O,,DFT_GLLBSC_gap,GLLB-SC,fundamental_quasiparticle,oxide_double_perovskite_absorber,A2BBprimeO6_oxide_double_perovskite,absorber_only,10.1038/srep19375,"Pilania et al. Sci Rep 6, 19375 (2016) — GLLB-SC double perovskite gaps"
LaScSrTiO6,5.102706272,,La,Sr,Sc,Ti,O,,DFT_GLLBSC_gap,GLLB-SC,fundamental_quasiparticle,oxide_double_perovskite_absorber,A2BBprimeO6_oxide_double_perovskite,absorber_only,10.1038/srep19375,"Pilania et al. Sci Rep 6, 19375 (2016) — GLLB-SC double perovskite gaps"
LaScSrZrO6,7.093181861,,La,Sr,Sc,Zr,O,,DFT_GLLBSC_gap,GLLB-SC,fundamental_quasiparticle,oxide_double_perovskite_absorber,A2BBprimeO6_oxide_double_perovskite,absorber_only,10.1038/srep19375,"Pilania et al. Sci Rep 6, 19375 (2016) — GLLB-SC double perovskite gaps"
LaScTlNbO6,2.938221938,,La,Tl,Sc,Nb,O,,DFT_GLLBSC_gap,GLLB-SC,fundamental_quasiparticle,oxide_double_perovskite_absorber,A2BBprimeO6_oxide_double_perovskite,absorber_only,10.1038/srep19375,"Pilania et al. Sci Rep 6, 19375 (2016) — GLLB-SC double perovskite gaps"
LaScTlTaO6,3.672398617,,La,Tl,Sc,Ta,O,,DFT_GLLBSC_gap,GLLB-SC,fundamental_quasiparticle,oxide_double_perovskite_absorber,A2BBprimeO6_oxide_double_perovskite,absorber_only,10.1038/srep19375,"Pilania et al. Sci Rep 6, 19375 (2016) — GLLB-SC double perovskite gaps"
LaScYAlO6,7.503217509,,La,Y,Sc,Al,O,,DFT_GLLBSC_gap,GLLB-SC,fundamental_quasiparticle,oxide_double_perovskite_absorber,A2BBprimeO6_oxide_double_perovskite,absorber_only,10.1038/srep19375,"Pilania et al. Sci Rep 6, 19375 (2016) — GLLB-SC double perovskite gaps"
LiNbAgNbO6,3.196015637,,Li,Ag,Nb,Nb,O,,DFT_GLLBSC_gap,GLLB-SC,fundamental_quasiparticle,oxide_double_perovskite_absorber,A2BBprimeO6_oxide_double_perovskite,absorber_only,10.1038/srep19375,"Pilania et al. Sci Rep 6, 19375 (2016) — GLLB-SC double perovskite gaps"
LiNbCaGeO6,4.659391641,,Li,Ca,Nb,Ge,O,,DFT_GLLBSC_gap,GLLB-SC,fundamental_quasiparticle,oxide_double_perovskite_absorber,A2BBprimeO6_oxide_double_perovskite,absorber_only,10.1038/srep19375,"Pilania et al. Sci Rep 6, 19375 (2016) — GLLB-SC double perovskite gaps"
LiNbCaSiO6,4.303741955,,Li,Ca,Nb,Si,O,,DFT_GLLBSC_gap,GLLB-SC,fundamental_quasiparticle,oxide_double_perovskite_absorber,A2BBprimeO6_oxide_double_perovskite,absorber_only,10.1038/srep19375,"Pilania et al. Sci Rep 6, 19375 (2016) — GLLB-SC double perovskite gaps"
LiNbCaSnO6,4.816024988,,Li,Ca,Nb,Sn,O,,DFT_GLLBSC_gap,GLLB-SC,fundamental_quasiparticle,oxide_double_perovskite_absorber,A2BBprimeO6_oxide_double_perovskite,absorber_only,10.1038/srep19375,"Pilania et al. Sci Rep 6, 19375 (2016) — GLLB-SC double perovskite gaps"
LiNbCaTiO6,3.647495276,,Li,Ca,Nb,Ti,O,,DFT_GLLBSC_gap,GLLB-SC,fundamental_quasiparticle,oxide_double_perovskite_absorber,A2BBprimeO6_oxide_double_perovskite,absorber_only,10.1038/srep19375,"Pilania et al. Sci Rep 6, 19375 (2016) — GLLB-SC double perovskite gaps"
LiNbLaAlO6,4.578444546,,Li,La,Nb,Al,O,,DFT_GLLBSC_gap,GLLB-SC,fundamental_quasiparticle,oxide_double_perovskite_absorber,A2BBprimeO6_oxide_double_perovskite,absorber_only,10.1038/srep19375,"Pilania et al. Sci Rep 6, 19375 (2016) — GLLB-SC double perovskite gaps"
LiNbLaGaO6,4.680252029,,Li,La,Nb,Ga,O,,DFT_GLLBSC_gap,GLLB-SC,fundamental_quasiparticle,oxide_double_perovskite_absorber,A2BBprimeO6_oxide_double_perovskite,absorber_only,10.1038/srep19375,"Pilania et al. Sci Rep 6, 19375 (2016) — GLLB-SC double perovskite gaps"
LiNbLaInO6,4.789109121,,Li,La,Nb,In,O,,DFT_GLLBSC_gap,GLLB-SC,fundamental_quasiparticle,oxide_double_perovskite_absorber,A2BBprimeO6_oxide_double_perovskite,absorber_only,10.1038/srep19375,"Pilania et al. Sci Rep 6, 19375 (2016) — GLLB-SC double perovskite gaps"
LiNbMgTiO6,5.184540584,,Li,Mg,Nb,Ti,O,,DFT_GLLBSC_gap,GLLB-SC,fundamental_quasiparticle,oxide_double_perovskite_absorber,A2BBprimeO6_oxide_double_perovskite,absorber_only,10.1038/srep19375,"Pilania et al. Sci Rep 6, 19375 (2016) — GLLB-SC double perovskite gaps"
LiNbSnTiO6,2.791704414,,Li,Sn,Nb,Ti,O,,DFT_GLLBSC_gap,GLLB-SC,fundamental_quasiparticle,oxide_double_perovskite_absorber,A2BBprimeO6_oxide_double_perovskite,absorber_only,10.1038/srep19375,"Pilania et al. Sci Rep 6, 19375 (2016) — GLLB-SC double perovskite gaps"
LiNbSrGeO6,4.595673331,,Li,Sr,Nb,Ge,O,,DFT_GLLBSC_gap,GLLB-SC,fundamental_quasiparticle,oxide_double_perovskite_absorber,A2BBprimeO6_oxide_double_perovskite,absorber_only,10.1038/srep19375,"Pilania et al. Sci Rep 6, 19375 (2016) — GLLB-SC double perovskite gaps"
LiNbSrSnO6,5.081040725,,Li,Sr,Nb,Sn,O,,DFT_GLLBSC_gap,GLLB-SC,fundamental_quasiparticle,oxide_double_perovskite_absorber,A2BBprimeO6_oxide_double_perovskite,absorber_only,10.1038/srep19375,"Pilania et al. Sci Rep 6, 19375 (2016) — GLLB-SC double perovskite gaps"
LiNbYAlO6,5.004391786,,Li,Y,Nb,Al,O,,DFT_GLLBSC_gap,GLLB-SC,fundamental_quasiparticle,oxide_double_perovskite_absorber,A2BBprimeO6_oxide_double_perovskite,absorber_only,10.1038/srep19375,"Pilania et al. Sci Rep 6, 19375 (2016) — GLLB-SC double perovskite gaps"
LiTaAgNbO6,3.554134478,,Li,Ag,Ta,Nb,O,,DFT_GLLBSC_gap,GLLB-SC,fundamental_quasiparticle,oxide_double_perovskite_absorber,A2BBprimeO6_oxide_double_perovskite,absorber_only,10.1038/srep19375,"Pilania et al. Sci Rep 6, 19375 (2016) — GLLB-SC double perovskite gaps"
LiTaAgTaO6,4.076533852,,Li,Ag,Ta,Ta,O,,DFT_GLLBSC_gap,GLLB-SC,fundamental_quasiparticle,oxide_double_perovskite_absorber,A2BBprimeO6_oxide_double_perovskite,absorber_only,10.1038/srep19375,"Pilania et al. Sci Rep 6, 19375 (2016) — GLLB-SC double perovskite gaps"
LiTaBaSnO6,5.588445276,,Li,Ba,Ta,Sn,O,,DFT_GLLBSC_gap,GLLB-SC,fundamental_quasiparticle,oxide_double_perovskite_absorber,A2BBprimeO6_oxide_double_perovskite,absorber_only,10.1038/srep19375,"Pilania et al. Sci Rep 6, 19375 (2016) — GLLB-SC double perovskite gaps"
LiTaBaTiO6,3.879725309,,Li,Ba,Ta,Ti,O,,DFT_GLLBSC_gap,GLLB-SC,fundamental_quasiparticle,oxide_double_perovskite_absorber,A2BBprimeO6_oxide_double_perovskite,absorber_only,10.1038/srep19375,"Pilania et al. Sci Rep 6, 19375 (2016) — GLLB-SC double perovskite gaps"
LiTaCaGeO6,5.709269761,,Li,Ca,Ta,Ge,O,,DFT_GLLBSC_gap,GLLB-SC,fundamental_quasiparticle,oxide_double_perovskite_absorber,A2BBprimeO6_oxide_double_perovskite,absorber_only,10.1038/srep19375,"Pilania et al. Sci Rep 6, 19375 (2016) — GLLB-SC double perovskite gaps"
LiTaCaHfO6,5.736424391,,Li,Ca,Ta,Hf,O,,DFT_GLLBSC_gap,GLLB-SC,fundamental_quasiparticle,oxide_double_perovskite_absorber,A2BBprimeO6_oxide_double_perovskite,absorber_only,10.1038/srep19375,"Pilania et al. Sci Rep 6, 19375 (2016) — GLLB-SC double perovskite gaps"
LiTaCaSiO6,5.329736032,,Li,Ca,Ta,Si,O,,DFT_GLLBSC_gap,GLLB-SC,fundamental_quasiparticle,oxide_double_perovskite_absorber,A2BBprimeO6_oxide_double_perovskite,absorber_only,10.1038/srep19375,"Pilania et al. Sci Rep 6, 19375 (2016) — GLLB-SC double perovskite gaps"
LiTaCaSnO6,5.380446883,,Li,Ca,Ta,Sn,O,,DFT_GLLBSC_gap,GLLB-SC,fundamental_quasiparticle,oxide_double_perovskite_absorber,A2BBprimeO6_oxide_double_perovskite,absorber_only,10.1038/srep19375,"Pilania et al. Sci Rep 6, 19375 (2016) — GLLB-SC double perovskite gaps"
LiTaCaTiO6,4.095229431,,Li,Ca,Ta,Ti,O,,DFT_GLLBSC_gap,GLLB-SC,fundamental_quasiparticle,oxide_double_perovskite_absorber,A2BBprimeO6_oxide_double_perovskite,absorber_only,10.1038/srep19375,"Pilania et al. Sci Rep 6, 19375 (2016) — GLLB-SC double perovskite gaps"
LiTaCsNbO6,3.395525567,,Li,Cs,Ta,Nb,O,,DFT_GLLBSC_gap,GLLB-SC,fundamental_quasiparticle,oxide_double_perovskite_absorber,A2BBprimeO6_oxide_double_perovskite,absorber_only,10.1038/srep19375,"Pilania et al. Sci Rep 6, 19375 (2016) — GLLB-SC double perovskite gaps"
LiTaCsVO6,2.599914523,,Li,Cs,Ta,V,O,,DFT_GLLBSC_gap,GLLB-SC,fundamental_quasiparticle,oxide_double_perovskite_absorber,A2BBprimeO6_oxide_double_perovskite,absorber_only,10.1038/srep19375,"Pilania et al. Sci Rep 6, 19375 (2016) — GLLB-SC double perovskite gaps"
LiTaGaNbO6,1.730549506,,Li,Ga,Ta,Nb,O,,DFT_GLLBSC_gap,GLLB-SC,fundamental_quasiparticle,oxide_double_perovskite_absorber,A2BBprimeO6_oxide_double_perovskite,absorber_only,10.1038/srep19375,"Pilania et al. Sci Rep 6, 19375 (2016) — GLLB-SC double perovskite gaps"
LiTaGaTaO6,2.22363242,,Li,Ga,Ta,Ta,O,,DFT_GLLBSC_gap,GLLB-SC,fundamental_quasiparticle,oxide_double_perovskite_absorber,A2BBprimeO6_oxide_double_perovskite,absorber_only,10.1038/srep19375,"Pilania et al. Sci Rep 6, 19375 (2016) — GLLB-SC double perovskite gaps"
LiTaKNbO6,3.572092108,,Li,K,Ta,Nb,O,,DFT_GLLBSC_gap,GLLB-SC,fundamental_quasiparticle,oxide_double_perovskite_absorber,A2BBprimeO6_oxide_double_perovskite,absorber_only,10.1038/srep19375,"Pilania et al. Sci Rep 6, 19375 (2016) — GLLB-SC double perovskite gaps"
LiTaKSbO6,4.815169799,,Li,K,Ta,Sb,O,,DFT_GLLBSC_gap,GLLB-SC,fundamental_quasiparticle,oxide_double_perovskite_absorber,A2BBprimeO6_oxide_double_perovskite,absorber_only,10.1038/srep19375,"Pilania et al. Sci Rep 6, 19375 (2016) — GLLB-SC double perovskite gaps"
LiTaLaAlO6,5.475204549,,Li,La,Ta,Al,O,,DFT_GLLBSC_gap,GLLB-SC,fundamental_quasiparticle,oxide_double_perovskite_absorber,A2BBprimeO6_oxide_double_perovskite,absorber_only,10.1038/srep19375,"Pilania et al. Sci Rep 6, 19375 (2016) — GLLB-SC double perovskite gaps"
LiTaLaGaO6,5.800399131,,Li,La,Ta,Ga,O,,DFT_GLLBSC_gap,GLLB-SC,fundamental_quasiparticle,oxide_double_perovskite_absorber,A2BBprimeO6_oxide_double_perovskite,absorber_only,10.1038/srep19375,"Pilania et al. Sci Rep 6, 19375 (2016) — GLLB-SC double perovskite gaps"
LiTaLaInO6,5.462839196,,Li,La,Ta,In,O,,DFT_GLLBSC_gap,GLLB-SC,fundamental_quasiparticle,oxide_double_perovskite_absorber,A2BBprimeO6_oxide_double_perovskite,absorber_only,10.1038/srep19375,"Pilania et al. Sci Rep 6, 19375 (2016) — GLLB-SC double perovskite gaps"
LiTaLiNbO6,3.784446853,,Li,Li,Ta,Nb,O,,DFT_GLLBSC_gap,GLLB-SC,fundamental_quasiparticle,oxide_double_perovskite_absorber,A2BBprimeO6_oxide_double_perovskite,absorber_only,10.1038/srep19375,"Pilania et al. Sci Rep 6, 19375 (2016) — GLLB-SC double perovskite gaps"
LiTaLiVO6,2.046245105,,Li,Li,Ta,V,O,,DFT_GLLBSC_gap,GLLB-SC,fundamental_quasiparticle,oxide_double_perovskite_absorber,A2BBprimeO6_oxide_double_perovskite,absorber_only,10.1038/srep19375,"Pilania et al. Sci Rep 6, 19375 (2016) — GLLB-SC double perovskite gaps"
LiTaMgTiO6,5.556495063,,Li,Mg,Ta,Ti,O,,DFT_GLLBSC_gap,GLLB-SC,fundamental_quasiparticle,oxide_double_perovskite_absorber,A2BBprimeO6_oxide_double_perovskite,absorber_only,10.1038/srep19375,"Pilania et al. Sci Rep 6, 19375 (2016) — GLLB-SC double perovskite gaps"
LiTaMgZrO6,6.196617848,,Li,Mg,Ta,Zr,O,,DFT_GLLBSC_gap,GLLB-SC,fundamental_quasiparticle,oxide_double_perovskite_absorber,A2BBprimeO6_oxide_double_perovskite,absorber_only,10.1038/srep19375,"Pilania et al. Sci Rep 6, 19375 (2016) — GLLB-SC double perovskite gaps"
LiTaNaNbO6,3.680948662,,Li,Na,Ta,Nb,O,,DFT_GLLBSC_gap,GLLB-SC,fundamental_quasiparticle,oxide_double_perovskite_absorber,A2BBprimeO6_oxide_double_perovskite,absorber_only,10.1038/srep19375,"Pilania et al. Sci Rep 6, 19375 (2016) — GLLB-SC double perovskite gaps"
LiTaNaSbO6,5.200533194,,Li,Na,Ta,Sb,O,,DFT_GLLBSC_gap,GLLB-SC,fundamental_quasiparticle,oxide_double_perovskite_absorber,A2BBprimeO6_oxide_double_perovskite,absorber_only,10.1038/srep19375,"Pilania et al. Sci Rep 6, 19375 (2016) — GLLB-SC double perovskite gaps"
LiTaNaTaO6,4.252210484,,Li,Na,Ta,Ta,O,,DFT_GLLBSC_gap,GLLB-SC,fundamental_quasiparticle,oxide_double_perovskite_absorber,A2BBprimeO6_oxide_double_perovskite,absorber_only,10.1038/srep19375,"Pilania et al. Sci Rep 6, 19375 (2016) — GLLB-SC double perovskite gaps"
LiTaNaVO6,2.545787213,,Li,Na,Ta,V,O,,DFT_GLLBSC_gap,GLLB-SC,fundamental_quasiparticle,oxide_double_perovskite_absorber,A2BBprimeO6_oxide_double_perovskite,absorber_only,10.1038/srep19375,"Pilania et al. Sci Rep 6, 19375 (2016) — GLLB-SC double perovskite gaps"
LiTaPbHfO6,5.216893252,,Li,Pb,Ta,Hf,O,,DFT_GLLBSC_gap,GLLB-SC,fundamental_quasiparticle,oxide_double_perovskite_absorber,A2BBprimeO6_oxide_double_perovskite,absorber_only,10.1038/srep19375,"Pilania et al. Sci Rep 6, 19375 (2016) — GLLB-SC double perovskite gaps"
LiTaPbTiO6,4.072581019,,Li,Pb,Ta,Ti,O,,DFT_GLLBSC_gap,GLLB-SC,fundamental_quasiparticle,oxide_double_perovskite_absorber,A2BBprimeO6_oxide_double_perovskite,absorber_only,10.1038/srep19375,"Pilania et al. Sci Rep 6, 19375 (2016) — GLLB-SC double perovskite gaps"
LiTaPbZrO6,5.087064944,,Li,Pb,Ta,Zr,O,,DFT_GLLBSC_gap,GLLB-SC,fundamental_quasiparticle,oxide_double_perovskite_absorber,A2BBprimeO6_oxide_double_perovskite,absorber_only,10.1038/srep19375,"Pilania et al. Sci Rep 6, 19375 (2016) — GLLB-SC double perovskite gaps"
LiTaRbNbO6,3.510160202,,Li,Rb,Ta,Nb,O,,DFT_GLLBSC_gap,GLLB-SC,fundamental_quasiparticle,oxide_double_perovskite_absorber,A2BBprimeO6_oxide_double_perovskite,absorber_only,10.1038/srep19375,"Pilania et al. Sci Rep 6, 19375 (2016) — GLLB-SC double perovskite gaps"
LiTaSnHfO6,4.033662859,,Li,Sn,Ta,Hf,O,,DFT_GLLBSC_gap,GLLB-SC,fundamental_quasiparticle,oxide_double_perovskite_absorber,A2BBprimeO6_oxide_double_perovskite,absorber_only,10.1038/srep19375,"Pilania et al. Sci Rep 6, 19375 (2016) — GLLB-SC double perovskite gaps"
LiTaSnTiO6,3.193104076,,Li,Sn,Ta,Ti,O,,DFT_GLLBSC_gap,GLLB-SC,fundamental_quasiparticle,oxide_double_perovskite_absorber,A2BBprimeO6_oxide_double_perovskite,absorber_only,10.1038/srep19375,"Pilania et al. Sci Rep 6, 19375 (2016) — GLLB-SC double perovskite gaps"
LiTaSnZrO6,4.001917779,,Li,Sn,Ta,Zr,O,,DFT_GLLBSC_gap,GLLB-SC,fundamental_quasiparticle,oxide_double_perovskite_absorber,A2BBprimeO6_oxide_double_perovskite,absorber_only,10.1038/srep19375,"Pilania et al. Sci Rep 6, 19375 (2016) — GLLB-SC double perovskite gaps"
LiTaSrGeO6,5.630547119,,Li,Sr,Ta,Ge,O,,DFT_GLLBSC_gap,GLLB-SC,fundamental_quasiparticle,oxide_double_perovskite_absorber,A2BBprimeO6_oxide_double_perovskite,absorber_only,10.1038/srep19375,"Pilania et al. Sci Rep 6, 19375 (2016) — GLLB-SC double perovskite gaps"
LiTaSrHfO6,5.270828814,,Li,Sr,Ta,Hf,O,,DFT_GLLBSC_gap,GLLB-SC,fundamental_quasiparticle,oxide_double_perovskite_absorber,A2BBprimeO6_oxide_double_perovskite,absorber_only,10.1038/srep19375,"Pilania et al. Sci Rep 6, 19375 (2016) — GLLB-SC double perovskite gaps"
LiTaSrSiO6,5.238077372,,Li,Sr,Ta,Si,O,,DFT_GLLBSC_gap,GLLB-SC,fundamental_quasiparticle,oxide_double_perovskite_absorber,A2BBprimeO6_oxide_double_perovskite,absorber_only,10.1038/srep19375,"Pilania et al. Sci Rep 6, 19375 (2016) — GLLB-SC double perovskite gaps"
LiTaSrSnO6,5.96871878,,Li,Sr,Ta,Sn,O,,DFT_GLLBSC_gap,GLLB-SC,fundamental_quasiparticle,oxide_double_perovskite_absorber,A2BBprimeO6_oxide_double_perovskite,absorber_only,10.1038/srep19375,"Pilania et al. Sci Rep 6, 19375 (2016) — GLLB-SC double perovskite gaps"
LiTaSrTiO6,4.014617303,,Li,Sr,Ta,Ti,O,,DFT_GLLBSC_gap,GLLB-SC,fundamental_quasiparticle,oxide_double_perovskite_absorber,A2BBprimeO6_oxide_double_perovskite,absorber_only,10.1038/srep19375,"Pilania et al. Sci Rep 6, 19375 (2016) — GLLB-SC double perovskite gaps"
LiTaTlNbO6,1.757873497,,Li,Tl,Ta,Nb,O,,DFT_GLLBSC_gap,GLLB-SC,fundamental_quasiparticle,oxide_double_perovskite_absorber,A2BBprimeO6_oxide_double_perovskite,absorber_only,10.1038/srep19375,"Pilania et al. Sci Rep 6, 19375 (2016) — GLLB-SC double perovskite gaps"
LiTaTlTaO6,2.248528162,,Li,Tl,Ta,Ta,O,,DFT_GLLBSC_gap,GLLB-SC,fundamental_quasiparticle,oxide_double_perovskite_absorber,A2BBprimeO6_oxide_double_perovskite,absorber_only,10.1038/srep19375,"Pilania et al. Sci Rep 6, 19375 (2016) — GLLB-SC double perovskite gaps"
LiTaYAlO6,6.007036608,,Li,Y,Ta,Al,O,,DFT_GLLBSC_gap,GLLB-SC,fundamental_quasiparticle,oxide_double_perovskite_absorber,A2BBprimeO6_oxide_double_perovskite,absorber_only,10.1038/srep19375,"Pilania et al. Sci Rep 6, 19375 (2016) — GLLB-SC double perovskite gaps"
LiVAgNbO6,2.152959222,,Li,Ag,V,Nb,O,,DFT_GLLBSC_gap,GLLB-SC,fundamental_quasiparticle,oxide_double_perovskite_absorber,A2BBprimeO6_oxide_double_perovskite,absorber_only,10.1038/srep19375,"Pilania et al. Sci Rep 6, 19375 (2016) — GLLB-SC double perovskite gaps"
LiVCaGeO6,2.638234338,,Li,Ca,V,Ge,O,,DFT_GLLBSC_gap,GLLB-SC,fundamental_quasiparticle,oxide_double_perovskite_absorber,A2BBprimeO6_oxide_double_perovskite,absorber_only,10.1038/srep19375,"Pilania et al. Sci Rep 6, 19375 (2016) — GLLB-SC double perovskite gaps"
LiVCaSiO6,1.748630683,,Li,Ca,V,Si,O,,DFT_GLLBSC_gap,GLLB-SC,fundamental_quasiparticle,oxide_double_perovskite_absorber,A2BBprimeO6_oxide_double_perovskite,absorber_only,10.1038/srep19375,"Pilania et al. Sci Rep 6, 19375 (2016) — GLLB-SC double perovskite gaps"
LiVCaSnO6,2.241717159,,Li,Ca,V,Sn,O,,DFT_GLLBSC_gap,GLLB-SC,fundamental_quasiparticle,oxide_double_perovskite_absorber,A2BBprimeO6_oxide_double_perovskite,absorber_only,10.1038/srep19375,"Pilania et al. Sci Rep 6, 19375 (2016) — GLLB-SC double perovskite gaps"
LiVCaTiO6,3.037879554,,Li,Ca,V,Ti,O,,DFT_GLLBSC_gap,GLLB-SC,fundamental_quasiparticle,oxide_double_perovskite_absorber,A2BBprimeO6_oxide_double_perovskite,absorber_only,10.1038/srep19375,"Pilania et al. Sci Rep 6, 19375 (2016) — GLLB-SC double perovskite gaps"
LiVCsNbO6,2.733391795,,Li,Cs,V,Nb,O,,DFT_GLLBSC_gap,GLLB-SC,fundamental_quasiparticle,oxide_double_perovskite_absorber,A2BBprimeO6_oxide_double_perovskite,absorber_only,10.1038/srep19375,"Pilania et al. Sci Rep 6, 19375 (2016) — GLLB-SC double perovskite gaps"
LiVKNbO6,2.205816478,,Li,K,V,Nb,O,,DFT_GLLBSC_gap,GLLB-SC,fundamental_quasiparticle,oxide_double_perovskite_absorber,A2BBprimeO6_oxide_double_perovskite,absorber_only,10.1038/srep19375,"Pilania et al. Sci Rep 6, 19375 (2016) — GLLB-SC double perovskite gaps"
LiVLaAlO6,2.385917639,,Li,La,V,Al,O,,DFT_GLLBSC_gap,GLLB-SC,fundamental_quasiparticle,oxide_double_perovskite_absorber,A2BBprimeO6_oxide_double_perovskite,absorber_only,10.1038/srep19375,"Pilania et al. Sci Rep 6, 19375 (2016) — GLLB-SC double perovskite gaps"
LiVLaGaO6,2.399066466,,Li,La,V,Ga,O,,DFT_GLLBSC_gap,GLLB-SC,fundamental_quasiparticle,oxide_double_perovskite_absorber,A2BBprimeO6_oxide_double_perovskite,absorber_only,10.1038/srep19375,"Pilania et al. Sci Rep 6, 19375 (2016) — GLLB-SC double perovskite gaps"
LiVLaInO6,2.757312288,,Li,La,V,In,O,,DFT_GLLBSC_gap,GLLB-SC,fundamental_quasiparticle,oxide_double_perovskite_absorber,A2BBprimeO6_oxide_double_perovskite,absorber_only,10.1038/srep19375,"Pilania et al. Sci Rep 6, 19375 (2016) — GLLB-SC double perovskite gaps"
LiVLiNbO6,2.293919511,,Li,Li,V,Nb,O,,DFT_GLLBSC_gap,GLLB-SC,fundamental_quasiparticle,oxide_double_perovskite_absorber,A2BBprimeO6_oxide_double_perovskite,absorber_only,10.1038/srep19375,"Pilania et al. Sci Rep 6, 19375 (2016) — GLLB-SC double perovskite gaps"
LiVMgTiO6,3.316236372,,Li,Mg,V,Ti,O,,DFT_GLLBSC_gap,GLLB-SC,fundamental_quasiparticle,oxide_double_perovskite_absorber,A2BBprimeO6_oxide_double_perovskite,absorber_only,10.1038/srep19375,"Pilania et al. Sci Rep 6, 19375 (2016) — GLLB-SC double perovskite gaps"
LiVRbNbO6,2.267615615,,Li,Rb,V,Nb,O,,DFT_GLLBSC_gap,GLLB-SC,fundamental_quasiparticle,oxide_double_perovskite_absorber,A2BBprimeO6_oxide_double_perovskite,absorber_only,10.1038/srep19375,"Pilania et al. Sci Rep 6, 19375 (2016) — GLLB-SC double perovskite gaps"
LiVSnTiO6,0.814423789,,Li,Sn,V,Ti,O,,DFT_GLLBSC_gap,GLLB-SC,fundamental_quasiparticle,oxide_double_perovskite_absorber,A2BBprimeO6_oxide_double_perovskite,absorber_only,10.1038/srep19375,"Pilania et al. Sci Rep 6, 19375 (2016) — GLLB-SC double perovskite gaps"
LiVSrSnO6,2.206413884,,Li,Sr,V,Sn,O,,DFT_GLLBSC_gap,GLLB-SC,fundamental_quasiparticle,oxide_double_perovskite_absorber,A2BBprimeO6_oxide_double_perovskite,absorber_only,10.1038/srep19375,"Pilania et al. Sci Rep 6, 19375 (2016) — GLLB-SC double perovskite gaps"
LiVTlNbO6,0.371308878,,Li,Tl,V,Nb,O,,DFT_GLLBSC_gap,GLLB-SC,fundamental_quasiparticle,oxide_double_perovskite_absorber,A2BBprimeO6_oxide_double_perovskite,absorber_only,10.1038/srep19375,"Pilania et al. Sci Rep 6, 19375 (2016) — GLLB-SC double perovskite gaps"
LiVYAlO6,2.263499247,,Li,Y,V,Al,O,,DFT_GLLBSC_gap,GLLB-SC,fundamental_quasiparticle,oxide_double_perovskite_absorber,A2BBprimeO6_oxide_double_perovskite,absorber_only,10.1038/srep19375,"Pilania et al. Sci Rep 6, 19375 (2016) — GLLB-SC double perovskite gaps"
MgTiSnTiO6,2.321158509,,Mg,Sn,Ti,Ti,O,,DFT_GLLBSC_gap,GLLB-SC,fundamental_quasiparticle,oxide_double_perovskite_absorber,A2BBprimeO6_oxide_double_perovskite,absorber_only,10.1038/srep19375,"Pilania et al. Sci Rep 6, 19375 (2016) — GLLB-SC double perovskite gaps"
MgTiYAlO6,5.332891749,,Mg,Y,Ti,Al,O,,DFT_GLLBSC_gap,GLLB-SC,fundamental_quasiparticle,oxide_double_perovskite_absorber,A2BBprimeO6_oxide_double_perovskite,absorber_only,10.1038/srep19375,"Pilania et al. Sci Rep 6, 19375 (2016) — GLLB-SC double perovskite gaps"
MgZrAgNbO6,4.547511185,,Mg,Ag,Zr,Nb,O,,DFT_GLLBSC_gap,GLLB-SC,fundamental_quasiparticle,oxide_double_perovskite_absorber,A2BBprimeO6_oxide_double_perovskite,absorber_only,10.1038/srep19375,"Pilania et al. Sci Rep 6, 19375 (2016) — GLLB-SC double perovskite gaps"
MgZrAgTaO6,4.931917058,,Mg,Ag,Zr,Ta,O,,DFT_GLLBSC_gap,GLLB-SC,fundamental_quasiparticle,oxide_double_perovskite_absorber,A2BBprimeO6_oxide_double_perovskite,absorber_only,10.1038/srep19375,"Pilania et al. Sci Rep 6, 19375 (2016) — GLLB-SC double perovskite gaps"
MgZrCaGeO6,6.476064938,,Mg,Ca,Zr,Ge,O,,DFT_GLLBSC_gap,GLLB-SC,fundamental_quasiparticle,oxide_double_perovskite_absorber,A2BBprimeO6_oxide_double_perovskite,absorber_only,10.1038/srep19375,"Pilania et al. Sci Rep 6, 19375 (2016) — GLLB-SC double perovskite gaps"
MgZrCaSiO6,7.780486817,,Mg,Ca,Zr,Si,O,,DFT_GLLBSC_gap,GLLB-SC,fundamental_quasiparticle,oxide_double_perovskite_absorber,A2BBprimeO6_oxide_double_perovskite,absorber_only,10.1038/srep19375,"Pilania et al. Sci Rep 6, 19375 (2016) — GLLB-SC double perovskite gaps"
MgZrCaSnO6,6.514943947,,Mg,Ca,Zr,Sn,O,,DFT_GLLBSC_gap,GLLB-SC,fundamental_quasiparticle,oxide_double_perovskite_absorber,A2BBprimeO6_oxide_double_perovskite,absorber_only,10.1038/srep19375,"Pilania et al. Sci Rep 6, 19375 (2016) — GLLB-SC double perovskite gaps"
MgZrCaTiO6,5.92861799,,Mg,Ca,Zr,Ti,O,,DFT_GLLBSC_gap,GLLB-SC,fundamental_quasiparticle,oxide_double_perovskite_absorber,A2BBprimeO6_oxide_double_perovskite,absorber_only,10.1038/srep19375,"Pilania et al. Sci Rep 6, 19375 (2016) — GLLB-SC double perovskite gaps"
MgZrInTaO6,2.058860702,,Mg,In,Zr,Ta,O,,DFT_GLLBSC_gap,GLLB-SC,fundamental_quasiparticle,oxide_double_perovskite_absorber,A2BBprimeO6_oxide_double_perovskite,absorber_only,10.1038/srep19375,"Pilania et al. Sci Rep 6, 19375 (2016) — GLLB-SC double perovskite gaps"
MgZrLaAlO6,7.244306501,,Mg,La,Zr,Al,O,,DFT_GLLBSC_gap,GLLB-SC,fundamental_quasiparticle,oxide_double_perovskite_absorber,A2BBprimeO6_oxide_double_perovskite,absorber_only,10.1038/srep19375,"Pilania et al. Sci Rep 6, 19375 (2016) — GLLB-SC double perovskite gaps"
MgZrLaGaO6,6.972198503,,Mg,La,Zr,Ga,O,,DFT_GLLBSC_gap,GLLB-SC,fundamental_quasiparticle,oxide_double_perovskite_absorber,A2BBprimeO6_oxide_double_perovskite,absorber_only,10.1038/srep19375,"Pilania et al. Sci Rep 6, 19375 (2016) — GLLB-SC double perovskite gaps"
MgZrLaInO6,6.202966753,,Mg,La,Zr,In,O,,DFT_GLLBSC_gap,GLLB-SC,fundamental_quasiparticle,oxide_double_perovskite_absorber,A2BBprimeO6_oxide_double_perovskite,absorber_only,10.1038/srep19375,"Pilania et al. Sci Rep 6, 19375 (2016) — GLLB-SC double perovskite gaps"
MgZrLiNbO6,5.014033707,,Mg,Li,Zr,Nb,O,,DFT_GLLBSC_gap,GLLB-SC,fundamental_quasiparticle,oxide_double_perovskite_absorber,A2BBprimeO6_oxide_double_perovskite,absorber_only,10.1038/srep19375,"Pilania et al. Sci Rep 6, 19375 (2016) — GLLB-SC double perovskite gaps"
MgZrLiVO6,3.388074816,,Mg,Li,Zr,V,O,,DFT_GLLBSC_gap,GLLB-SC,fundamental_quasiparticle,oxide_double_perovskite_absorber,A2BBprimeO6_oxide_double_perovskite,absorber_only,10.1038/srep19375,"Pilania et al. Sci Rep 6, 19375 (2016) — GLLB-SC double perovskite gaps"
MgZrMgTiO6,5.855148192,,Mg,Mg,Zr,Ti,O,,DFT_GLLBSC_gap,GLLB-SC,fundamental_quasiparticle,oxide_double_perovskite_absorber,A2BBprimeO6_oxide_double_perovskite,absorber_only,10.1038/srep19375,"Pilania et al. Sci Rep 6, 19375 (2016) — GLLB-SC double perovskite gaps"
MgZrNaNbO6,5.722109937,,Mg,Na,Zr,Nb,O,,DFT_GLLBSC_gap,GLLB-SC,fundamental_quasiparticle,oxide_double_perovskite_absorber,A2BBprimeO6_oxide_double_perovskite,absorber_only,10.1038/srep19375,"Pilania et al. Sci Rep 6, 19375 (2016) — GLLB-SC double perovskite gaps"
MgZrNaSbO6,5.816665475,,Mg,Na,Zr,Sb,O,,DFT_GLLBSC_gap,GLLB-SC,fundamental_quasiparticle,oxide_double_perovskite_absorber,A2BBprimeO6_oxide_double_perovskite,absorber_only,10.1038/srep19375,"Pilania et al. Sci Rep 6, 19375 (2016) — GLLB-SC double perovskite gaps"
MgZrNaVO6,3.175799158,,Mg,Na,Zr,V,O,,DFT_GLLBSC_gap,GLLB-SC,fundamental_quasiparticle,oxide_double_perovskite_absorber,A2BBprimeO6_oxide_double_perovskite,absorber_only,10.1038/srep19375,"Pilania et al. Sci Rep 6, 19375 (2016) — GLLB-SC double perovskite gaps"
MgZrPbHfO6,5.131563185,,Mg,Pb,Zr,Hf,O,,DFT_GLLBSC_gap,GLLB-SC,fundamental_quasiparticle,oxide_double_perovskite_absorber,A2BBprimeO6_oxide_double_perovskite,absorber_only,10.1038/srep19375,"Pilania et al. Sci Rep 6, 19375 (2016) — GLLB-SC double perovskite gaps"
MgZrPbTiO6,4.57721179,,Mg,Pb,Zr,Ti,O,,DFT_GLLBSC_gap,GLLB-SC,fundamental_quasiparticle,oxide_double_perovskite_absorber,A2BBprimeO6_oxide_double_perovskite,absorber_only,10.1038/srep19375,"Pilania et al. Sci Rep 6, 19375 (2016) — GLLB-SC double perovskite gaps"
MgZrPbZrO6,5.703907938,,Mg,Pb,Zr,Zr,O,,DFT_GLLBSC_gap,GLLB-SC,fundamental_quasiparticle,oxide_double_perovskite_absorber,A2BBprimeO6_oxide_double_perovskite,absorber_only,10.1038/srep19375,"Pilania et al. Sci Rep 6, 19375 (2016) — GLLB-SC double perovskite gaps"
MgZrRbNbO6,5.208754396,,Mg,Rb,Zr,Nb,O,,DFT_GLLBSC_gap,GLLB-SC,fundamental_quasiparticle,oxide_double_perovskite_absorber,A2BBprimeO6_oxide_double_perovskite,absorber_only,10.1038/srep19375,"Pilania et al. Sci Rep 6, 19375 (2016) — GLLB-SC double perovskite gaps"
MgZrSnHfO6,4.845414529,,Mg,Sn,Zr,Hf,O,,DFT_GLLBSC_gap,GLLB-SC,fundamental_quasiparticle,oxide_double_perovskite_absorber,A2BBprimeO6_oxide_double_perovskite,absorber_only,10.1038/srep19375,"Pilania et al. Sci Rep 6, 19375 (2016) — GLLB-SC double perovskite gaps"
MgZrSnTiO6,3.285225476,,Mg,Sn,Zr,Ti,O,,DFT_GLLBSC_gap,GLLB-SC,fundamental_quasiparticle,oxide_double_perovskite_absorber,A2BBprimeO6_oxide_double_perovskite,absorber_only,10.1038/srep19375,"Pilania et al. Sci Rep 6, 19375 (2016) — GLLB-SC double perovskite gaps"
MgZrSnZrO6,4.79223757,,Mg,Sn,Zr,Zr,O,,DFT_GLLBSC_gap,GLLB-SC,fundamental_quasiparticle,oxide_double_perovskite_absorber,A2BBprimeO6_oxide_double_perovskite,absorber_only,10.1038/srep19375,"Pilania et al. Sci Rep 6, 19375 (2016) — GLLB-SC double perovskite gaps"
MgZrSrGeO6,5.950811102,,Mg,Sr,Zr,Ge,O,,DFT_GLLBSC_gap,GLLB-SC,fundamental_quasiparticle,oxide_double_perovskite_absorber,A2BBprimeO6_oxide_double_perovskite,absorber_only,10.1038/srep19375,"Pilania et al. Sci Rep 6, 19375 (2016) — GLLB-SC double perovskite gaps"
MgZrSrSiO6,7.353328806,,Mg,Sr,Zr,Si,O,,DFT_GLLBSC_gap,GLLB-SC,fundamental_quasiparticle,oxide_double_perovskite_absorber,A2BBprimeO6_oxide_double_perovskite,absorber_only,10.1038/srep19375,"Pilania et al. Sci Rep 6, 19375 (2016) — GLLB-SC double perovskite gaps"
MgZrSrSnO6,6.360185946,,Mg,Sr,Zr,Sn,O,,DFT_GLLBSC_gap,GLLB-SC,fundamental_quasiparticle,oxide_double_perovskite_absorber,A2BBprimeO6_oxide_double_perovskite,absorber_only,10.1038/srep19375,"Pilania et al. Sci Rep 6, 19375 (2016) — GLLB-SC double perovskite gaps"
MgZrSrTiO6,5.734546456,,Mg,Sr,Zr,Ti,O,,DFT_GLLBSC_gap,GLLB-SC,fundamental_quasiparticle,oxide_double_perovskite_absorber,A2BBprimeO6_oxide_double_perovskite,absorber_only,10.1038/srep19375,"Pilania et al. Sci Rep 6, 19375 (2016) — GLLB-SC double perovskite gaps"
MgZrTlNbO6,3.544579097,,Mg,Tl,Zr,Nb,O,,DFT_GLLBSC_gap,GLLB-SC,fundamental_quasiparticle,oxide_double_perovskite_absorber,A2BBprimeO6_oxide_double_perovskite,absorber_only,10.1038/srep19375,"Pilania et al. Sci Rep 6, 19375 (2016) — GLLB-SC double perovskite gaps"
MgZrTlTaO6,4.248901231,,Mg,Tl,Zr,Ta,O,,DFT_GLLBSC_gap,GLLB-SC,fundamental_quasiparticle,oxide_double_perovskite_absorber,A2BBprimeO6_oxide_double_perovskite,absorber_only,10.1038/srep19375,"Pilania et al. Sci Rep 6, 19375 (2016) — GLLB-SC double perovskite gaps"
MgZrYAlO6,7.555574901,,Mg,Y,Zr,Al,O,,DFT_GLLBSC_gap,GLLB-SC,fundamental_quasiparticle,oxide_double_perovskite_absorber,A2BBprimeO6_oxide_double_perovskite,absorber_only,10.1038/srep19375,"Pilania et al. Sci Rep 6, 19375 (2016) — GLLB-SC double perovskite gaps"
NaNbAgNbO6,3.139328058,,Na,Ag,Nb,Nb,O,,DFT_GLLBSC_gap,GLLB-SC,fundamental_quasiparticle,oxide_double_perovskite_absorber,A2BBprimeO6_oxide_double_perovskite,absorber_only,10.1038/srep19375,"Pilania et al. Sci Rep 6, 19375 (2016) — GLLB-SC double perovskite gaps"
NaNbCaGeO6,4.62174398,,Na,Ca,Nb,Ge,O,,DFT_GLLBSC_gap,GLLB-SC,fundamental_quasiparticle,oxide_double_perovskite_absorber,A2BBprimeO6_oxide_double_perovskite,absorber_only,10.1038/srep19375,"Pilania et al. Sci Rep 6, 19375 (2016) — GLLB-SC double perovskite gaps"
NaNbCaSiO6,4.24087257,,Na,Ca,Nb,Si,O,,DFT_GLLBSC_gap,GLLB-SC,fundamental_quasiparticle,oxide_double_perovskite_absorber,A2BBprimeO6_oxide_double_perovskite,absorber_only,10.1038/srep19375,"Pilania et al. Sci Rep 6, 19375 (2016) — GLLB-SC double perovskite gaps"
NaNbCaSnO6,4.925651545,,Na,Ca,Nb,Sn,O,,DFT_GLLBSC_gap,GLLB-SC,fundamental_quasiparticle,oxide_double_perovskite_absorber,A2BBprimeO6_oxide_double_perovskite,absorber_only,10.1038/srep19375,"Pilania et al. Sci Rep 6, 19375 (2016) — GLLB-SC double perovskite gaps"
NaNbCaTiO6,4.451940278,,Na,Ca,Nb,Ti,O,,DFT_GLLBSC_gap,GLLB-SC,fundamental_quasiparticle,oxide_double_perovskite_absorber,A2BBprimeO6_oxide_double_perovskite,absorber_only,10.1038/srep19375,"Pilania et al. Sci Rep 6, 19375 (2016) — GLLB-SC double perovskite gaps"
NaNbLaAlO6,4.557970413,,Na,La,Nb,Al,O,,DFT_GLLBSC_gap,GLLB-SC,fundamental_quasiparticle,oxide_double_perovskite_absorber,A2BBprimeO6_oxide_double_perovskite,absorber_only,10.1038/srep19375,"Pilania et al. Sci Rep 6, 19375 (2016) — GLLB-SC double perovskite gaps"
NaNbLaGaO6,4.913052241,,Na,La,Nb,Ga,O,,DFT_GLLBSC_gap,GLLB-SC,fundamental_quasiparticle,oxide_double_perovskite_absorber,A2BBprimeO6_oxide_double_perovskite,absorber_only,10.1038/srep19375,"Pilania et al. Sci Rep 6, 19375 (2016) — GLLB-SC double perovskite gaps"
NaNbLaInO6,5.013442147,,Na,La,Nb,In,O,,DFT_GLLBSC_gap,GLLB-SC,fundamental_quasiparticle,oxide_double_perovskite_absorber,A2BBprimeO6_oxide_double_perovskite,absorber_only,10.1038/srep19375,"Pilania et al. Sci Rep 6, 19375 (2016) — GLLB-SC double perovskite gaps"
NaNbLiNbO6,3.659244615,,Na,Li,Nb,Nb,O,,DFT_GLLBSC_gap,GLLB-SC,fundamental_quasiparticle,oxide_double_perovskite_absorber,A2BBprimeO6_oxide_double_perovskite,absorber_only,10.1038/srep19375,"Pilania et al. Sci Rep 6, 19375 (2016) — GLLB-SC double perovskite gaps"
NaNbLiVO6,2.760541559,,Na,Li,Nb,V,O,,DFT_GLLBSC_gap,GLLB-SC,fundamental_quasiparticle,oxide_double_perovskite_absorber,A2BBprimeO6_oxide_double_perovskite,absorber_only,10.1038/srep19375,"Pilania et al. Sci Rep 6, 19375 (2016) — GLLB-SC double perovskite gaps"
NaNbMgTiO6,5.159811711,,Na,Mg,Nb,Ti,O,,DFT_GLLBSC_gap,GLLB-SC,fundamental_quasiparticle,oxide_double_perovskite_absorber,A2BBprimeO6_oxide_double_perovskite,absorber_only,10.1038/srep19375,"Pilania et al. Sci Rep 6, 19375 (2016) — GLLB-SC double perovskite gaps"
NaNbNaSbO6,4.537857987,,Na,Na,Nb,Sb,O,,DFT_GLLBSC_gap,GLLB-SC,fundamental_quasiparticle,oxide_double_perovskite_absorber,A2BBprimeO6_oxide_double_perovskite,absorber_only,10.1038/srep19375,"Pilania et al. Sci Rep 6, 19375 (2016) — GLLB-SC double perovskite gaps"
NaNbNaVO6,2.744136121,,Na,Na,Nb,V,O,,DFT_GLLBSC_gap,GLLB-SC,fundamental_quasiparticle,oxide_double_perovskite_absorber,A2BBprimeO6_oxide_double_perovskite,absorber_only,10.1038/srep19375,"Pilania et al. Sci Rep 6, 19375 (2016) — GLLB-SC double perovskite gaps"
NaNbSnTiO6,2.796893306,,Na,Sn,Nb,Ti,O,,DFT_GLLBSC_gap,GLLB-SC,fundamental_quasiparticle,oxide_double_perovskite_absorber,A2BBprimeO6_oxide_double_perovskite,absorber_only,10.1038/srep19375,"Pilania et al. Sci Rep 6, 19375 (2016) — GLLB-SC double perovskite gaps"
NaNbSrGeO6,4.563114357,,Na,Sr,Nb,Ge,O,,DFT_GLLBSC_gap,GLLB-SC,fundamental_quasiparticle,oxide_double_perovskite_absorber,A2BBprimeO6_oxide_double_perovskite,absorber_only,10.1038/srep19375,"Pilania et al. Sci Rep 6, 19375 (2016) — GLLB-SC double perovskite gaps"
NaNbSrSiO6,4.111084921,,Na,Sr,Nb,Si,O,,DFT_GLLBSC_gap,GLLB-SC,fundamental_quasiparticle,oxide_double_perovskite_absorber,A2BBprimeO6_oxide_double_perovskite,absorber_only,10.1038/srep19375,"Pilania et al. Sci Rep 6, 19375 (2016) — GLLB-SC double perovskite gaps"
NaNbSrSnO6,5.055755556,,Na,Sr,Nb,Sn,O,,DFT_GLLBSC_gap,GLLB-SC,fundamental_quasiparticle,oxide_double_perovskite_absorber,A2BBprimeO6_oxide_double_perovskite,absorber_only,10.1038/srep19375,"Pilania et al. Sci Rep 6, 19375 (2016) — GLLB-SC double perovskite gaps"
NaNbSrTiO6,3.546993655,,Na,Sr,Nb,Ti,O,,DFT_GLLBSC_gap,GLLB-SC,fundamental_quasiparticle,oxide_double_perovskite_absorber,A2BBprimeO6_oxide_double_perovskite,absorber_only,10.1038/srep19375,"Pilania et al. Sci Rep 6, 19375 (2016) — GLLB-SC double perovskite gaps"
NaNbYAlO6,4.904866831,,Na,Y,Nb,Al,O,,DFT_GLLBSC_gap,GLLB-SC,fundamental_quasiparticle,oxide_double_perovskite_absorber,A2BBprimeO6_oxide_double_perovskite,absorber_only,10.1038/srep19375,"Pilania et al. Sci Rep 6, 19375 (2016) — GLLB-SC double perovskite gaps"
NaSbAgNbO6,4.154201606,,Na,Ag,Sb,Nb,O,,DFT_GLLBSC_gap,GLLB-SC,fundamental_quasiparticle,oxide_double_perovskite_absorber,A2BBprimeO6_oxide_double_perovskite,absorber_only,10.1038/srep19375,"Pilania et al. Sci Rep 6, 19375 (2016) — GLLB-SC double perovskite gaps"
NaSbCaGeO6,2.826551875,,Na,Ca,Sb,Ge,O,,DFT_GLLBSC_gap,GLLB-SC,fundamental_quasiparticle,oxide_double_perovskite_absorber,A2BBprimeO6_oxide_double_perovskite,absorber_only,10.1038/srep19375,"Pilania et al. Sci Rep 6, 19375 (2016) — GLLB-SC double perovskite gaps"
NaSbCaSiO6,3.831576869,,Na,Ca,Sb,Si,O,,DFT_GLLBSC_gap,GLLB-SC,fundamental_quasiparticle,oxide_double_perovskite_absorber,A2BBprimeO6_oxide_double_perovskite,absorber_only,10.1038/srep19375,"Pilania et al. Sci Rep 6, 19375 (2016) — GLLB-SC double perovskite gaps"
NaSbCaSnO6,3.14998536,,Na,Ca,Sb,Sn,O,,DFT_GLLBSC_gap,GLLB-SC,fundamental_quasiparticle,oxide_double_perovskite_absorber,A2BBprimeO6_oxide_double_perovskite,absorber_only,10.1038/srep19375,"Pilania et al. Sci Rep 6, 19375 (2016) — GLLB-SC double perovskite gaps"
NaSbCaTiO6,4.569549916,,Na,Ca,Sb,Ti,O,,DFT_GLLBSC_gap,GLLB-SC,fundamental_quasiparticle,oxide_double_perovskite_absorber,A2BBprimeO6_oxide_double_perovskite,absorber_only,10.1038/srep19375,"Pilania et al. Sci Rep 6, 19375 (2016) — GLLB-SC double perovskite gaps"
NaSbLaAlO6,4.720018949,,Na,La,Sb,Al,O,,DFT_GLLBSC_gap,GLLB-SC,fundamental_quasiparticle,oxide_double_perovskite_absorber,A2BBprimeO6_oxide_double_perovskite,absorber_only,10.1038/srep19375,"Pilania et al. Sci Rep 6, 19375 (2016) — GLLB-SC double perovskite gaps"
NaSbLaGaO6,3.114709108,,Na,La,Sb,Ga,O,,DFT_GLLBSC_gap,GLLB-SC,fundamental_quasiparticle,oxide_double_perovskite_absorber,A2BBprimeO6_oxide_double_perovskite,absorber_only,10.1038/srep19375,"Pilania et al. Sci Rep 6, 19375 (2016) — GLLB-SC double perovskite gaps"
NaSbLaInO6,3.909197233,,Na,La,Sb,In,O,,DFT_GLLBSC_gap,GLLB-SC,fundamental_quasiparticle,oxide_double_perovskite_absorber,A2BBprimeO6_oxide_double_perovskite,absorber_only,10.1038/srep19375,"Pilania et al. Sci Rep 6, 19375 (2016) — GLLB-SC double perovskite gaps"
NaSbLiNbO6,4.652893468,,Na,Li,Sb,Nb,O,,DFT_GLLBSC_gap,GLLB-SC,fundamental_quasiparticle,oxide_double_perovskite_absorber,A2BBprimeO6_oxide_double_perovskite,absorber_only,10.1038/srep19375,"Pilania et al. Sci Rep 6, 19375 (2016) — GLLB-SC double perovskite gaps"
NaSbLiVO6,2.521096508,,Na,Li,Sb,V,O,,DFT_GLLBSC_gap,GLLB-SC,fundamental_quasiparticle,oxide_double_perovskite_absorber,A2BBprimeO6_oxide_double_perovskite,absorber_only,10.1038/srep19375,"Pilania et al. Sci Rep 6, 19375 (2016) — GLLB-SC double perovskite gaps"
NaSbMgTiO6,4.316566414,,Na,Mg,Sb,Ti,O,,DFT_GLLBSC_gap,GLLB-SC,fundamental_quasiparticle,oxide_double_perovskite_absorber,A2BBprimeO6_oxide_double_perovskite,absorber_only,10.1038/srep19375,"Pilania et al. Sci Rep 6, 19375 (2016) — GLLB-SC double perovskite gaps"
NaSbNaVO6,1.933565235,,Na,Na,Sb,V,O,,DFT_GLLBSC_gap,GLLB-SC,fundamental_quasiparticle,oxide_double_perovskite_absorber,A2BBprimeO6_oxide_double_perovskite,absorber_only,10.1038/srep19375,"Pilania et al. Sci Rep 6, 19375 (2016) — GLLB-SC double perovskite gaps"
NaSbSnTiO6,3.277038807,,Na,Sn,Sb,Ti,O,,DFT_GLLBSC_gap,GLLB-SC,fundamental_quasiparticle,oxide_double_perovskite_absorber,A2BBprimeO6_oxide_double_perovskite,absorber_only,10.1038/srep19375,"Pilania et al. Sci Rep 6, 19375 (2016) — GLLB-SC double perovskite gaps"
NaSbSrGeO6,2.10329495,,Na,Sr,Sb,Ge,O,,DFT_GLLBSC_gap,GLLB-SC,fundamental_quasiparticle,oxide_double_perovskite_absorber,A2BBprimeO6_oxide_double_perovskite,absorber_only,10.1038/srep19375,"Pilania et al. Sci Rep 6, 19375 (2016) — GLLB-SC double perovskite gaps"
NaSbSrSiO6,2.87021297,,Na,Sr,Sb,Si,O,,DFT_GLLBSC_gap,GLLB-SC,fundamental_quasiparticle,oxide_double_perovskite_absorber,A2BBprimeO6_oxide_double_perovskite,absorber_only,10.1038/srep19375,"Pilania et al. Sci Rep 6, 19375 (2016) — GLLB-SC double perovskite gaps"
NaSbSrSnO6,2.010337533,,Na,Sr,Sb,Sn,O,,DFT_GLLBSC_gap,GLLB-SC,fundamental_quasiparticle,oxide_double_perovskite_absorber,A2BBprimeO6_oxide_double_perovskite,absorber_only,10.1038/srep19375,"Pilania et al. Sci Rep 6, 19375 (2016) — GLLB-SC double perovskite gaps"
NaSbSrTiO6,4.337563243,,Na,Sr,Sb,Ti,O,,DFT_GLLBSC_gap,GLLB-SC,fundamental_quasiparticle,oxide_double_perovskite_absorber,A2BBprimeO6_oxide_double_perovskite,absorber_only,10.1038/srep19375,"Pilania et al. Sci Rep 6, 19375 (2016) — GLLB-SC double perovskite gaps"
NaSbYAlO6,5.345071995,,Na,Y,Sb,Al,O,,DFT_GLLBSC_gap,GLLB-SC,fundamental_quasiparticle,oxide_double_perovskite_absorber,A2BBprimeO6_oxide_double_perovskite,absorber_only,10.1038/srep19375,"Pilania et al. Sci Rep 6, 19375 (2016) — GLLB-SC double perovskite gaps"
NaTaAgNbO6,3.523243739,,Na,Ag,Ta,Nb,O,,DFT_GLLBSC_gap,GLLB-SC,fundamental_quasiparticle,oxide_double_perovskite_absorber,A2BBprimeO6_oxide_double_perovskite,absorber_only,10.1038/srep19375,"Pilania et al. Sci Rep 6, 19375 (2016) — GLLB-SC double perovskite gaps"
NaTaAgTaO6,4.048614558,,Na,Ag,Ta,Ta,O,,DFT_GLLBSC_gap,GLLB-SC,fundamental_quasiparticle,oxide_double_perovskite_absorber,A2BBprimeO6_oxide_double_perovskite,absorber_only,10.1038/srep19375,"Pilania et al. Sci Rep 6, 19375 (2016) — GLLB-SC double perovskite gaps"
NaTaBaSnO6,5.488531427,,Na,Ba,Ta,Sn,O,,DFT_GLLBSC_gap,GLLB-SC,fundamental_quasiparticle,oxide_double_perovskite_absorber,A2BBprimeO6_oxide_double_perovskite,absorber_only,10.1038/srep19375,"Pilania et al. Sci Rep 6, 19375 (2016) — GLLB-SC double perovskite gaps"
NaTaBaTiO6,3.851203471,,Na,Ba,Ta,Ti,O,,DFT_GLLBSC_gap,GLLB-SC,fundamental_quasiparticle,oxide_double_perovskite_absorber,A2BBprimeO6_oxide_double_perovskite,absorber_only,10.1038/srep19375,"Pilania et al. Sci Rep 6, 19375 (2016) — GLLB-SC double perovskite gaps"
NaTaCaGeO6,5.672504696,,Na,Ca,Ta,Ge,O,,DFT_GLLBSC_gap,GLLB-SC,fundamental_quasiparticle,oxide_double_perovskite_absorber,A2BBprimeO6_oxide_double_perovskite,absorber_only,10.1038/srep19375,"Pilania et al. Sci Rep 6, 19375 (2016) — GLLB-SC double perovskite gaps"
NaTaCaSiO6,5.285961533,,Na,Ca,Ta,Si,O,,DFT_GLLBSC_gap,GLLB-SC,fundamental_quasiparticle,oxide_double_perovskite_absorber,A2BBprimeO6_oxide_double_perovskite,absorber_only,10.1038/srep19375,"Pilania et al. Sci Rep 6, 19375 (2016) — GLLB-SC double perovskite gaps"
NaTaCaSnO6,5.618239319,,Na,Ca,Ta,Sn,O,,DFT_GLLBSC_gap,GLLB-SC,fundamental_quasiparticle,oxide_double_perovskite_absorber,A2BBprimeO6_oxide_double_perovskite,absorber_only,10.1038/srep19375,"Pilania et al. Sci Rep 6, 19375 (2016) — GLLB-SC double perovskite gaps"
NaTaCaTiO6,4.063019945,,Na,Ca,Ta,Ti,O,,DFT_GLLBSC_gap,GLLB-SC,fundamental_quasiparticle,oxide_double_perovskite_absorber,A2BBprimeO6_oxide_double_perovskite,absorber_only,10.1038/srep19375,"Pilania et al. Sci Rep 6, 19375 (2016) — GLLB-SC double perovskite gaps"
NaTaCsNbO6,3.37538625,,Na,Cs,Ta,Nb,O,,DFT_GLLBSC_gap,GLLB-SC,fundamental_quasiparticle,oxide_double_perovskite_absorber,A2BBprimeO6_oxide_double_perovskite,absorber_only,10.1038/srep19375,"Pilania et al. Sci Rep 6, 19375 (2016) — GLLB-SC double perovskite gaps"
NaTaCsVO6,2.363009793,,Na,Cs,Ta,V,O,,DFT_GLLBSC_gap,GLLB-SC,fundamental_quasiparticle,oxide_double_perovskite_absorber,A2BBprimeO6_oxide_double_perovskite,absorber_only,10.1038/srep19375,"Pilania et al. Sci Rep 6, 19375 (2016) — GLLB-SC double perovskite gaps"
NaTaGaNbO6,1.730621385,,Na,Ga,Ta,Nb,O,,DFT_GLLBSC_gap,GLLB-SC,fundamental_quasiparticle,oxide_double_perovskite_absorber,A2BBprimeO6_oxide_double_perovskite,absorber_only,10.1038/srep19375,"Pilania et al. Sci Rep 6, 19375 (2016) — GLLB-SC double perovskite gaps"
NaTaGaTaO6,2.222919423,,Na,Ga,Ta,Ta,O,,DFT_GLLBSC_gap,GLLB-SC,fundamental_quasiparticle,oxide_double_perovskite_absorber,A2BBprimeO6_oxide_double_perovskite,absorber_only,10.1038/srep19375,"Pilania et al. Sci Rep 6, 19375 (2016) — GLLB-SC double perovskite gaps"
NaTaKNbO6,3.540237672,,Na,K,Ta,Nb,O,,DFT_GLLBSC_gap,GLLB-SC,fundamental_quasiparticle,oxide_double_perovskite_absorber,A2BBprimeO6_oxide_double_perovskite,absorber_only,10.1038/srep19375,"Pilania et al. Sci Rep 6, 19375 (2016) — GLLB-SC double perovskite gaps"
NaTaKSbO6,4.704438422,,Na,K,Ta,Sb,O,,DFT_GLLBSC_gap,GLLB-SC,fundamental_quasiparticle,oxide_double_perovskite_absorber,A2BBprimeO6_oxide_double_perovskite,absorber_only,10.1038/srep19375,"Pilania et al. Sci Rep 6, 19375 (2016) — GLLB-SC double perovskite gaps"
NaTaLaAlO6,5.463483714,,Na,La,Ta,Al,O,,DFT_GLLBSC_gap,GLLB-SC,fundamental_quasiparticle,oxide_double_perovskite_absorber,A2BBprimeO6_oxide_double_perovskite,absorber_only,10.1038/srep19375,"Pilania et al. Sci Rep 6, 19375 (2016) — GLLB-SC double perovskite gaps"
NaTaLaGaO6,5.783047389,,Na,La,Ta,Ga,O,,DFT_GLLBSC_gap,GLLB-SC,fundamental_quasiparticle,oxide_double_perovskite_absorber,A2BBprimeO6_oxide_double_perovskite,absorber_only,10.1038/srep19375,"Pilania et al. Sci Rep 6, 19375 (2016) — GLLB-SC double perovskite gaps"
NaTaLaInO6,5.796447733,,Na,La,Ta,In,O,,DFT_GLLBSC_gap,GLLB-SC,fundamental_quasiparticle,oxide_double_perovskite_absorber,A2BBprimeO6_oxide_double_perovskite,absorber_only,10.1038/srep19375,"Pilania et al. Sci Rep 6, 19375 (2016) — GLLB-SC double perovskite gaps"
NaTaLaScO6,5.81349461,,Na,La,Ta,Sc,O,,DFT_GLLBSC_gap,GLLB-SC,fundamental_quasiparticle,oxide_double_perovskite_absorber,A2BBprimeO6_oxide_double_perovskite,absorber_only,10.1038/srep19375,"Pilania et al. Sci Rep 6, 19375 (2016) — GLLB-SC double perovskite gaps"
NaTaLiNbO6,3.680629719,,Na,Li,Ta,Nb,O,,DFT_GLLBSC_gap,GLLB-SC,fundamental_quasiparticle,oxide_double_perovskite_absorber,A2BBprimeO6_oxide_double_perovskite,absorber_only,10.1038/srep19375,"Pilania et al. Sci Rep 6, 19375 (2016) — GLLB-SC double perovskite gaps"
NaTaLiVO6,2.329410389,,Na,Li,Ta,V,O,,DFT_GLLBSC_gap,GLLB-SC,fundamental_quasiparticle,oxide_double_perovskite_absorber,A2BBprimeO6_oxide_double_perovskite,absorber_only,10.1038/srep19375,"Pilania et al. Sci Rep 6, 19375 (2016) — GLLB-SC double perovskite gaps"
NaTaMgTiO6,5.507143417,,Na,Mg,Ta,Ti,O,,DFT_GLLBSC_gap,GLLB-SC,fundamental_quasiparticle,oxide_double_perovskite_absorber,A2BBprimeO6_oxide_double_perovskite,absorber_only,10.1038/srep19375,"Pilania et al. Sci Rep 6, 19375 (2016) — GLLB-SC double perovskite gaps"
NaTaMgZrO6,6.569568849,,Na,Mg,Ta,Zr,O,,DFT_GLLBSC_gap,GLLB-SC,fundamental_quasiparticle,oxide_double_perovskite_absorber,A2BBprimeO6_oxide_double_perovskite,absorber_only,10.1038/srep19375,"Pilania et al. Sci Rep 6, 19375 (2016) — GLLB-SC double perovskite gaps"
NaTaNaNbO6,3.647117014,,Na,Na,Ta,Nb,O,,DFT_GLLBSC_gap,GLLB-SC,fundamental_quasiparticle,oxide_double_perovskite_absorber,A2BBprimeO6_oxide_double_perovskite,absorber_only,10.1038/srep19375,"Pilania et al. Sci Rep 6, 19375 (2016) — GLLB-SC double perovskite gaps"
NaTaNaSbO6,5.074337872,,Na,Na,Ta,Sb,O,,DFT_GLLBSC_gap,GLLB-SC,fundamental_quasiparticle,oxide_double_perovskite_absorber,A2BBprimeO6_oxide_double_perovskite,absorber_only,10.1038/srep19375,"Pilania et al. Sci Rep 6, 19375 (2016) — GLLB-SC double perovskite gaps"
NaTaNaVO6,2.169068677,,Na,Na,Ta,V,O,,DFT_GLLBSC_gap,GLLB-SC,fundamental_quasiparticle,oxide_double_perovskite_absorber,A2BBprimeO6_oxide_double_perovskite,absorber_only,10.1038/srep19375,"Pilania et al. Sci Rep 6, 19375 (2016) — GLLB-SC double perovskite gaps"
NaTaPbHfO6,5.305299178,,Na,Pb,Ta,Hf,O,,DFT_GLLBSC_gap,GLLB-SC,fundamental_quasiparticle,oxide_double_perovskite_absorber,A2BBprimeO6_oxide_double_perovskite,absorber_only,10.1038/srep19375,"Pilania et al. Sci Rep 6, 19375 (2016) — GLLB-SC double perovskite gaps"
NaTaPbTiO6,4.039463554,,Na,Pb,Ta,Ti,O,,DFT_GLLBSC_gap,GLLB-SC,fundamental_quasiparticle,oxide_double_perovskite_absorber,A2BBprimeO6_oxide_double_perovskite,absorber_only,10.1038/srep19375,"Pilania et al. Sci Rep 6, 19375 (2016) — GLLB-SC double perovskite gaps"
NaTaPbZrO6,5.216403865,,Na,Pb,Ta,Zr,O,,DFT_GLLBSC_gap,GLLB-SC,fundamental_quasiparticle,oxide_double_perovskite_absorber,A2BBprimeO6_oxide_double_perovskite,absorber_only,10.1038/srep19375,"Pilania et al. Sci Rep 6, 19375 (2016) — GLLB-SC double perovskite gaps"
NaTaRbNbO6,3.480014569,,Na,Rb,Ta,Nb,O,,DFT_GLLBSC_gap,GLLB-SC,fundamental_quasiparticle,oxide_double_perovskite_absorber,A2BBprimeO6_oxide_double_perovskite,absorber_only,10.1038/srep19375,"Pilania et al. Sci Rep 6, 19375 (2016) — GLLB-SC double perovskite gaps"
NaTaSnHfO6,3.914535872,,Na,Sn,Ta,Hf,O,,DFT_GLLBSC_gap,GLLB-SC,fundamental_quasiparticle,oxide_double_perovskite_absorber,A2BBprimeO6_oxide_double_perovskite,absorber_only,10.1038/srep19375,"Pilania et al. Sci Rep 6, 19375 (2016) — GLLB-SC double perovskite gaps"
NaTaSnTiO6,3.195873205,,Na,Sn,Ta,Ti,O,,DFT_GLLBSC_gap,GLLB-SC,fundamental_quasiparticle,oxide_double_perovskite_absorber,A2BBprimeO6_oxide_double_perovskite,absorber_only,10.1038/srep19375,"Pilania et al. Sci Rep 6, 19375 (2016) — GLLB-SC double perovskite gaps"
NaTaSnZrO6,3.898925658,,Na,Sn,Ta,Zr,O,,DFT_GLLBSC_gap,GLLB-SC,fundamental_quasiparticle,oxide_double_perovskite_absorber,A2BBprimeO6_oxide_double_perovskite,absorber_only,10.1038/srep19375,"Pilania et al. Sci Rep 6, 19375 (2016) — GLLB-SC double perovskite gaps"
NaTaSrGeO6,5.506571885,,Na,Sr,Ta,Ge,O,,DFT_GLLBSC_gap,GLLB-SC,fundamental_quasiparticle,oxide_double_perovskite_absorber,A2BBprimeO6_oxide_double_perovskite,absorber_only,10.1038/srep19375,"Pilania et al. Sci Rep 6, 19375 (2016) — GLLB-SC double perovskite gaps"
NaTaSrHfO6,5.245269065,,Na,Sr,Ta,Hf,O,,DFT_GLLBSC_gap,GLLB-SC,fundamental_quasiparticle,oxide_double_perovskite_absorber,A2BBprimeO6_oxide_double_perovskite,absorber_only,10.1038/srep19375,"Pilania et al. Sci Rep 6, 19375 (2016) — GLLB-SC double perovskite gaps"
NaTaSrSiO6,5.199998746,,Na,Sr,Ta,Si,O,,DFT_GLLBSC_gap,GLLB-SC,fundamental_quasiparticle,oxide_double_perovskite_absorber,A2BBprimeO6_oxide_double_perovskite,absorber_only,10.1038/srep19375,"Pilania et al. Sci Rep 6, 19375 (2016) — GLLB-SC double perovskite gaps"
NaTaSrSnO6,5.861567096,,Na,Sr,Ta,Sn,O,,DFT_GLLBSC_gap,GLLB-SC,fundamental_quasiparticle,oxide_double_perovskite_absorber,A2BBprimeO6_oxide_double_perovskite,absorber_only,10.1038/srep19375,"Pilania et al. Sci Rep 6, 19375 (2016) — GLLB-SC double perovskite gaps"
NaTaSrTiO6,3.984039403,,Na,Sr,Ta,Ti,O,,DFT_GLLBSC_gap,GLLB-SC,fundamental_quasiparticle,oxide_double_perovskite_absorber,A2BBprimeO6_oxide_double_perovskite,absorber_only,10.1038/srep19375,"Pilania et al. Sci Rep 6, 19375 (2016) — GLLB-SC double perovskite gaps"
NaTaSrZrO6,5.150326621,,Na,Sr,Ta,Zr,O,,DFT_GLLBSC_gap,GLLB-SC,fundamental_quasiparticle,oxide_double_perovskite_absorber,A2BBprimeO6_oxide_double_perovskite,absorber_only,10.1038/srep19375,"Pilania et al. Sci Rep 6, 19375 (2016) — GLLB-SC double perovskite gaps"
NaTaTlNbO6,1.759992136,,Na,Tl,Ta,Nb,O,,DFT_GLLBSC_gap,GLLB-SC,fundamental_quasiparticle,oxide_double_perovskite_absorber,A2BBprimeO6_oxide_double_perovskite,absorber_only,10.1038/srep19375,"Pilania et al. Sci Rep 6, 19375 (2016) — GLLB-SC double perovskite gaps"
NaTaTlTaO6,2.248121897,,Na,Tl,Ta,Ta,O,,DFT_GLLBSC_gap,GLLB-SC,fundamental_quasiparticle,oxide_double_perovskite_absorber,A2BBprimeO6_oxide_double_perovskite,absorber_only,10.1038/srep19375,"Pilania et al. Sci Rep 6, 19375 (2016) — GLLB-SC double perovskite gaps"
NaTaYAlO6,5.979767534,,Na,Y,Ta,Al,O,,DFT_GLLBSC_gap,GLLB-SC,fundamental_quasiparticle,oxide_double_perovskite_absorber,A2BBprimeO6_oxide_double_perovskite,absorber_only,10.1038/srep19375,"Pilania et al. Sci Rep 6, 19375 (2016) — GLLB-SC double perovskite gaps"
NaVAgNbO6,2.024041846,,Na,Ag,V,Nb,O,,DFT_GLLBSC_gap,GLLB-SC,fundamental_quasiparticle,oxide_double_perovskite_absorber,A2BBprimeO6_oxide_double_perovskite,absorber_only,10.1038/srep19375,"Pilania et al. Sci Rep 6, 19375 (2016) — GLLB-SC double perovskite gaps"
NaVCaGeO6,2.040410527,,Na,Ca,V,Ge,O,,DFT_GLLBSC_gap,GLLB-SC,fundamental_quasiparticle,oxide_double_perovskite_absorber,A2BBprimeO6_oxide_double_perovskite,absorber_only,10.1038/srep19375,"Pilania et al. Sci Rep 6, 19375 (2016) — GLLB-SC double perovskite gaps"
NaVCaSiO6,1.556374115,,Na,Ca,V,Si,O,,DFT_GLLBSC_gap,GLLB-SC,fundamental_quasiparticle,oxide_double_perovskite_absorber,A2BBprimeO6_oxide_double_perovskite,absorber_only,10.1038/srep19375,"Pilania et al. Sci Rep 6, 19375 (2016) — GLLB-SC double perovskite gaps"
NaVCaSnO6,2.198835873,,Na,Ca,V,Sn,O,,DFT_GLLBSC_gap,GLLB-SC,fundamental_quasiparticle,oxide_double_perovskite_absorber,A2BBprimeO6_oxide_double_perovskite,absorber_only,10.1038/srep19375,"Pilania et al. Sci Rep 6, 19375 (2016) — GLLB-SC double perovskite gaps"
NaVCaTiO6,2.748175665,,Na,Ca,V,Ti,O,,DFT_GLLBSC_gap,GLLB-SC,fundamental_quasiparticle,oxide_double_perovskite_absorber,A2BBprimeO6_oxide_double_perovskite,absorber_only,10.1038/srep19375,"Pilania et al. Sci Rep 6, 19375 (2016) — GLLB-SC double perovskite gaps"
NaVKNbO6,2.30764797,,Na,K,V,Nb,O,,DFT_GLLBSC_gap,GLLB-SC,fundamental_quasiparticle,oxide_double_perovskite_absorber,A2BBprimeO6_oxide_double_perovskite,absorber_only,10.1038/srep19375,"Pilania et al. Sci Rep 6, 19375 (2016) — GLLB-SC double perovskite gaps"
NaVLaAlO6,2.104043702,,Na,La,V,Al,O,,DFT_GLLBSC_gap,GLLB-SC,fundamental_quasiparticle,oxide_double_perovskite_absorber,A2BBprimeO6_oxide_double_perovskite,absorber_only,10.1038/srep19375,"Pilania et al. Sci Rep 6, 19375 (2016) — GLLB-SC double perovskite gaps"
NaVLaGaO6,2.327056312,,Na,La,V,Ga,O,,DFT_GLLBSC_gap,GLLB-SC,fundamental_quasiparticle,oxide_double_perovskite_absorber,A2BBprimeO6_oxide_double_perovskite,absorber_only,10.1038/srep19375,"Pilania et al. Sci Rep 6, 19375 (2016) — GLLB-SC double perovskite gaps"
NaVLaInO6,2.544322997,,Na,La,V,In,O,,DFT_GLLBSC_gap,GLLB-SC,fundamental_quasiparticle,oxide_double_perovskite_absorber,A2BBprimeO6_oxide_double_perovskite,absorber_only,10.1038/srep19375,"Pilania et al. Sci Rep 6, 19375 (2016) — GLLB-SC double perovskite gaps"
NaVLiNbO6,2.81010926,,Na,Li,V,Nb,O,,DFT_GLLBSC_gap,GLLB-SC,fundamental_quasiparticle,oxide_double_perovskite_absorber,A2BBprimeO6_oxide_double_perovskite,absorber_only,10.1038/srep19375,"Pilania et al. Sci Rep 6, 19375 (2016) — GLLB-SC double perovskite gaps"
NaVLiVO6,1.782964202,,Na,Li,V,V,O,,DFT_GLLBSC_gap,GLLB-SC,fundamental_quasiparticle,oxide_double_perovskite_absorber,A2BBprimeO6_oxide_double_perovskite,absorber_only,10.1038/srep19375,"Pilania et al. Sci Rep 6, 19375 (2016) — GLLB-SC double perovskite gaps"
NaVMgTiO6,2.975484912,,Na,Mg,V,Ti,O,,DFT_GLLBSC_gap,GLLB-SC,fundamental_quasiparticle,oxide_double_perovskite_absorber,A2BBprimeO6_oxide_double_perovskite,absorber_only,10.1038/srep19375,"Pilania et al. Sci Rep 6, 19375 (2016) — GLLB-SC double perovskite gaps"
NaVRbNbO6,2.345476269,,Na,Rb,V,Nb,O,,DFT_GLLBSC_gap,GLLB-SC,fundamental_quasiparticle,oxide_double_perovskite_absorber,A2BBprimeO6_oxide_double_perovskite,absorber_only,10.1038/srep19375,"Pilania et al. Sci Rep 6, 19375 (2016) — GLLB-SC double perovskite gaps"
NaVSnTiO6,0.833213251,,Na,Sn,V,Ti,O,,DFT_GLLBSC_gap,GLLB-SC,fundamental_quasiparticle,oxide_double_perovskite_absorber,A2BBprimeO6_oxide_double_perovskite,absorber_only,10.1038/srep19375,"Pilania et al. Sci Rep 6, 19375 (2016) — GLLB-SC double perovskite gaps"
NaVSrGeO6,1.851035372,,Na,Sr,V,Ge,O,,DFT_GLLBSC_gap,GLLB-SC,fundamental_quasiparticle,oxide_double_perovskite_absorber,A2BBprimeO6_oxide_double_perovskite,absorber_only,10.1038/srep19375,"Pilania et al. Sci Rep 6, 19375 (2016) — GLLB-SC double perovskite gaps"
NaVSrSiO6,1.548547901,,Na,Sr,V,Si,O,,DFT_GLLBSC_gap,GLLB-SC,fundamental_quasiparticle,oxide_double_perovskite_absorber,A2BBprimeO6_oxide_double_perovskite,absorber_only,10.1038/srep19375,"Pilania et al. Sci Rep 6, 19375 (2016) — GLLB-SC double perovskite gaps"
NaVSrSnO6,2.194622653,,Na,Sr,V,Sn,O,,DFT_GLLBSC_gap,GLLB-SC,fundamental_quasiparticle,oxide_double_perovskite_absorber,A2BBprimeO6_oxide_double_perovskite,absorber_only,10.1038/srep19375,"Pilania et al. Sci Rep 6, 19375 (2016) — GLLB-SC double perovskite gaps"
NaVSrTiO6,2.053965934,,Na,Sr,V,Ti,O,,DFT_GLLBSC_gap,GLLB-SC,fundamental_quasiparticle,oxide_double_perovskite_absorber,A2BBprimeO6_oxide_double_perovskite,absorber_only,10.1038/srep19375,"Pilania et al. Sci Rep 6, 19375 (2016) — GLLB-SC double perovskite gaps"
NaVTlNbO6,0.48533037,,Na,Tl,V,Nb,O,,DFT_GLLBSC_gap,GLLB-SC,fundamental_quasiparticle,oxide_double_perovskite_absorber,A2BBprimeO6_oxide_double_perovskite,absorber_only,10.1038/srep19375,"Pilania et al. Sci Rep 6, 19375 (2016) — GLLB-SC double perovskite gaps"
NaVYAlO6,2.225434488,,Na,Y,V,Al,O,,DFT_GLLBSC_gap,GLLB-SC,fundamental_quasiparticle,oxide_double_perovskite_absorber,A2BBprimeO6_oxide_double_perovskite,absorber_only,10.1038/srep19375,"Pilania et al. Sci Rep 6, 19375 (2016) — GLLB-SC double perovskite gaps"
PbHfAgNbO6,4.224152118,,Pb,Ag,Hf,Nb,O,,DFT_GLLBSC_gap,GLLB-SC,fundamental_quasiparticle,oxide_double_perovskite_absorber,A2BBprimeO6_oxide_double_perovskite,absorber_only,10.1038/srep19375,"Pilania et al. Sci Rep 6, 19375 (2016) — GLLB-SC double perovskite gaps"
PbHfBaSnO6,5.867489513,,Pb,Ba,Hf,Sn,O,,DFT_GLLBSC_gap,GLLB-SC,fundamental_quasiparticle,oxide_double_perovskite_absorber,A2BBprimeO6_oxide_double_perovskite,absorber_only,10.1038/srep19375,"Pilania et al. Sci Rep 6, 19375 (2016) — GLLB-SC double perovskite gaps"
PbHfBaTiO6,4.715173396,,Pb,Ba,Hf,Ti,O,,DFT_GLLBSC_gap,GLLB-SC,fundamental_quasiparticle,oxide_double_perovskite_absorber,A2BBprimeO6_oxide_double_perovskite,absorber_only,10.1038/srep19375,"Pilania et al. Sci Rep 6, 19375 (2016) — GLLB-SC double perovskite gaps"
PbHfCaGeO6,5.438871864,,Pb,Ca,Hf,Ge,O,,DFT_GLLBSC_gap,GLLB-SC,fundamental_quasiparticle,oxide_double_perovskite_absorber,A2BBprimeO6_oxide_double_perovskite,absorber_only,10.1038/srep19375,"Pilania et al. Sci Rep 6, 19375 (2016) — GLLB-SC double perovskite gaps"
PbHfCaSiO6,6.23205056,,Pb,Ca,Hf,Si,O,,DFT_GLLBSC_gap,GLLB-SC,fundamental_quasiparticle,oxide_double_perovskite_absorber,A2BBprimeO6_oxide_double_perovskite,absorber_only,10.1038/srep19375,"Pilania et al. Sci Rep 6, 19375 (2016) — GLLB-SC double perovskite gaps"
PbHfCaSnO6,6.036393612,,Pb,Ca,Hf,Sn,O,,DFT_GLLBSC_gap,GLLB-SC,fundamental_quasiparticle,oxide_double_perovskite_absorber,A2BBprimeO6_oxide_double_perovskite,absorber_only,10.1038/srep19375,"Pilania et al. Sci Rep 6, 19375 (2016) — GLLB-SC double perovskite gaps"
PbHfCaTiO6,4.381883728,,Pb,Ca,Hf,Ti,O,,DFT_GLLBSC_gap,GLLB-SC,fundamental_quasiparticle,oxide_double_perovskite_absorber,A2BBprimeO6_oxide_double_perovskite,absorber_only,10.1038/srep19375,"Pilania et al. Sci Rep 6, 19375 (2016) — GLLB-SC double perovskite gaps"
PbHfCsVO6,1.830093634,,Pb,Cs,Hf,V,O,,DFT_GLLBSC_gap,GLLB-SC,fundamental_quasiparticle,oxide_double_perovskite_absorber,A2BBprimeO6_oxide_double_perovskite,absorber_only,10.1038/srep19375,"Pilania et al. Sci Rep 6, 19375 (2016) — GLLB-SC double perovskite gaps"
PbHfGaNbO6,2.729158284,,Pb,Ga,Hf,Nb,O,,DFT_GLLBSC_gap,GLLB-SC,fundamental_quasiparticle,oxide_double_perovskite_absorber,A2BBprimeO6_oxide_double_perovskite,absorber_only,10.1038/srep19375,"Pilania et al. Sci Rep 6, 19375 (2016) — GLLB-SC double perovskite gaps"
PbHfGaTaO6,3.513598295,,Pb,Ga,Hf,Ta,O,,DFT_GLLBSC_gap,GLLB-SC,fundamental_quasiparticle,oxide_double_perovskite_absorber,A2BBprimeO6_oxide_double_perovskite,absorber_only,10.1038/srep19375,"Pilania et al. Sci Rep 6, 19375 (2016) — GLLB-SC double perovskite gaps"
PbHfInNbO6,1.491118527,,Pb,In,Hf,Nb,O,,DFT_GLLBSC_gap,GLLB-SC,fundamental_quasiparticle,oxide_double_perovskite_absorber,A2BBprimeO6_oxide_double_perovskite,absorber_only,10.1038/srep19375,"Pilania et al. Sci Rep 6, 19375 (2016) — GLLB-SC double perovskite gaps"
PbHfKNbO6,4.347420461,,Pb,K,Hf,Nb,O,,DFT_GLLBSC_gap,GLLB-SC,fundamental_quasiparticle,oxide_double_perovskite_absorber,A2BBprimeO6_oxide_double_perovskite,absorber_only,10.1038/srep19375,"Pilania et al. Sci Rep 6, 19375 (2016) — GLLB-SC double perovskite gaps"
PbHfKSbO6,5.483723223,,Pb,K,Hf,Sb,O,,DFT_GLLBSC_gap,GLLB-SC,fundamental_quasiparticle,oxide_double_perovskite_absorber,A2BBprimeO6_oxide_double_perovskite,absorber_only,10.1038/srep19375,"Pilania et al. Sci Rep 6, 19375 (2016) — GLLB-SC double perovskite gaps"
PbHfLaAlO6,6.240145632,,Pb,La,Hf,Al,O,,DFT_GLLBSC_gap,GLLB-SC,fundamental_quasiparticle,oxide_double_perovskite_absorber,A2BBprimeO6_oxide_double_perovskite,absorber_only,10.1038/srep19375,"Pilania et al. Sci Rep 6, 19375 (2016) — GLLB-SC double perovskite gaps"
PbHfLaGaO6,6.330118621,,Pb,La,Hf,Ga,O,,DFT_GLLBSC_gap,GLLB-SC,fundamental_quasiparticle,oxide_double_perovskite_absorber,A2BBprimeO6_oxide_double_perovskite,absorber_only,10.1038/srep19375,"Pilania et al. Sci Rep 6, 19375 (2016) — GLLB-SC double perovskite gaps"
PbHfLaInO6,5.39337693,,Pb,La,Hf,In,O,,DFT_GLLBSC_gap,GLLB-SC,fundamental_quasiparticle,oxide_double_perovskite_absorber,A2BBprimeO6_oxide_double_perovskite,absorber_only,10.1038/srep19375,"Pilania et al. Sci Rep 6, 19375 (2016) — GLLB-SC double perovskite gaps"
PbHfLiNbO6,4.317254424,,Pb,Li,Hf,Nb,O,,DFT_GLLBSC_gap,GLLB-SC,fundamental_quasiparticle,oxide_double_perovskite_absorber,A2BBprimeO6_oxide_double_perovskite,absorber_only,10.1038/srep19375,"Pilania et al. Sci Rep 6, 19375 (2016) — GLLB-SC double perovskite gaps"
PbHfLiVO6,1.971901666,,Pb,Li,Hf,V,O,,DFT_GLLBSC_gap,GLLB-SC,fundamental_quasiparticle,oxide_double_perovskite_absorber,A2BBprimeO6_oxide_double_perovskite,absorber_only,10.1038/srep19375,"Pilania et al. Sci Rep 6, 19375 (2016) — GLLB-SC double perovskite gaps"
PbHfMgTiO6,4.089321614,,Pb,Mg,Hf,Ti,O,,DFT_GLLBSC_gap,GLLB-SC,fundamental_quasiparticle,oxide_double_perovskite_absorber,A2BBprimeO6_oxide_double_perovskite,absorber_only,10.1038/srep19375,"Pilania et al. Sci Rep 6, 19375 (2016) — GLLB-SC double perovskite gaps"
PbHfNaNbO6,4.135896987,,Pb,Na,Hf,Nb,O,,DFT_GLLBSC_gap,GLLB-SC,fundamental_quasiparticle,oxide_double_perovskite_absorber,A2BBprimeO6_oxide_double_perovskite,absorber_only,10.1038/srep19375,"Pilania et al. Sci Rep 6, 19375 (2016) — GLLB-SC double perovskite gaps"
PbHfNaSbO6,5.76696615,,Pb,Na,Hf,Sb,O,,DFT_GLLBSC_gap,GLLB-SC,fundamental_quasiparticle,oxide_double_perovskite_absorber,A2BBprimeO6_oxide_double_perovskite,absorber_only,10.1038/srep19375,"Pilania et al. Sci Rep 6, 19375 (2016) — GLLB-SC double perovskite gaps"
PbHfNaVO6,1.9634335,,Pb,Na,Hf,V,O,,DFT_GLLBSC_gap,GLLB-SC,fundamental_quasiparticle,oxide_double_perovskite_absorber,A2BBprimeO6_oxide_double_perovskite,absorber_only,10.1038/srep19375,"Pilania et al. Sci Rep 6, 19375 (2016) — GLLB-SC double perovskite gaps"
PbHfPbTiO6,4.510073988,,Pb,Pb,Hf,Ti,O,,DFT_GLLBSC_gap,GLLB-SC,fundamental_quasiparticle,oxide_double_perovskite_absorber,A2BBprimeO6_oxide_double_perovskite,absorber_only,10.1038/srep19375,"Pilania et al. Sci Rep 6, 19375 (2016) — GLLB-SC double perovskite gaps"
PbHfPbZrO6,5.083910042,,Pb,Pb,Hf,Zr,O,,DFT_GLLBSC_gap,GLLB-SC,fundamental_quasiparticle,oxide_double_perovskite_absorber,A2BBprimeO6_oxide_double_perovskite,absorber_only,10.1038/srep19375,"Pilania et al. Sci Rep 6, 19375 (2016) — GLLB-SC double perovskite gaps"
PbHfRbNbO6,4.294597438,,Pb,Rb,Hf,Nb,O,,DFT_GLLBSC_gap,GLLB-SC,fundamental_quasiparticle,oxide_double_perovskite_absorber,A2BBprimeO6_oxide_double_perovskite,absorber_only,10.1038/srep19375,"Pilania et al. Sci Rep 6, 19375 (2016) — GLLB-SC double perovskite gaps"
PbHfSnHfO6,4.399268884,,Pb,Sn,Hf,Hf,O,,DFT_GLLBSC_gap,GLLB-SC,fundamental_quasiparticle,oxide_double_perovskite_absorber,A2BBprimeO6_oxide_double_perovskite,absorber_only,10.1038/srep19375,"Pilania et al. Sci Rep 6, 19375 (2016) — GLLB-SC double perovskite gaps"
PbHfSnTiO6,3.97386115,,Pb,Sn,Hf,Ti,O,,DFT_GLLBSC_gap,GLLB-SC,fundamental_quasiparticle,oxide_double_perovskite_absorber,A2BBprimeO6_oxide_double_perovskite,absorber_only,10.1038/srep19375,"Pilania et al. Sci Rep 6, 19375 (2016) — GLLB-SC double perovskite gaps"
PbHfSnZrO6,4.38249106,,Pb,Sn,Hf,Zr,O,,DFT_GLLBSC_gap,GLLB-SC,fundamental_quasiparticle,oxide_double_perovskite_absorber,A2BBprimeO6_oxide_double_perovskite,absorber_only,10.1038/srep19375,"Pilania et al. Sci Rep 6, 19375 (2016) — GLLB-SC double perovskite gaps"
PbHfSrGeO6,6.239783015,,Pb,Sr,Hf,Ge,O,,DFT_GLLBSC_gap,GLLB-SC,fundamental_quasiparticle,oxide_double_perovskite_absorber,A2BBprimeO6_oxide_double_perovskite,absorber_only,10.1038/srep19375,"Pilania et al. Sci Rep 6, 19375 (2016) — GLLB-SC double perovskite gaps"
PbHfSrSiO6,6.223094959,,Pb,Sr,Hf,Si,O,,DFT_GLLBSC_gap,GLLB-SC,fundamental_quasiparticle,oxide_double_perovskite_absorber,A2BBprimeO6_oxide_double_perovskite,absorber_only,10.1038/srep19375,"Pilania et al. Sci Rep 6, 19375 (2016) — GLLB-SC double perovskite gaps"
PbHfSrSnO6,5.969245121,,Pb,Sr,Hf,Sn,O,,DFT_GLLBSC_gap,GLLB-SC,fundamental_quasiparticle,oxide_double_perovskite_absorber,A2BBprimeO6_oxide_double_perovskite,absorber_only,10.1038/srep19375,"Pilania et al. Sci Rep 6, 19375 (2016) — GLLB-SC double perovskite gaps"
PbHfSrTiO6,4.511809568,,Pb,Sr,Hf,Ti,O,,DFT_GLLBSC_gap,GLLB-SC,fundamental_quasiparticle,oxide_double_perovskite_absorber,A2BBprimeO6_oxide_double_perovskite,absorber_only,10.1038/srep19375,"Pilania et al. Sci Rep 6, 19375 (2016) — GLLB-SC double perovskite gaps"
PbHfTlNbO6,2.759636618,,Pb,Tl,Hf,Nb,O,,DFT_GLLBSC_gap,GLLB-SC,fundamental_quasiparticle,oxide_double_perovskite_absorber,A2BBprimeO6_oxide_double_perovskite,absorber_only,10.1038/srep19375,"Pilania et al. Sci Rep 6, 19375 (2016) — GLLB-SC double perovskite gaps"
PbHfTlTaO6,3.520176139,,Pb,Tl,Hf,Ta,O,,DFT_GLLBSC_gap,GLLB-SC,fundamental_quasiparticle,oxide_double_perovskite_absorber,A2BBprimeO6_oxide_double_perovskite,absorber_only,10.1038/srep19375,"Pilania et al. Sci Rep 6, 19375 (2016) — GLLB-SC double perovskite gaps"
PbHfYAlO6,5.658814835,,Pb,Y,Hf,Al,O,,DFT_GLLBSC_gap,GLLB-SC,fundamental_quasiparticle,oxide_double_perovskite_absorber,A2BBprimeO6_oxide_double_perovskite,absorber_only,10.1038/srep19375,"Pilania et al. Sci Rep 6, 19375 (2016) — GLLB-SC double perovskite gaps"
PbTiAgNbO6,3.374084532,,Pb,Ag,Ti,Nb,O,,DFT_GLLBSC_gap,GLLB-SC,fundamental_quasiparticle,oxide_double_perovskite_absorber,A2BBprimeO6_oxide_double_perovskite,absorber_only,10.1038/srep19375,"Pilania et al. Sci Rep 6, 19375 (2016) — GLLB-SC double perovskite gaps"
PbTiBaSnO6,4.748196307,,Pb,Ba,Ti,Sn,O,,DFT_GLLBSC_gap,GLLB-SC,fundamental_quasiparticle,oxide_double_perovskite_absorber,A2BBprimeO6_oxide_double_perovskite,absorber_only,10.1038/srep19375,"Pilania et al. Sci Rep 6, 19375 (2016) — GLLB-SC double perovskite gaps"
PbTiBaTiO6,3.64716967,,Pb,Ba,Ti,Ti,O,,DFT_GLLBSC_gap,GLLB-SC,fundamental_quasiparticle,oxide_double_perovskite_absorber,A2BBprimeO6_oxide_double_perovskite,absorber_only,10.1038/srep19375,"Pilania et al. Sci Rep 6, 19375 (2016) — GLLB-SC double perovskite gaps"
PbTiCaGeO6,4.326039143,,Pb,Ca,Ti,Ge,O,,DFT_GLLBSC_gap,GLLB-SC,fundamental_quasiparticle,oxide_double_perovskite_absorber,A2BBprimeO6_oxide_double_perovskite,absorber_only,10.1038/srep19375,"Pilania et al. Sci Rep 6, 19375 (2016) — GLLB-SC double perovskite gaps"
PbTiCaSiO6,3.616892582,,Pb,Ca,Ti,Si,O,,DFT_GLLBSC_gap,GLLB-SC,fundamental_quasiparticle,oxide_double_perovskite_absorber,A2BBprimeO6_oxide_double_perovskite,absorber_only,10.1038/srep19375,"Pilania et al. Sci Rep 6, 19375 (2016) — GLLB-SC double perovskite gaps"
PbTiCaSnO6,3.866511669,,Pb,Ca,Ti,Sn,O,,DFT_GLLBSC_gap,GLLB-SC,fundamental_quasiparticle,oxide_double_perovskite_absorber,A2BBprimeO6_oxide_double_perovskite,absorber_only,10.1038/srep19375,"Pilania et al. Sci Rep 6, 19375 (2016) — GLLB-SC double perovskite gaps"
PbTiCaTiO6,3.759636442,,Pb,Ca,Ti,Ti,O,,DFT_GLLBSC_gap,GLLB-SC,fundamental_quasiparticle,oxide_double_perovskite_absorber,A2BBprimeO6_oxide_double_perovskite,absorber_only,10.1038/srep19375,"Pilania et al. Sci Rep 6, 19375 (2016) — GLLB-SC double perovskite gaps"
PbTiLaAlO6,4.438175554,,Pb,La,Ti,Al,O,,DFT_GLLBSC_gap,GLLB-SC,fundamental_quasiparticle,oxide_double_perovskite_absorber,A2BBprimeO6_oxide_double_perovskite,absorber_only,10.1038/srep19375,"Pilania et al. Sci Rep 6, 19375 (2016) — GLLB-SC double perovskite gaps"
PbTiLaGaO6,4.949207085,,Pb,La,Ti,Ga,O,,DFT_GLLBSC_gap,GLLB-SC,fundamental_quasiparticle,oxide_double_perovskite_absorber,A2BBprimeO6_oxide_double_perovskite,absorber_only,10.1038/srep19375,"Pilania et al. Sci Rep 6, 19375 (2016) — GLLB-SC double perovskite gaps"
PbTiLaInO6,4.37995343,,Pb,La,Ti,In,O,,DFT_GLLBSC_gap,GLLB-SC,fundamental_quasiparticle,oxide_double_perovskite_absorber,A2BBprimeO6_oxide_double_perovskite,absorber_only,10.1038/srep19375,"Pilania et al. Sci Rep 6, 19375 (2016) — GLLB-SC double perovskite gaps"
PbTiLiNbO6,3.632440439,,Pb,Li,Ti,Nb,O,,DFT_GLLBSC_gap,GLLB-SC,fundamental_quasiparticle,oxide_double_perovskite_absorber,A2BBprimeO6_oxide_double_perovskite,absorber_only,10.1038/srep19375,"Pilania et al. Sci Rep 6, 19375 (2016) — GLLB-SC double perovskite gaps"
PbTiLiVO6,1.564150221,,Pb,Li,Ti,V,O,,DFT_GLLBSC_gap,GLLB-SC,fundamental_quasiparticle,oxide_double_perovskite_absorber,A2BBprimeO6_oxide_double_perovskite,absorber_only,10.1038/srep19375,"Pilania et al. Sci Rep 6, 19375 (2016) — GLLB-SC double perovskite gaps"
PbTiMgTiO6,3.54079145,,Pb,Mg,Ti,Ti,O,,DFT_GLLBSC_gap,GLLB-SC,fundamental_quasiparticle,oxide_double_perovskite_absorber,A2BBprimeO6_oxide_double_perovskite,absorber_only,10.1038/srep19375,"Pilania et al. Sci Rep 6, 19375 (2016) — GLLB-SC double perovskite gaps"
PbTiNaNbO6,3.603454802,,Pb,Na,Ti,Nb,O,,DFT_GLLBSC_gap,GLLB-SC,fundamental_quasiparticle,oxide_double_perovskite_absorber,A2BBprimeO6_oxide_double_perovskite,absorber_only,10.1038/srep19375,"Pilania et al. Sci Rep 6, 19375 (2016) — GLLB-SC double perovskite gaps"
PbTiNaSbO6,4.20100595,,Pb,Na,Ti,Sb,O,,DFT_GLLBSC_gap,GLLB-SC,fundamental_quasiparticle,oxide_double_perovskite_absorber,A2BBprimeO6_oxide_double_perovskite,absorber_only,10.1038/srep19375,"Pilania et al. Sci Rep 6, 19375 (2016) — GLLB-SC double perovskite gaps"
PbTiNaVO6,2.078686619,,Pb,Na,Ti,V,O,,DFT_GLLBSC_gap,GLLB-SC,fundamental_quasiparticle,oxide_double_perovskite_absorber,A2BBprimeO6_oxide_double_perovskite,absorber_only,10.1038/srep19375,"Pilania et al. Sci Rep 6, 19375 (2016) — GLLB-SC double perovskite gaps"
PbTiSnTiO6,2.740887039,,Pb,Sn,Ti,Ti,O,,DFT_GLLBSC_gap,GLLB-SC,fundamental_quasiparticle,oxide_double_perovskite_absorber,A2BBprimeO6_oxide_double_perovskite,absorber_only,10.1038/srep19375,"Pilania et al. Sci Rep 6, 19375 (2016) — GLLB-SC double perovskite gaps"
PbTiSrGeO6,4.214439804,,Pb,Sr,Ti,Ge,O,,DFT_GLLBSC_gap,GLLB-SC,fundamental_quasiparticle,oxide_double_perovskite_absorber,A2BBprimeO6_oxide_double_perovskite,absorber_only,10.1038/srep19375,"Pilania et al. Sci Rep 6, 19375 (2016) — GLLB-SC double perovskite gaps"
PbTiSrSiO6,3.639510723,,Pb,Sr,Ti,Si,O,,DFT_GLLBSC_gap,GLLB-SC,fundamental_quasiparticle,oxide_double_perovskite_absorber,A2BBprimeO6_oxide_double_perovskite,absorber_only,10.1038/srep19375,"Pilania et al. Sci Rep 6, 19375 (2016) — GLLB-SC double perovskite gaps"
PbTiSrSnO6,4.982430469,,Pb,Sr,Ti,Sn,O,,DFT_GLLBSC_gap,GLLB-SC,fundamental_quasiparticle,oxide_double_perovskite_absorber,A2BBprimeO6_oxide_double_perovskite,absorber_only,10.1038/srep19375,"Pilania et al. Sci Rep 6, 19375 (2016) — GLLB-SC double perovskite gaps"
PbTiSrTiO6,3.754054864,,Pb,Sr,Ti,Ti,O,,DFT_GLLBSC_gap,GLLB-SC,fundamental_quasiparticle,oxide_double_perovskite_absorber,A2BBprimeO6_oxide_double_perovskite,absorber_only,10.1038/srep19375,"Pilania et al. Sci Rep 6, 19375 (2016) — GLLB-SC double perovskite gaps"
PbTiTlNbO6,2.253986807,,Pb,Tl,Ti,Nb,O,,DFT_GLLBSC_gap,GLLB-SC,fundamental_quasiparticle,oxide_double_perovskite_absorber,A2BBprimeO6_oxide_double_perovskite,absorber_only,10.1038/srep19375,"Pilania et al. Sci Rep 6, 19375 (2016) — GLLB-SC double perovskite gaps"
PbTiYAlO6,3.887638405,,Pb,Y,Ti,Al,O,,DFT_GLLBSC_gap,GLLB-SC,fundamental_quasiparticle,oxide_double_perovskite_absorber,A2BBprimeO6_oxide_double_perovskite,absorber_only,10.1038/srep19375,"Pilania et al. Sci Rep 6, 19375 (2016) — GLLB-SC double perovskite gaps"
PbZrAgNbO6,4.166115284,,Pb,Ag,Zr,Nb,O,,DFT_GLLBSC_gap,GLLB-SC,fundamental_quasiparticle,oxide_double_perovskite_absorber,A2BBprimeO6_oxide_double_perovskite,absorber_only,10.1038/srep19375,"Pilania et al. Sci Rep 6, 19375 (2016) — GLLB-SC double perovskite gaps"
PbZrBaSnO6,5.796148247,,Pb,Ba,Zr,Sn,O,,DFT_GLLBSC_gap,GLLB-SC,fundamental_quasiparticle,oxide_double_perovskite_absorber,A2BBprimeO6_oxide_double_perovskite,absorber_only,10.1038/srep19375,"Pilania et al. Sci Rep 6, 19375 (2016) — GLLB-SC double perovskite gaps"
PbZrBaTiO6,4.688502615,,Pb,Ba,Zr,Ti,O,,DFT_GLLBSC_gap,GLLB-SC,fundamental_quasiparticle,oxide_double_perovskite_absorber,A2BBprimeO6_oxide_double_perovskite,absorber_only,10.1038/srep19375,"Pilania et al. Sci Rep 6, 19375 (2016) — GLLB-SC double perovskite gaps"
PbZrCaGeO6,6.26137224,,Pb,Ca,Zr,Ge,O,,DFT_GLLBSC_gap,GLLB-SC,fundamental_quasiparticle,oxide_double_perovskite_absorber,A2BBprimeO6_oxide_double_perovskite,absorber_only,10.1038/srep19375,"Pilania et al. Sci Rep 6, 19375 (2016) — GLLB-SC double perovskite gaps"
PbZrCaSiO6,6.062284869,,Pb,Ca,Zr,Si,O,,DFT_GLLBSC_gap,GLLB-SC,fundamental_quasiparticle,oxide_double_perovskite_absorber,A2BBprimeO6_oxide_double_perovskite,absorber_only,10.1038/srep19375,"Pilania et al. Sci Rep 6, 19375 (2016) — GLLB-SC double perovskite gaps"
PbZrCaSnO6,5.978942608,,Pb,Ca,Zr,Sn,O,,DFT_GLLBSC_gap,GLLB-SC,fundamental_quasiparticle,oxide_double_perovskite_absorber,A2BBprimeO6_oxide_double_perovskite,absorber_only,10.1038/srep19375,"Pilania et al. Sci Rep 6, 19375 (2016) — GLLB-SC double perovskite gaps"
PbZrCaTiO6,4.347411697,,Pb,Ca,Zr,Ti,O,,DFT_GLLBSC_gap,GLLB-SC,fundamental_quasiparticle,oxide_double_perovskite_absorber,A2BBprimeO6_oxide_double_perovskite,absorber_only,10.1038/srep19375,"Pilania et al. Sci Rep 6, 19375 (2016) — GLLB-SC double perovskite gaps"
PbZrCsVO6,2.327454613,,Pb,Cs,Zr,V,O,,DFT_GLLBSC_gap,GLLB-SC,fundamental_quasiparticle,oxide_double_perovskite_absorber,A2BBprimeO6_oxide_double_perovskite,absorber_only,10.1038/srep19375,"Pilania et al. Sci Rep 6, 19375 (2016) — GLLB-SC double perovskite gaps"
PbZrGaNbO6,2.728501752,,Pb,Ga,Zr,Nb,O,,DFT_GLLBSC_gap,GLLB-SC,fundamental_quasiparticle,oxide_double_perovskite_absorber,A2BBprimeO6_oxide_double_perovskite,absorber_only,10.1038/srep19375,"Pilania et al. Sci Rep 6, 19375 (2016) — GLLB-SC double perovskite gaps"
PbZrInNbO6,1.502295363,,Pb,In,Zr,Nb,O,,DFT_GLLBSC_gap,GLLB-SC,fundamental_quasiparticle,oxide_double_perovskite_absorber,A2BBprimeO6_oxide_double_perovskite,absorber_only,10.1038/srep19375,"Pilania et al. Sci Rep 6, 19375 (2016) — GLLB-SC double perovskite gaps"
PbZrKNbO6,4.301584994,,Pb,K,Zr,Nb,O,,DFT_GLLBSC_gap,GLLB-SC,fundamental_quasiparticle,oxide_double_perovskite_absorber,A2BBprimeO6_oxide_double_perovskite,absorber_only,10.1038/srep19375,"Pilania et al. Sci Rep 6, 19375 (2016) — GLLB-SC double perovskite gaps"
PbZrKSbO6,5.411015669,,Pb,K,Zr,Sb,O,,DFT_GLLBSC_gap,GLLB-SC,fundamental_quasiparticle,oxide_double_perovskite_absorber,A2BBprimeO6_oxide_double_perovskite,absorber_only,10.1038/srep19375,"Pilania et al. Sci Rep 6, 19375 (2016) — GLLB-SC double perovskite gaps"
PbZrLaAlO6,6.123085031,,Pb,La,Zr,Al,O,,DFT_GLLBSC_gap,GLLB-SC,fundamental_quasiparticle,oxide_double_perovskite_absorber,A2BBprimeO6_oxide_double_perovskite,absorber_only,10.1038/srep19375,"Pilania et al. Sci Rep 6, 19375 (2016) — GLLB-SC double perovskite gaps"
PbZrLaGaO6,5.792527133,,Pb,La,Zr,Ga,O,,DFT_GLLBSC_gap,GLLB-SC,fundamental_quasiparticle,oxide_double_perovskite_absorber,A2BBprimeO6_oxide_double_perovskite,absorber_only,10.1038/srep19375,"Pilania et al. Sci Rep 6, 19375 (2016) — GLLB-SC double perovskite gaps"
PbZrLaInO6,5.413060914,,Pb,La,Zr,In,O,,DFT_GLLBSC_gap,GLLB-SC,fundamental_quasiparticle,oxide_double_perovskite_absorber,A2BBprimeO6_oxide_double_perovskite,absorber_only,10.1038/srep19375,"Pilania et al. Sci Rep 6, 19375 (2016) — GLLB-SC double perovskite gaps"
PbZrLiNbO6,4.322954385,,Pb,Li,Zr,Nb,O,,DFT_GLLBSC_gap,GLLB-SC,fundamental_quasiparticle,oxide_double_perovskite_absorber,A2BBprimeO6_oxide_double_perovskite,absorber_only,10.1038/srep19375,"Pilania et al. Sci Rep 6, 19375 (2016) — GLLB-SC double perovskite gaps"
PbZrLiVO6,1.984307728,,Pb,Li,Zr,V,O,,DFT_GLLBSC_gap,GLLB-SC,fundamental_quasiparticle,oxide_double_perovskite_absorber,A2BBprimeO6_oxide_double_perovskite,absorber_only,10.1038/srep19375,"Pilania et al. Sci Rep 6, 19375 (2016) — GLLB-SC double perovskite gaps"
PbZrMgTiO6,4.199383995,,Pb,Mg,Zr,Ti,O,,DFT_GLLBSC_gap,GLLB-SC,fundamental_quasiparticle,oxide_double_perovskite_absorber,A2BBprimeO6_oxide_double_perovskite,absorber_only,10.1038/srep19375,"Pilania et al. Sci Rep 6, 19375 (2016) — GLLB-SC double perovskite gaps"
PbZrNaNbO6,4.26853485,,Pb,Na,Zr,Nb,O,,DFT_GLLBSC_gap,GLLB-SC,fundamental_quasiparticle,oxide_double_perovskite_absorber,A2BBprimeO6_oxide_double_perovskite,absorber_only,10.1038/srep19375,"Pilania et al. Sci Rep 6, 19375 (2016) — GLLB-SC double perovskite gaps"
PbZrNaSbO6,5.661587712,,Pb,Na,Zr,Sb,O,,DFT_GLLBSC_gap,GLLB-SC,fundamental_quasiparticle,oxide_double_perovskite_absorber,A2BBprimeO6_oxide_double_perovskite,absorber_only,10.1038/srep19375,"Pilania et al. Sci Rep 6, 19375 (2016) — GLLB-SC double perovskite gaps"
PbZrNaVO6,1.975980895,,Pb,Na,Zr,V,O,,DFT_GLLBSC_gap,GLLB-SC,fundamental_quasiparticle,oxide_double_perovskite_absorber,A2BBprimeO6_oxide_double_perovskite,absorber_only,10.1038/srep19375,"Pilania et al. Sci Rep 6, 19375 (2016) — GLLB-SC double perovskite gaps"
PbZrPbTiO6,4.486692552,,Pb,Pb,Zr,Ti,O,,DFT_GLLBSC_gap,GLLB-SC,fundamental_quasiparticle,oxide_double_perovskite_absorber,A2BBprimeO6_oxide_double_perovskite,absorber_only,10.1038/srep19375,"Pilania et al. Sci Rep 6, 19375 (2016) — GLLB-SC double perovskite gaps"
PbZrRbNbO6,4.42595383,,Pb,Rb,Zr,Nb,O,,DFT_GLLBSC_gap,GLLB-SC,fundamental_quasiparticle,oxide_double_perovskite_absorber,A2BBprimeO6_oxide_double_perovskite,absorber_only,10.1038/srep19375,"Pilania et al. Sci Rep 6, 19375 (2016) — GLLB-SC double perovskite gaps"
PbZrSnHfO6,4.382511212,,Pb,Sn,Zr,Hf,O,,DFT_GLLBSC_gap,GLLB-SC,fundamental_quasiparticle,oxide_double_perovskite_absorber,A2BBprimeO6_oxide_double_perovskite,absorber_only,10.1038/srep19375,"Pilania et al. Sci Rep 6, 19375 (2016) — GLLB-SC double perovskite gaps"
PbZrSnTiO6,3.967840494,,Pb,Sn,Zr,Ti,O,,DFT_GLLBSC_gap,GLLB-SC,fundamental_quasiparticle,oxide_double_perovskite_absorber,A2BBprimeO6_oxide_double_perovskite,absorber_only,10.1038/srep19375,"Pilania et al. Sci Rep 6, 19375 (2016) — GLLB-SC double perovskite gaps"
PbZrSnZrO6,4.372622984,,Pb,Sn,Zr,Zr,O,,DFT_GLLBSC_gap,GLLB-SC,fundamental_quasiparticle,oxide_double_perovskite_absorber,A2BBprimeO6_oxide_double_perovskite,absorber_only,10.1038/srep19375,"Pilania et al. Sci Rep 6, 19375 (2016) — GLLB-SC double perovskite gaps"
PbZrSrGeO6,6.143619812,,Pb,Sr,Zr,Ge,O,,DFT_GLLBSC_gap,GLLB-SC,fundamental_quasiparticle,oxide_double_perovskite_absorber,A2BBprimeO6_oxide_double_perovskite,absorber_only,10.1038/srep19375,"Pilania et al. Sci Rep 6, 19375 (2016) — GLLB-SC double perovskite gaps"
PbZrSrSiO6,6.047798161,,Pb,Sr,Zr,Si,O,,DFT_GLLBSC_gap,GLLB-SC,fundamental_quasiparticle,oxide_double_perovskite_absorber,A2BBprimeO6_oxide_double_perovskite,absorber_only,10.1038/srep19375,"Pilania et al. Sci Rep 6, 19375 (2016) — GLLB-SC double perovskite gaps"
PbZrSrSnO6,5.909817046,,Pb,Sr,Zr,Sn,O,,DFT_GLLBSC_gap,GLLB-SC,fundamental_quasiparticle,oxide_double_perovskite_absorber,A2BBprimeO6_oxide_double_perovskite,absorber_only,10.1038/srep19375,"Pilania et al. Sci Rep 6, 19375 (2016) — GLLB-SC double perovskite gaps"
PbZrSrTiO6,4.782362473,,Pb,Sr,Zr,Ti,O,,DFT_GLLBSC_gap,GLLB-SC,fundamental_quasiparticle,oxide_double_perovskite_absorber,A2BBprimeO6_oxide_double_perovskite,absorber_only,10.1038/srep19375,"Pilania et al. Sci Rep 6, 19375 (2016) — GLLB-SC double perovskite gaps"
PbZrTlNbO6,2.769123763,,Pb,Tl,Zr,Nb,O,,DFT_GLLBSC_gap,GLLB-SC,fundamental_quasiparticle,oxide_double_perovskite_absorber,A2BBprimeO6_oxide_double_perovskite,absorber_only,10.1038/srep19375,"Pilania et al. Sci Rep 6, 19375 (2016) — GLLB-SC double perovskite gaps"
PbZrYAlO6,5.580683524,,Pb,Y,Zr,Al,O,,DFT_GLLBSC_gap,GLLB-SC,fundamental_quasiparticle,oxide_double_perovskite_absorber,A2BBprimeO6_oxide_double_perovskite,absorber_only,10.1038/srep19375,"Pilania et al. Sci Rep 6, 19375 (2016) — GLLB-SC double perovskite gaps"
RbNbAgNbO6,3.000554212,,Rb,Ag,Nb,Nb,O,,DFT_GLLBSC_gap,GLLB-SC,fundamental_quasiparticle,oxide_double_perovskite_absorber,A2BBprimeO6_oxide_double_perovskite,absorber_only,10.1038/srep19375,"Pilania et al. Sci Rep 6, 19375 (2016) — GLLB-SC double perovskite gaps"
RbNbBaSnO6,4.582478857,,Rb,Ba,Nb,Sn,O,,DFT_GLLBSC_gap,GLLB-SC,fundamental_quasiparticle,oxide_double_perovskite_absorber,A2BBprimeO6_oxide_double_perovskite,absorber_only,10.1038/srep19375,"Pilania et al. Sci Rep 6, 19375 (2016) — GLLB-SC double perovskite gaps"
RbNbBaTiO6,3.825994961,,Rb,Ba,Nb,Ti,O,,DFT_GLLBSC_gap,GLLB-SC,fundamental_quasiparticle,oxide_double_perovskite_absorber,A2BBprimeO6_oxide_double_perovskite,absorber_only,10.1038/srep19375,"Pilania et al. Sci Rep 6, 19375 (2016) — GLLB-SC double perovskite gaps"
RbNbCaGeO6,4.444933002,,Rb,Ca,Nb,Ge,O,,DFT_GLLBSC_gap,GLLB-SC,fundamental_quasiparticle,oxide_double_perovskite_absorber,A2BBprimeO6_oxide_double_perovskite,absorber_only,10.1038/srep19375,"Pilania et al. Sci Rep 6, 19375 (2016) — GLLB-SC double perovskite gaps"
RbNbCaSiO6,3.961833599,,Rb,Ca,Nb,Si,O,,DFT_GLLBSC_gap,GLLB-SC,fundamental_quasiparticle,oxide_double_perovskite_absorber,A2BBprimeO6_oxide_double_perovskite,absorber_only,10.1038/srep19375,"Pilania et al. Sci Rep 6, 19375 (2016) — GLLB-SC double perovskite gaps"
RbNbCaSnO6,4.978006733,,Rb,Ca,Nb,Sn,O,,DFT_GLLBSC_gap,GLLB-SC,fundamental_quasiparticle,oxide_double_perovskite_absorber,A2BBprimeO6_oxide_double_perovskite,absorber_only,10.1038/srep19375,"Pilania et al. Sci Rep 6, 19375 (2016) — GLLB-SC double perovskite gaps"
RbNbCaTiO6,3.464606286,,Rb,Ca,Nb,Ti,O,,DFT_GLLBSC_gap,GLLB-SC,fundamental_quasiparticle,oxide_double_perovskite_absorber,A2BBprimeO6_oxide_double_perovskite,absorber_only,10.1038/srep19375,"Pilania et al. Sci Rep 6, 19375 (2016) — GLLB-SC double perovskite gaps"
RbNbGaNbO6,1.501461081,,Rb,Ga,Nb,Nb,O,,DFT_GLLBSC_gap,GLLB-SC,fundamental_quasiparticle,oxide_double_perovskite_absorber,A2BBprimeO6_oxide_double_perovskite,absorber_only,10.1038/srep19375,"Pilania et al. Sci Rep 6, 19375 (2016) — GLLB-SC double perovskite gaps"
RbNbLaAlO6,4.45268281,,Rb,La,Nb,Al,O,,DFT_GLLBSC_gap,GLLB-SC,fundamental_quasiparticle,oxide_double_perovskite_absorber,A2BBprimeO6_oxide_double_perovskite,absorber_only,10.1038/srep19375,"Pilania et al. Sci Rep 6, 19375 (2016) — GLLB-SC double perovskite gaps"
RbNbLaGaO6,4.739790941,,Rb,La,Nb,Ga,O,,DFT_GLLBSC_gap,GLLB-SC,fundamental_quasiparticle,oxide_double_perovskite_absorber,A2BBprimeO6_oxide_double_perovskite,absorber_only,10.1038/srep19375,"Pilania et al. Sci Rep 6, 19375 (2016) — GLLB-SC double perovskite gaps"
RbNbLaInO6,4.788646563,,Rb,La,Nb,In,O,,DFT_GLLBSC_gap,GLLB-SC,fundamental_quasiparticle,oxide_double_perovskite_absorber,A2BBprimeO6_oxide_double_perovskite,absorber_only,10.1038/srep19375,"Pilania et al. Sci Rep 6, 19375 (2016) — GLLB-SC double perovskite gaps"
RbNbLiNbO6,3.132605798,,Rb,Li,Nb,Nb,O,,DFT_GLLBSC_gap,GLLB-SC,fundamental_quasiparticle,oxide_double_perovskite_absorber,A2BBprimeO6_oxide_double_perovskite,absorber_only,10.1038/srep19375,"Pilania et al. Sci Rep 6, 19375 (2016) — GLLB-SC double perovskite gaps"
RbNbMgTiO6,3.912256022,,Rb,Mg,Nb,Ti,O,,DFT_GLLBSC_gap,GLLB-SC,fundamental_quasiparticle,oxide_double_perovskite_absorber,A2BBprimeO6_oxide_double_perovskite,absorber_only,10.1038/srep19375,"Pilania et al. Sci Rep 6, 19375 (2016) — GLLB-SC double perovskite gaps"
RbNbNaNbO6,3.104351528,,Rb,Na,Nb,Nb,O,,DFT_GLLBSC_gap,GLLB-SC,fundamental_quasiparticle,oxide_double_perovskite_absorber,A2BBprimeO6_oxide_double_perovskite,absorber_only,10.1038/srep19375,"Pilania et al. Sci Rep 6, 19375 (2016) — GLLB-SC double perovskite gaps"
RbNbNaSbO6,4.001396256,,Rb,Na,Nb,Sb,O,,DFT_GLLBSC_gap,GLLB-SC,fundamental_quasiparticle,oxide_double_perovskite_absorber,A2BBprimeO6_oxide_double_perovskite,absorber_only,10.1038/srep19375,"Pilania et al. Sci Rep 6, 19375 (2016) — GLLB-SC double perovskite gaps"
RbNbPbTiO6,3.927842162,,Rb,Pb,Nb,Ti,O,,DFT_GLLBSC_gap,GLLB-SC,fundamental_quasiparticle,oxide_double_perovskite_absorber,A2BBprimeO6_oxide_double_perovskite,absorber_only,10.1038/srep19375,"Pilania et al. Sci Rep 6, 19375 (2016) — GLLB-SC double perovskite gaps"
RbNbSnTiO6,2.827129685,,Rb,Sn,Nb,Ti,O,,DFT_GLLBSC_gap,GLLB-SC,fundamental_quasiparticle,oxide_double_perovskite_absorber,A2BBprimeO6_oxide_double_perovskite,absorber_only,10.1038/srep19375,"Pilania et al. Sci Rep 6, 19375 (2016) — GLLB-SC double perovskite gaps"
RbNbSnZrO6,3.402918374,,Rb,Sn,Nb,Zr,O,,DFT_GLLBSC_gap,GLLB-SC,fundamental_quasiparticle,oxide_double_perovskite_absorber,A2BBprimeO6_oxide_double_perovskite,absorber_only,10.1038/srep19375,"Pilania et al. Sci Rep 6, 19375 (2016) — GLLB-SC double perovskite gaps"
RbNbSrGeO6,4.380221184,,Rb,Sr,Nb,Ge,O,,DFT_GLLBSC_gap,GLLB-SC,fundamental_quasiparticle,oxide_double_perovskite_absorber,A2BBprimeO6_oxide_double_perovskite,absorber_only,10.1038/srep19375,"Pilania et al. Sci Rep 6, 19375 (2016) — GLLB-SC double perovskite gaps"
RbNbSrSiO6,3.912411102,,Rb,Sr,Nb,Si,O,,DFT_GLLBSC_gap,GLLB-SC,fundamental_quasiparticle,oxide_double_perovskite_absorber,A2BBprimeO6_oxide_double_perovskite,absorber_only,10.1038/srep19375,"Pilania et al. Sci Rep 6, 19375 (2016) — GLLB-SC double perovskite gaps"
RbNbSrSnO6,4.866665774,,Rb,Sr,Nb,Sn,O,,DFT_GLLBSC_gap,GLLB-SC,fundamental_quasiparticle,oxide_double_perovskite_absorber,A2BBprimeO6_oxide_double_perovskite,absorber_only,10.1038/srep19375,"Pilania et al. Sci Rep 6, 19375 (2016) — GLLB-SC double perovskite gaps"
RbNbSrTiO6,3.404490411,,Rb,Sr,Nb,Ti,O,,DFT_GLLBSC_gap,GLLB-SC,fundamental_quasiparticle,oxide_double_perovskite_absorber,A2BBprimeO6_oxide_double_perovskite,absorber_only,10.1038/srep19375,"Pilania et al. Sci Rep 6, 19375 (2016) — GLLB-SC double perovskite gaps"
RbNbTlNbO6,1.926609234,,Rb,Tl,Nb,Nb,O,,DFT_GLLBSC_gap,GLLB-SC,fundamental_quasiparticle,oxide_double_perovskite_absorber,A2BBprimeO6_oxide_double_perovskite,absorber_only,10.1038/srep19375,"Pilania et al. Sci Rep 6, 19375 (2016) — GLLB-SC double perovskite gaps"
RbNbTlTaO6,1.755772218,,Rb,Tl,Nb,Ta,O,,DFT_GLLBSC_gap,GLLB-SC,fundamental_quasiparticle,oxide_double_perovskite_absorber,A2BBprimeO6_oxide_double_perovskite,absorber_only,10.1038/srep19375,"Pilania et al. Sci Rep 6, 19375 (2016) — GLLB-SC double perovskite gaps"
RbNbYAlO6,4.581560313,,Rb,Y,Nb,Al,O,,DFT_GLLBSC_gap,GLLB-SC,fundamental_quasiparticle,oxide_double_perovskite_absorber,A2BBprimeO6_oxide_double_perovskite,absorber_only,10.1038/srep19375,"Pilania et al. Sci Rep 6, 19375 (2016) — GLLB-SC double perovskite gaps"
RbTaAgNbO6,3.372259,,Rb,Ag,Ta,Nb,O,,DFT_GLLBSC_gap,GLLB-SC,fundamental_quasiparticle,oxide_double_perovskite_absorber,A2BBprimeO6_oxide_double_perovskite,absorber_only,10.1038/srep19375,"Pilania et al. Sci Rep 6, 19375 (2016) — GLLB-SC double perovskite gaps"
RbTaAgTaO6,3.912786912,,Rb,Ag,Ta,Ta,O,,DFT_GLLBSC_gap,GLLB-SC,fundamental_quasiparticle,oxide_double_perovskite_absorber,A2BBprimeO6_oxide_double_perovskite,absorber_only,10.1038/srep19375,"Pilania et al. Sci Rep 6, 19375 (2016) — GLLB-SC double perovskite gaps"
RbTaBaSnO6,5.005447926,,Rb,Ba,Ta,Sn,O,,DFT_GLLBSC_gap,GLLB-SC,fundamental_quasiparticle,oxide_double_perovskite_absorber,A2BBprimeO6_oxide_double_perovskite,absorber_only,10.1038/srep19375,"Pilania et al. Sci Rep 6, 19375 (2016) — GLLB-SC double perovskite gaps"
RbTaBaTiO6,3.725461181,,Rb,Ba,Ta,Ti,O,,DFT_GLLBSC_gap,GLLB-SC,fundamental_quasiparticle,oxide_double_perovskite_absorber,A2BBprimeO6_oxide_double_perovskite,absorber_only,10.1038/srep19375,"Pilania et al. Sci Rep 6, 19375 (2016) — GLLB-SC double perovskite gaps"
RbTaCaGeO6,5.172654926,,Rb,Ca,Ta,Ge,O,,DFT_GLLBSC_gap,GLLB-SC,fundamental_quasiparticle,oxide_double_perovskite_absorber,A2BBprimeO6_oxide_double_perovskite,absorber_only,10.1038/srep19375,"Pilania et al. Sci Rep 6, 19375 (2016) — GLLB-SC double perovskite gaps"
RbTaCaHfO6,5.344751259,,Rb,Ca,Ta,Hf,O,,DFT_GLLBSC_gap,GLLB-SC,fundamental_quasiparticle,oxide_double_perovskite_absorber,A2BBprimeO6_oxide_double_perovskite,absorber_only,10.1038/srep19375,"Pilania et al. Sci Rep 6, 19375 (2016) — GLLB-SC double perovskite gaps"
RbTaCaSiO6,5.009983702,,Rb,Ca,Ta,Si,O,,DFT_GLLBSC_gap,GLLB-SC,fundamental_quasiparticle,oxide_double_perovskite_absorber,A2BBprimeO6_oxide_double_perovskite,absorber_only,10.1038/srep19375,"Pilania et al. Sci Rep 6, 19375 (2016) — GLLB-SC double perovskite gaps"
RbTaCaSnO6,5.542419882,,Rb,Ca,Ta,Sn,O,,DFT_GLLBSC_gap,GLLB-SC,fundamental_quasiparticle,oxide_double_perovskite_absorber,A2BBprimeO6_oxide_double_perovskite,absorber_only,10.1038/srep19375,"Pilania et al. Sci Rep 6, 19375 (2016) — GLLB-SC double perovskite gaps"
RbTaCaTiO6,4.15025041,,Rb,Ca,Ta,Ti,O,,DFT_GLLBSC_gap,GLLB-SC,fundamental_quasiparticle,oxide_double_perovskite_absorber,A2BBprimeO6_oxide_double_perovskite,absorber_only,10.1038/srep19375,"Pilania et al. Sci Rep 6, 19375 (2016) — GLLB-SC double perovskite gaps"
RbTaCaZrO6,5.289425231,,Rb,Ca,Ta,Zr,O,,DFT_GLLBSC_gap,GLLB-SC,fundamental_quasiparticle,oxide_double_perovskite_absorber,A2BBprimeO6_oxide_double_perovskite,absorber_only,10.1038/srep19375,"Pilania et al. Sci Rep 6, 19375 (2016) — GLLB-SC double perovskite gaps"
RbTaCsNbO6,3.244169484,,Rb,Cs,Ta,Nb,O,,DFT_GLLBSC_gap,GLLB-SC,fundamental_quasiparticle,oxide_double_perovskite_absorber,A2BBprimeO6_oxide_double_perovskite,absorber_only,10.1038/srep19375,"Pilania et al. Sci Rep 6, 19375 (2016) — GLLB-SC double perovskite gaps"
RbTaCsVO6,2.256230932,,Rb,Cs,Ta,V,O,,DFT_GLLBSC_gap,GLLB-SC,fundamental_quasiparticle,oxide_double_perovskite_absorber,A2BBprimeO6_oxide_double_perovskite,absorber_only,10.1038/srep19375,"Pilania et al. Sci Rep 6, 19375 (2016) — GLLB-SC double perovskite gaps"
RbTaGaNbO6,1.714926982,,Rb,Ga,Ta,Nb,O,,DFT_GLLBSC_gap,GLLB-SC,fundamental_quasiparticle,oxide_double_perovskite_absorber,A2BBprimeO6_oxide_double_perovskite,absorber_only,10.1038/srep19375,"Pilania et al. Sci Rep 6, 19375 (2016) — GLLB-SC double perovskite gaps"
RbTaGaTaO6,2.197091366,,Rb,Ga,Ta,Ta,O,,DFT_GLLBSC_gap,GLLB-SC,fundamental_quasiparticle,oxide_double_perovskite_absorber,A2BBprimeO6_oxide_double_perovskite,absorber_only,10.1038/srep19375,"Pilania et al. Sci Rep 6, 19375 (2016) — GLLB-SC double perovskite gaps"
RbTaKNbO6,3.385357147,,Rb,K,Ta,Nb,O,,DFT_GLLBSC_gap,GLLB-SC,fundamental_quasiparticle,oxide_double_perovskite_absorber,A2BBprimeO6_oxide_double_perovskite,absorber_only,10.1038/srep19375,"Pilania et al. Sci Rep 6, 19375 (2016) — GLLB-SC double perovskite gaps"
RbTaKSbO6,4.138193241,,Rb,K,Ta,Sb,O,,DFT_GLLBSC_gap,GLLB-SC,fundamental_quasiparticle,oxide_double_perovskite_absorber,A2BBprimeO6_oxide_double_perovskite,absorber_only,10.1038/srep19375,"Pilania et al. Sci Rep 6, 19375 (2016) — GLLB-SC double perovskite gaps"
RbTaLaAlO6,5.350370897,,Rb,La,Ta,Al,O,,DFT_GLLBSC_gap,GLLB-SC,fundamental_quasiparticle,oxide_double_perovskite_absorber,A2BBprimeO6_oxide_double_perovskite,absorber_only,10.1038/srep19375,"Pilania et al. Sci Rep 6, 19375 (2016) — GLLB-SC double perovskite gaps"
RbTaLaGaO6,5.68309794,,Rb,La,Ta,Ga,O,,DFT_GLLBSC_gap,GLLB-SC,fundamental_quasiparticle,oxide_double_perovskite_absorber,A2BBprimeO6_oxide_double_perovskite,absorber_only,10.1038/srep19375,"Pilania et al. Sci Rep 6, 19375 (2016) — GLLB-SC double perovskite gaps"
RbTaLaInO6,5.659890797,,Rb,La,Ta,In,O,,DFT_GLLBSC_gap,GLLB-SC,fundamental_quasiparticle,oxide_double_perovskite_absorber,A2BBprimeO6_oxide_double_perovskite,absorber_only,10.1038/srep19375,"Pilania et al. Sci Rep 6, 19375 (2016) — GLLB-SC double perovskite gaps"
RbTaLaScO6,5.569235185,,Rb,La,Ta,Sc,O,,DFT_GLLBSC_gap,GLLB-SC,fundamental_quasiparticle,oxide_double_perovskite_absorber,A2BBprimeO6_oxide_double_perovskite,absorber_only,10.1038/srep19375,"Pilania et al. Sci Rep 6, 19375 (2016) — GLLB-SC double perovskite gaps"
RbTaLiNbO6,3.503887171,,Rb,Li,Ta,Nb,O,,DFT_GLLBSC_gap,GLLB-SC,fundamental_quasiparticle,oxide_double_perovskite_absorber,A2BBprimeO6_oxide_double_perovskite,absorber_only,10.1038/srep19375,"Pilania et al. Sci Rep 6, 19375 (2016) — GLLB-SC double perovskite gaps"
RbTaLiTaO6,4.063775902,,Rb,Li,Ta,Ta,O,,DFT_GLLBSC_gap,GLLB-SC,fundamental_quasiparticle,oxide_double_perovskite_absorber,A2BBprimeO6_oxide_double_perovskite,absorber_only,10.1038/srep19375,"Pilania et al. Sci Rep 6, 19375 (2016) — GLLB-SC double perovskite gaps"
RbTaLiVO6,2.256156773,,Rb,Li,Ta,V,O,,DFT_GLLBSC_gap,GLLB-SC,fundamental_quasiparticle,oxide_double_perovskite_absorber,A2BBprimeO6_oxide_double_perovskite,absorber_only,10.1038/srep19375,"Pilania et al. Sci Rep 6, 19375 (2016) — GLLB-SC double perovskite gaps"
RbTaMgTiO6,5.087929236,,Rb,Mg,Ta,Ti,O,,DFT_GLLBSC_gap,GLLB-SC,fundamental_quasiparticle,oxide_double_perovskite_absorber,A2BBprimeO6_oxide_double_perovskite,absorber_only,10.1038/srep19375,"Pilania et al. Sci Rep 6, 19375 (2016) — GLLB-SC double perovskite gaps"
RbTaMgZrO6,6.155481471,,Rb,Mg,Ta,Zr,O,,DFT_GLLBSC_gap,GLLB-SC,fundamental_quasiparticle,oxide_double_perovskite_absorber,A2BBprimeO6_oxide_double_perovskite,absorber_only,10.1038/srep19375,"Pilania et al. Sci Rep 6, 19375 (2016) — GLLB-SC double perovskite gaps"
RbTaNaNbO6,3.480365291,,Rb,Na,Ta,Nb,O,,DFT_GLLBSC_gap,GLLB-SC,fundamental_quasiparticle,oxide_double_perovskite_absorber,A2BBprimeO6_oxide_double_perovskite,absorber_only,10.1038/srep19375,"Pilania et al. Sci Rep 6, 19375 (2016) — GLLB-SC double perovskite gaps"
RbTaNaSbO6,4.486824192,,Rb,Na,Ta,Sb,O,,DFT_GLLBSC_gap,GLLB-SC,fundamental_quasiparticle,oxide_double_perovskite_absorber,A2BBprimeO6_oxide_double_perovskite,absorber_only,10.1038/srep19375,"Pilania et al. Sci Rep 6, 19375 (2016) — GLLB-SC double perovskite gaps"
RbTaNaTaO6,4.032147769,,Rb,Na,Ta,Ta,O,,DFT_GLLBSC_gap,GLLB-SC,fundamental_quasiparticle,oxide_double_perovskite_absorber,A2BBprimeO6_oxide_double_perovskite,absorber_only,10.1038/srep19375,"Pilania et al. Sci Rep 6, 19375 (2016) — GLLB-SC double perovskite gaps"
RbTaNaVO6,1.992431484,,Rb,Na,Ta,V,O,,DFT_GLLBSC_gap,GLLB-SC,fundamental_quasiparticle,oxide_double_perovskite_absorber,A2BBprimeO6_oxide_double_perovskite,absorber_only,10.1038/srep19375,"Pilania et al. Sci Rep 6, 19375 (2016) — GLLB-SC double perovskite gaps"
RbTaPbHfO6,5.152195244,,Rb,Pb,Ta,Hf,O,,DFT_GLLBSC_gap,GLLB-SC,fundamental_quasiparticle,oxide_double_perovskite_absorber,A2BBprimeO6_oxide_double_perovskite,absorber_only,10.1038/srep19375,"Pilania et al. Sci Rep 6, 19375 (2016) — GLLB-SC double perovskite gaps"
RbTaPbTiO6,3.863966354,,Rb,Pb,Ta,Ti,O,,DFT_GLLBSC_gap,GLLB-SC,fundamental_quasiparticle,oxide_double_perovskite_absorber,A2BBprimeO6_oxide_double_perovskite,absorber_only,10.1038/srep19375,"Pilania et al. Sci Rep 6, 19375 (2016) — GLLB-SC double perovskite gaps"
RbTaPbZrO6,5.061727768,,Rb,Pb,Ta,Zr,O,,DFT_GLLBSC_gap,GLLB-SC,fundamental_quasiparticle,oxide_double_perovskite_absorber,A2BBprimeO6_oxide_double_perovskite,absorber_only,10.1038/srep19375,"Pilania et al. Sci Rep 6, 19375 (2016) — GLLB-SC double perovskite gaps"
RbTaRbNbO6,3.324907538,,Rb,Rb,Ta,Nb,O,,DFT_GLLBSC_gap,GLLB-SC,fundamental_quasiparticle,oxide_double_perovskite_absorber,A2BBprimeO6_oxide_double_perovskite,absorber_only,10.1038/srep19375,"Pilania et al. Sci Rep 6, 19375 (2016) — GLLB-SC double perovskite gaps"
RbTaSnHfO6,4.788507051,,Rb,Sn,Ta,Hf,O,,DFT_GLLBSC_gap,GLLB-SC,fundamental_quasiparticle,oxide_double_perovskite_absorber,A2BBprimeO6_oxide_double_perovskite,absorber_only,10.1038/srep19375,"Pilania et al. Sci Rep 6, 19375 (2016) — GLLB-SC double perovskite gaps"
RbTaSnTiO6,3.187687673,,Rb,Sn,Ta,Ti,O,,DFT_GLLBSC_gap,GLLB-SC,fundamental_quasiparticle,oxide_double_perovskite_absorber,A2BBprimeO6_oxide_double_perovskite,absorber_only,10.1038/srep19375,"Pilania et al. Sci Rep 6, 19375 (2016) — GLLB-SC double perovskite gaps"
RbTaSnZrO6,4.738259487,,Rb,Sn,Ta,Zr,O,,DFT_GLLBSC_gap,GLLB-SC,fundamental_quasiparticle,oxide_double_perovskite_absorber,A2BBprimeO6_oxide_double_perovskite,absorber_only,10.1038/srep19375,"Pilania et al. Sci Rep 6, 19375 (2016) — GLLB-SC double perovskite gaps"
RbTaSrGeO6,4.886605861,,Rb,Sr,Ta,Ge,O,,DFT_GLLBSC_gap,GLLB-SC,fundamental_quasiparticle,oxide_double_perovskite_absorber,A2BBprimeO6_oxide_double_perovskite,absorber_only,10.1038/srep19375,"Pilania et al. Sci Rep 6, 19375 (2016) — GLLB-SC double perovskite gaps"
RbTaSrHfO6,5.101717351,,Rb,Sr,Ta,Hf,O,,DFT_GLLBSC_gap,GLLB-SC,fundamental_quasiparticle,oxide_double_perovskite_absorber,A2BBprimeO6_oxide_double_perovskite,absorber_only,10.1038/srep19375,"Pilania et al. Sci Rep 6, 19375 (2016) — GLLB-SC double perovskite gaps"
RbTaSrSiO6,4.925639137,,Rb,Sr,Ta,Si,O,,DFT_GLLBSC_gap,GLLB-SC,fundamental_quasiparticle,oxide_double_perovskite_absorber,A2BBprimeO6_oxide_double_perovskite,absorber_only,10.1038/srep19375,"Pilania et al. Sci Rep 6, 19375 (2016) — GLLB-SC double perovskite gaps"
RbTaSrSnO6,5.339337693,,Rb,Sr,Ta,Sn,O,,DFT_GLLBSC_gap,GLLB-SC,fundamental_quasiparticle,oxide_double_perovskite_absorber,A2BBprimeO6_oxide_double_perovskite,absorber_only,10.1038/srep19375,"Pilania et al. Sci Rep 6, 19375 (2016) — GLLB-SC double perovskite gaps"
RbTaSrTiO6,3.820417026,,Rb,Sr,Ta,Ti,O,,DFT_GLLBSC_gap,GLLB-SC,fundamental_quasiparticle,oxide_double_perovskite_absorber,A2BBprimeO6_oxide_double_perovskite,absorber_only,10.1038/srep19375,"Pilania et al. Sci Rep 6, 19375 (2016) — GLLB-SC double perovskite gaps"
RbTaSrZrO6,5.004836343,,Rb,Sr,Ta,Zr,O,,DFT_GLLBSC_gap,GLLB-SC,fundamental_quasiparticle,oxide_double_perovskite_absorber,A2BBprimeO6_oxide_double_perovskite,absorber_only,10.1038/srep19375,"Pilania et al. Sci Rep 6, 19375 (2016) — GLLB-SC double perovskite gaps"
RbTaTlNbO6,1.755690239,,Rb,Tl,Ta,Nb,O,,DFT_GLLBSC_gap,GLLB-SC,fundamental_quasiparticle,oxide_double_perovskite_absorber,A2BBprimeO6_oxide_double_perovskite,absorber_only,10.1038/srep19375,"Pilania et al. Sci Rep 6, 19375 (2016) — GLLB-SC double perovskite gaps"
RbTaTlTaO6,2.236308333,,Rb,Tl,Ta,Ta,O,,DFT_GLLBSC_gap,GLLB-SC,fundamental_quasiparticle,oxide_double_perovskite_absorber,A2BBprimeO6_oxide_double_perovskite,absorber_only,10.1038/srep19375,"Pilania et al. Sci Rep 6, 19375 (2016) — GLLB-SC double perovskite gaps"
RbTaYAlO6,5.611690741,,Rb,Y,Ta,Al,O,,DFT_GLLBSC_gap,GLLB-SC,fundamental_quasiparticle,oxide_double_perovskite_absorber,A2BBprimeO6_oxide_double_perovskite,absorber_only,10.1038/srep19375,"Pilania et al. Sci Rep 6, 19375 (2016) — GLLB-SC double perovskite gaps"
SnHfAgNbO6,3.209983605,,Sn,Ag,Hf,Nb,O,,DFT_GLLBSC_gap,GLLB-SC,fundamental_quasiparticle,oxide_double_perovskite_absorber,A2BBprimeO6_oxide_double_perovskite,absorber_only,10.1038/srep19375,"Pilania et al. Sci Rep 6, 19375 (2016) — GLLB-SC double perovskite gaps"
SnHfBaSnO6,5.174115888,,Sn,Ba,Hf,Sn,O,,DFT_GLLBSC_gap,GLLB-SC,fundamental_quasiparticle,oxide_double_perovskite_absorber,A2BBprimeO6_oxide_double_perovskite,absorber_only,10.1038/srep19375,"Pilania et al. Sci Rep 6, 19375 (2016) — GLLB-SC double perovskite gaps"
SnHfBaTiO6,4.117569876,,Sn,Ba,Hf,Ti,O,,DFT_GLLBSC_gap,GLLB-SC,fundamental_quasiparticle,oxide_double_perovskite_absorber,A2BBprimeO6_oxide_double_perovskite,absorber_only,10.1038/srep19375,"Pilania et al. Sci Rep 6, 19375 (2016) — GLLB-SC double perovskite gaps"
SnHfCaGeO6,4.190195999,,Sn,Ca,Hf,Ge,O,,DFT_GLLBSC_gap,GLLB-SC,fundamental_quasiparticle,oxide_double_perovskite_absorber,A2BBprimeO6_oxide_double_perovskite,absorber_only,10.1038/srep19375,"Pilania et al. Sci Rep 6, 19375 (2016) — GLLB-SC double perovskite gaps"
SnHfCaSiO6,4.879451562,,Sn,Ca,Hf,Si,O,,DFT_GLLBSC_gap,GLLB-SC,fundamental_quasiparticle,oxide_double_perovskite_absorber,A2BBprimeO6_oxide_double_perovskite,absorber_only,10.1038/srep19375,"Pilania et al. Sci Rep 6, 19375 (2016) — GLLB-SC double perovskite gaps"
SnHfCaSnO6,3.946579171,,Sn,Ca,Hf,Sn,O,,DFT_GLLBSC_gap,GLLB-SC,fundamental_quasiparticle,oxide_double_perovskite_absorber,A2BBprimeO6_oxide_double_perovskite,absorber_only,10.1038/srep19375,"Pilania et al. Sci Rep 6, 19375 (2016) — GLLB-SC double perovskite gaps"
SnHfCaTiO6,3.352056245,,Sn,Ca,Hf,Ti,O,,DFT_GLLBSC_gap,GLLB-SC,fundamental_quasiparticle,oxide_double_perovskite_absorber,A2BBprimeO6_oxide_double_perovskite,absorber_only,10.1038/srep19375,"Pilania et al. Sci Rep 6, 19375 (2016) — GLLB-SC double perovskite gaps"
SnHfCsVO6,1.553908766,,Sn,Cs,Hf,V,O,,DFT_GLLBSC_gap,GLLB-SC,fundamental_quasiparticle,oxide_double_perovskite_absorber,A2BBprimeO6_oxide_double_perovskite,absorber_only,10.1038/srep19375,"Pilania et al. Sci Rep 6, 19375 (2016) — GLLB-SC double perovskite gaps"
SnHfGaNbO6,2.680932059,,Sn,Ga,Hf,Nb,O,,DFT_GLLBSC_gap,GLLB-SC,fundamental_quasiparticle,oxide_double_perovskite_absorber,A2BBprimeO6_oxide_double_perovskite,absorber_only,10.1038/srep19375,"Pilania et al. Sci Rep 6, 19375 (2016) — GLLB-SC double perovskite gaps"
SnHfGaTaO6,3.434604475,,Sn,Ga,Hf,Ta,O,,DFT_GLLBSC_gap,GLLB-SC,fundamental_quasiparticle,oxide_double_perovskite_absorber,A2BBprimeO6_oxide_double_perovskite,absorber_only,10.1038/srep19375,"Pilania et al. Sci Rep 6, 19375 (2016) — GLLB-SC double perovskite gaps"
SnHfInNbO6,1.463743255,,Sn,In,Hf,Nb,O,,DFT_GLLBSC_gap,GLLB-SC,fundamental_quasiparticle,oxide_double_perovskite_absorber,A2BBprimeO6_oxide_double_perovskite,absorber_only,10.1038/srep19375,"Pilania et al. Sci Rep 6, 19375 (2016) — GLLB-SC double perovskite gaps"
SnHfKNbO6,4.033855052,,Sn,K,Hf,Nb,O,,DFT_GLLBSC_gap,GLLB-SC,fundamental_quasiparticle,oxide_double_perovskite_absorber,A2BBprimeO6_oxide_double_perovskite,absorber_only,10.1038/srep19375,"Pilania et al. Sci Rep 6, 19375 (2016) — GLLB-SC double perovskite gaps"
SnHfLaAlO6,4.926783336,,Sn,La,Hf,Al,O,,DFT_GLLBSC_gap,GLLB-SC,fundamental_quasiparticle,oxide_double_perovskite_absorber,A2BBprimeO6_oxide_double_perovskite,absorber_only,10.1038/srep19375,"Pilania et al. Sci Rep 6, 19375 (2016) — GLLB-SC double perovskite gaps"
SnHfLaGaO6,4.783226641,,Sn,La,Hf,Ga,O,,DFT_GLLBSC_gap,GLLB-SC,fundamental_quasiparticle,oxide_double_perovskite_absorber,A2BBprimeO6_oxide_double_perovskite,absorber_only,10.1038/srep19375,"Pilania et al. Sci Rep 6, 19375 (2016) — GLLB-SC double perovskite gaps"
SnHfLaInO6,4.45984096,,Sn,La,Hf,In,O,,DFT_GLLBSC_gap,GLLB-SC,fundamental_quasiparticle,oxide_double_perovskite_absorber,A2BBprimeO6_oxide_double_perovskite,absorber_only,10.1038/srep19375,"Pilania et al. Sci Rep 6, 19375 (2016) — GLLB-SC double perovskite gaps"
SnHfLiNbO6,3.257029919,,Sn,Li,Hf,Nb,O,,DFT_GLLBSC_gap,GLLB-SC,fundamental_quasiparticle,oxide_double_perovskite_absorber,A2BBprimeO6_oxide_double_perovskite,absorber_only,10.1038/srep19375,"Pilania et al. Sci Rep 6, 19375 (2016) — GLLB-SC double perovskite gaps"
SnHfLiVO6,0.650198371,,Sn,Li,Hf,V,O,,DFT_GLLBSC_gap,GLLB-SC,fundamental_quasiparticle,oxide_double_perovskite_absorber,A2BBprimeO6_oxide_double_perovskite,absorber_only,10.1038/srep19375,"Pilania et al. Sci Rep 6, 19375 (2016) — GLLB-SC double perovskite gaps"
SnHfMgTiO6,3.126042499,,Sn,Mg,Hf,Ti,O,,DFT_GLLBSC_gap,GLLB-SC,fundamental_quasiparticle,oxide_double_perovskite_absorber,A2BBprimeO6_oxide_double_perovskite,absorber_only,10.1038/srep19375,"Pilania et al. Sci Rep 6, 19375 (2016) — GLLB-SC double perovskite gaps"
SnHfNaNbO6,3.140093285,,Sn,Na,Hf,Nb,O,,DFT_GLLBSC_gap,GLLB-SC,fundamental_quasiparticle,oxide_double_perovskite_absorber,A2BBprimeO6_oxide_double_perovskite,absorber_only,10.1038/srep19375,"Pilania et al. Sci Rep 6, 19375 (2016) — GLLB-SC double perovskite gaps"
SnHfNaSbO6,4.99990274,,Sn,Na,Hf,Sb,O,,DFT_GLLBSC_gap,GLLB-SC,fundamental_quasiparticle,oxide_double_perovskite_absorber,A2BBprimeO6_oxide_double_perovskite,absorber_only,10.1038/srep19375,"Pilania et al. Sci Rep 6, 19375 (2016) — GLLB-SC double perovskite gaps"
SnHfNaVO6,1.483239949,,Sn,Na,Hf,V,O,,DFT_GLLBSC_gap,GLLB-SC,fundamental_quasiparticle,oxide_double_perovskite_absorber,A2BBprimeO6_oxide_double_perovskite,absorber_only,10.1038/srep19375,"Pilania et al. Sci Rep 6, 19375 (2016) — GLLB-SC double perovskite gaps"
SnHfPbTiO6,3.974059783,,Sn,Pb,Hf,Ti,O,,DFT_GLLBSC_gap,GLLB-SC,fundamental_quasiparticle,oxide_double_perovskite_absorber,A2BBprimeO6_oxide_double_perovskite,absorber_only,10.1038/srep19375,"Pilania et al. Sci Rep 6, 19375 (2016) — GLLB-SC double perovskite gaps"
SnHfRbNbO6,4.012968027,,Sn,Rb,Hf,Nb,O,,DFT_GLLBSC_gap,GLLB-SC,fundamental_quasiparticle,oxide_double_perovskite_absorber,A2BBprimeO6_oxide_double_perovskite,absorber_only,10.1038/srep19375,"Pilania et al. Sci Rep 6, 19375 (2016) — GLLB-SC double perovskite gaps"
SnHfSnTiO6,3.527115883,,Sn,Sn,Hf,Ti,O,,DFT_GLLBSC_gap,GLLB-SC,fundamental_quasiparticle,oxide_double_perovskite_absorber,A2BBprimeO6_oxide_double_perovskite,absorber_only,10.1038/srep19375,"Pilania et al. Sci Rep 6, 19375 (2016) — GLLB-SC double perovskite gaps"
SnHfSnZrO6,3.970705007,,Sn,Sn,Hf,Zr,O,,DFT_GLLBSC_gap,GLLB-SC,fundamental_quasiparticle,oxide_double_perovskite_absorber,A2BBprimeO6_oxide_double_perovskite,absorber_only,10.1038/srep19375,"Pilania et al. Sci Rep 6, 19375 (2016) — GLLB-SC double perovskite gaps"
SnHfSrGeO6,5.080946049,,Sn,Sr,Hf,Ge,O,,DFT_GLLBSC_gap,GLLB-SC,fundamental_quasiparticle,oxide_double_perovskite_absorber,A2BBprimeO6_oxide_double_perovskite,absorber_only,10.1038/srep19375,"Pilania et al. Sci Rep 6, 19375 (2016) — GLLB-SC double perovskite gaps"
SnHfSrSiO6,4.896460123,,Sn,Sr,Hf,Si,O,,DFT_GLLBSC_gap,GLLB-SC,fundamental_quasiparticle,oxide_double_perovskite_absorber,A2BBprimeO6_oxide_double_perovskite,absorber_only,10.1038/srep19375,"Pilania et al. Sci Rep 6, 19375 (2016) — GLLB-SC double perovskite gaps"
SnHfSrSnO6,5.171032937,,Sn,Sr,Hf,Sn,O,,DFT_GLLBSC_gap,GLLB-SC,fundamental_quasiparticle,oxide_double_perovskite_absorber,A2BBprimeO6_oxide_double_perovskite,absorber_only,10.1038/srep19375,"Pilania et al. Sci Rep 6, 19375 (2016) — GLLB-SC double perovskite gaps"
SnHfSrTiO6,4.144891869,,Sn,Sr,Hf,Ti,O,,DFT_GLLBSC_gap,GLLB-SC,fundamental_quasiparticle,oxide_double_perovskite_absorber,A2BBprimeO6_oxide_double_perovskite,absorber_only,10.1038/srep19375,"Pilania et al. Sci Rep 6, 19375 (2016) — GLLB-SC double perovskite gaps"
SnHfTlNbO6,2.709728065,,Sn,Tl,Hf,Nb,O,,DFT_GLLBSC_gap,GLLB-SC,fundamental_quasiparticle,oxide_double_perovskite_absorber,A2BBprimeO6_oxide_double_perovskite,absorber_only,10.1038/srep19375,"Pilania et al. Sci Rep 6, 19375 (2016) — GLLB-SC double perovskite gaps"
SnHfYAlO6,4.336146837,,Sn,Y,Hf,Al,O,,DFT_GLLBSC_gap,GLLB-SC,fundamental_quasiparticle,oxide_double_perovskite_absorber,A2BBprimeO6_oxide_double_perovskite,absorber_only,10.1038/srep19375,"Pilania et al. Sci Rep 6, 19375 (2016) — GLLB-SC double perovskite gaps"
SnTiYAlO6,2.700036899,,Sn,Y,Ti,Al,O,,DFT_GLLBSC_gap,GLLB-SC,fundamental_quasiparticle,oxide_double_perovskite_absorber,A2BBprimeO6_oxide_double_perovskite,absorber_only,10.1038/srep19375,"Pilania et al. Sci Rep 6, 19375 (2016) — GLLB-SC double perovskite gaps"
SnZrAgNbO6,3.229537258,,Sn,Ag,Zr,Nb,O,,DFT_GLLBSC_gap,GLLB-SC,fundamental_quasiparticle,oxide_double_perovskite_absorber,A2BBprimeO6_oxide_double_perovskite,absorber_only,10.1038/srep19375,"Pilania et al. Sci Rep 6, 19375 (2016) — GLLB-SC double perovskite gaps"
SnZrBaSnO6,5.135553587,,Sn,Ba,Zr,Sn,O,,DFT_GLLBSC_gap,GLLB-SC,fundamental_quasiparticle,oxide_double_perovskite_absorber,A2BBprimeO6_oxide_double_perovskite,absorber_only,10.1038/srep19375,"Pilania et al. Sci Rep 6, 19375 (2016) — GLLB-SC double perovskite gaps"
SnZrBaTiO6,4.111540315,,Sn,Ba,Zr,Ti,O,,DFT_GLLBSC_gap,GLLB-SC,fundamental_quasiparticle,oxide_double_perovskite_absorber,A2BBprimeO6_oxide_double_perovskite,absorber_only,10.1038/srep19375,"Pilania et al. Sci Rep 6, 19375 (2016) — GLLB-SC double perovskite gaps"
SnZrCaGeO6,4.991572731,,Sn,Ca,Zr,Ge,O,,DFT_GLLBSC_gap,GLLB-SC,fundamental_quasiparticle,oxide_double_perovskite_absorber,A2BBprimeO6_oxide_double_perovskite,absorber_only,10.1038/srep19375,"Pilania et al. Sci Rep 6, 19375 (2016) — GLLB-SC double perovskite gaps"
SnZrCaSiO6,4.77896532,,Sn,Ca,Zr,Si,O,,DFT_GLLBSC_gap,GLLB-SC,fundamental_quasiparticle,oxide_double_perovskite_absorber,A2BBprimeO6_oxide_double_perovskite,absorber_only,10.1038/srep19375,"Pilania et al. Sci Rep 6, 19375 (2016) — GLLB-SC double perovskite gaps"
SnZrCaSnO6,5.126303777,,Sn,Ca,Zr,Sn,O,,DFT_GLLBSC_gap,GLLB-SC,fundamental_quasiparticle,oxide_double_perovskite_absorber,A2BBprimeO6_oxide_double_perovskite,absorber_only,10.1038/srep19375,"Pilania et al. Sci Rep 6, 19375 (2016) — GLLB-SC double perovskite gaps"
SnZrCaTiO6,3.430578699,,Sn,Ca,Zr,Ti,O,,DFT_GLLBSC_gap,GLLB-SC,fundamental_quasiparticle,oxide_double_perovskite_absorber,A2BBprimeO6_oxide_double_perovskite,absorber_only,10.1038/srep19375,"Pilania et al. Sci Rep 6, 19375 (2016) — GLLB-SC double perovskite gaps"
SnZrCaZrO6,4.884594323,,Sn,Ca,Zr,Zr,O,,DFT_GLLBSC_gap,GLLB-SC,fundamental_quasiparticle,oxide_double_perovskite_absorber,A2BBprimeO6_oxide_double_perovskite,absorber_only,10.1038/srep19375,"Pilania et al. Sci Rep 6, 19375 (2016) — GLLB-SC double perovskite gaps"
SnZrCsVO6,1.579963591,,Sn,Cs,Zr,V,O,,DFT_GLLBSC_gap,GLLB-SC,fundamental_quasiparticle,oxide_double_perovskite_absorber,A2BBprimeO6_oxide_double_perovskite,absorber_only,10.1038/srep19375,"Pilania et al. Sci Rep 6, 19375 (2016) — GLLB-SC double perovskite gaps"
SnZrGaNbO6,2.679548904,,Sn,Ga,Zr,Nb,O,,DFT_GLLBSC_gap,GLLB-SC,fundamental_quasiparticle,oxide_double_perovskite_absorber,A2BBprimeO6_oxide_double_perovskite,absorber_only,10.1038/srep19375,"Pilania et al. Sci Rep 6, 19375 (2016) — GLLB-SC double perovskite gaps"
SnZrGaTaO6,3.407617962,,Sn,Ga,Zr,Ta,O,,DFT_GLLBSC_gap,GLLB-SC,fundamental_quasiparticle,oxide_double_perovskite_absorber,A2BBprimeO6_oxide_double_perovskite,absorber_only,10.1038/srep19375,"Pilania et al. Sci Rep 6, 19375 (2016) — GLLB-SC double perovskite gaps"
SnZrInNbO6,1.473774385,,Sn,In,Zr,Nb,O,,DFT_GLLBSC_gap,GLLB-SC,fundamental_quasiparticle,oxide_double_perovskite_absorber,A2BBprimeO6_oxide_double_perovskite,absorber_only,10.1038/srep19375,"Pilania et al. Sci Rep 6, 19375 (2016) — GLLB-SC double perovskite gaps"
SnZrKNbO6,4.021001601,,Sn,K,Zr,Nb,O,,DFT_GLLBSC_gap,GLLB-SC,fundamental_quasiparticle,oxide_double_perovskite_absorber,A2BBprimeO6_oxide_double_perovskite,absorber_only,10.1038/srep19375,"Pilania et al. Sci Rep 6, 19375 (2016) — GLLB-SC double perovskite gaps"
SnZrKSbO6,4.839100803,,Sn,K,Zr,Sb,O,,DFT_GLLBSC_gap,GLLB-SC,fundamental_quasiparticle,oxide_double_perovskite_absorber,A2BBprimeO6_oxide_double_perovskite,absorber_only,10.1038/srep19375,"Pilania et al. Sci Rep 6, 19375 (2016) — GLLB-SC double perovskite gaps"
SnZrLaAlO6,4.858929864,,Sn,La,Zr,Al,O,,DFT_GLLBSC_gap,GLLB-SC,fundamental_quasiparticle,oxide_double_perovskite_absorber,A2BBprimeO6_oxide_double_perovskite,absorber_only,10.1038/srep19375,"Pilania et al. Sci Rep 6, 19375 (2016) — GLLB-SC double perovskite gaps"
SnZrLaGaO6,4.692095969,,Sn,La,Zr,Ga,O,,DFT_GLLBSC_gap,GLLB-SC,fundamental_quasiparticle,oxide_double_perovskite_absorber,A2BBprimeO6_oxide_double_perovskite,absorber_only,10.1038/srep19375,"Pilania et al. Sci Rep 6, 19375 (2016) — GLLB-SC double perovskite gaps"
SnZrLaInO6,4.423128282,,Sn,La,Zr,In,O,,DFT_GLLBSC_gap,GLLB-SC,fundamental_quasiparticle,oxide_double_perovskite_absorber,A2BBprimeO6_oxide_double_perovskite,absorber_only,10.1038/srep19375,"Pilania et al. Sci Rep 6, 19375 (2016) — GLLB-SC double perovskite gaps"
SnZrLiNbO6,3.330009183,,Sn,Li,Zr,Nb,O,,DFT_GLLBSC_gap,GLLB-SC,fundamental_quasiparticle,oxide_double_perovskite_absorber,A2BBprimeO6_oxide_double_perovskite,absorber_only,10.1038/srep19375,"Pilania et al. Sci Rep 6, 19375 (2016) — GLLB-SC double perovskite gaps"
SnZrLiVO6,1.496601007,,Sn,Li,Zr,V,O,,DFT_GLLBSC_gap,GLLB-SC,fundamental_quasiparticle,oxide_double_perovskite_absorber,A2BBprimeO6_oxide_double_perovskite,absorber_only,10.1038/srep19375,"Pilania et al. Sci Rep 6, 19375 (2016) — GLLB-SC double perovskite gaps"
SnZrMgTiO6,3.24826497,,Sn,Mg,Zr,Ti,O,,DFT_GLLBSC_gap,GLLB-SC,fundamental_quasiparticle,oxide_double_perovskite_absorber,A2BBprimeO6_oxide_double_perovskite,absorber_only,10.1038/srep19375,"Pilania et al. Sci Rep 6, 19375 (2016) — GLLB-SC double perovskite gaps"
SnZrNaNbO6,3.218716099,,Sn,Na,Zr,Nb,O,,DFT_GLLBSC_gap,GLLB-SC,fundamental_quasiparticle,oxide_double_perovskite_absorber,A2BBprimeO6_oxide_double_perovskite,absorber_only,10.1038/srep19375,"Pilania et al. Sci Rep 6, 19375 (2016) — GLLB-SC double perovskite gaps"
SnZrNaSbO6,4.940578625,,Sn,Na,Zr,Sb,O,,DFT_GLLBSC_gap,GLLB-SC,fundamental_quasiparticle,oxide_double_perovskite_absorber,A2BBprimeO6_oxide_double_perovskite,absorber_only,10.1038/srep19375,"Pilania et al. Sci Rep 6, 19375 (2016) — GLLB-SC double perovskite gaps"
SnZrNaVO6,1.507160671,,Sn,Na,Zr,V,O,,DFT_GLLBSC_gap,GLLB-SC,fundamental_quasiparticle,oxide_double_perovskite_absorber,A2BBprimeO6_oxide_double_perovskite,absorber_only,10.1038/srep19375,"Pilania et al. Sci Rep 6, 19375 (2016) — GLLB-SC double perovskite gaps"
SnZrPbTiO6,3.968205092,,Sn,Pb,Zr,Ti,O,,DFT_GLLBSC_gap,GLLB-SC,fundamental_quasiparticle,oxide_double_perovskite_absorber,A2BBprimeO6_oxide_double_perovskite,absorber_only,10.1038/srep19375,"Pilania et al. Sci Rep 6, 19375 (2016) — GLLB-SC double perovskite gaps"
SnZrSnTiO6,3.745150863,,Sn,Sn,Zr,Ti,O,,DFT_GLLBSC_gap,GLLB-SC,fundamental_quasiparticle,oxide_double_perovskite_absorber,A2BBprimeO6_oxide_double_perovskite,absorber_only,10.1038/srep19375,"Pilania et al. Sci Rep 6, 19375 (2016) — GLLB-SC double perovskite gaps"
SnZrSrGeO6,5.012190275,,Sn,Sr,Zr,Ge,O,,DFT_GLLBSC_gap,GLLB-SC,fundamental_quasiparticle,oxide_double_perovskite_absorber,A2BBprimeO6_oxide_double_perovskite,absorber_only,10.1038/srep19375,"Pilania et al. Sci Rep 6, 19375 (2016) — GLLB-SC double perovskite gaps"
SnZrSrSiO6,4.792990418,,Sn,Sr,Zr,Si,O,,DFT_GLLBSC_gap,GLLB-SC,fundamental_quasiparticle,oxide_double_perovskite_absorber,A2BBprimeO6_oxide_double_perovskite,absorber_only,10.1038/srep19375,"Pilania et al. Sci Rep 6, 19375 (2016) — GLLB-SC double perovskite gaps"
SnZrSrSnO6,5.135155814,,Sn,Sr,Zr,Sn,O,,DFT_GLLBSC_gap,GLLB-SC,fundamental_quasiparticle,oxide_double_perovskite_absorber,A2BBprimeO6_oxide_double_perovskite,absorber_only,10.1038/srep19375,"Pilania et al. Sci Rep 6, 19375 (2016) — GLLB-SC double perovskite gaps"
SnZrSrTiO6,4.137110462,,Sn,Sr,Zr,Ti,O,,DFT_GLLBSC_gap,GLLB-SC,fundamental_quasiparticle,oxide_double_perovskite_absorber,A2BBprimeO6_oxide_double_perovskite,absorber_only,10.1038/srep19375,"Pilania et al. Sci Rep 6, 19375 (2016) — GLLB-SC double perovskite gaps"
SnZrTlNbO6,3.199119137,,Sn,Tl,Zr,Nb,O,,DFT_GLLBSC_gap,GLLB-SC,fundamental_quasiparticle,oxide_double_perovskite_absorber,A2BBprimeO6_oxide_double_perovskite,absorber_only,10.1038/srep19375,"Pilania et al. Sci Rep 6, 19375 (2016) — GLLB-SC double perovskite gaps"
SnZrTlTaO6,3.711956415,,Sn,Tl,Zr,Ta,O,,DFT_GLLBSC_gap,GLLB-SC,fundamental_quasiparticle,oxide_double_perovskite_absorber,A2BBprimeO6_oxide_double_perovskite,absorber_only,10.1038/srep19375,"Pilania et al. Sci Rep 6, 19375 (2016) — GLLB-SC double perovskite gaps"
SnZrYAlO6,4.252384233,,Sn,Y,Zr,Al,O,,DFT_GLLBSC_gap,GLLB-SC,fundamental_quasiparticle,oxide_double_perovskite_absorber,A2BBprimeO6_oxide_double_perovskite,absorber_only,10.1038/srep19375,"Pilania et al. Sci Rep 6, 19375 (2016) — GLLB-SC double perovskite gaps"
SrGeAgNbO6,4.17527143,,Sr,Ag,Ge,Nb,O,,DFT_GLLBSC_gap,GLLB-SC,fundamental_quasiparticle,oxide_double_perovskite_absorber,A2BBprimeO6_oxide_double_perovskite,absorber_only,10.1038/srep19375,"Pilania et al. Sci Rep 6, 19375 (2016) — GLLB-SC double perovskite gaps"
SrGeCaGeO6,2.594730579,,Sr,Ca,Ge,Ge,O,,DFT_GLLBSC_gap,GLLB-SC,fundamental_quasiparticle,oxide_double_perovskite_absorber,A2BBprimeO6_oxide_double_perovskite,absorber_only,10.1038/srep19375,"Pilania et al. Sci Rep 6, 19375 (2016) — GLLB-SC double perovskite gaps"
SrGeCaSiO6,3.610404089,,Sr,Ca,Ge,Si,O,,DFT_GLLBSC_gap,GLLB-SC,fundamental_quasiparticle,oxide_double_perovskite_absorber,A2BBprimeO6_oxide_double_perovskite,absorber_only,10.1038/srep19375,"Pilania et al. Sci Rep 6, 19375 (2016) — GLLB-SC double perovskite gaps"
SrGeCaSnO6,3.176619834,,Sr,Ca,Ge,Sn,O,,DFT_GLLBSC_gap,GLLB-SC,fundamental_quasiparticle,oxide_double_perovskite_absorber,A2BBprimeO6_oxide_double_perovskite,absorber_only,10.1038/srep19375,"Pilania et al. Sci Rep 6, 19375 (2016) — GLLB-SC double perovskite gaps"
SrGeCaTiO6,4.854383494,,Sr,Ca,Ge,Ti,O,,DFT_GLLBSC_gap,GLLB-SC,fundamental_quasiparticle,oxide_double_perovskite_absorber,A2BBprimeO6_oxide_double_perovskite,absorber_only,10.1038/srep19375,"Pilania et al. Sci Rep 6, 19375 (2016) — GLLB-SC double perovskite gaps"
SrGeLaAlO6,5.326796507,,Sr,La,Ge,Al,O,,DFT_GLLBSC_gap,GLLB-SC,fundamental_quasiparticle,oxide_double_perovskite_absorber,A2BBprimeO6_oxide_double_perovskite,absorber_only,10.1038/srep19375,"Pilania et al. Sci Rep 6, 19375 (2016) — GLLB-SC double perovskite gaps"
SrGeLaGaO6,3.461904133,,Sr,La,Ge,Ga,O,,DFT_GLLBSC_gap,GLLB-SC,fundamental_quasiparticle,oxide_double_perovskite_absorber,A2BBprimeO6_oxide_double_perovskite,absorber_only,10.1038/srep19375,"Pilania et al. Sci Rep 6, 19375 (2016) — GLLB-SC double perovskite gaps"
SrGeLaInO6,3.979319695,,Sr,La,Ge,In,O,,DFT_GLLBSC_gap,GLLB-SC,fundamental_quasiparticle,oxide_double_perovskite_absorber,A2BBprimeO6_oxide_double_perovskite,absorber_only,10.1038/srep19375,"Pilania et al. Sci Rep 6, 19375 (2016) — GLLB-SC double perovskite gaps"
SrGeLiVO6,2.036765745,,Sr,Li,Ge,V,O,,DFT_GLLBSC_gap,GLLB-SC,fundamental_quasiparticle,oxide_double_perovskite_absorber,A2BBprimeO6_oxide_double_perovskite,absorber_only,10.1038/srep19375,"Pilania et al. Sci Rep 6, 19375 (2016) — GLLB-SC double perovskite gaps"
SrGeMgTiO6,5.057554717,,Sr,Mg,Ge,Ti,O,,DFT_GLLBSC_gap,GLLB-SC,fundamental_quasiparticle,oxide_double_perovskite_absorber,A2BBprimeO6_oxide_double_perovskite,absorber_only,10.1038/srep19375,"Pilania et al. Sci Rep 6, 19375 (2016) — GLLB-SC double perovskite gaps"
SrGeSnTiO6,3.278589306,,Sr,Sn,Ge,Ti,O,,DFT_GLLBSC_gap,GLLB-SC,fundamental_quasiparticle,oxide_double_perovskite_absorber,A2BBprimeO6_oxide_double_perovskite,absorber_only,10.1038/srep19375,"Pilania et al. Sci Rep 6, 19375 (2016) — GLLB-SC double perovskite gaps"
SrGeYAlO6,5.805413062,,Sr,Y,Ge,Al,O,,DFT_GLLBSC_gap,GLLB-SC,fundamental_quasiparticle,oxide_double_perovskite_absorber,A2BBprimeO6_oxide_double_perovskite,absorber_only,10.1038/srep19375,"Pilania et al. Sci Rep 6, 19375 (2016) — GLLB-SC double perovskite gaps"
SrHfAgNbO6,4.176895192,,Sr,Ag,Hf,Nb,O,,DFT_GLLBSC_gap,GLLB-SC,fundamental_quasiparticle,oxide_double_perovskite_absorber,A2BBprimeO6_oxide_double_perovskite,absorber_only,10.1038/srep19375,"Pilania et al. Sci Rep 6, 19375 (2016) — GLLB-SC double perovskite gaps"
SrHfAgTaO6,4.200189633,,Sr,Ag,Hf,Ta,O,,DFT_GLLBSC_gap,GLLB-SC,fundamental_quasiparticle,oxide_double_perovskite_absorber,A2BBprimeO6_oxide_double_perovskite,absorber_only,10.1038/srep19375,"Pilania et al. Sci Rep 6, 19375 (2016) — GLLB-SC double perovskite gaps"
SrHfBaSnO6,6.263415327,,Sr,Ba,Hf,Sn,O,,DFT_GLLBSC_gap,GLLB-SC,fundamental_quasiparticle,oxide_double_perovskite_absorber,A2BBprimeO6_oxide_double_perovskite,absorber_only,10.1038/srep19375,"Pilania et al. Sci Rep 6, 19375 (2016) — GLLB-SC double perovskite gaps"
SrHfBaTiO6,4.710168434,,Sr,Ba,Hf,Ti,O,,DFT_GLLBSC_gap,GLLB-SC,fundamental_quasiparticle,oxide_double_perovskite_absorber,A2BBprimeO6_oxide_double_perovskite,absorber_only,10.1038/srep19375,"Pilania et al. Sci Rep 6, 19375 (2016) — GLLB-SC double perovskite gaps"
SrHfCaGeO6,6.746283956,,Sr,Ca,Hf,Ge,O,,DFT_GLLBSC_gap,GLLB-SC,fundamental_quasiparticle,oxide_double_perovskite_absorber,A2BBprimeO6_oxide_double_perovskite,absorber_only,10.1038/srep19375,"Pilania et al. Sci Rep 6, 19375 (2016) — GLLB-SC double perovskite gaps"
SrHfCaSiO6,7.294961255,,Sr,Ca,Hf,Si,O,,DFT_GLLBSC_gap,GLLB-SC,fundamental_quasiparticle,oxide_double_perovskite_absorber,A2BBprimeO6_oxide_double_perovskite,absorber_only,10.1038/srep19375,"Pilania et al. Sci Rep 6, 19375 (2016) — GLLB-SC double perovskite gaps"
SrHfCaSnO6,6.436087606,,Sr,Ca,Hf,Sn,O,,DFT_GLLBSC_gap,GLLB-SC,fundamental_quasiparticle,oxide_double_perovskite_absorber,A2BBprimeO6_oxide_double_perovskite,absorber_only,10.1038/srep19375,"Pilania et al. Sci Rep 6, 19375 (2016) — GLLB-SC double perovskite gaps"
SrHfCaTiO6,5.06131937,,Sr,Ca,Hf,Ti,O,,DFT_GLLBSC_gap,GLLB-SC,fundamental_quasiparticle,oxide_double_perovskite_absorber,A2BBprimeO6_oxide_double_perovskite,absorber_only,10.1038/srep19375,"Pilania et al. Sci Rep 6, 19375 (2016) — GLLB-SC double perovskite gaps"
SrHfCsNbO6,4.252232394,,Sr,Cs,Hf,Nb,O,,DFT_GLLBSC_gap,GLLB-SC,fundamental_quasiparticle,oxide_double_perovskite_absorber,A2BBprimeO6_oxide_double_perovskite,absorber_only,10.1038/srep19375,"Pilania et al. Sci Rep 6, 19375 (2016) — GLLB-SC double perovskite gaps"
SrHfCsVO6,1.925412534,,Sr,Cs,Hf,V,O,,DFT_GLLBSC_gap,GLLB-SC,fundamental_quasiparticle,oxide_double_perovskite_absorber,A2BBprimeO6_oxide_double_perovskite,absorber_only,10.1038/srep19375,"Pilania et al. Sci Rep 6, 19375 (2016) — GLLB-SC double perovskite gaps"
SrHfGaNbO6,2.752638628,,Sr,Ga,Hf,Nb,O,,DFT_GLLBSC_gap,GLLB-SC,fundamental_quasiparticle,oxide_double_perovskite_absorber,A2BBprimeO6_oxide_double_perovskite,absorber_only,10.1038/srep19375,"Pilania et al. Sci Rep 6, 19375 (2016) — GLLB-SC double perovskite gaps"
SrHfGaTaO6,3.492686975,,Sr,Ga,Hf,Ta,O,,DFT_GLLBSC_gap,GLLB-SC,fundamental_quasiparticle,oxide_double_perovskite_absorber,A2BBprimeO6_oxide_double_perovskite,absorber_only,10.1038/srep19375,"Pilania et al. Sci Rep 6, 19375 (2016) — GLLB-SC double perovskite gaps"
SrHfInNbO6,1.472787671,,Sr,In,Hf,Nb,O,,DFT_GLLBSC_gap,GLLB-SC,fundamental_quasiparticle,oxide_double_perovskite_absorber,A2BBprimeO6_oxide_double_perovskite,absorber_only,10.1038/srep19375,"Pilania et al. Sci Rep 6, 19375 (2016) — GLLB-SC double perovskite gaps"
SrHfInTaO6,2.142406138,,Sr,In,Hf,Ta,O,,DFT_GLLBSC_gap,GLLB-SC,fundamental_quasiparticle,oxide_double_perovskite_absorber,A2BBprimeO6_oxide_double_perovskite,absorber_only,10.1038/srep19375,"Pilania et al. Sci Rep 6, 19375 (2016) — GLLB-SC double perovskite gaps"
SrHfKNbO6,4.334239422,,Sr,K,Hf,Nb,O,,DFT_GLLBSC_gap,GLLB-SC,fundamental_quasiparticle,oxide_double_perovskite_absorber,A2BBprimeO6_oxide_double_perovskite,absorber_only,10.1038/srep19375,"Pilania et al. Sci Rep 6, 19375 (2016) — GLLB-SC double perovskite gaps"
SrHfKSbO6,5.652959022,,Sr,K,Hf,Sb,O,,DFT_GLLBSC_gap,GLLB-SC,fundamental_quasiparticle,oxide_double_perovskite_absorber,A2BBprimeO6_oxide_double_perovskite,absorber_only,10.1038/srep19375,"Pilania et al. Sci Rep 6, 19375 (2016) — GLLB-SC double perovskite gaps"
SrHfLaAlO6,7.008201642,,Sr,La,Hf,Al,O,,DFT_GLLBSC_gap,GLLB-SC,fundamental_quasiparticle,oxide_double_perovskite_absorber,A2BBprimeO6_oxide_double_perovskite,absorber_only,10.1038/srep19375,"Pilania et al. Sci Rep 6, 19375 (2016) — GLLB-SC double perovskite gaps"
SrHfLaGaO6,7.241445283,,Sr,La,Hf,Ga,O,,DFT_GLLBSC_gap,GLLB-SC,fundamental_quasiparticle,oxide_double_perovskite_absorber,A2BBprimeO6_oxide_double_perovskite,absorber_only,10.1038/srep19375,"Pilania et al. Sci Rep 6, 19375 (2016) — GLLB-SC double perovskite gaps"
SrHfLaInO6,6.550766008,,Sr,La,Hf,In,O,,DFT_GLLBSC_gap,GLLB-SC,fundamental_quasiparticle,oxide_double_perovskite_absorber,A2BBprimeO6_oxide_double_perovskite,absorber_only,10.1038/srep19375,"Pilania et al. Sci Rep 6, 19375 (2016) — GLLB-SC double perovskite gaps"
SrHfLiNbO6,4.705854233,,Sr,Li,Hf,Nb,O,,DFT_GLLBSC_gap,GLLB-SC,fundamental_quasiparticle,oxide_double_perovskite_absorber,A2BBprimeO6_oxide_double_perovskite,absorber_only,10.1038/srep19375,"Pilania et al. Sci Rep 6, 19375 (2016) — GLLB-SC double perovskite gaps"
SrHfLiVO6,1.971766171,,Sr,Li,Hf,V,O,,DFT_GLLBSC_gap,GLLB-SC,fundamental_quasiparticle,oxide_double_perovskite_absorber,A2BBprimeO6_oxide_double_perovskite,absorber_only,10.1038/srep19375,"Pilania et al. Sci Rep 6, 19375 (2016) — GLLB-SC double perovskite gaps"
SrHfMgTiO6,5.499077752,,Sr,Mg,Hf,Ti,O,,DFT_GLLBSC_gap,GLLB-SC,fundamental_quasiparticle,oxide_double_perovskite_absorber,A2BBprimeO6_oxide_double_perovskite,absorber_only,10.1038/srep19375,"Pilania et al. Sci Rep 6, 19375 (2016) — GLLB-SC double perovskite gaps"
SrHfMgZrO6,7.474759963,,Sr,Mg,Hf,Zr,O,,DFT_GLLBSC_gap,GLLB-SC,fundamental_quasiparticle,oxide_double_perovskite_absorber,A2BBprimeO6_oxide_double_perovskite,absorber_only,10.1038/srep19375,"Pilania et al. Sci Rep 6, 19375 (2016) — GLLB-SC double perovskite gaps"
SrHfNaNbO6,4.417036691,,Sr,Na,Hf,Nb,O,,DFT_GLLBSC_gap,GLLB-SC,fundamental_quasiparticle,oxide_double_perovskite_absorber,A2BBprimeO6_oxide_double_perovskite,absorber_only,10.1038/srep19375,"Pilania et al. Sci Rep 6, 19375 (2016) — GLLB-SC double perovskite gaps"
SrHfNaSbO6,5.945060913,,Sr,Na,Hf,Sb,O,,DFT_GLLBSC_gap,GLLB-SC,fundamental_quasiparticle,oxide_double_perovskite_absorber,A2BBprimeO6_oxide_double_perovskite,absorber_only,10.1038/srep19375,"Pilania et al. Sci Rep 6, 19375 (2016) — GLLB-SC double perovskite gaps"
SrHfNaVO6,1.95911547,,Sr,Na,Hf,V,O,,DFT_GLLBSC_gap,GLLB-SC,fundamental_quasiparticle,oxide_double_perovskite_absorber,A2BBprimeO6_oxide_double_perovskite,absorber_only,10.1038/srep19375,"Pilania et al. Sci Rep 6, 19375 (2016) — GLLB-SC double perovskite gaps"
SrHfPbHfO6,5.913216316,,Sr,Pb,Hf,Hf,O,,DFT_GLLBSC_gap,GLLB-SC,fundamental_quasiparticle,oxide_double_perovskite_absorber,A2BBprimeO6_oxide_double_perovskite,absorber_only,10.1038/srep19375,"Pilania et al. Sci Rep 6, 19375 (2016) — GLLB-SC double perovskite gaps"
SrHfPbTiO6,4.806805346,,Sr,Pb,Hf,Ti,O,,DFT_GLLBSC_gap,GLLB-SC,fundamental_quasiparticle,oxide_double_perovskite_absorber,A2BBprimeO6_oxide_double_perovskite,absorber_only,10.1038/srep19375,"Pilania et al. Sci Rep 6, 19375 (2016) — GLLB-SC double perovskite gaps"
SrHfPbZrO6,5.85190613,,Sr,Pb,Hf,Zr,O,,DFT_GLLBSC_gap,GLLB-SC,fundamental_quasiparticle,oxide_double_perovskite_absorber,A2BBprimeO6_oxide_double_perovskite,absorber_only,10.1038/srep19375,"Pilania et al. Sci Rep 6, 19375 (2016) — GLLB-SC double perovskite gaps"
SrHfRbNbO6,4.283633554,,Sr,Rb,Hf,Nb,O,,DFT_GLLBSC_gap,GLLB-SC,fundamental_quasiparticle,oxide_double_perovskite_absorber,A2BBprimeO6_oxide_double_perovskite,absorber_only,10.1038/srep19375,"Pilania et al. Sci Rep 6, 19375 (2016) — GLLB-SC double perovskite gaps"
SrHfSnHfO6,5.167009671,,Sr,Sn,Hf,Hf,O,,DFT_GLLBSC_gap,GLLB-SC,fundamental_quasiparticle,oxide_double_perovskite_absorber,A2BBprimeO6_oxide_double_perovskite,absorber_only,10.1038/srep19375,"Pilania et al. Sci Rep 6, 19375 (2016) — GLLB-SC double perovskite gaps"
SrHfSnTiO6,3.490516735,,Sr,Sn,Hf,Ti,O,,DFT_GLLBSC_gap,GLLB-SC,fundamental_quasiparticle,oxide_double_perovskite_absorber,A2BBprimeO6_oxide_double_perovskite,absorber_only,10.1038/srep19375,"Pilania et al. Sci Rep 6, 19375 (2016) — GLLB-SC double perovskite gaps"
SrHfSnZrO6,5.142678923,,Sr,Sn,Hf,Zr,O,,DFT_GLLBSC_gap,GLLB-SC,fundamental_quasiparticle,oxide_double_perovskite_absorber,A2BBprimeO6_oxide_double_perovskite,absorber_only,10.1038/srep19375,"Pilania et al. Sci Rep 6, 19375 (2016) — GLLB-SC double perovskite gaps"
SrHfSrGeO6,6.492423051,,Sr,Sr,Hf,Ge,O,,DFT_GLLBSC_gap,GLLB-SC,fundamental_quasiparticle,oxide_double_perovskite_absorber,A2BBprimeO6_oxide_double_perovskite,absorber_only,10.1038/srep19375,"Pilania et al. Sci Rep 6, 19375 (2016) — GLLB-SC double perovskite gaps"
SrHfSrSiO6,7.274729675,,Sr,Sr,Hf,Si,O,,DFT_GLLBSC_gap,GLLB-SC,fundamental_quasiparticle,oxide_double_perovskite_absorber,A2BBprimeO6_oxide_double_perovskite,absorber_only,10.1038/srep19375,"Pilania et al. Sci Rep 6, 19375 (2016) — GLLB-SC double perovskite gaps"
SrHfSrSnO6,6.398151683,,Sr,Sr,Hf,Sn,O,,DFT_GLLBSC_gap,GLLB-SC,fundamental_quasiparticle,oxide_double_perovskite_absorber,A2BBprimeO6_oxide_double_perovskite,absorber_only,10.1038/srep19375,"Pilania et al. Sci Rep 6, 19375 (2016) — GLLB-SC double perovskite gaps"
SrHfSrTiO6,4.808535196,,Sr,Sr,Hf,Ti,O,,DFT_GLLBSC_gap,GLLB-SC,fundamental_quasiparticle,oxide_double_perovskite_absorber,A2BBprimeO6_oxide_double_perovskite,absorber_only,10.1038/srep19375,"Pilania et al. Sci Rep 6, 19375 (2016) — GLLB-SC double perovskite gaps"
SrHfSrZrO6,6.587499549,,Sr,Sr,Hf,Zr,O,,DFT_GLLBSC_gap,GLLB-SC,fundamental_quasiparticle,oxide_double_perovskite_absorber,A2BBprimeO6_oxide_double_perovskite,absorber_only,10.1038/srep19375,"Pilania et al. Sci Rep 6, 19375 (2016) — GLLB-SC double perovskite gaps"
SrHfTlNbO6,2.789967739,,Sr,Tl,Hf,Nb,O,,DFT_GLLBSC_gap,GLLB-SC,fundamental_quasiparticle,oxide_double_perovskite_absorber,A2BBprimeO6_oxide_double_perovskite,absorber_only,10.1038/srep19375,"Pilania et al. Sci Rep 6, 19375 (2016) — GLLB-SC double perovskite gaps"
SrHfTlTaO6,3.537462784,,Sr,Tl,Hf,Ta,O,,DFT_GLLBSC_gap,GLLB-SC,fundamental_quasiparticle,oxide_double_perovskite_absorber,A2BBprimeO6_oxide_double_perovskite,absorber_only,10.1038/srep19375,"Pilania et al. Sci Rep 6, 19375 (2016) — GLLB-SC double perovskite gaps"
SrHfYAlO6,7.85475225,,Sr,Y,Hf,Al,O,,DFT_GLLBSC_gap,GLLB-SC,fundamental_quasiparticle,oxide_double_perovskite_absorber,A2BBprimeO6_oxide_double_perovskite,absorber_only,10.1038/srep19375,"Pilania et al. Sci Rep 6, 19375 (2016) — GLLB-SC double perovskite gaps"
SrSiAgNbO6,3.735156221,,Sr,Ag,Si,Nb,O,,DFT_GLLBSC_gap,GLLB-SC,fundamental_quasiparticle,oxide_double_perovskite_absorber,A2BBprimeO6_oxide_double_perovskite,absorber_only,10.1038/srep19375,"Pilania et al. Sci Rep 6, 19375 (2016) — GLLB-SC double perovskite gaps"
SrSiCaGeO6,3.591819082,,Sr,Ca,Si,Ge,O,,DFT_GLLBSC_gap,GLLB-SC,fundamental_quasiparticle,oxide_double_perovskite_absorber,A2BBprimeO6_oxide_double_perovskite,absorber_only,10.1038/srep19375,"Pilania et al. Sci Rep 6, 19375 (2016) — GLLB-SC double perovskite gaps"
SrSiCaSiO6,5.791606342,,Sr,Ca,Si,Si,O,,DFT_GLLBSC_gap,GLLB-SC,fundamental_quasiparticle,oxide_double_perovskite_absorber,A2BBprimeO6_oxide_double_perovskite,absorber_only,10.1038/srep19375,"Pilania et al. Sci Rep 6, 19375 (2016) — GLLB-SC double perovskite gaps"
SrSiCaSnO6,3.879590944,,Sr,Ca,Si,Sn,O,,DFT_GLLBSC_gap,GLLB-SC,fundamental_quasiparticle,oxide_double_perovskite_absorber,A2BBprimeO6_oxide_double_perovskite,absorber_only,10.1038/srep19375,"Pilania et al. Sci Rep 6, 19375 (2016) — GLLB-SC double perovskite gaps"
SrSiCaTiO6,4.490676552,,Sr,Ca,Si,Ti,O,,DFT_GLLBSC_gap,GLLB-SC,fundamental_quasiparticle,oxide_double_perovskite_absorber,A2BBprimeO6_oxide_double_perovskite,absorber_only,10.1038/srep19375,"Pilania et al. Sci Rep 6, 19375 (2016) — GLLB-SC double perovskite gaps"
SrSiLaAlO6,7.781253229,,Sr,La,Si,Al,O,,DFT_GLLBSC_gap,GLLB-SC,fundamental_quasiparticle,oxide_double_perovskite_absorber,A2BBprimeO6_oxide_double_perovskite,absorber_only,10.1038/srep19375,"Pilania et al. Sci Rep 6, 19375 (2016) — GLLB-SC double perovskite gaps"
SrSiLaGaO6,5.025059286,,Sr,La,Si,Ga,O,,DFT_GLLBSC_gap,GLLB-SC,fundamental_quasiparticle,oxide_double_perovskite_absorber,A2BBprimeO6_oxide_double_perovskite,absorber_only,10.1038/srep19375,"Pilania et al. Sci Rep 6, 19375 (2016) — GLLB-SC double perovskite gaps"
SrSiLaInO6,5.1817765,,Sr,La,Si,In,O,,DFT_GLLBSC_gap,GLLB-SC,fundamental_quasiparticle,oxide_double_perovskite_absorber,A2BBprimeO6_oxide_double_perovskite,absorber_only,10.1038/srep19375,"Pilania et al. Sci Rep 6, 19375 (2016) — GLLB-SC double perovskite gaps"
SrSiLiNbO6,4.200926152,,Sr,Li,Si,Nb,O,,DFT_GLLBSC_gap,GLLB-SC,fundamental_quasiparticle,oxide_double_perovskite_absorber,A2BBprimeO6_oxide_double_perovskite,absorber_only,10.1038/srep19375,"Pilania et al. Sci Rep 6, 19375 (2016) — GLLB-SC double perovskite gaps"
SrSiLiVO6,1.55928847,,Sr,Li,Si,V,O,,DFT_GLLBSC_gap,GLLB-SC,fundamental_quasiparticle,oxide_double_perovskite_absorber,A2BBprimeO6_oxide_double_perovskite,absorber_only,10.1038/srep19375,"Pilania et al. Sci Rep 6, 19375 (2016) — GLLB-SC double perovskite gaps"
SrSiMgTiO6,5.003049204,,Sr,Mg,Si,Ti,O,,DFT_GLLBSC_gap,GLLB-SC,fundamental_quasiparticle,oxide_double_perovskite_absorber,A2BBprimeO6_oxide_double_perovskite,absorber_only,10.1038/srep19375,"Pilania et al. Sci Rep 6, 19375 (2016) — GLLB-SC double perovskite gaps"
SrSiSnTiO6,2.61479547,,Sr,Sn,Si,Ti,O,,DFT_GLLBSC_gap,GLLB-SC,fundamental_quasiparticle,oxide_double_perovskite_absorber,A2BBprimeO6_oxide_double_perovskite,absorber_only,10.1038/srep19375,"Pilania et al. Sci Rep 6, 19375 (2016) — GLLB-SC double perovskite gaps"
SrSiSrGeO6,3.06110138,,Sr,Sr,Si,Ge,O,,DFT_GLLBSC_gap,GLLB-SC,fundamental_quasiparticle,oxide_double_perovskite_absorber,A2BBprimeO6_oxide_double_perovskite,absorber_only,10.1038/srep19375,"Pilania et al. Sci Rep 6, 19375 (2016) — GLLB-SC double perovskite gaps"
SrSiSrSnO6,3.529644563,,Sr,Sr,Si,Sn,O,,DFT_GLLBSC_gap,GLLB-SC,fundamental_quasiparticle,oxide_double_perovskite_absorber,A2BBprimeO6_oxide_double_perovskite,absorber_only,10.1038/srep19375,"Pilania et al. Sci Rep 6, 19375 (2016) — GLLB-SC double perovskite gaps"
SrSiSrTiO6,4.387038008,,Sr,Sr,Si,Ti,O,,DFT_GLLBSC_gap,GLLB-SC,fundamental_quasiparticle,oxide_double_perovskite_absorber,A2BBprimeO6_oxide_double_perovskite,absorber_only,10.1038/srep19375,"Pilania et al. Sci Rep 6, 19375 (2016) — GLLB-SC double perovskite gaps"
SrSiYAlO6,8.103995713,,Sr,Y,Si,Al,O,,DFT_GLLBSC_gap,GLLB-SC,fundamental_quasiparticle,oxide_double_perovskite_absorber,A2BBprimeO6_oxide_double_perovskite,absorber_only,10.1038/srep19375,"Pilania et al. Sci Rep 6, 19375 (2016) — GLLB-SC double perovskite gaps"
SrSnAgNbO6,4.236154672,,Sr,Ag,Sn,Nb,O,,DFT_GLLBSC_gap,GLLB-SC,fundamental_quasiparticle,oxide_double_perovskite_absorber,A2BBprimeO6_oxide_double_perovskite,absorber_only,10.1038/srep19375,"Pilania et al. Sci Rep 6, 19375 (2016) — GLLB-SC double perovskite gaps"
SrSnCaGeO6,2.579727765,,Sr,Ca,Sn,Ge,O,,DFT_GLLBSC_gap,GLLB-SC,fundamental_quasiparticle,oxide_double_perovskite_absorber,A2BBprimeO6_oxide_double_perovskite,absorber_only,10.1038/srep19375,"Pilania et al. Sci Rep 6, 19375 (2016) — GLLB-SC double perovskite gaps"
SrSnCaSiO6,3.848751305,,Sr,Ca,Sn,Si,O,,DFT_GLLBSC_gap,GLLB-SC,fundamental_quasiparticle,oxide_double_perovskite_absorber,A2BBprimeO6_oxide_double_perovskite,absorber_only,10.1038/srep19375,"Pilania et al. Sci Rep 6, 19375 (2016) — GLLB-SC double perovskite gaps"
SrSnCaSnO6,3.697927802,,Sr,Ca,Sn,Sn,O,,DFT_GLLBSC_gap,GLLB-SC,fundamental_quasiparticle,oxide_double_perovskite_absorber,A2BBprimeO6_oxide_double_perovskite,absorber_only,10.1038/srep19375,"Pilania et al. Sci Rep 6, 19375 (2016) — GLLB-SC double perovskite gaps"
SrSnCaTiO6,4.770072455,,Sr,Ca,Sn,Ti,O,,DFT_GLLBSC_gap,GLLB-SC,fundamental_quasiparticle,oxide_double_perovskite_absorber,A2BBprimeO6_oxide_double_perovskite,absorber_only,10.1038/srep19375,"Pilania et al. Sci Rep 6, 19375 (2016) — GLLB-SC double perovskite gaps"
SrSnLaAlO6,5.552495553,,Sr,La,Sn,Al,O,,DFT_GLLBSC_gap,GLLB-SC,fundamental_quasiparticle,oxide_double_perovskite_absorber,A2BBprimeO6_oxide_double_perovskite,absorber_only,10.1038/srep19375,"Pilania et al. Sci Rep 6, 19375 (2016) — GLLB-SC double perovskite gaps"
SrSnLaGaO6,4.088655265,,Sr,La,Sn,Ga,O,,DFT_GLLBSC_gap,GLLB-SC,fundamental_quasiparticle,oxide_double_perovskite_absorber,A2BBprimeO6_oxide_double_perovskite,absorber_only,10.1038/srep19375,"Pilania et al. Sci Rep 6, 19375 (2016) — GLLB-SC double perovskite gaps"
SrSnLaInO6,4.176892582,,Sr,La,Sn,In,O,,DFT_GLLBSC_gap,GLLB-SC,fundamental_quasiparticle,oxide_double_perovskite_absorber,A2BBprimeO6_oxide_double_perovskite,absorber_only,10.1038/srep19375,"Pilania et al. Sci Rep 6, 19375 (2016) — GLLB-SC double perovskite gaps"
SrSnMgTiO6,5.151680803,,Sr,Mg,Sn,Ti,O,,DFT_GLLBSC_gap,GLLB-SC,fundamental_quasiparticle,oxide_double_perovskite_absorber,A2BBprimeO6_oxide_double_perovskite,absorber_only,10.1038/srep19375,"Pilania et al. Sci Rep 6, 19375 (2016) — GLLB-SC double perovskite gaps"
SrSnSnTiO6,4.288963447,,Sr,Sn,Sn,Ti,O,,DFT_GLLBSC_gap,GLLB-SC,fundamental_quasiparticle,oxide_double_perovskite_absorber,A2BBprimeO6_oxide_double_perovskite,absorber_only,10.1038/srep19375,"Pilania et al. Sci Rep 6, 19375 (2016) — GLLB-SC double perovskite gaps"
SrSnSrGeO6,2.299718075,,Sr,Sr,Sn,Ge,O,,DFT_GLLBSC_gap,GLLB-SC,fundamental_quasiparticle,oxide_double_perovskite_absorber,A2BBprimeO6_oxide_double_perovskite,absorber_only,10.1038/srep19375,"Pilania et al. Sci Rep 6, 19375 (2016) — GLLB-SC double perovskite gaps"
SrSnSrTiO6,5.121862654,,Sr,Sr,Sn,Ti,O,,DFT_GLLBSC_gap,GLLB-SC,fundamental_quasiparticle,oxide_double_perovskite_absorber,A2BBprimeO6_oxide_double_perovskite,absorber_only,10.1038/srep19375,"Pilania et al. Sci Rep 6, 19375 (2016) — GLLB-SC double perovskite gaps"
SrSnYAlO6,5.559431157,,Sr,Y,Sn,Al,O,,DFT_GLLBSC_gap,GLLB-SC,fundamental_quasiparticle,oxide_double_perovskite_absorber,A2BBprimeO6_oxide_double_perovskite,absorber_only,10.1038/srep19375,"Pilania et al. Sci Rep 6, 19375 (2016) — GLLB-SC double perovskite gaps"
SrTiAgNbO6,3.339764295,,Sr,Ag,Ti,Nb,O,,DFT_GLLBSC_gap,GLLB-SC,fundamental_quasiparticle,oxide_double_perovskite_absorber,A2BBprimeO6_oxide_double_perovskite,absorber_only,10.1038/srep19375,"Pilania et al. Sci Rep 6, 19375 (2016) — GLLB-SC double perovskite gaps"
SrTiCaGeO6,4.897520596,,Sr,Ca,Ti,Ge,O,,DFT_GLLBSC_gap,GLLB-SC,fundamental_quasiparticle,oxide_double_perovskite_absorber,A2BBprimeO6_oxide_double_perovskite,absorber_only,10.1038/srep19375,"Pilania et al. Sci Rep 6, 19375 (2016) — GLLB-SC double perovskite gaps"
SrTiCaSiO6,4.487936065,,Sr,Ca,Ti,Si,O,,DFT_GLLBSC_gap,GLLB-SC,fundamental_quasiparticle,oxide_double_perovskite_absorber,A2BBprimeO6_oxide_double_perovskite,absorber_only,10.1038/srep19375,"Pilania et al. Sci Rep 6, 19375 (2016) — GLLB-SC double perovskite gaps"
SrTiCaSnO6,4.770601938,,Sr,Ca,Ti,Sn,O,,DFT_GLLBSC_gap,GLLB-SC,fundamental_quasiparticle,oxide_double_perovskite_absorber,A2BBprimeO6_oxide_double_perovskite,absorber_only,10.1038/srep19375,"Pilania et al. Sci Rep 6, 19375 (2016) — GLLB-SC double perovskite gaps"
SrTiCaTiO6,3.931832825,,Sr,Ca,Ti,Ti,O,,DFT_GLLBSC_gap,GLLB-SC,fundamental_quasiparticle,oxide_double_perovskite_absorber,A2BBprimeO6_oxide_double_perovskite,absorber_only,10.1038/srep19375,"Pilania et al. Sci Rep 6, 19375 (2016) — GLLB-SC double perovskite gaps"
SrTiLaAlO6,4.975239684,,Sr,La,Ti,Al,O,,DFT_GLLBSC_gap,GLLB-SC,fundamental_quasiparticle,oxide_double_perovskite_absorber,A2BBprimeO6_oxide_double_perovskite,absorber_only,10.1038/srep19375,"Pilania et al. Sci Rep 6, 19375 (2016) — GLLB-SC double perovskite gaps"
SrTiLaGaO6,5.29666036,,Sr,La,Ti,Ga,O,,DFT_GLLBSC_gap,GLLB-SC,fundamental_quasiparticle,oxide_double_perovskite_absorber,A2BBprimeO6_oxide_double_perovskite,absorber_only,10.1038/srep19375,"Pilania et al. Sci Rep 6, 19375 (2016) — GLLB-SC double perovskite gaps"
SrTiLaInO6,5.292661823,,Sr,La,Ti,In,O,,DFT_GLLBSC_gap,GLLB-SC,fundamental_quasiparticle,oxide_double_perovskite_absorber,A2BBprimeO6_oxide_double_perovskite,absorber_only,10.1038/srep19375,"Pilania et al. Sci Rep 6, 19375 (2016) — GLLB-SC double perovskite gaps"
SrTiLiNbO6,3.574708867,,Sr,Li,Ti,Nb,O,,DFT_GLLBSC_gap,GLLB-SC,fundamental_quasiparticle,oxide_double_perovskite_absorber,A2BBprimeO6_oxide_double_perovskite,absorber_only,10.1038/srep19375,"Pilania et al. Sci Rep 6, 19375 (2016) — GLLB-SC double perovskite gaps"
SrTiLiVO6,2.701019829,,Sr,Li,Ti,V,O,,DFT_GLLBSC_gap,GLLB-SC,fundamental_quasiparticle,oxide_double_perovskite_absorber,A2BBprimeO6_oxide_double_perovskite,absorber_only,10.1038/srep19375,"Pilania et al. Sci Rep 6, 19375 (2016) — GLLB-SC double perovskite gaps"
SrTiMgTiO6,4.740281538,,Sr,Mg,Ti,Ti,O,,DFT_GLLBSC_gap,GLLB-SC,fundamental_quasiparticle,oxide_double_perovskite_absorber,A2BBprimeO6_oxide_double_perovskite,absorber_only,10.1038/srep19375,"Pilania et al. Sci Rep 6, 19375 (2016) — GLLB-SC double perovskite gaps"
SrTiSnTiO6,2.822797487,,Sr,Sn,Ti,Ti,O,,DFT_GLLBSC_gap,GLLB-SC,fundamental_quasiparticle,oxide_double_perovskite_absorber,A2BBprimeO6_oxide_double_perovskite,absorber_only,10.1038/srep19375,"Pilania et al. Sci Rep 6, 19375 (2016) — GLLB-SC double perovskite gaps"
SrTiSrGeO6,4.676873549,,Sr,Sr,Ti,Ge,O,,DFT_GLLBSC_gap,GLLB-SC,fundamental_quasiparticle,oxide_double_perovskite_absorber,A2BBprimeO6_oxide_double_perovskite,absorber_only,10.1038/srep19375,"Pilania et al. Sci Rep 6, 19375 (2016) — GLLB-SC double perovskite gaps"
SrTiYAlO6,5.292063377,,Sr,Y,Ti,Al,O,,DFT_GLLBSC_gap,GLLB-SC,fundamental_quasiparticle,oxide_double_perovskite_absorber,A2BBprimeO6_oxide_double_perovskite,absorber_only,10.1038/srep19375,"Pilania et al. Sci Rep 6, 19375 (2016) — GLLB-SC double perovskite gaps"
SrZrAgNbO6,4.138226816,,Sr,Ag,Zr,Nb,O,,DFT_GLLBSC_gap,GLLB-SC,fundamental_quasiparticle,oxide_double_perovskite_absorber,A2BBprimeO6_oxide_double_perovskite,absorber_only,10.1038/srep19375,"Pilania et al. Sci Rep 6, 19375 (2016) — GLLB-SC double perovskite gaps"
SrZrAgTaO6,4.170672569,,Sr,Ag,Zr,Ta,O,,DFT_GLLBSC_gap,GLLB-SC,fundamental_quasiparticle,oxide_double_perovskite_absorber,A2BBprimeO6_oxide_double_perovskite,absorber_only,10.1038/srep19375,"Pilania et al. Sci Rep 6, 19375 (2016) — GLLB-SC double perovskite gaps"
SrZrBaSnO6,6.427321329,,Sr,Ba,Zr,Sn,O,,DFT_GLLBSC_gap,GLLB-SC,fundamental_quasiparticle,oxide_double_perovskite_absorber,A2BBprimeO6_oxide_double_perovskite,absorber_only,10.1038/srep19375,"Pilania et al. Sci Rep 6, 19375 (2016) — GLLB-SC double perovskite gaps"
SrZrBaTiO6,4.674153802,,Sr,Ba,Zr,Ti,O,,DFT_GLLBSC_gap,GLLB-SC,fundamental_quasiparticle,oxide_double_perovskite_absorber,A2BBprimeO6_oxide_double_perovskite,absorber_only,10.1038/srep19375,"Pilania et al. Sci Rep 6, 19375 (2016) — GLLB-SC double perovskite gaps"
SrZrCaGeO6,6.200940699,,Sr,Ca,Zr,Ge,O,,DFT_GLLBSC_gap,GLLB-SC,fundamental_quasiparticle,oxide_double_perovskite_absorber,A2BBprimeO6_oxide_double_perovskite,absorber_only,10.1038/srep19375,"Pilania et al. Sci Rep 6, 19375 (2016) — GLLB-SC double perovskite gaps"
SrZrCaSiO6,6.823548556,,Sr,Ca,Zr,Si,O,,DFT_GLLBSC_gap,GLLB-SC,fundamental_quasiparticle,oxide_double_perovskite_absorber,A2BBprimeO6_oxide_double_perovskite,absorber_only,10.1038/srep19375,"Pilania et al. Sci Rep 6, 19375 (2016) — GLLB-SC double perovskite gaps"
SrZrCaSnO6,6.727992178,,Sr,Ca,Zr,Sn,O,,DFT_GLLBSC_gap,GLLB-SC,fundamental_quasiparticle,oxide_double_perovskite_absorber,A2BBprimeO6_oxide_double_perovskite,absorber_only,10.1038/srep19375,"Pilania et al. Sci Rep 6, 19375 (2016) — GLLB-SC double perovskite gaps"
SrZrCaTiO6,5.064483253,,Sr,Ca,Zr,Ti,O,,DFT_GLLBSC_gap,GLLB-SC,fundamental_quasiparticle,oxide_double_perovskite_absorber,A2BBprimeO6_oxide_double_perovskite,absorber_only,10.1038/srep19375,"Pilania et al. Sci Rep 6, 19375 (2016) — GLLB-SC double perovskite gaps"
SrZrCsNbO6,4.204970633,,Sr,Cs,Zr,Nb,O,,DFT_GLLBSC_gap,GLLB-SC,fundamental_quasiparticle,oxide_double_perovskite_absorber,A2BBprimeO6_oxide_double_perovskite,absorber_only,10.1038/srep19375,"Pilania et al. Sci Rep 6, 19375 (2016) — GLLB-SC double perovskite gaps"
SrZrCsVO6,2.301070665,,Sr,Cs,Zr,V,O,,DFT_GLLBSC_gap,GLLB-SC,fundamental_quasiparticle,oxide_double_perovskite_absorber,A2BBprimeO6_oxide_double_perovskite,absorber_only,10.1038/srep19375,"Pilania et al. Sci Rep 6, 19375 (2016) — GLLB-SC double perovskite gaps"
SrZrGaNbO6,2.75034975,,Sr,Ga,Zr,Nb,O,,DFT_GLLBSC_gap,GLLB-SC,fundamental_quasiparticle,oxide_double_perovskite_absorber,A2BBprimeO6_oxide_double_perovskite,absorber_only,10.1038/srep19375,"Pilania et al. Sci Rep 6, 19375 (2016) — GLLB-SC double perovskite gaps"
SrZrGaTaO6,3.445174563,,Sr,Ga,Zr,Ta,O,,DFT_GLLBSC_gap,GLLB-SC,fundamental_quasiparticle,oxide_double_perovskite_absorber,A2BBprimeO6_oxide_double_perovskite,absorber_only,10.1038/srep19375,"Pilania et al. Sci Rep 6, 19375 (2016) — GLLB-SC double perovskite gaps"
SrZrInNbO6,1.480554007,,Sr,In,Zr,Nb,O,,DFT_GLLBSC_gap,GLLB-SC,fundamental_quasiparticle,oxide_double_perovskite_absorber,A2BBprimeO6_oxide_double_perovskite,absorber_only,10.1038/srep19375,"Pilania et al. Sci Rep 6, 19375 (2016) — GLLB-SC double perovskite gaps"
SrZrInTaO6,2.104380205,,Sr,In,Zr,Ta,O,,DFT_GLLBSC_gap,GLLB-SC,fundamental_quasiparticle,oxide_double_perovskite_absorber,A2BBprimeO6_oxide_double_perovskite,absorber_only,10.1038/srep19375,"Pilania et al. Sci Rep 6, 19375 (2016) — GLLB-SC double perovskite gaps"
SrZrKNbO6,4.283561279,,Sr,K,Zr,Nb,O,,DFT_GLLBSC_gap,GLLB-SC,fundamental_quasiparticle,oxide_double_perovskite_absorber,A2BBprimeO6_oxide_double_perovskite,absorber_only,10.1038/srep19375,"Pilania et al. Sci Rep 6, 19375 (2016) — GLLB-SC double perovskite gaps"
SrZrKSbO6,5.578868143,,Sr,K,Zr,Sb,O,,DFT_GLLBSC_gap,GLLB-SC,fundamental_quasiparticle,oxide_double_perovskite_absorber,A2BBprimeO6_oxide_double_perovskite,absorber_only,10.1038/srep19375,"Pilania et al. Sci Rep 6, 19375 (2016) — GLLB-SC double perovskite gaps"
SrZrLaAlO6,6.741766285,,Sr,La,Zr,Al,O,,DFT_GLLBSC_gap,GLLB-SC,fundamental_quasiparticle,oxide_double_perovskite_absorber,A2BBprimeO6_oxide_double_perovskite,absorber_only,10.1038/srep19375,"Pilania et al. Sci Rep 6, 19375 (2016) — GLLB-SC double perovskite gaps"
SrZrLaGaO6,6.999519732,,Sr,La,Zr,Ga,O,,DFT_GLLBSC_gap,GLLB-SC,fundamental_quasiparticle,oxide_double_perovskite_absorber,A2BBprimeO6_oxide_double_perovskite,absorber_only,10.1038/srep19375,"Pilania et al. Sci Rep 6, 19375 (2016) — GLLB-SC double perovskite gaps"
SrZrLaInO6,6.771740807,,Sr,La,Zr,In,O,,DFT_GLLBSC_gap,GLLB-SC,fundamental_quasiparticle,oxide_double_perovskite_absorber,A2BBprimeO6_oxide_double_perovskite,absorber_only,10.1038/srep19375,"Pilania et al. Sci Rep 6, 19375 (2016) — GLLB-SC double perovskite gaps"
SrZrLiNbO6,4.959242475,,Sr,Li,Zr,Nb,O,,DFT_GLLBSC_gap,GLLB-SC,fundamental_quasiparticle,oxide_double_perovskite_absorber,A2BBprimeO6_oxide_double_perovskite,absorber_only,10.1038/srep19375,"Pilania et al. Sci Rep 6, 19375 (2016) — GLLB-SC double perovskite gaps"
SrZrLiTaO6,5.176051827,,Sr,Li,Zr,Ta,O,,DFT_GLLBSC_gap,GLLB-SC,fundamental_quasiparticle,oxide_double_perovskite_absorber,A2BBprimeO6_oxide_double_perovskite,absorber_only,10.1038/srep19375,"Pilania et al. Sci Rep 6, 19375 (2016) — GLLB-SC double perovskite gaps"
SrZrLiVO6,1.987131612,,Sr,Li,Zr,V,O,,DFT_GLLBSC_gap,GLLB-SC,fundamental_quasiparticle,oxide_double_perovskite_absorber,A2BBprimeO6_oxide_double_perovskite,absorber_only,10.1038/srep19375,"Pilania et al. Sci Rep 6, 19375 (2016) — GLLB-SC double perovskite gaps"
SrZrMgTiO6,5.717352915,,Sr,Mg,Zr,Ti,O,,DFT_GLLBSC_gap,GLLB-SC,fundamental_quasiparticle,oxide_double_perovskite_absorber,A2BBprimeO6_oxide_double_perovskite,absorber_only,10.1038/srep19375,"Pilania et al. Sci Rep 6, 19375 (2016) — GLLB-SC double perovskite gaps"
SrZrMgZrO6,6.943180739,,Sr,Mg,Zr,Zr,O,,DFT_GLLBSC_gap,GLLB-SC,fundamental_quasiparticle,oxide_double_perovskite_absorber,A2BBprimeO6_oxide_double_perovskite,absorber_only,10.1038/srep19375,"Pilania et al. Sci Rep 6, 19375 (2016) — GLLB-SC double perovskite gaps"
SrZrNaNbO6,4.375144271,,Sr,Na,Zr,Nb,O,,DFT_GLLBSC_gap,GLLB-SC,fundamental_quasiparticle,oxide_double_perovskite_absorber,A2BBprimeO6_oxide_double_perovskite,absorber_only,10.1038/srep19375,"Pilania et al. Sci Rep 6, 19375 (2016) — GLLB-SC double perovskite gaps"
SrZrNaSbO6,5.864816808,,Sr,Na,Zr,Sb,O,,DFT_GLLBSC_gap,GLLB-SC,fundamental_quasiparticle,oxide_double_perovskite_absorber,A2BBprimeO6_oxide_double_perovskite,absorber_only,10.1038/srep19375,"Pilania et al. Sci Rep 6, 19375 (2016) — GLLB-SC double perovskite gaps"
SrZrNaVO6,1.97424218,,Sr,Na,Zr,V,O,,DFT_GLLBSC_gap,GLLB-SC,fundamental_quasiparticle,oxide_double_perovskite_absorber,A2BBprimeO6_oxide_double_perovskite,absorber_only,10.1038/srep19375,"Pilania et al. Sci Rep 6, 19375 (2016) — GLLB-SC double perovskite gaps"
SrZrPbHfO6,5.851968532,,Sr,Pb,Zr,Hf,O,,DFT_GLLBSC_gap,GLLB-SC,fundamental_quasiparticle,oxide_double_perovskite_absorber,A2BBprimeO6_oxide_double_perovskite,absorber_only,10.1038/srep19375,"Pilania et al. Sci Rep 6, 19375 (2016) — GLLB-SC double perovskite gaps"
SrZrPbTiO6,4.786374901,,Sr,Pb,Zr,Ti,O,,DFT_GLLBSC_gap,GLLB-SC,fundamental_quasiparticle,oxide_double_perovskite_absorber,A2BBprimeO6_oxide_double_perovskite,absorber_only,10.1038/srep19375,"Pilania et al. Sci Rep 6, 19375 (2016) — GLLB-SC double perovskite gaps"
SrZrPbZrO6,5.795287748,,Sr,Pb,Zr,Zr,O,,DFT_GLLBSC_gap,GLLB-SC,fundamental_quasiparticle,oxide_double_perovskite_absorber,A2BBprimeO6_oxide_double_perovskite,absorber_only,10.1038/srep19375,"Pilania et al. Sci Rep 6, 19375 (2016) — GLLB-SC double perovskite gaps"
SrZrRbNbO6,4.240433077,,Sr,Rb,Zr,Nb,O,,DFT_GLLBSC_gap,GLLB-SC,fundamental_quasiparticle,oxide_double_perovskite_absorber,A2BBprimeO6_oxide_double_perovskite,absorber_only,10.1038/srep19375,"Pilania et al. Sci Rep 6, 19375 (2016) — GLLB-SC double perovskite gaps"
SrZrSnHfO6,5.142562912,,Sr,Sn,Zr,Hf,O,,DFT_GLLBSC_gap,GLLB-SC,fundamental_quasiparticle,oxide_double_perovskite_absorber,A2BBprimeO6_oxide_double_perovskite,absorber_only,10.1038/srep19375,"Pilania et al. Sci Rep 6, 19375 (2016) — GLLB-SC double perovskite gaps"
SrZrSnTiO6,4.132405402,,Sr,Sn,Zr,Ti,O,,DFT_GLLBSC_gap,GLLB-SC,fundamental_quasiparticle,oxide_double_perovskite_absorber,A2BBprimeO6_oxide_double_perovskite,absorber_only,10.1038/srep19375,"Pilania et al. Sci Rep 6, 19375 (2016) — GLLB-SC double perovskite gaps"
SrZrSnZrO6,5.126089659,,Sr,Sn,Zr,Zr,O,,DFT_GLLBSC_gap,GLLB-SC,fundamental_quasiparticle,oxide_double_perovskite_absorber,A2BBprimeO6_oxide_double_perovskite,absorber_only,10.1038/srep19375,"Pilania et al. Sci Rep 6, 19375 (2016) — GLLB-SC double perovskite gaps"
SrZrSrGeO6,6.415338434,,Sr,Sr,Zr,Ge,O,,DFT_GLLBSC_gap,GLLB-SC,fundamental_quasiparticle,oxide_double_perovskite_absorber,A2BBprimeO6_oxide_double_perovskite,absorber_only,10.1038/srep19375,"Pilania et al. Sci Rep 6, 19375 (2016) — GLLB-SC double perovskite gaps"
SrZrSrSiO6,6.767726491,,Sr,Sr,Zr,Si,O,,DFT_GLLBSC_gap,GLLB-SC,fundamental_quasiparticle,oxide_double_perovskite_absorber,A2BBprimeO6_oxide_double_perovskite,absorber_only,10.1038/srep19375,"Pilania et al. Sci Rep 6, 19375 (2016) — GLLB-SC double perovskite gaps"
SrZrSrSnO6,6.667386491,,Sr,Sr,Zr,Sn,O,,DFT_GLLBSC_gap,GLLB-SC,fundamental_quasiparticle,oxide_double_perovskite_absorber,A2BBprimeO6_oxide_double_perovskite,absorber_only,10.1038/srep19375,"Pilania et al. Sci Rep 6, 19375 (2016) — GLLB-SC double perovskite gaps"
SrZrSrTiO6,4.765770048,,Sr,Sr,Zr,Ti,O,,DFT_GLLBSC_gap,GLLB-SC,fundamental_quasiparticle,oxide_double_perovskite_absorber,A2BBprimeO6_oxide_double_perovskite,absorber_only,10.1038/srep19375,"Pilania et al. Sci Rep 6, 19375 (2016) — GLLB-SC double perovskite gaps"
SrZrTlNbO6,2.796095934,,Sr,Tl,Zr,Nb,O,,DFT_GLLBSC_gap,GLLB-SC,fundamental_quasiparticle,oxide_double_perovskite_absorber,A2BBprimeO6_oxide_double_perovskite,absorber_only,10.1038/srep19375,"Pilania et al. Sci Rep 6, 19375 (2016) — GLLB-SC double perovskite gaps"
SrZrTlTaO6,3.494338204,,Sr,Tl,Zr,Ta,O,,DFT_GLLBSC_gap,GLLB-SC,fundamental_quasiparticle,oxide_double_perovskite_absorber,A2BBprimeO6_oxide_double_perovskite,absorber_only,10.1038/srep19375,"Pilania et al. Sci Rep 6, 19375 (2016) — GLLB-SC double perovskite gaps"
SrZrYAlO6,7.46492109,,Sr,Y,Zr,Al,O,,DFT_GLLBSC_gap,GLLB-SC,fundamental_quasiparticle,oxide_double_perovskite_absorber,A2BBprimeO6_oxide_double_perovskite,absorber_only,10.1038/srep19375,"Pilania et al. Sci Rep 6, 19375 (2016) — GLLB-SC double perovskite gaps"
TlNbAgNbO6,1.863303536,,Tl,Ag,Nb,Nb,O,,DFT_GLLBSC_gap,GLLB-SC,fundamental_quasiparticle,oxide_double_perovskite_absorber,A2BBprimeO6_oxide_double_perovskite,absorber_only,10.1038/srep19375,"Pilania et al. Sci Rep 6, 19375 (2016) — GLLB-SC double perovskite gaps"
TlNbBaSnO6,2.988799268,,Tl,Ba,Nb,Sn,O,,DFT_GLLBSC_gap,GLLB-SC,fundamental_quasiparticle,oxide_double_perovskite_absorber,A2BBprimeO6_oxide_double_perovskite,absorber_only,10.1038/srep19375,"Pilania et al. Sci Rep 6, 19375 (2016) — GLLB-SC double perovskite gaps"
TlNbBaTiO6,2.22130272,,Tl,Ba,Nb,Ti,O,,DFT_GLLBSC_gap,GLLB-SC,fundamental_quasiparticle,oxide_double_perovskite_absorber,A2BBprimeO6_oxide_double_perovskite,absorber_only,10.1038/srep19375,"Pilania et al. Sci Rep 6, 19375 (2016) — GLLB-SC double perovskite gaps"
TlNbCaGeO6,2.121469287,,Tl,Ca,Nb,Ge,O,,DFT_GLLBSC_gap,GLLB-SC,fundamental_quasiparticle,oxide_double_perovskite_absorber,A2BBprimeO6_oxide_double_perovskite,absorber_only,10.1038/srep19375,"Pilania et al. Sci Rep 6, 19375 (2016) — GLLB-SC double perovskite gaps"
TlNbCaSiO6,1.359093402,,Tl,Ca,Nb,Si,O,,DFT_GLLBSC_gap,GLLB-SC,fundamental_quasiparticle,oxide_double_perovskite_absorber,A2BBprimeO6_oxide_double_perovskite,absorber_only,10.1038/srep19375,"Pilania et al. Sci Rep 6, 19375 (2016) — GLLB-SC double perovskite gaps"
TlNbCaSnO6,3.248956849,,Tl,Ca,Nb,Sn,O,,DFT_GLLBSC_gap,GLLB-SC,fundamental_quasiparticle,oxide_double_perovskite_absorber,A2BBprimeO6_oxide_double_perovskite,absorber_only,10.1038/srep19375,"Pilania et al. Sci Rep 6, 19375 (2016) — GLLB-SC double perovskite gaps"
TlNbCaTiO6,1.844661254,,Tl,Ca,Nb,Ti,O,,DFT_GLLBSC_gap,GLLB-SC,fundamental_quasiparticle,oxide_double_perovskite_absorber,A2BBprimeO6_oxide_double_perovskite,absorber_only,10.1038/srep19375,"Pilania et al. Sci Rep 6, 19375 (2016) — GLLB-SC double perovskite gaps"
TlNbGaNbO6,1.151941955,,Tl,Ga,Nb,Nb,O,,DFT_GLLBSC_gap,GLLB-SC,fundamental_quasiparticle,oxide_double_perovskite_absorber,A2BBprimeO6_oxide_double_perovskite,absorber_only,10.1038/srep19375,"Pilania et al. Sci Rep 6, 19375 (2016) — GLLB-SC double perovskite gaps"
TlNbLaAlO6,2.155799154,,Tl,La,Nb,Al,O,,DFT_GLLBSC_gap,GLLB-SC,fundamental_quasiparticle,oxide_double_perovskite_absorber,A2BBprimeO6_oxide_double_perovskite,absorber_only,10.1038/srep19375,"Pilania et al. Sci Rep 6, 19375 (2016) — GLLB-SC double perovskite gaps"
TlNbLaGaO6,2.713028066,,Tl,La,Nb,Ga,O,,DFT_GLLBSC_gap,GLLB-SC,fundamental_quasiparticle,oxide_double_perovskite_absorber,A2BBprimeO6_oxide_double_perovskite,absorber_only,10.1038/srep19375,"Pilania et al. Sci Rep 6, 19375 (2016) — GLLB-SC double perovskite gaps"
TlNbLaInO6,3.075158113,,Tl,La,Nb,In,O,,DFT_GLLBSC_gap,GLLB-SC,fundamental_quasiparticle,oxide_double_perovskite_absorber,A2BBprimeO6_oxide_double_perovskite,absorber_only,10.1038/srep19375,"Pilania et al. Sci Rep 6, 19375 (2016) — GLLB-SC double perovskite gaps"
TlNbLiNbO6,1.438117049,,Tl,Li,Nb,Nb,O,,DFT_GLLBSC_gap,GLLB-SC,fundamental_quasiparticle,oxide_double_perovskite_absorber,A2BBprimeO6_oxide_double_perovskite,absorber_only,10.1038/srep19375,"Pilania et al. Sci Rep 6, 19375 (2016) — GLLB-SC double perovskite gaps"
TlNbMgTiO6,1.737647718,,Tl,Mg,Nb,Ti,O,,DFT_GLLBSC_gap,GLLB-SC,fundamental_quasiparticle,oxide_double_perovskite_absorber,A2BBprimeO6_oxide_double_perovskite,absorber_only,10.1038/srep19375,"Pilania et al. Sci Rep 6, 19375 (2016) — GLLB-SC double perovskite gaps"
TlNbNaNbO6,1.442237178,,Tl,Na,Nb,Nb,O,,DFT_GLLBSC_gap,GLLB-SC,fundamental_quasiparticle,oxide_double_perovskite_absorber,A2BBprimeO6_oxide_double_perovskite,absorber_only,10.1038/srep19375,"Pilania et al. Sci Rep 6, 19375 (2016) — GLLB-SC double perovskite gaps"
TlNbNaSbO6,1.927205191,,Tl,Na,Nb,Sb,O,,DFT_GLLBSC_gap,GLLB-SC,fundamental_quasiparticle,oxide_double_perovskite_absorber,A2BBprimeO6_oxide_double_perovskite,absorber_only,10.1038/srep19375,"Pilania et al. Sci Rep 6, 19375 (2016) — GLLB-SC double perovskite gaps"
TlNbSnTiO6,2.310134428,,Tl,Sn,Nb,Ti,O,,DFT_GLLBSC_gap,GLLB-SC,fundamental_quasiparticle,oxide_double_perovskite_absorber,A2BBprimeO6_oxide_double_perovskite,absorber_only,10.1038/srep19375,"Pilania et al. Sci Rep 6, 19375 (2016) — GLLB-SC double perovskite gaps"
TlNbSrGeO6,2.080620924,,Tl,Sr,Nb,Ge,O,,DFT_GLLBSC_gap,GLLB-SC,fundamental_quasiparticle,oxide_double_perovskite_absorber,A2BBprimeO6_oxide_double_perovskite,absorber_only,10.1038/srep19375,"Pilania et al. Sci Rep 6, 19375 (2016) — GLLB-SC double perovskite gaps"
TlNbSrSiO6,1.42267454,,Tl,Sr,Nb,Si,O,,DFT_GLLBSC_gap,GLLB-SC,fundamental_quasiparticle,oxide_double_perovskite_absorber,A2BBprimeO6_oxide_double_perovskite,absorber_only,10.1038/srep19375,"Pilania et al. Sci Rep 6, 19375 (2016) — GLLB-SC double perovskite gaps"
TlNbSrSnO6,3.155717175,,Tl,Sr,Nb,Sn,O,,DFT_GLLBSC_gap,GLLB-SC,fundamental_quasiparticle,oxide_double_perovskite_absorber,A2BBprimeO6_oxide_double_perovskite,absorber_only,10.1038/srep19375,"Pilania et al. Sci Rep 6, 19375 (2016) — GLLB-SC double perovskite gaps"
TlNbSrTiO6,1.525019204,,Tl,Sr,Nb,Ti,O,,DFT_GLLBSC_gap,GLLB-SC,fundamental_quasiparticle,oxide_double_perovskite_absorber,A2BBprimeO6_oxide_double_perovskite,absorber_only,10.1038/srep19375,"Pilania et al. Sci Rep 6, 19375 (2016) — GLLB-SC double perovskite gaps"
TlNbTlTaO6,1.496019087,,Tl,Tl,Nb,Ta,O,,DFT_GLLBSC_gap,GLLB-SC,fundamental_quasiparticle,oxide_double_perovskite_absorber,A2BBprimeO6_oxide_double_perovskite,absorber_only,10.1038/srep19375,"Pilania et al. Sci Rep 6, 19375 (2016) — GLLB-SC double perovskite gaps"
TlNbYAlO6,2.005687868,,Tl,Y,Nb,Al,O,,DFT_GLLBSC_gap,GLLB-SC,fundamental_quasiparticle,oxide_double_perovskite_absorber,A2BBprimeO6_oxide_double_perovskite,absorber_only,10.1038/srep19375,"Pilania et al. Sci Rep 6, 19375 (2016) — GLLB-SC double perovskite gaps"
TlTaAgNbO6,1.792626623,,Tl,Ag,Ta,Nb,O,,DFT_GLLBSC_gap,GLLB-SC,fundamental_quasiparticle,oxide_double_perovskite_absorber,A2BBprimeO6_oxide_double_perovskite,absorber_only,10.1038/srep19375,"Pilania et al. Sci Rep 6, 19375 (2016) — GLLB-SC double perovskite gaps"
TlTaAgTaO6,2.28245774,,Tl,Ag,Ta,Ta,O,,DFT_GLLBSC_gap,GLLB-SC,fundamental_quasiparticle,oxide_double_perovskite_absorber,A2BBprimeO6_oxide_double_perovskite,absorber_only,10.1038/srep19375,"Pilania et al. Sci Rep 6, 19375 (2016) — GLLB-SC double perovskite gaps"
TlTaBaSnO6,3.305403,,Tl,Ba,Ta,Sn,O,,DFT_GLLBSC_gap,GLLB-SC,fundamental_quasiparticle,oxide_double_perovskite_absorber,A2BBprimeO6_oxide_double_perovskite,absorber_only,10.1038/srep19375,"Pilania et al. Sci Rep 6, 19375 (2016) — GLLB-SC double perovskite gaps"
TlTaCaGeO6,2.612967569,,Tl,Ca,Ta,Ge,O,,DFT_GLLBSC_gap,GLLB-SC,fundamental_quasiparticle,oxide_double_perovskite_absorber,A2BBprimeO6_oxide_double_perovskite,absorber_only,10.1038/srep19375,"Pilania et al. Sci Rep 6, 19375 (2016) — GLLB-SC double perovskite gaps"
TlTaCaSiO6,2.222111758,,Tl,Ca,Ta,Si,O,,DFT_GLLBSC_gap,GLLB-SC,fundamental_quasiparticle,oxide_double_perovskite_absorber,A2BBprimeO6_oxide_double_perovskite,absorber_only,10.1038/srep19375,"Pilania et al. Sci Rep 6, 19375 (2016) — GLLB-SC double perovskite gaps"
TlTaCaSnO6,3.614900816,,Tl,Ca,Ta,Sn,O,,DFT_GLLBSC_gap,GLLB-SC,fundamental_quasiparticle,oxide_double_perovskite_absorber,A2BBprimeO6_oxide_double_perovskite,absorber_only,10.1038/srep19375,"Pilania et al. Sci Rep 6, 19375 (2016) — GLLB-SC double perovskite gaps"
TlTaCaTiO6,1.862690557,,Tl,Ca,Ta,Ti,O,,DFT_GLLBSC_gap,GLLB-SC,fundamental_quasiparticle,oxide_double_perovskite_absorber,A2BBprimeO6_oxide_double_perovskite,absorber_only,10.1038/srep19375,"Pilania et al. Sci Rep 6, 19375 (2016) — GLLB-SC double perovskite gaps"
TlTaCsNbO6,2.310062164,,Tl,Cs,Ta,Nb,O,,DFT_GLLBSC_gap,GLLB-SC,fundamental_quasiparticle,oxide_double_perovskite_absorber,A2BBprimeO6_oxide_double_perovskite,absorber_only,10.1038/srep19375,"Pilania et al. Sci Rep 6, 19375 (2016) — GLLB-SC double perovskite gaps"
TlTaGaNbO6,1.474210517,,Tl,Ga,Ta,Nb,O,,DFT_GLLBSC_gap,GLLB-SC,fundamental_quasiparticle,oxide_double_perovskite_absorber,A2BBprimeO6_oxide_double_perovskite,absorber_only,10.1038/srep19375,"Pilania et al. Sci Rep 6, 19375 (2016) — GLLB-SC double perovskite gaps"
TlTaKNbO6,1.760951658,,Tl,K,Ta,Nb,O,,DFT_GLLBSC_gap,GLLB-SC,fundamental_quasiparticle,oxide_double_perovskite_absorber,A2BBprimeO6_oxide_double_perovskite,absorber_only,10.1038/srep19375,"Pilania et al. Sci Rep 6, 19375 (2016) — GLLB-SC double perovskite gaps"
TlTaKSbO6,2.0733894,,Tl,K,Ta,Sb,O,,DFT_GLLBSC_gap,GLLB-SC,fundamental_quasiparticle,oxide_double_perovskite_absorber,A2BBprimeO6_oxide_double_perovskite,absorber_only,10.1038/srep19375,"Pilania et al. Sci Rep 6, 19375 (2016) — GLLB-SC double perovskite gaps"
TlTaLaAlO6,2.937475473,,Tl,La,Ta,Al,O,,DFT_GLLBSC_gap,GLLB-SC,fundamental_quasiparticle,oxide_double_perovskite_absorber,A2BBprimeO6_oxide_double_perovskite,absorber_only,10.1038/srep19375,"Pilania et al. Sci Rep 6, 19375 (2016) — GLLB-SC double perovskite gaps"
TlTaLaGaO6,3.420622789,,Tl,La,Ta,Ga,O,,DFT_GLLBSC_gap,GLLB-SC,fundamental_quasiparticle,oxide_double_perovskite_absorber,A2BBprimeO6_oxide_double_perovskite,absorber_only,10.1038/srep19375,"Pilania et al. Sci Rep 6, 19375 (2016) — GLLB-SC double perovskite gaps"
TlTaLaInO6,3.687048868,,Tl,La,Ta,In,O,,DFT_GLLBSC_gap,GLLB-SC,fundamental_quasiparticle,oxide_double_perovskite_absorber,A2BBprimeO6_oxide_double_perovskite,absorber_only,10.1038/srep19375,"Pilania et al. Sci Rep 6, 19375 (2016) — GLLB-SC double perovskite gaps"
TlTaLiNbO6,1.758171378,,Tl,Li,Ta,Nb,O,,DFT_GLLBSC_gap,GLLB-SC,fundamental_quasiparticle,oxide_double_perovskite_absorber,A2BBprimeO6_oxide_double_perovskite,absorber_only,10.1038/srep19375,"Pilania et al. Sci Rep 6, 19375 (2016) — GLLB-SC double perovskite gaps"
TlTaMgTiO6,2.451618012,,Tl,Mg,Ta,Ti,O,,DFT_GLLBSC_gap,GLLB-SC,fundamental_quasiparticle,oxide_double_perovskite_absorber,A2BBprimeO6_oxide_double_perovskite,absorber_only,10.1038/srep19375,"Pilania et al. Sci Rep 6, 19375 (2016) — GLLB-SC double perovskite gaps"
TlTaNaNbO6,1.760295096,,Tl,Na,Ta,Nb,O,,DFT_GLLBSC_gap,GLLB-SC,fundamental_quasiparticle,oxide_double_perovskite_absorber,A2BBprimeO6_oxide_double_perovskite,absorber_only,10.1038/srep19375,"Pilania et al. Sci Rep 6, 19375 (2016) — GLLB-SC double perovskite gaps"
TlTaNaSbO6,2.276086568,,Tl,Na,Ta,Sb,O,,DFT_GLLBSC_gap,GLLB-SC,fundamental_quasiparticle,oxide_double_perovskite_absorber,A2BBprimeO6_oxide_double_perovskite,absorber_only,10.1038/srep19375,"Pilania et al. Sci Rep 6, 19375 (2016) — GLLB-SC double perovskite gaps"
TlTaPbTiO6,1.898800066,,Tl,Pb,Ta,Ti,O,,DFT_GLLBSC_gap,GLLB-SC,fundamental_quasiparticle,oxide_double_perovskite_absorber,A2BBprimeO6_oxide_double_perovskite,absorber_only,10.1038/srep19375,"Pilania et al. Sci Rep 6, 19375 (2016) — GLLB-SC double perovskite gaps"
TlTaPbZrO6,3.507812622,,Tl,Pb,Ta,Zr,O,,DFT_GLLBSC_gap,GLLB-SC,fundamental_quasiparticle,oxide_double_perovskite_absorber,A2BBprimeO6_oxide_double_perovskite,absorber_only,10.1038/srep19375,"Pilania et al. Sci Rep 6, 19375 (2016) — GLLB-SC double perovskite gaps"
TlTaSnHfO6,3.505613063,,Tl,Sn,Ta,Hf,O,,DFT_GLLBSC_gap,GLLB-SC,fundamental_quasiparticle,oxide_double_perovskite_absorber,A2BBprimeO6_oxide_double_perovskite,absorber_only,10.1038/srep19375,"Pilania et al. Sci Rep 6, 19375 (2016) — GLLB-SC double perovskite gaps"
TlTaSnTiO6,1.850789899,,Tl,Sn,Ta,Ti,O,,DFT_GLLBSC_gap,GLLB-SC,fundamental_quasiparticle,oxide_double_perovskite_absorber,A2BBprimeO6_oxide_double_perovskite,absorber_only,10.1038/srep19375,"Pilania et al. Sci Rep 6, 19375 (2016) — GLLB-SC double perovskite gaps"
TlTaSrGeO6,2.425121676,,Tl,Sr,Ta,Ge,O,,DFT_GLLBSC_gap,GLLB-SC,fundamental_quasiparticle,oxide_double_perovskite_absorber,A2BBprimeO6_oxide_double_perovskite,absorber_only,10.1038/srep19375,"Pilania et al. Sci Rep 6, 19375 (2016) — GLLB-SC double perovskite gaps"
TlTaSrSiO6,2.29747616,,Tl,Sr,Ta,Si,O,,DFT_GLLBSC_gap,GLLB-SC,fundamental_quasiparticle,oxide_double_perovskite_absorber,A2BBprimeO6_oxide_double_perovskite,absorber_only,10.1038/srep19375,"Pilania et al. Sci Rep 6, 19375 (2016) — GLLB-SC double perovskite gaps"
TlTaSrSnO6,3.507231154,,Tl,Sr,Ta,Sn,O,,DFT_GLLBSC_gap,GLLB-SC,fundamental_quasiparticle,oxide_double_perovskite_absorber,A2BBprimeO6_oxide_double_perovskite,absorber_only,10.1038/srep19375,"Pilania et al. Sci Rep 6, 19375 (2016) — GLLB-SC double perovskite gaps"
TlTaSrTiO6,1.87716885,,Tl,Sr,Ta,Ti,O,,DFT_GLLBSC_gap,GLLB-SC,fundamental_quasiparticle,oxide_double_perovskite_absorber,A2BBprimeO6_oxide_double_perovskite,absorber_only,10.1038/srep19375,"Pilania et al. Sci Rep 6, 19375 (2016) — GLLB-SC double perovskite gaps"
TlTaYAlO6,2.819711084,,Tl,Y,Ta,Al,O,,DFT_GLLBSC_gap,GLLB-SC,fundamental_quasiparticle,oxide_double_perovskite_absorber,A2BBprimeO6_oxide_double_perovskite,absorber_only,10.1038/srep19375,"Pilania et al. Sci Rep 6, 19375 (2016) — GLLB-SC double perovskite gaps"
K2GeI6,1.28,,K,K,Ge,,I,,DFT_direct_gap,DFT_paper_kaushiki,fundamental_quasiparticle,vacancy_ordered_halide_double_perovskite,A2BX6_halide_double_perovskite,absorber_only,10.1007/s44291-026-00245-4,Raj et al. Discover Electronics 2026 — K2GeI6 DFT Eg
CsPbI3,1.73,cubic,Cs,,Pb,,I,,experimental_optical,UV-Vis_Tauc,fundamental_optical,lead_halide_perovskite_absorber,ABX3_lead_halide_perovskite,verified_external,10.3390/physchem5010003,Suto et al. PhysChem 2025 — α-CsPbI3 photoactive phase
CsPbBr3,2.36,cubic,Cs,,Pb,,Br,,experimental_optical,UV-Vis_Tauc,fundamental_optical,lead_halide_perovskite_absorber,ABX3_lead_halide_perovskite,verified_external,10.1039/D3CP05956A,Zhang et al. Phys Chem Chem Phys 2024 — CsPbBr3 nanocrystals optical gap
CsPbCl3,2.98,cubic,Cs,,Pb,,Cl,,experimental_optical,UV-Vis_Tauc,fundamental_optical,lead_halide_perovskite_absorber,ABX3_lead_halide_perovskite,verified_external,10.1039/D3CP05956A,Zhang et al. Phys Chem Chem Phys 2024 — CsPbCl3 nanocrystals optical gap
CH3NH3PbI3,1.55,tetragonal,CH3NH3,,Pb,,I,,experimental_optical,UV-Vis_Tauc,fundamental_optical,lead_halide_perovskite_absorber,ABX3_organic_inorganic_halide,verified_external,10.1038/nature12340,Liu et al. Nature 2013 — MAPbI3 thin-film perovskite solar cell
HC(NH2)2PbI3,1.48,cubic,HC(NH2)2,,Pb,,I,,experimental_optical,UV-Vis_Tauc,fundamental_optical,lead_halide_perovskite_absorber,ABX3_organic_inorganic_halide,verified_external,10.1038/ncomms7382,Eperon et al. Nat Commun 2015 — FAPbI3 α-phase
RbPbI3,2.1,orthorhombic,Rb,,Pb,,I,,experimental_optical,UV-Vis_Tauc,fundamental_optical,lead_halide_perovskite_absorber,ABX3_lead_halide_perovskite,verified_external,10.1021/acs.chemmater.5b02716,Endres et al. Chem Mater 2015 — RbPbI3 bulk optical gap
CH3NH3PbBr3,2.32,cubic,CH3NH3,,Pb,,Br,,experimental_optical,UV-Vis_Tauc,fundamental_optical,lead_halide_perovskite_absorber,ABX3_organic_inorganic_halide,verified_external,10.1038/ncomms7228,Schmidt et al. Nat Commun 2014 — MAPbBr3 single crystals
CH3NH3PbCl3,2.88,cubic,CH3NH3,,Pb,,Cl,,experimental_optical,UV-Vis_Tauc,fundamental_optical,lead_halide_perovskite_absorber,ABX3_organic_inorganic_halide,verified_external,10.1038/ncomms7228,Schmidt et al. Nat Commun 2014 — MAPbCl3 single crystals
HC(NH2)2PbBr3,2.23,cubic,HC(NH2)2,,Pb,,Br,,experimental_optical,UV-Vis_Tauc,fundamental_optical,lead_halide_perovskite_absorber,ABX3_organic_inorganic_halide,verified_external,10.1038/ncomms7382,Eperon et al. Nat Commun 2015 — FAPbBr3
HC(NH2)2PbCl3,2.9,cubic,HC(NH2)2,,Pb,,Cl,,experimental_optical,UV-Vis_Tauc,fundamental_optical,lead_halide_perovskite_absorber,ABX3_organic_inorganic_halide,verified_external,10.1038/ncomms7382,FAPbCl3 optical gap ≈2.9 eV (Eperon/FAPbX3 chloride end-member; I≪Br≪Cl)
CsPbI2Br,2.0,cubic,Cs,,Pb,,I/Br,,experimental_optical,UV-Vis_Tauc,fundamental_optical,lead_halide_perovskite_absorber,ABX3_mixed_halide,verified_external,10.1039/D5CC00735F,Borriello et al. Chem Commun 2025 — CsPb(I2Br)3 Vegard-series optical gap
CsPbBr2Cl,2.65,cubic,Cs,,Pb,,Br/Cl,,experimental_optical,UV-Vis_Tauc,fundamental_optical,lead_halide_perovskite_absorber,ABX3_mixed_halide,verified_external,10.1039/D5CC00735F,Borriello et al. Chem Commun 2025 — CsPb(Br2Cl)3 Vegard-series optical gap
CsPbBrI2,1.92,cubic,Cs,,Pb,,I/Br,,experimental_optical,UV-Vis_Tauc,fundamental_optical,lead_halide_perovskite_absorber,ABX3_mixed_halide,verified_external,10.1039/D5CC00735F,Borriello et al. Chem Commun 2025 — CsPb(BrI2)3 Vegard-series optical gap
CsPbBr2I,2.11,cubic,Cs,,Pb,,I/Br,,experimental_optical,UV-Vis_Tauc,fundamental_optical,lead_halide_perovskite_absorber,ABX3_mixed_halide,verified_external,10.1039/D5CC00735F,Borriello et al. Chem Commun 2025 — CsPb(Br2I)3 Vegard-series optical gap
CsPbClBr2,2.51,cubic,Cs,,Pb,,Cl/Br,,experimental_optical,UV-Vis_Tauc,fundamental_optical,lead_halide_perovskite_absorber,ABX3_mixed_halide,verified_external,10.1039/D5CC00735F,Borriello et al. Chem Commun 2025 — CsPb(ClBr2)3 Vegard-series optical gap
CsPbCl2Br,2.74,cubic,Cs,,Pb,,Cl/Br,,experimental_optical,UV-Vis_Tauc,fundamental_optical,lead_halide_perovskite_absorber,ABX3_mixed_halide,verified_external,10.1039/D5CC00735F,Borriello et al. Chem Commun 2025 — CsPb(Cl2Br)3 Vegard-series optical gap
